ISO-10303-21;
HEADER;
FILE_DESCRIPTION(('Open CASCADE Model'),'2;1');
FILE_NAME('power_switch_preview','2026-09-16T15:01:09',('Author'),(
    'Open CASCADE'),'Open CASCADE STEP processor 7.9','build123d',
  'Unknown');
FILE_SCHEMA(('AUTOMOTIVE_DESIGN { 1 0 10303 214 1 1 1 1 }'));
ENDSEC;
DATA;
#1 = APPLICATION_PROTOCOL_DEFINITION('international standard',
  'automotive_design',2000,#2);
#2 = APPLICATION_CONTEXT(
  'core data for automotive mechanical design processes');
#3 = SHAPE_DEFINITION_REPRESENTATION(#4,#10);
#4 = PRODUCT_DEFINITION_SHAPE('','',#5);
#5 = PRODUCT_DEFINITION('design','',#6,#9);
#6 = PRODUCT_DEFINITION_FORMATION('','',#7);
#7 = PRODUCT('power_switch_preview','power_switch_preview','',(#8));
#8 = PRODUCT_CONTEXT('',#2,'mechanical');
#9 = PRODUCT_DEFINITION_CONTEXT('part definition',#2,'design');
#10 = SHAPE_REPRESENTATION('',(#11,#15,#19),#23);
#11 = AXIS2_PLACEMENT_3D('',#12,#13,#14);
#12 = CARTESIAN_POINT('',(0.,0.,0.));
#13 = DIRECTION('',(0.,0.,1.));
#14 = DIRECTION('',(1.,0.,-0.));
#15 = AXIS2_PLACEMENT_3D('',#16,#17,#18);
#16 = CARTESIAN_POINT('',(0.,0.,0.));
#17 = DIRECTION('',(0.,0.,1.));
#18 = DIRECTION('',(1.,0.,-0.));
#19 = AXIS2_PLACEMENT_3D('',#20,#21,#22);
#20 = CARTESIAN_POINT('',(0.,0.,0.));
#21 = DIRECTION('',(0.,0.,1.));
#22 = DIRECTION('',(1.,0.,-0.));
#23 = ( GEOMETRIC_REPRESENTATION_CONTEXT(3) 
GLOBAL_UNCERTAINTY_ASSIGNED_CONTEXT((#27)) GLOBAL_UNIT_ASSIGNED_CONTEXT(
(#24,#25,#26)) REPRESENTATION_CONTEXT('Context #1',
  '3D Context with UNIT and UNCERTAINTY') );
#24 = ( LENGTH_UNIT() NAMED_UNIT(*) SI_UNIT(.MILLI.,.METRE.) );
#25 = ( NAMED_UNIT(*) PLANE_ANGLE_UNIT() SI_UNIT($,.RADIAN.) );
#26 = ( NAMED_UNIT(*) SI_UNIT($,.STERADIAN.) SOLID_ANGLE_UNIT() );
#27 = UNCERTAINTY_MEASURE_WITH_UNIT(LENGTH_MEASURE(1.E-06),#24,
  'distance_accuracy_value','confusion accuracy');
#28 = PRODUCT_RELATED_PRODUCT_CATEGORY('part',$,(#7));
#29 = SHAPE_DEFINITION_REPRESENTATION(#30,#36);
#30 = PRODUCT_DEFINITION_SHAPE('','',#31);
#31 = PRODUCT_DEFINITION('design','',#32,#35);
#32 = PRODUCT_DEFINITION_FORMATION('','',#33);
#33 = PRODUCT('back_shell_medium','back_shell_medium','',(#34));
#34 = PRODUCT_CONTEXT('',#2,'mechanical');
#35 = PRODUCT_DEFINITION_CONTEXT('part definition',#2,'design');
#36 = ADVANCED_BREP_SHAPE_REPRESENTATION('',(#11,#37),#14928);
#37 = MANIFOLD_SOLID_BREP('',#38);
#38 = CLOSED_SHELL('',(#39,#1485,#1670,#1803,#2276,#2315,#2370,#2409,
    #2464,#2468,#2538,#2614,#2685,#2712,#2739,#2815,#2886,#2913,#2940,
    #2989,#3015,#3042,#3069,#3096,#5073,#5145,#5212,#5237,#5262,#5269,
    #5341,#5410,#5435,#5460,#5467,#5544,#6010,#6065,#6069,#6143,#6566,
    #6640,#7301,#7370,#7419,#7468,#7516,#7565,#7614,#7663,#7711,#7759,
    #7808,#7857,#7906,#7954,#8003,#8052,#8079,#8106,#8133,#8160,#8187,
    #8214,#8241,#8248,#8275,#8302,#8329,#8356,#8383,#8410,#8417,#8472,
    #8476,#8503,#8530,#8557,#8584,#8611,#8638,#8645,#8717,#8786,#8811,
    #8836,#8843,#8919,#8990,#9017,#9044,#9051,#9124,#9232,#9305,#9433,
    #9506,#9581,#9654,#9706,#9759,#9812,#9837,#9911,#9987,#10014,#10087,
    #10167,#10240,#10368,#10441,#10516,#10541,#10631,#10670,#10725,
    #10764,#10819,#10823,#10897,#11001,#11027,#11054,#11079,#11152,
    #11232,#11305,#11433,#11506,#11581,#11655,#11731,#11805,#11909,
    #11936,#11963,#11988,#12013,#12102,#12141,#12196,#12235,#12290,
    #12294,#12320,#12393,#12445,#12498,#12551,#12576,#12666,#12705,
    #12760,#12799,#12854,#12858,#12884,#12911,#12938,#12969,#12996,
    #13023,#13050,#13077,#13108,#13135,#13162,#13193,#13224,#13251,
    #13278,#13313,#13340,#13367,#13394,#13405,#13452,#13479,#13506,
    #13533,#13560,#13587,#13614,#13641,#13668,#13695,#13722,#13749,
    #13776,#13803,#13830,#13976,#14049,#14287,#14363,#14593,#14618,
    #14643,#14670,#14697,#14723,#14752,#14779,#14808,#14835,#14865,
    #14894,#14921));
#39 = ADVANCED_FACE('',(#40,#892),#54,.T.);
#40 = FACE_BOUND('',#41,.T.);
#41 = EDGE_LOOP('',(#42,#77,#105,#138,#166,#199,#228,#261,#289,#322,#350
    ,#383,#411,#444,#473,#506,#534,#567,#590,#618,#644,#670,#696,#717,
    #743,#769,#795,#821,#847,#868));
#42 = ORIENTED_EDGE('',*,*,#43,.F.);
#43 = EDGE_CURVE('',#44,#46,#48,.T.);
#44 = VERTEX_POINT('',#45);
#45 = CARTESIAN_POINT('',(-11.8,67.,7.25));
#46 = VERTEX_POINT('',#47);
#47 = CARTESIAN_POINT('',(-11.,66.2,7.25));
#48 = SURFACE_CURVE('',#49,(#53,#65),.PCURVE_S1.);
#49 = LINE('',#50,#51);
#50 = CARTESIAN_POINT('',(8.09732752617,47.102672473831,7.25));
#51 = VECTOR('',#52,1.);
#52 = DIRECTION('',(0.707106781187,-0.707106781187,-0.));
#53 = PCURVE('',#54,#59);
#54 = PLANE('',#55);
#55 = AXIS2_PLACEMENT_3D('',#56,#57,#58);
#56 = CARTESIAN_POINT('',(-5.835800400434E-10,1.068989473817E-02,7.25));
#57 = DIRECTION('',(0.,0.,1.));
#58 = DIRECTION('',(1.,0.,-0.));
#59 = DEFINITIONAL_REPRESENTATION('',(#60),#64);
#60 = LINE('',#61,#62);
#61 = CARTESIAN_POINT('',(8.097327526753,47.091982579092));
#62 = VECTOR('',#63,1.);
#63 = DIRECTION('',(0.707106781187,-0.707106781187));
#64 = ( GEOMETRIC_REPRESENTATION_CONTEXT(2) 
PARAMETRIC_REPRESENTATION_CONTEXT() REPRESENTATION_CONTEXT('2D SPACE',''
  ) );
#65 = PCURVE('',#66,#71);
#66 = PLANE('',#67);
#67 = AXIS2_PLACEMENT_3D('',#68,#69,#70);
#68 = CARTESIAN_POINT('',(-11.4,66.6,7.25));
#69 = DIRECTION('',(0.707106781187,0.707106781187,5.308045764503E-18));
#70 = DIRECTION('',(-3.753355154928E-18,-3.753355154928E-18,1.));
#71 = DEFINITIONAL_REPRESENTATION('',(#72),#76);
#72 = LINE('',#73,#74);
#73 = CARTESIAN_POINT('',(-1.794283350339E-32,27.573385017539));
#74 = VECTOR('',#75,1.);
#75 = DIRECTION('',(1.445808246511E-34,1.));
#76 = ( GEOMETRIC_REPRESENTATION_CONTEXT(2) 
PARAMETRIC_REPRESENTATION_CONTEXT() REPRESENTATION_CONTEXT('2D SPACE',''
  ) );
#77 = ORIENTED_EDGE('',*,*,#78,.F.);
#78 = EDGE_CURVE('',#79,#44,#81,.T.);
#79 = VERTEX_POINT('',#80);
#80 = CARTESIAN_POINT('',(-29.,66.999999997756,7.25));
#81 = SURFACE_CURVE('',#82,(#86,#93),.PCURVE_S1.);
#82 = LINE('',#83,#84);
#83 = CARTESIAN_POINT('',(0.,67.,7.25));
#84 = VECTOR('',#85,1.);
#85 = DIRECTION('',(1.,0.,0.));
#86 = PCURVE('',#54,#87);
#87 = DEFINITIONAL_REPRESENTATION('',(#88),#92);
#88 = LINE('',#89,#90);
#89 = CARTESIAN_POINT('',(5.835800400434E-10,66.989310105262));
#90 = VECTOR('',#91,1.);
#91 = DIRECTION('',(1.,0.));
#92 = ( GEOMETRIC_REPRESENTATION_CONTEXT(2) 
PARAMETRIC_REPRESENTATION_CONTEXT() REPRESENTATION_CONTEXT('2D SPACE',''
  ) );
#93 = PCURVE('',#94,#99);
#94 = PLANE('',#95);
#95 = AXIS2_PLACEMENT_3D('',#96,#97,#98);
#96 = CARTESIAN_POINT('',(-29.,67.,0.));
#97 = DIRECTION('',(0.,1.,0.));
#98 = DIRECTION('',(1.,0.,0.));
#99 = DEFINITIONAL_REPRESENTATION('',(#100),#104);
#100 = LINE('',#101,#102);
#101 = CARTESIAN_POINT('',(29.,-7.25));
#102 = VECTOR('',#103,1.);
#103 = DIRECTION('',(1.,0.));
#104 = ( GEOMETRIC_REPRESENTATION_CONTEXT(2) 
PARAMETRIC_REPRESENTATION_CONTEXT() REPRESENTATION_CONTEXT('2D SPACE',''
  ) );
#105 = ORIENTED_EDGE('',*,*,#106,.F.);
#106 = EDGE_CURVE('',#107,#79,#109,.T.);
#107 = VERTEX_POINT('',#108);
#108 = CARTESIAN_POINT('',(-33.,62.999999995511,7.25));
#109 = SURFACE_CURVE('',#110,(#115,#126),.PCURVE_S1.);
#110 = CIRCLE('',#111,4.);
#111 = AXIS2_PLACEMENT_3D('',#112,#113,#114);
#112 = CARTESIAN_POINT('',(-29.,62.999999995511,7.25));
#113 = DIRECTION('',(0.,0.,-1.));
#114 = DIRECTION('',(-1.,0.,0.));
#115 = PCURVE('',#54,#116);
#116 = DEFINITIONAL_REPRESENTATION('',(#117),#125);
#117 = ( BOUNDED_CURVE() B_SPLINE_CURVE(2,(#118,#119,#120,#121,#122,#123
,#124),.UNSPECIFIED.,.T.,.F.) B_SPLINE_CURVE_WITH_KNOTS((1,2,2,2,2,1),(
    -2.094395102393,0.,2.094395102393,4.188790204786,6.28318530718,
8.377580409573),.UNSPECIFIED.) CURVE() GEOMETRIC_REPRESENTATION_ITEM() 
RATIONAL_B_SPLINE_CURVE((1.,0.5,1.,0.5,1.,0.5,1.)) REPRESENTATION_ITEM(
  '') );
#118 = CARTESIAN_POINT('',(-32.99999999941,62.989310100773));
#119 = CARTESIAN_POINT('',(-32.99999999941,69.917513331048));
#120 = CARTESIAN_POINT('',(-26.99999999941,66.453411715911));
#121 = CARTESIAN_POINT('',(-20.99999999941,62.989310100773));
#122 = CARTESIAN_POINT('',(-26.99999999941,59.525208485635));
#123 = CARTESIAN_POINT('',(-32.99999999941,56.061106870497));
#124 = CARTESIAN_POINT('',(-32.99999999941,62.989310100773));
#125 = ( GEOMETRIC_REPRESENTATION_CONTEXT(2) 
PARAMETRIC_REPRESENTATION_CONTEXT() REPRESENTATION_CONTEXT('2D SPACE',''
  ) );
#126 = PCURVE('',#127,#132);
#127 = CYLINDRICAL_SURFACE('',#128,4.);
#128 = AXIS2_PLACEMENT_3D('',#129,#130,#131);
#129 = CARTESIAN_POINT('',(-29.,62.999999995511,0.));
#130 = DIRECTION('',(0.,0.,-1.));
#131 = DIRECTION('',(-1.,0.,0.));
#132 = DEFINITIONAL_REPRESENTATION('',(#133),#137);
#133 = LINE('',#134,#135);
#134 = CARTESIAN_POINT('',(0.,-7.25));
#135 = VECTOR('',#136,1.);
#136 = DIRECTION('',(1.,0.));
#137 = ( GEOMETRIC_REPRESENTATION_CONTEXT(2) 
PARAMETRIC_REPRESENTATION_CONTEXT() REPRESENTATION_CONTEXT('2D SPACE',''
  ) );
#138 = ORIENTED_EDGE('',*,*,#139,.F.);
#139 = EDGE_CURVE('',#140,#107,#142,.T.);
#140 = VERTEX_POINT('',#141);
#141 = CARTESIAN_POINT('',(-32.99999997881,18.198684256709,7.25));
#142 = SURFACE_CURVE('',#143,(#147,#154),.PCURVE_S1.);
#143 = LINE('',#144,#145);
#144 = CARTESIAN_POINT('',(-33.,0.,7.25));
#145 = VECTOR('',#146,1.);
#146 = DIRECTION('',(0.,1.,0.));
#147 = PCURVE('',#54,#148);
#148 = DEFINITIONAL_REPRESENTATION('',(#149),#153);
#149 = LINE('',#150,#151);
#150 = CARTESIAN_POINT('',(-32.99999999941,-1.068989473817E-02));
#151 = VECTOR('',#152,1.);
#152 = DIRECTION('',(0.,1.));
#153 = ( GEOMETRIC_REPRESENTATION_CONTEXT(2) 
PARAMETRIC_REPRESENTATION_CONTEXT() REPRESENTATION_CONTEXT('2D SPACE',''
  ) );
#154 = PCURVE('',#155,#160);
#155 = PLANE('',#156);
#156 = AXIS2_PLACEMENT_3D('',#157,#158,#159);
#157 = CARTESIAN_POINT('',(-33.,18.198684256709,0.));
#158 = DIRECTION('',(-1.,0.,0.));
#159 = DIRECTION('',(0.,1.,0.));
#160 = DEFINITIONAL_REPRESENTATION('',(#161),#165);
#161 = LINE('',#162,#163);
#162 = CARTESIAN_POINT('',(-18.1986842567,-7.25));
#163 = VECTOR('',#164,1.);
#164 = DIRECTION('',(1.,0.));
#165 = ( GEOMETRIC_REPRESENTATION_CONTEXT(2) 
PARAMETRIC_REPRESENTATION_CONTEXT() REPRESENTATION_CONTEXT('2D SPACE',''
  ) );
#166 = ORIENTED_EDGE('',*,*,#167,.T.);
#167 = EDGE_CURVE('',#140,#168,#170,.T.);
#168 = VERTEX_POINT('',#169);
#169 = CARTESIAN_POINT('',(-33.29999996187,16.678815831038,7.25));
#170 = SURFACE_CURVE('',#171,(#176,#187),.PCURVE_S1.);
#171 = CIRCLE('',#172,4.);
#172 = AXIS2_PLACEMENT_3D('',#173,#174,#175);
#173 = CARTESIAN_POINT('',(-36.99999995763,18.198684256709,7.25));
#174 = DIRECTION('',(0.,0.,-1.));
#175 = DIRECTION('',(-1.,0.,0.));
#176 = PCURVE('',#54,#177);
#177 = DEFINITIONAL_REPRESENTATION('',(#178),#186);
#178 = ( BOUNDED_CURVE() B_SPLINE_CURVE(2,(#179,#180,#181,#182,#183,#184
,#185),.UNSPECIFIED.,.T.,.F.) B_SPLINE_CURVE_WITH_KNOTS((1,2,2,2,2,1),(
    -2.094395102393,0.,2.094395102393,4.188790204786,6.28318530718,
8.377580409573),.UNSPECIFIED.) CURVE() GEOMETRIC_REPRESENTATION_ITEM() 
RATIONAL_B_SPLINE_CURVE((1.,0.5,1.,0.5,1.,0.5,1.)) REPRESENTATION_ITEM(
  '') );
#179 = CARTESIAN_POINT('',(-40.99999995705,18.18799436197));
#180 = CARTESIAN_POINT('',(-40.99999995705,25.116197592246));
#181 = CARTESIAN_POINT('',(-34.99999995705,21.652095977108));
#182 = CARTESIAN_POINT('',(-28.99999995705,18.18799436197));
#183 = CARTESIAN_POINT('',(-34.99999995705,14.723892746833));
#184 = CARTESIAN_POINT('',(-40.99999995705,11.259791131695));
#185 = CARTESIAN_POINT('',(-40.99999995705,18.18799436197));
#186 = ( GEOMETRIC_REPRESENTATION_CONTEXT(2) 
PARAMETRIC_REPRESENTATION_CONTEXT() REPRESENTATION_CONTEXT('2D SPACE',''
  ) );
#187 = PCURVE('',#188,#193);
#188 = CYLINDRICAL_SURFACE('',#189,4.);
#189 = AXIS2_PLACEMENT_3D('',#190,#191,#192);
#190 = CARTESIAN_POINT('',(-36.99999995763,18.198684256709,0.));
#191 = DIRECTION('',(0.,0.,-1.));
#192 = DIRECTION('',(-1.,0.,0.));
#193 = DEFINITIONAL_REPRESENTATION('',(#194),#198);
#194 = LINE('',#195,#196);
#195 = CARTESIAN_POINT('',(0.,-7.25));
#196 = VECTOR('',#197,1.);
#197 = DIRECTION('',(1.,0.));
#198 = ( GEOMETRIC_REPRESENTATION_CONTEXT(2) 
PARAMETRIC_REPRESENTATION_CONTEXT() REPRESENTATION_CONTEXT('2D SPACE',''
  ) );
#199 = ORIENTED_EDGE('',*,*,#200,.T.);
#200 = EDGE_CURVE('',#168,#201,#203,.T.);
#201 = VERTEX_POINT('',#202);
#202 = CARTESIAN_POINT('',(-33.30000000114,-10.67881573543,7.25));
#203 = SURFACE_CURVE('',#204,(#209,#216),.PCURVE_S1.);
#204 = CIRCLE('',#205,36.);
#205 = AXIS2_PLACEMENT_3D('',#206,#207,#208);
#206 = CARTESIAN_POINT('',(0.,3.,7.25));
#207 = DIRECTION('',(0.,0.,1.));
#208 = DIRECTION('',(1.,0.,0.));
#209 = PCURVE('',#54,#210);
#210 = DEFINITIONAL_REPRESENTATION('',(#211),#215);
#211 = CIRCLE('',#212,36.);
#212 = AXIS2_PLACEMENT_2D('',#213,#214);
#213 = CARTESIAN_POINT('',(5.835800400434E-10,2.989310105262));
#214 = DIRECTION('',(1.,0.));
#215 = ( GEOMETRIC_REPRESENTATION_CONTEXT(2) 
PARAMETRIC_REPRESENTATION_CONTEXT() REPRESENTATION_CONTEXT('2D SPACE',''
  ) );
#216 = PCURVE('',#217,#222);
#217 = CYLINDRICAL_SURFACE('',#218,36.);
#218 = AXIS2_PLACEMENT_3D('',#219,#220,#221);
#219 = CARTESIAN_POINT('',(0.,3.,0.));
#220 = DIRECTION('',(-0.,-0.,-1.));
#221 = DIRECTION('',(1.,0.,0.));
#222 = DEFINITIONAL_REPRESENTATION('',(#223),#227);
#223 = LINE('',#224,#225);
#224 = CARTESIAN_POINT('',(-0.,-7.25));
#225 = VECTOR('',#226,1.);
#226 = DIRECTION('',(-1.,0.));
#227 = ( GEOMETRIC_REPRESENTATION_CONTEXT(2) 
PARAMETRIC_REPRESENTATION_CONTEXT() REPRESENTATION_CONTEXT('2D SPACE',''
  ) );
#228 = ORIENTED_EDGE('',*,*,#229,.T.);
#229 = EDGE_CURVE('',#201,#230,#232,.T.);
#230 = VERTEX_POINT('',#231);
#231 = CARTESIAN_POINT('',(-33.00000000063,-12.19868415047,7.25));
#232 = SURFACE_CURVE('',#233,(#238,#249),.PCURVE_S1.);
#233 = CIRCLE('',#234,4.);
#234 = AXIS2_PLACEMENT_3D('',#235,#236,#237);
#235 = CARTESIAN_POINT('',(-37.00000000127,-12.19868415047,7.25));
#236 = DIRECTION('',(0.,0.,-1.));
#237 = DIRECTION('',(-1.,0.,0.));
#238 = PCURVE('',#54,#239);
#239 = DEFINITIONAL_REPRESENTATION('',(#240),#248);
#240 = ( BOUNDED_CURVE() B_SPLINE_CURVE(2,(#241,#242,#243,#244,#245,#246
,#247),.UNSPECIFIED.,.T.,.F.) B_SPLINE_CURVE_WITH_KNOTS((1,2,2,2,2,1),(
    -2.094395102393,0.,2.094395102393,4.188790204786,6.28318530718,
8.377580409573),.UNSPECIFIED.) CURVE() GEOMETRIC_REPRESENTATION_ITEM() 
RATIONAL_B_SPLINE_CURVE((1.,0.5,1.,0.5,1.,0.5,1.)) REPRESENTATION_ITEM(
  '') );
#241 = CARTESIAN_POINT('',(-41.00000000068,-12.20937404521));
#242 = CARTESIAN_POINT('',(-41.00000000068,-5.281170814941));
#243 = CARTESIAN_POINT('',(-35.00000000068,-8.745272430078));
#244 = CARTESIAN_POINT('',(-29.00000000068,-12.20937404521));
#245 = CARTESIAN_POINT('',(-35.00000000068,-15.67347566035));
#246 = CARTESIAN_POINT('',(-41.00000000068,-19.13757727549));
#247 = CARTESIAN_POINT('',(-41.00000000068,-12.20937404521));
#248 = ( GEOMETRIC_REPRESENTATION_CONTEXT(2) 
PARAMETRIC_REPRESENTATION_CONTEXT() REPRESENTATION_CONTEXT('2D SPACE',''
  ) );
#249 = PCURVE('',#250,#255);
#250 = CYLINDRICAL_SURFACE('',#251,4.);
#251 = AXIS2_PLACEMENT_3D('',#252,#253,#254);
#252 = CARTESIAN_POINT('',(-37.00000000127,-12.19868415047,0.));
#253 = DIRECTION('',(0.,0.,-1.));
#254 = DIRECTION('',(-1.,0.,0.));
#255 = DEFINITIONAL_REPRESENTATION('',(#256),#260);
#256 = LINE('',#257,#258);
#257 = CARTESIAN_POINT('',(0.,-7.25));
#258 = VECTOR('',#259,1.);
#259 = DIRECTION('',(1.,0.));
#260 = ( GEOMETRIC_REPRESENTATION_CONTEXT(2) 
PARAMETRIC_REPRESENTATION_CONTEXT() REPRESENTATION_CONTEXT('2D SPACE',''
  ) );
#261 = ORIENTED_EDGE('',*,*,#262,.F.);
#262 = EDGE_CURVE('',#263,#230,#265,.T.);
#263 = VERTEX_POINT('',#264);
#264 = CARTESIAN_POINT('',(-33.,-63.,7.25));
#265 = SURFACE_CURVE('',#266,(#270,#277),.PCURVE_S1.);
#266 = LINE('',#267,#268);
#267 = CARTESIAN_POINT('',(-33.,0.,7.25));
#268 = VECTOR('',#269,1.);
#269 = DIRECTION('',(0.,1.,0.));
#270 = PCURVE('',#54,#271);
#271 = DEFINITIONAL_REPRESENTATION('',(#272),#276);
#272 = LINE('',#273,#274);
#273 = CARTESIAN_POINT('',(-32.99999999941,-1.068989473817E-02));
#274 = VECTOR('',#275,1.);
#275 = DIRECTION('',(0.,1.));
#276 = ( GEOMETRIC_REPRESENTATION_CONTEXT(2) 
PARAMETRIC_REPRESENTATION_CONTEXT() REPRESENTATION_CONTEXT('2D SPACE',''
  ) );
#277 = PCURVE('',#278,#283);
#278 = PLANE('',#279);
#279 = AXIS2_PLACEMENT_3D('',#280,#281,#282);
#280 = CARTESIAN_POINT('',(-33.,-63.,0.));
#281 = DIRECTION('',(-1.,0.,0.));
#282 = DIRECTION('',(0.,1.,0.));
#283 = DEFINITIONAL_REPRESENTATION('',(#284),#288);
#284 = LINE('',#285,#286);
#285 = CARTESIAN_POINT('',(63.000000000001,-7.25));
#286 = VECTOR('',#287,1.);
#287 = DIRECTION('',(1.,0.));
#288 = ( GEOMETRIC_REPRESENTATION_CONTEXT(2) 
PARAMETRIC_REPRESENTATION_CONTEXT() REPRESENTATION_CONTEXT('2D SPACE',''
  ) );
#289 = ORIENTED_EDGE('',*,*,#290,.F.);
#290 = EDGE_CURVE('',#291,#263,#293,.T.);
#291 = VERTEX_POINT('',#292);
#292 = CARTESIAN_POINT('',(-29.,-67.,7.25));
#293 = SURFACE_CURVE('',#294,(#299,#310),.PCURVE_S1.);
#294 = CIRCLE('',#295,4.);
#295 = AXIS2_PLACEMENT_3D('',#296,#297,#298);
#296 = CARTESIAN_POINT('',(-29.,-63.,7.25));
#297 = DIRECTION('',(0.,0.,-1.));
#298 = DIRECTION('',(-1.,0.,0.));
#299 = PCURVE('',#54,#300);
#300 = DEFINITIONAL_REPRESENTATION('',(#301),#309);
#301 = ( BOUNDED_CURVE() B_SPLINE_CURVE(2,(#302,#303,#304,#305,#306,#307
,#308),.UNSPECIFIED.,.T.,.F.) B_SPLINE_CURVE_WITH_KNOTS((1,2,2,2,2,1),(
    -2.094395102393,0.,2.094395102393,4.188790204786,6.28318530718,
8.377580409573),.UNSPECIFIED.) CURVE() GEOMETRIC_REPRESENTATION_ITEM() 
RATIONAL_B_SPLINE_CURVE((1.,0.5,1.,0.5,1.,0.5,1.)) REPRESENTATION_ITEM(
  '') );
#302 = CARTESIAN_POINT('',(-32.99999999941,-63.01068989473));
#303 = CARTESIAN_POINT('',(-32.99999999941,-56.08248666446));
#304 = CARTESIAN_POINT('',(-26.99999999941,-59.5465882796));
#305 = CARTESIAN_POINT('',(-20.99999999941,-63.01068989473));
#306 = CARTESIAN_POINT('',(-26.99999999941,-66.47479150987));
#307 = CARTESIAN_POINT('',(-32.99999999941,-69.93889312501));
#308 = CARTESIAN_POINT('',(-32.99999999941,-63.01068989473));
#309 = ( GEOMETRIC_REPRESENTATION_CONTEXT(2) 
PARAMETRIC_REPRESENTATION_CONTEXT() REPRESENTATION_CONTEXT('2D SPACE',''
  ) );
#310 = PCURVE('',#311,#316);
#311 = CYLINDRICAL_SURFACE('',#312,4.);
#312 = AXIS2_PLACEMENT_3D('',#313,#314,#315);
#313 = CARTESIAN_POINT('',(-29.,-63.,0.));
#314 = DIRECTION('',(0.,0.,-1.));
#315 = DIRECTION('',(-1.,0.,0.));
#316 = DEFINITIONAL_REPRESENTATION('',(#317),#321);
#317 = LINE('',#318,#319);
#318 = CARTESIAN_POINT('',(0.,-7.25));
#319 = VECTOR('',#320,1.);
#320 = DIRECTION('',(1.,0.));
#321 = ( GEOMETRIC_REPRESENTATION_CONTEXT(2) 
PARAMETRIC_REPRESENTATION_CONTEXT() REPRESENTATION_CONTEXT('2D SPACE',''
  ) );
#322 = ORIENTED_EDGE('',*,*,#323,.T.);
#323 = EDGE_CURVE('',#291,#324,#326,.T.);
#324 = VERTEX_POINT('',#325);
#325 = CARTESIAN_POINT('',(29.,-67.,7.25));
#326 = SURFACE_CURVE('',#327,(#331,#338),.PCURVE_S1.);
#327 = LINE('',#328,#329);
#328 = CARTESIAN_POINT('',(0.,-67.,7.25));
#329 = VECTOR('',#330,1.);
#330 = DIRECTION('',(1.,0.,0.));
#331 = PCURVE('',#54,#332);
#332 = DEFINITIONAL_REPRESENTATION('',(#333),#337);
#333 = LINE('',#334,#335);
#334 = CARTESIAN_POINT('',(5.835800400434E-10,-67.01068989473));
#335 = VECTOR('',#336,1.);
#336 = DIRECTION('',(1.,0.));
#337 = ( GEOMETRIC_REPRESENTATION_CONTEXT(2) 
PARAMETRIC_REPRESENTATION_CONTEXT() REPRESENTATION_CONTEXT('2D SPACE',''
  ) );
#338 = PCURVE('',#339,#344);
#339 = PLANE('',#340);
#340 = AXIS2_PLACEMENT_3D('',#341,#342,#343);
#341 = CARTESIAN_POINT('',(-29.,-67.,0.));
#342 = DIRECTION('',(0.,1.,0.));
#343 = DIRECTION('',(1.,0.,0.));
#344 = DEFINITIONAL_REPRESENTATION('',(#345),#349);
#345 = LINE('',#346,#347);
#346 = CARTESIAN_POINT('',(29.,-7.25));
#347 = VECTOR('',#348,1.);
#348 = DIRECTION('',(1.,0.));
#349 = ( GEOMETRIC_REPRESENTATION_CONTEXT(2) 
PARAMETRIC_REPRESENTATION_CONTEXT() REPRESENTATION_CONTEXT('2D SPACE',''
  ) );
#350 = ORIENTED_EDGE('',*,*,#351,.F.);
#351 = EDGE_CURVE('',#352,#324,#354,.T.);
#352 = VERTEX_POINT('',#353);
#353 = CARTESIAN_POINT('',(33.,-63.,7.25));
#354 = SURFACE_CURVE('',#355,(#360,#371),.PCURVE_S1.);
#355 = CIRCLE('',#356,4.);
#356 = AXIS2_PLACEMENT_3D('',#357,#358,#359);
#357 = CARTESIAN_POINT('',(29.,-63.,7.25));
#358 = DIRECTION('',(0.,0.,-1.));
#359 = DIRECTION('',(-1.,0.,0.));
#360 = PCURVE('',#54,#361);
#361 = DEFINITIONAL_REPRESENTATION('',(#362),#370);
#362 = ( BOUNDED_CURVE() B_SPLINE_CURVE(2,(#363,#364,#365,#366,#367,#368
,#369),.UNSPECIFIED.,.T.,.F.) B_SPLINE_CURVE_WITH_KNOTS((1,2,2,2,2,1),(
    -2.094395102393,0.,2.094395102393,4.188790204786,6.28318530718,
8.377580409573),.UNSPECIFIED.) CURVE() GEOMETRIC_REPRESENTATION_ITEM() 
RATIONAL_B_SPLINE_CURVE((1.,0.5,1.,0.5,1.,0.5,1.)) REPRESENTATION_ITEM(
  '') );
#363 = CARTESIAN_POINT('',(25.000000000584,-63.01068989473));
#364 = CARTESIAN_POINT('',(25.000000000584,-56.08248666446));
#365 = CARTESIAN_POINT('',(31.000000000584,-59.5465882796));
#366 = CARTESIAN_POINT('',(37.000000000584,-63.01068989473));
#367 = CARTESIAN_POINT('',(31.000000000584,-66.47479150987));
#368 = CARTESIAN_POINT('',(25.000000000584,-69.93889312501));
#369 = CARTESIAN_POINT('',(25.000000000584,-63.01068989473));
#370 = ( GEOMETRIC_REPRESENTATION_CONTEXT(2) 
PARAMETRIC_REPRESENTATION_CONTEXT() REPRESENTATION_CONTEXT('2D SPACE',''
  ) );
#371 = PCURVE('',#372,#377);
#372 = CYLINDRICAL_SURFACE('',#373,4.);
#373 = AXIS2_PLACEMENT_3D('',#374,#375,#376);
#374 = CARTESIAN_POINT('',(29.,-63.,0.));
#375 = DIRECTION('',(0.,0.,-1.));
#376 = DIRECTION('',(-1.,0.,0.));
#377 = DEFINITIONAL_REPRESENTATION('',(#378),#382);
#378 = LINE('',#379,#380);
#379 = CARTESIAN_POINT('',(0.,-7.25));
#380 = VECTOR('',#381,1.);
#381 = DIRECTION('',(1.,0.));
#382 = ( GEOMETRIC_REPRESENTATION_CONTEXT(2) 
PARAMETRIC_REPRESENTATION_CONTEXT() REPRESENTATION_CONTEXT('2D SPACE',''
  ) );
#383 = ORIENTED_EDGE('',*,*,#384,.T.);
#384 = EDGE_CURVE('',#352,#385,#387,.T.);
#385 = VERTEX_POINT('',#386);
#386 = CARTESIAN_POINT('',(32.999999978811,-12.19868425673,7.25));
#387 = SURFACE_CURVE('',#388,(#392,#399),.PCURVE_S1.);
#388 = LINE('',#389,#390);
#389 = CARTESIAN_POINT('',(33.,0.,7.25));
#390 = VECTOR('',#391,1.);
#391 = DIRECTION('',(0.,1.,0.));
#392 = PCURVE('',#54,#393);
#393 = DEFINITIONAL_REPRESENTATION('',(#394),#398);
#394 = LINE('',#395,#396);
#395 = CARTESIAN_POINT('',(33.000000000584,-1.068989473817E-02));
#396 = VECTOR('',#397,1.);
#397 = DIRECTION('',(0.,1.));
#398 = ( GEOMETRIC_REPRESENTATION_CONTEXT(2) 
PARAMETRIC_REPRESENTATION_CONTEXT() REPRESENTATION_CONTEXT('2D SPACE',''
  ) );
#399 = PCURVE('',#400,#405);
#400 = PLANE('',#401);
#401 = AXIS2_PLACEMENT_3D('',#402,#403,#404);
#402 = CARTESIAN_POINT('',(33.,-63.,0.));
#403 = DIRECTION('',(-1.,0.,0.));
#404 = DIRECTION('',(0.,1.,0.));
#405 = DEFINITIONAL_REPRESENTATION('',(#406),#410);
#406 = LINE('',#407,#408);
#407 = CARTESIAN_POINT('',(63.000000000001,-7.25));
#408 = VECTOR('',#409,1.);
#409 = DIRECTION('',(1.,0.));
#410 = ( GEOMETRIC_REPRESENTATION_CONTEXT(2) 
PARAMETRIC_REPRESENTATION_CONTEXT() REPRESENTATION_CONTEXT('2D SPACE',''
  ) );
#411 = ORIENTED_EDGE('',*,*,#412,.T.);
#412 = EDGE_CURVE('',#385,#413,#415,.T.);
#413 = VERTEX_POINT('',#414);
#414 = CARTESIAN_POINT('',(33.29999996186,-10.67881583106,7.25));
#415 = SURFACE_CURVE('',#416,(#421,#432),.PCURVE_S1.);
#416 = CIRCLE('',#417,4.);
#417 = AXIS2_PLACEMENT_3D('',#418,#419,#420);
#418 = CARTESIAN_POINT('',(36.999999957622,-12.19868425673,7.25));
#419 = DIRECTION('',(0.,0.,-1.));
#420 = DIRECTION('',(-1.,0.,0.));
#421 = PCURVE('',#54,#422);
#422 = DEFINITIONAL_REPRESENTATION('',(#423),#431);
#423 = ( BOUNDED_CURVE() B_SPLINE_CURVE(2,(#424,#425,#426,#427,#428,#429
,#430),.UNSPECIFIED.,.T.,.F.) B_SPLINE_CURVE_WITH_KNOTS((1,2,2,2,2,1),(
    -2.094395102393,0.,2.094395102393,4.188790204786,6.28318530718,
8.377580409573),.UNSPECIFIED.) CURVE() GEOMETRIC_REPRESENTATION_ITEM() 
RATIONAL_B_SPLINE_CURVE((1.,0.5,1.,0.5,1.,0.5,1.)) REPRESENTATION_ITEM(
  '') );
#424 = CARTESIAN_POINT('',(32.999999958206,-12.20937415147));
#425 = CARTESIAN_POINT('',(32.999999958206,-5.281170921198));
#426 = CARTESIAN_POINT('',(38.999999958206,-8.745272536336));
#427 = CARTESIAN_POINT('',(44.999999958206,-12.20937415147));
#428 = CARTESIAN_POINT('',(38.999999958206,-15.67347576661));
#429 = CARTESIAN_POINT('',(32.999999958206,-19.13757738175));
#430 = CARTESIAN_POINT('',(32.999999958206,-12.20937415147));
#431 = ( GEOMETRIC_REPRESENTATION_CONTEXT(2) 
PARAMETRIC_REPRESENTATION_CONTEXT() REPRESENTATION_CONTEXT('2D SPACE',''
  ) );
#432 = PCURVE('',#433,#438);
#433 = CYLINDRICAL_SURFACE('',#434,4.);
#434 = AXIS2_PLACEMENT_3D('',#435,#436,#437);
#435 = CARTESIAN_POINT('',(36.999999957622,-12.19868425673,0.));
#436 = DIRECTION('',(0.,0.,-1.));
#437 = DIRECTION('',(-1.,0.,0.));
#438 = DEFINITIONAL_REPRESENTATION('',(#439),#443);
#439 = LINE('',#440,#441);
#440 = CARTESIAN_POINT('',(0.,-7.25));
#441 = VECTOR('',#442,1.);
#442 = DIRECTION('',(1.,0.));
#443 = ( GEOMETRIC_REPRESENTATION_CONTEXT(2) 
PARAMETRIC_REPRESENTATION_CONTEXT() REPRESENTATION_CONTEXT('2D SPACE',''
  ) );
#444 = ORIENTED_EDGE('',*,*,#445,.T.);
#445 = EDGE_CURVE('',#413,#446,#448,.T.);
#446 = VERTEX_POINT('',#447);
#447 = CARTESIAN_POINT('',(33.300000058713,16.678815595282,7.25));
#448 = SURFACE_CURVE('',#449,(#454,#461),.PCURVE_S1.);
#449 = CIRCLE('',#450,36.);
#450 = AXIS2_PLACEMENT_3D('',#451,#452,#453);
#451 = CARTESIAN_POINT('',(0.,3.,7.25));
#452 = DIRECTION('',(0.,-0.,1.));
#453 = DIRECTION('',(0.916666666667,-0.399652626943,-0.));
#454 = PCURVE('',#54,#455);
#455 = DEFINITIONAL_REPRESENTATION('',(#456),#460);
#456 = CIRCLE('',#457,36.);
#457 = AXIS2_PLACEMENT_2D('',#458,#459);
#458 = CARTESIAN_POINT('',(5.835800400434E-10,2.989310105262));
#459 = DIRECTION('',(0.916666666667,-0.399652626943));
#460 = ( GEOMETRIC_REPRESENTATION_CONTEXT(2) 
PARAMETRIC_REPRESENTATION_CONTEXT() REPRESENTATION_CONTEXT('2D SPACE',''
  ) );
#461 = PCURVE('',#462,#467);
#462 = CYLINDRICAL_SURFACE('',#463,36.);
#463 = AXIS2_PLACEMENT_3D('',#464,#465,#466);
#464 = CARTESIAN_POINT('',(0.,3.,0.));
#465 = DIRECTION('',(-0.,0.,-1.));
#466 = DIRECTION('',(0.916666666667,-0.399652626943,-0.));
#467 = DEFINITIONAL_REPRESENTATION('',(#468),#472);
#468 = LINE('',#469,#470);
#469 = CARTESIAN_POINT('',(-0.,-7.25));
#470 = VECTOR('',#471,1.);
#471 = DIRECTION('',(-1.,0.));
#472 = ( GEOMETRIC_REPRESENTATION_CONTEXT(2) 
PARAMETRIC_REPRESENTATION_CONTEXT() REPRESENTATION_CONTEXT('2D SPACE',''
  ) );
#473 = ORIENTED_EDGE('',*,*,#474,.T.);
#474 = EDGE_CURVE('',#446,#475,#477,.T.);
#475 = VERTEX_POINT('',#476);
#476 = CARTESIAN_POINT('',(33.000000032618,18.198683994758,7.25));
#477 = SURFACE_CURVE('',#478,(#483,#494),.PCURVE_S1.);
#478 = CIRCLE('',#479,4.);
#479 = AXIS2_PLACEMENT_3D('',#480,#481,#482);
#480 = CARTESIAN_POINT('',(37.000000065237,18.198683994758,7.25));
#481 = DIRECTION('',(0.,0.,-1.));
#482 = DIRECTION('',(-1.,0.,0.));
#483 = PCURVE('',#54,#484);
#484 = DEFINITIONAL_REPRESENTATION('',(#485),#493);
#485 = ( BOUNDED_CURVE() B_SPLINE_CURVE(2,(#486,#487,#488,#489,#490,#491
,#492),.UNSPECIFIED.,.T.,.F.) B_SPLINE_CURVE_WITH_KNOTS((1,2,2,2,2,1),(
    -2.094395102393,0.,2.094395102393,4.188790204786,6.28318530718,
8.377580409573),.UNSPECIFIED.) CURVE() GEOMETRIC_REPRESENTATION_ITEM() 
RATIONAL_B_SPLINE_CURVE((1.,0.5,1.,0.5,1.,0.5,1.)) REPRESENTATION_ITEM(
  '') );
#486 = CARTESIAN_POINT('',(33.00000006582,18.187994100019));
#487 = CARTESIAN_POINT('',(33.00000006582,25.116197330295));
#488 = CARTESIAN_POINT('',(39.00000006582,21.652095715157));
#489 = CARTESIAN_POINT('',(45.00000006582,18.187994100019));
#490 = CARTESIAN_POINT('',(39.00000006582,14.723892484882));
#491 = CARTESIAN_POINT('',(33.00000006582,11.259790869744));
#492 = CARTESIAN_POINT('',(33.00000006582,18.187994100019));
#493 = ( GEOMETRIC_REPRESENTATION_CONTEXT(2) 
PARAMETRIC_REPRESENTATION_CONTEXT() REPRESENTATION_CONTEXT('2D SPACE',''
  ) );
#494 = PCURVE('',#495,#500);
#495 = CYLINDRICAL_SURFACE('',#496,4.);
#496 = AXIS2_PLACEMENT_3D('',#497,#498,#499);
#497 = CARTESIAN_POINT('',(37.000000065237,18.198683994758,0.));
#498 = DIRECTION('',(0.,0.,-1.));
#499 = DIRECTION('',(-1.,0.,0.));
#500 = DEFINITIONAL_REPRESENTATION('',(#501),#505);
#501 = LINE('',#502,#503);
#502 = CARTESIAN_POINT('',(0.,-7.25));
#503 = VECTOR('',#504,1.);
#504 = DIRECTION('',(1.,0.));
#505 = ( GEOMETRIC_REPRESENTATION_CONTEXT(2) 
PARAMETRIC_REPRESENTATION_CONTEXT() REPRESENTATION_CONTEXT('2D SPACE',''
  ) );
#506 = ORIENTED_EDGE('',*,*,#507,.T.);
#507 = EDGE_CURVE('',#475,#508,#510,.T.);
#508 = VERTEX_POINT('',#509);
#509 = CARTESIAN_POINT('',(33.,62.999999995646,7.25));
#510 = SURFACE_CURVE('',#511,(#515,#522),.PCURVE_S1.);
#511 = LINE('',#512,#513);
#512 = CARTESIAN_POINT('',(33.,0.,7.25));
#513 = VECTOR('',#514,1.);
#514 = DIRECTION('',(0.,1.,0.));
#515 = PCURVE('',#54,#516);
#516 = DEFINITIONAL_REPRESENTATION('',(#517),#521);
#517 = LINE('',#518,#519);
#518 = CARTESIAN_POINT('',(33.000000000584,-1.068989473817E-02));
#519 = VECTOR('',#520,1.);
#520 = DIRECTION('',(0.,1.));
#521 = ( GEOMETRIC_REPRESENTATION_CONTEXT(2) 
PARAMETRIC_REPRESENTATION_CONTEXT() REPRESENTATION_CONTEXT('2D SPACE',''
  ) );
#522 = PCURVE('',#523,#528);
#523 = PLANE('',#524);
#524 = AXIS2_PLACEMENT_3D('',#525,#526,#527);
#525 = CARTESIAN_POINT('',(33.,18.198683994758,0.));
#526 = DIRECTION('',(-1.,0.,0.));
#527 = DIRECTION('',(0.,1.,0.));
#528 = DEFINITIONAL_REPRESENTATION('',(#529),#533);
#529 = LINE('',#530,#531);
#530 = CARTESIAN_POINT('',(-18.19868399475,-7.25));
#531 = VECTOR('',#532,1.);
#532 = DIRECTION('',(1.,0.));
#533 = ( GEOMETRIC_REPRESENTATION_CONTEXT(2) 
PARAMETRIC_REPRESENTATION_CONTEXT() REPRESENTATION_CONTEXT('2D SPACE',''
  ) );
#534 = ORIENTED_EDGE('',*,*,#535,.F.);
#535 = EDGE_CURVE('',#536,#508,#538,.T.);
#536 = VERTEX_POINT('',#537);
#537 = CARTESIAN_POINT('',(29.,66.999999997823,7.25));
#538 = SURFACE_CURVE('',#539,(#544,#555),.PCURVE_S1.);
#539 = CIRCLE('',#540,4.);
#540 = AXIS2_PLACEMENT_3D('',#541,#542,#543);
#541 = CARTESIAN_POINT('',(29.,62.999999995646,7.25));
#542 = DIRECTION('',(0.,0.,-1.));
#543 = DIRECTION('',(-1.,0.,0.));
#544 = PCURVE('',#54,#545);
#545 = DEFINITIONAL_REPRESENTATION('',(#546),#554);
#546 = ( BOUNDED_CURVE() B_SPLINE_CURVE(2,(#547,#548,#549,#550,#551,#552
,#553),.UNSPECIFIED.,.T.,.F.) B_SPLINE_CURVE_WITH_KNOTS((1,2,2,2,2,1),(
    -2.094395102393,0.,2.094395102393,4.188790204786,6.28318530718,
8.377580409573),.UNSPECIFIED.) CURVE() GEOMETRIC_REPRESENTATION_ITEM() 
RATIONAL_B_SPLINE_CURVE((1.,0.5,1.,0.5,1.,0.5,1.)) REPRESENTATION_ITEM(
  '') );
#547 = CARTESIAN_POINT('',(25.000000000584,62.989310100908));
#548 = CARTESIAN_POINT('',(25.000000000584,69.917513331183));
#549 = CARTESIAN_POINT('',(31.000000000584,66.453411716046));
#550 = CARTESIAN_POINT('',(37.000000000584,62.989310100908));
#551 = CARTESIAN_POINT('',(31.000000000584,59.52520848577));
#552 = CARTESIAN_POINT('',(25.000000000584,56.061106870632));
#553 = CARTESIAN_POINT('',(25.000000000584,62.989310100908));
#554 = ( GEOMETRIC_REPRESENTATION_CONTEXT(2) 
PARAMETRIC_REPRESENTATION_CONTEXT() REPRESENTATION_CONTEXT('2D SPACE',''
  ) );
#555 = PCURVE('',#556,#561);
#556 = CYLINDRICAL_SURFACE('',#557,4.);
#557 = AXIS2_PLACEMENT_3D('',#558,#559,#560);
#558 = CARTESIAN_POINT('',(29.,62.999999995646,0.));
#559 = DIRECTION('',(0.,0.,-1.));
#560 = DIRECTION('',(-1.,0.,0.));
#561 = DEFINITIONAL_REPRESENTATION('',(#562),#566);
#562 = LINE('',#563,#564);
#563 = CARTESIAN_POINT('',(0.,-7.25));
#564 = VECTOR('',#565,1.);
#565 = DIRECTION('',(1.,0.));
#566 = ( GEOMETRIC_REPRESENTATION_CONTEXT(2) 
PARAMETRIC_REPRESENTATION_CONTEXT() REPRESENTATION_CONTEXT('2D SPACE',''
  ) );
#567 = ORIENTED_EDGE('',*,*,#568,.F.);
#568 = EDGE_CURVE('',#569,#536,#571,.T.);
#569 = VERTEX_POINT('',#570);
#570 = CARTESIAN_POINT('',(11.8,67.,7.25));
#571 = SURFACE_CURVE('',#572,(#576,#583),.PCURVE_S1.);
#572 = LINE('',#573,#574);
#573 = CARTESIAN_POINT('',(0.,67.,7.25));
#574 = VECTOR('',#575,1.);
#575 = DIRECTION('',(1.,0.,0.));
#576 = PCURVE('',#54,#577);
#577 = DEFINITIONAL_REPRESENTATION('',(#578),#582);
#578 = LINE('',#579,#580);
#579 = CARTESIAN_POINT('',(5.835800400434E-10,66.989310105262));
#580 = VECTOR('',#581,1.);
#581 = DIRECTION('',(1.,0.));
#582 = ( GEOMETRIC_REPRESENTATION_CONTEXT(2) 
PARAMETRIC_REPRESENTATION_CONTEXT() REPRESENTATION_CONTEXT('2D SPACE',''
  ) );
#583 = PCURVE('',#94,#584);
#584 = DEFINITIONAL_REPRESENTATION('',(#585),#589);
#585 = LINE('',#586,#587);
#586 = CARTESIAN_POINT('',(29.,-7.25));
#587 = VECTOR('',#588,1.);
#588 = DIRECTION('',(1.,0.));
#589 = ( GEOMETRIC_REPRESENTATION_CONTEXT(2) 
PARAMETRIC_REPRESENTATION_CONTEXT() REPRESENTATION_CONTEXT('2D SPACE',''
  ) );
#590 = ORIENTED_EDGE('',*,*,#591,.T.);
#591 = EDGE_CURVE('',#569,#592,#594,.T.);
#592 = VERTEX_POINT('',#593);
#593 = CARTESIAN_POINT('',(11.,66.2,7.25));
#594 = SURFACE_CURVE('',#595,(#599,#606),.PCURVE_S1.);
#595 = LINE('',#596,#597);
#596 = CARTESIAN_POINT('',(-8.097327526461,47.102672473539,7.25));
#597 = VECTOR('',#598,1.);
#598 = DIRECTION('',(-0.707106781187,-0.707106781187,0.));
#599 = PCURVE('',#54,#600);
#600 = DEFINITIONAL_REPRESENTATION('',(#601),#605);
#601 = LINE('',#602,#603);
#602 = CARTESIAN_POINT('',(-8.097327525878,47.091982578801));
#603 = VECTOR('',#604,1.);
#604 = DIRECTION('',(-0.707106781187,-0.707106781187));
#605 = ( GEOMETRIC_REPRESENTATION_CONTEXT(2) 
PARAMETRIC_REPRESENTATION_CONTEXT() REPRESENTATION_CONTEXT('2D SPACE',''
  ) );
#606 = PCURVE('',#607,#612);
#607 = PLANE('',#608);
#608 = AXIS2_PLACEMENT_3D('',#609,#610,#611);
#609 = CARTESIAN_POINT('',(11.4,66.6,6.25));
#610 = DIRECTION('',(0.707106781187,-0.707106781187,-5.308045764503E-18)
  );
#611 = DIRECTION('',(3.753355154928E-18,-3.753355154928E-18,1.));
#612 = DEFINITIONAL_REPRESENTATION('',(#613),#617);
#613 = LINE('',#614,#615);
#614 = CARTESIAN_POINT('',(1.,27.573385017952));
#615 = VECTOR('',#616,1.);
#616 = DIRECTION('',(1.445808246511E-34,1.));
#617 = ( GEOMETRIC_REPRESENTATION_CONTEXT(2) 
PARAMETRIC_REPRESENTATION_CONTEXT() REPRESENTATION_CONTEXT('2D SPACE',''
  ) );
#618 = ORIENTED_EDGE('',*,*,#619,.F.);
#619 = EDGE_CURVE('',#620,#592,#622,.T.);
#620 = VERTEX_POINT('',#621);
#621 = CARTESIAN_POINT('',(11.,65.5,7.25));
#622 = SURFACE_CURVE('',#623,(#627,#633),.PCURVE_S1.);
#623 = LINE('',#624,#625);
#624 = CARTESIAN_POINT('',(11.,30.505344947369,7.25));
#625 = VECTOR('',#626,1.);
#626 = DIRECTION('',(-0.,1.,0.));
#627 = PCURVE('',#54,#628);
#628 = DEFINITIONAL_REPRESENTATION('',(#629),#632);
#629 = B_SPLINE_CURVE_WITH_KNOTS('',1,(#630,#631),.UNSPECIFIED.,.F.,.F.,
  (2,2),(30.494655052631,36.494655052631),.PIECEWISE_BEZIER_KNOTS.);
#630 = CARTESIAN_POINT('',(11.000000000584,60.989310105262));
#631 = CARTESIAN_POINT('',(11.000000000584,66.989310105262));
#632 = ( GEOMETRIC_REPRESENTATION_CONTEXT(2) 
PARAMETRIC_REPRESENTATION_CONTEXT() REPRESENTATION_CONTEXT('2D SPACE',''
  ) );
#633 = PCURVE('',#634,#639);
#634 = PLANE('',#635);
#635 = AXIS2_PLACEMENT_3D('',#636,#637,#638);
#636 = CARTESIAN_POINT('',(11.,61.,3.25));
#637 = DIRECTION('',(1.,0.,-0.));
#638 = DIRECTION('',(0.,0.,1.));
#639 = DEFINITIONAL_REPRESENTATION('',(#640),#643);
#640 = B_SPLINE_CURVE_WITH_KNOTS('',1,(#641,#642),.UNSPECIFIED.,.F.,.F.,
  (2,2),(30.494655052631,36.494655052631),.PIECEWISE_BEZIER_KNOTS.);
#641 = CARTESIAN_POINT('',(4.,0.));
#642 = CARTESIAN_POINT('',(4.,-6.));
#643 = ( GEOMETRIC_REPRESENTATION_CONTEXT(2) 
PARAMETRIC_REPRESENTATION_CONTEXT() REPRESENTATION_CONTEXT('2D SPACE',''
  ) );
#644 = ORIENTED_EDGE('',*,*,#645,.T.);
#645 = EDGE_CURVE('',#620,#646,#648,.T.);
#646 = VERTEX_POINT('',#647);
#647 = CARTESIAN_POINT('',(15.,65.5,7.25));
#648 = SURFACE_CURVE('',#649,(#653,#659),.PCURVE_S1.);
#649 = LINE('',#650,#651);
#650 = CARTESIAN_POINT('',(-15.,65.5,7.25));
#651 = VECTOR('',#652,1.);
#652 = DIRECTION('',(1.,0.,2.22044604925E-16));
#653 = PCURVE('',#54,#654);
#654 = DEFINITIONAL_REPRESENTATION('',(#655),#658);
#655 = B_SPLINE_CURVE_WITH_KNOTS('',1,(#656,#657),.UNSPECIFIED.,.F.,.F.,
  (2,2),(-5.999999999062E-07,30.0000006),.PIECEWISE_BEZIER_KNOTS.);
#656 = CARTESIAN_POINT('',(-15.00000059941,65.489310105262));
#657 = CARTESIAN_POINT('',(15.000000600584,65.489310105262));
#658 = ( GEOMETRIC_REPRESENTATION_CONTEXT(2) 
PARAMETRIC_REPRESENTATION_CONTEXT() REPRESENTATION_CONTEXT('2D SPACE',''
  ) );
#659 = PCURVE('',#660,#665);
#660 = CYLINDRICAL_SURFACE('',#661,1.7);
#661 = AXIS2_PLACEMENT_3D('',#662,#663,#664);
#662 = CARTESIAN_POINT('',(-15.,63.8,7.25));
#663 = DIRECTION('',(1.,0.,2.22044604925E-16));
#664 = DIRECTION('',(2.22044604925E-16,0.,-1.));
#665 = DEFINITIONAL_REPRESENTATION('',(#666),#669);
#666 = B_SPLINE_CURVE_WITH_KNOTS('',1,(#667,#668),.UNSPECIFIED.,.F.,.F.,
  (2,2),(26.,30.),.PIECEWISE_BEZIER_KNOTS.);
#667 = CARTESIAN_POINT('',(7.853981633974,26.));
#668 = CARTESIAN_POINT('',(7.853981633974,30.));
#669 = ( GEOMETRIC_REPRESENTATION_CONTEXT(2) 
PARAMETRIC_REPRESENTATION_CONTEXT() REPRESENTATION_CONTEXT('2D SPACE',''
  ) );
#670 = ORIENTED_EDGE('',*,*,#671,.F.);
#671 = EDGE_CURVE('',#672,#646,#674,.T.);
#672 = VERTEX_POINT('',#673);
#673 = CARTESIAN_POINT('',(15.,62.1,7.25));
#674 = SURFACE_CURVE('',#675,(#679,#685),.PCURVE_S1.);
#675 = LINE('',#676,#677);
#676 = CARTESIAN_POINT('',(15.,31.905344947369,7.25));
#677 = VECTOR('',#678,1.);
#678 = DIRECTION('',(0.,1.,0.));
#679 = PCURVE('',#54,#680);
#680 = DEFINITIONAL_REPRESENTATION('',(#681),#684);
#681 = B_SPLINE_CURVE_WITH_KNOTS('',1,(#682,#683),.UNSPECIFIED.,.F.,.F.,
  (2,2),(30.194655052631,33.594655052631),.PIECEWISE_BEZIER_KNOTS.);
#682 = CARTESIAN_POINT('',(15.000000000584,62.089310105262));
#683 = CARTESIAN_POINT('',(15.000000000584,65.489310105262));
#684 = ( GEOMETRIC_REPRESENTATION_CONTEXT(2) 
PARAMETRIC_REPRESENTATION_CONTEXT() REPRESENTATION_CONTEXT('2D SPACE',''
  ) );
#685 = PCURVE('',#686,#691);
#686 = PLANE('',#687);
#687 = AXIS2_PLACEMENT_3D('',#688,#689,#690);
#688 = CARTESIAN_POINT('',(15.,63.8,7.25));
#689 = DIRECTION('',(1.,0.,2.22044604925E-16));
#690 = DIRECTION('',(2.22044604925E-16,0.,-1.));
#691 = DEFINITIONAL_REPRESENTATION('',(#692),#695);
#692 = B_SPLINE_CURVE_WITH_KNOTS('',1,(#693,#694),.UNSPECIFIED.,.F.,.F.,
  (2,2),(30.194655052631,33.594655052631),.PIECEWISE_BEZIER_KNOTS.);
#693 = CARTESIAN_POINT('',(3.552713678801E-15,-1.7));
#694 = CARTESIAN_POINT('',(3.552713678801E-15,1.7));
#695 = ( GEOMETRIC_REPRESENTATION_CONTEXT(2) 
PARAMETRIC_REPRESENTATION_CONTEXT() REPRESENTATION_CONTEXT('2D SPACE',''
  ) );
#696 = ORIENTED_EDGE('',*,*,#697,.F.);
#697 = EDGE_CURVE('',#698,#672,#700,.T.);
#698 = VERTEX_POINT('',#699);
#699 = CARTESIAN_POINT('',(11.,62.1,7.25));
#700 = SURFACE_CURVE('',#701,(#705,#711),.PCURVE_S1.);
#701 = LINE('',#702,#703);
#702 = CARTESIAN_POINT('',(-15.,62.1,7.25));
#703 = VECTOR('',#704,1.);
#704 = DIRECTION('',(1.,0.,2.22044604925E-16));
#705 = PCURVE('',#54,#706);
#706 = DEFINITIONAL_REPRESENTATION('',(#707),#710);
#707 = B_SPLINE_CURVE_WITH_KNOTS('',1,(#708,#709),.UNSPECIFIED.,.F.,.F.,
  (2,2),(-5.999999999062E-07,30.0000006),.PIECEWISE_BEZIER_KNOTS.);
#708 = CARTESIAN_POINT('',(-15.00000059941,62.089310105262));
#709 = CARTESIAN_POINT('',(15.000000600584,62.089310105262));
#710 = ( GEOMETRIC_REPRESENTATION_CONTEXT(2) 
PARAMETRIC_REPRESENTATION_CONTEXT() REPRESENTATION_CONTEXT('2D SPACE',''
  ) );
#711 = PCURVE('',#660,#712);
#712 = DEFINITIONAL_REPRESENTATION('',(#713),#716);
#713 = B_SPLINE_CURVE_WITH_KNOTS('',1,(#714,#715),.UNSPECIFIED.,.F.,.F.,
  (2,2),(26.,30.),.PIECEWISE_BEZIER_KNOTS.);
#714 = CARTESIAN_POINT('',(4.712388980385,26.));
#715 = CARTESIAN_POINT('',(4.712388980385,30.));
#716 = ( GEOMETRIC_REPRESENTATION_CONTEXT(2) 
PARAMETRIC_REPRESENTATION_CONTEXT() REPRESENTATION_CONTEXT('2D SPACE',''
  ) );
#717 = ORIENTED_EDGE('',*,*,#718,.F.);
#718 = EDGE_CURVE('',#719,#698,#721,.T.);
#719 = VERTEX_POINT('',#720);
#720 = CARTESIAN_POINT('',(11.,61.,7.25));
#721 = SURFACE_CURVE('',#722,(#726,#732),.PCURVE_S1.);
#722 = LINE('',#723,#724);
#723 = CARTESIAN_POINT('',(11.,30.505344947369,7.25));
#724 = VECTOR('',#725,1.);
#725 = DIRECTION('',(-0.,1.,0.));
#726 = PCURVE('',#54,#727);
#727 = DEFINITIONAL_REPRESENTATION('',(#728),#731);
#728 = B_SPLINE_CURVE_WITH_KNOTS('',1,(#729,#730),.UNSPECIFIED.,.F.,.F.,
  (2,2),(30.494655052631,36.494655052631),.PIECEWISE_BEZIER_KNOTS.);
#729 = CARTESIAN_POINT('',(11.000000000584,60.989310105262));
#730 = CARTESIAN_POINT('',(11.000000000584,66.989310105262));
#731 = ( GEOMETRIC_REPRESENTATION_CONTEXT(2) 
PARAMETRIC_REPRESENTATION_CONTEXT() REPRESENTATION_CONTEXT('2D SPACE',''
  ) );
#732 = PCURVE('',#733,#738);
#733 = PLANE('',#734);
#734 = AXIS2_PLACEMENT_3D('',#735,#736,#737);
#735 = CARTESIAN_POINT('',(11.,61.,3.25));
#736 = DIRECTION('',(1.,0.,-0.));
#737 = DIRECTION('',(0.,0.,1.));
#738 = DEFINITIONAL_REPRESENTATION('',(#739),#742);
#739 = B_SPLINE_CURVE_WITH_KNOTS('',1,(#740,#741),.UNSPECIFIED.,.F.,.F.,
  (2,2),(30.494655052631,36.494655052631),.PIECEWISE_BEZIER_KNOTS.);
#740 = CARTESIAN_POINT('',(4.,0.));
#741 = CARTESIAN_POINT('',(4.,-6.));
#742 = ( GEOMETRIC_REPRESENTATION_CONTEXT(2) 
PARAMETRIC_REPRESENTATION_CONTEXT() REPRESENTATION_CONTEXT('2D SPACE',''
  ) );
#743 = ORIENTED_EDGE('',*,*,#744,.T.);
#744 = EDGE_CURVE('',#719,#745,#747,.T.);
#745 = VERTEX_POINT('',#746);
#746 = CARTESIAN_POINT('',(-11.,61.,7.25));
#747 = SURFACE_CURVE('',#748,(#752,#758),.PCURVE_S1.);
#748 = LINE('',#749,#750);
#749 = CARTESIAN_POINT('',(-5.500000000292,61.,7.25));
#750 = VECTOR('',#751,1.);
#751 = DIRECTION('',(-1.,-0.,0.));
#752 = PCURVE('',#54,#753);
#753 = DEFINITIONAL_REPRESENTATION('',(#754),#757);
#754 = B_SPLINE_CURVE_WITH_KNOTS('',1,(#755,#756),.UNSPECIFIED.,.F.,.F.,
  (2,2),(-16.50000000029,5.499999999708),.PIECEWISE_BEZIER_KNOTS.);
#755 = CARTESIAN_POINT('',(11.000000000584,60.989310105262));
#756 = CARTESIAN_POINT('',(-10.99999999941,60.989310105262));
#757 = ( GEOMETRIC_REPRESENTATION_CONTEXT(2) 
PARAMETRIC_REPRESENTATION_CONTEXT() REPRESENTATION_CONTEXT('2D SPACE',''
  ) );
#758 = PCURVE('',#759,#764);
#759 = PLANE('',#760);
#760 = AXIS2_PLACEMENT_3D('',#761,#762,#763);
#761 = CARTESIAN_POINT('',(-11.,61.,3.25));
#762 = DIRECTION('',(-0.,1.,0.));
#763 = DIRECTION('',(0.,0.,1.));
#764 = DEFINITIONAL_REPRESENTATION('',(#765),#768);
#765 = B_SPLINE_CURVE_WITH_KNOTS('',1,(#766,#767),.UNSPECIFIED.,.F.,.F.,
  (2,2),(-16.50000000029,5.499999999708),.PIECEWISE_BEZIER_KNOTS.);
#766 = CARTESIAN_POINT('',(4.,22.));
#767 = CARTESIAN_POINT('',(4.,0.));
#768 = ( GEOMETRIC_REPRESENTATION_CONTEXT(2) 
PARAMETRIC_REPRESENTATION_CONTEXT() REPRESENTATION_CONTEXT('2D SPACE',''
  ) );
#769 = ORIENTED_EDGE('',*,*,#770,.T.);
#770 = EDGE_CURVE('',#745,#771,#773,.T.);
#771 = VERTEX_POINT('',#772);
#772 = CARTESIAN_POINT('',(-11.,62.1,7.25));
#773 = SURFACE_CURVE('',#774,(#778,#784),.PCURVE_S1.);
#774 = LINE('',#775,#776);
#775 = CARTESIAN_POINT('',(-11.,30.505344947369,7.25));
#776 = VECTOR('',#777,1.);
#777 = DIRECTION('',(-0.,1.,0.));
#778 = PCURVE('',#54,#779);
#779 = DEFINITIONAL_REPRESENTATION('',(#780),#783);
#780 = B_SPLINE_CURVE_WITH_KNOTS('',1,(#781,#782),.UNSPECIFIED.,.F.,.F.,
  (2,2),(30.494655052631,36.494655052631),.PIECEWISE_BEZIER_KNOTS.);
#781 = CARTESIAN_POINT('',(-10.99999999941,60.989310105262));
#782 = CARTESIAN_POINT('',(-10.99999999941,66.989310105262));
#783 = ( GEOMETRIC_REPRESENTATION_CONTEXT(2) 
PARAMETRIC_REPRESENTATION_CONTEXT() REPRESENTATION_CONTEXT('2D SPACE',''
  ) );
#784 = PCURVE('',#785,#790);
#785 = PLANE('',#786);
#786 = AXIS2_PLACEMENT_3D('',#787,#788,#789);
#787 = CARTESIAN_POINT('',(-11.,61.,3.25));
#788 = DIRECTION('',(1.,0.,-0.));
#789 = DIRECTION('',(0.,0.,1.));
#790 = DEFINITIONAL_REPRESENTATION('',(#791),#794);
#791 = B_SPLINE_CURVE_WITH_KNOTS('',1,(#792,#793),.UNSPECIFIED.,.F.,.F.,
  (2,2),(30.494655052631,36.494655052631),.PIECEWISE_BEZIER_KNOTS.);
#792 = CARTESIAN_POINT('',(4.,0.));
#793 = CARTESIAN_POINT('',(4.,-6.));
#794 = ( GEOMETRIC_REPRESENTATION_CONTEXT(2) 
PARAMETRIC_REPRESENTATION_CONTEXT() REPRESENTATION_CONTEXT('2D SPACE',''
  ) );
#795 = ORIENTED_EDGE('',*,*,#796,.F.);
#796 = EDGE_CURVE('',#797,#771,#799,.T.);
#797 = VERTEX_POINT('',#798);
#798 = CARTESIAN_POINT('',(-15.,62.1,7.25));
#799 = SURFACE_CURVE('',#800,(#804,#810),.PCURVE_S1.);
#800 = LINE('',#801,#802);
#801 = CARTESIAN_POINT('',(-15.,62.1,7.25));
#802 = VECTOR('',#803,1.);
#803 = DIRECTION('',(1.,0.,2.22044604925E-16));
#804 = PCURVE('',#54,#805);
#805 = DEFINITIONAL_REPRESENTATION('',(#806),#809);
#806 = B_SPLINE_CURVE_WITH_KNOTS('',1,(#807,#808),.UNSPECIFIED.,.F.,.F.,
  (2,2),(-5.999999999062E-07,30.0000006),.PIECEWISE_BEZIER_KNOTS.);
#807 = CARTESIAN_POINT('',(-15.00000059941,62.089310105262));
#808 = CARTESIAN_POINT('',(15.000000600584,62.089310105262));
#809 = ( GEOMETRIC_REPRESENTATION_CONTEXT(2) 
PARAMETRIC_REPRESENTATION_CONTEXT() REPRESENTATION_CONTEXT('2D SPACE',''
  ) );
#810 = PCURVE('',#811,#816);
#811 = CYLINDRICAL_SURFACE('',#812,1.7);
#812 = AXIS2_PLACEMENT_3D('',#813,#814,#815);
#813 = CARTESIAN_POINT('',(-15.,63.8,7.25));
#814 = DIRECTION('',(1.,0.,2.22044604925E-16));
#815 = DIRECTION('',(2.22044604925E-16,0.,-1.));
#816 = DEFINITIONAL_REPRESENTATION('',(#817),#820);
#817 = B_SPLINE_CURVE_WITH_KNOTS('',1,(#818,#819),.UNSPECIFIED.,.F.,.F.,
  (2,2),(0.,4.),.PIECEWISE_BEZIER_KNOTS.);
#818 = CARTESIAN_POINT('',(4.712388980385,7.88860905221E-31));
#819 = CARTESIAN_POINT('',(4.712388980385,4.));
#820 = ( GEOMETRIC_REPRESENTATION_CONTEXT(2) 
PARAMETRIC_REPRESENTATION_CONTEXT() REPRESENTATION_CONTEXT('2D SPACE',''
  ) );
#821 = ORIENTED_EDGE('',*,*,#822,.T.);
#822 = EDGE_CURVE('',#797,#823,#825,.T.);
#823 = VERTEX_POINT('',#824);
#824 = CARTESIAN_POINT('',(-15.,65.5,7.25));
#825 = SURFACE_CURVE('',#826,(#830,#836),.PCURVE_S1.);
#826 = LINE('',#827,#828);
#827 = CARTESIAN_POINT('',(-15.,31.905344947369,7.25));
#828 = VECTOR('',#829,1.);
#829 = DIRECTION('',(0.,1.,0.));
#830 = PCURVE('',#54,#831);
#831 = DEFINITIONAL_REPRESENTATION('',(#832),#835);
#832 = B_SPLINE_CURVE_WITH_KNOTS('',1,(#833,#834),.UNSPECIFIED.,.F.,.F.,
  (2,2),(30.194655052631,33.594655052631),.PIECEWISE_BEZIER_KNOTS.);
#833 = CARTESIAN_POINT('',(-14.99999999941,62.089310105262));
#834 = CARTESIAN_POINT('',(-14.99999999941,65.489310105262));
#835 = ( GEOMETRIC_REPRESENTATION_CONTEXT(2) 
PARAMETRIC_REPRESENTATION_CONTEXT() REPRESENTATION_CONTEXT('2D SPACE',''
  ) );
#836 = PCURVE('',#837,#842);
#837 = PLANE('',#838);
#838 = AXIS2_PLACEMENT_3D('',#839,#840,#841);
#839 = CARTESIAN_POINT('',(-15.,63.8,7.25));
#840 = DIRECTION('',(1.,0.,2.22044604925E-16));
#841 = DIRECTION('',(2.22044604925E-16,0.,-1.));
#842 = DEFINITIONAL_REPRESENTATION('',(#843),#846);
#843 = B_SPLINE_CURVE_WITH_KNOTS('',1,(#844,#845),.UNSPECIFIED.,.F.,.F.,
  (2,2),(30.194655052631,33.594655052631),.PIECEWISE_BEZIER_KNOTS.);
#844 = CARTESIAN_POINT('',(-3.552713678801E-15,-1.7));
#845 = CARTESIAN_POINT('',(-3.552713678801E-15,1.7));
#846 = ( GEOMETRIC_REPRESENTATION_CONTEXT(2) 
PARAMETRIC_REPRESENTATION_CONTEXT() REPRESENTATION_CONTEXT('2D SPACE',''
  ) );
#847 = ORIENTED_EDGE('',*,*,#848,.T.);
#848 = EDGE_CURVE('',#823,#849,#851,.T.);
#849 = VERTEX_POINT('',#850);
#850 = CARTESIAN_POINT('',(-11.,65.5,7.25));
#851 = SURFACE_CURVE('',#852,(#856,#862),.PCURVE_S1.);
#852 = LINE('',#853,#854);
#853 = CARTESIAN_POINT('',(-15.,65.5,7.25));
#854 = VECTOR('',#855,1.);
#855 = DIRECTION('',(1.,0.,2.22044604925E-16));
#856 = PCURVE('',#54,#857);
#857 = DEFINITIONAL_REPRESENTATION('',(#858),#861);
#858 = B_SPLINE_CURVE_WITH_KNOTS('',1,(#859,#860),.UNSPECIFIED.,.F.,.F.,
  (2,2),(-5.999999999062E-07,30.0000006),.PIECEWISE_BEZIER_KNOTS.);
#859 = CARTESIAN_POINT('',(-15.00000059941,65.489310105262));
#860 = CARTESIAN_POINT('',(15.000000600584,65.489310105262));
#861 = ( GEOMETRIC_REPRESENTATION_CONTEXT(2) 
PARAMETRIC_REPRESENTATION_CONTEXT() REPRESENTATION_CONTEXT('2D SPACE',''
  ) );
#862 = PCURVE('',#811,#863);
#863 = DEFINITIONAL_REPRESENTATION('',(#864),#867);
#864 = B_SPLINE_CURVE_WITH_KNOTS('',1,(#865,#866),.UNSPECIFIED.,.F.,.F.,
  (2,2),(0.,4.),.PIECEWISE_BEZIER_KNOTS.);
#865 = CARTESIAN_POINT('',(7.853981633974,7.88860905221E-31));
#866 = CARTESIAN_POINT('',(7.853981633974,4.));
#867 = ( GEOMETRIC_REPRESENTATION_CONTEXT(2) 
PARAMETRIC_REPRESENTATION_CONTEXT() REPRESENTATION_CONTEXT('2D SPACE',''
  ) );
#868 = ORIENTED_EDGE('',*,*,#869,.T.);
#869 = EDGE_CURVE('',#849,#46,#870,.T.);
#870 = SURFACE_CURVE('',#871,(#875,#881),.PCURVE_S1.);
#871 = LINE('',#872,#873);
#872 = CARTESIAN_POINT('',(-11.,30.505344947369,7.25));
#873 = VECTOR('',#874,1.);
#874 = DIRECTION('',(-0.,1.,0.));
#875 = PCURVE('',#54,#876);
#876 = DEFINITIONAL_REPRESENTATION('',(#877),#880);
#877 = B_SPLINE_CURVE_WITH_KNOTS('',1,(#878,#879),.UNSPECIFIED.,.F.,.F.,
  (2,2),(30.494655052631,36.494655052631),.PIECEWISE_BEZIER_KNOTS.);
#878 = CARTESIAN_POINT('',(-10.99999999941,60.989310105262));
#879 = CARTESIAN_POINT('',(-10.99999999941,66.989310105262));
#880 = ( GEOMETRIC_REPRESENTATION_CONTEXT(2) 
PARAMETRIC_REPRESENTATION_CONTEXT() REPRESENTATION_CONTEXT('2D SPACE',''
  ) );
#881 = PCURVE('',#882,#887);
#882 = PLANE('',#883);
#883 = AXIS2_PLACEMENT_3D('',#884,#885,#886);
#884 = CARTESIAN_POINT('',(-11.,61.,3.25));
#885 = DIRECTION('',(1.,0.,-0.));
#886 = DIRECTION('',(0.,0.,1.));
#887 = DEFINITIONAL_REPRESENTATION('',(#888),#891);
#888 = B_SPLINE_CURVE_WITH_KNOTS('',1,(#889,#890),.UNSPECIFIED.,.F.,.F.,
  (2,2),(30.494655052631,36.494655052631),.PIECEWISE_BEZIER_KNOTS.);
#889 = CARTESIAN_POINT('',(4.,0.));
#890 = CARTESIAN_POINT('',(4.,-6.));
#891 = ( GEOMETRIC_REPRESENTATION_CONTEXT(2) 
PARAMETRIC_REPRESENTATION_CONTEXT() REPRESENTATION_CONTEXT('2D SPACE',''
  ) );
#892 = FACE_BOUND('',#893,.T.);
#893 = EDGE_LOOP('',(#894,#922,#955,#988,#1021,#1047,#1080,#1106,#1132,
    #1159,#1185,#1211,#1244,#1270,#1303,#1336,#1369,#1395,#1428,#1454));
#894 = ORIENTED_EDGE('',*,*,#895,.F.);
#895 = EDGE_CURVE('',#896,#898,#900,.T.);
#896 = VERTEX_POINT('',#897);
#897 = CARTESIAN_POINT('',(-31.2,-12.19868415047,7.25));
#898 = VERTEX_POINT('',#899);
#899 = CARTESIAN_POINT('',(-31.2,-63.,7.25));
#900 = SURFACE_CURVE('',#901,(#905,#911),.PCURVE_S1.);
#901 = LINE('',#902,#903);
#902 = CARTESIAN_POINT('',(-31.2,-31.49465505263,7.25));
#903 = VECTOR('',#904,1.);
#904 = DIRECTION('',(0.,-1.,0.));
#905 = PCURVE('',#54,#906);
#906 = DEFINITIONAL_REPRESENTATION('',(#907),#910);
#907 = B_SPLINE_CURVE_WITH_KNOTS('',1,(#908,#909),.UNSPECIFIED.,.F.,.F.,
  (2,2),(-19.29597090215,31.50534494737),.PIECEWISE_BEZIER_KNOTS.);
#908 = CARTESIAN_POINT('',(-31.19999999941,-12.20937404521));
#909 = CARTESIAN_POINT('',(-31.19999999941,-63.01068989473));
#910 = ( GEOMETRIC_REPRESENTATION_CONTEXT(2) 
PARAMETRIC_REPRESENTATION_CONTEXT() REPRESENTATION_CONTEXT('2D SPACE',''
  ) );
#911 = PCURVE('',#912,#917);
#912 = PLANE('',#913);
#913 = AXIS2_PLACEMENT_3D('',#914,#915,#916);
#914 = CARTESIAN_POINT('',(-31.2,-63.,1.8));
#915 = DIRECTION('',(-1.,0.,0.));
#916 = DIRECTION('',(0.,1.,0.));
#917 = DEFINITIONAL_REPRESENTATION('',(#918),#921);
#918 = B_SPLINE_CURVE_WITH_KNOTS('',1,(#919,#920),.UNSPECIFIED.,.F.,.F.,
  (2,2),(-19.29597090215,31.50534494737),.PIECEWISE_BEZIER_KNOTS.);
#919 = CARTESIAN_POINT('',(50.801315849523,-5.45));
#920 = CARTESIAN_POINT('',(0.,-5.45));
#921 = ( GEOMETRIC_REPRESENTATION_CONTEXT(2) 
PARAMETRIC_REPRESENTATION_CONTEXT() REPRESENTATION_CONTEXT('2D SPACE',''
  ) );
#922 = ORIENTED_EDGE('',*,*,#923,.F.);
#923 = EDGE_CURVE('',#924,#896,#926,.T.);
#924 = VERTEX_POINT('',#925);
#925 = CARTESIAN_POINT('',(-31.63500000108,-9.994874948659,7.25));
#926 = SURFACE_CURVE('',#927,(#932,#943),.PCURVE_S1.);
#927 = CIRCLE('',#928,5.8);
#928 = AXIS2_PLACEMENT_3D('',#929,#930,#931);
#929 = CARTESIAN_POINT('',(-37.00000000127,-12.19868415047,7.25));
#930 = DIRECTION('',(0.,0.,-1.));
#931 = DIRECTION('',(-1.,0.,0.));
#932 = PCURVE('',#54,#933);
#933 = DEFINITIONAL_REPRESENTATION('',(#934),#942);
#934 = ( BOUNDED_CURVE() B_SPLINE_CURVE(2,(#935,#936,#937,#938,#939,#940
,#941),.UNSPECIFIED.,.T.,.F.) B_SPLINE_CURVE_WITH_KNOTS((1,2,2,2,2,1),(
    -2.094395102393,0.,2.094395102393,4.188790204786,6.28318530718,
8.377580409573),.UNSPECIFIED.) CURVE() GEOMETRIC_REPRESENTATION_ITEM() 
RATIONAL_B_SPLINE_CURVE((1.,0.5,1.,0.5,1.,0.5,1.)) REPRESENTATION_ITEM(
  '') );
#935 = CARTESIAN_POINT('',(-42.80000000068,-12.20937404521));
#936 = CARTESIAN_POINT('',(-42.80000000068,-2.163479361317));
#937 = CARTESIAN_POINT('',(-34.10000000068,-7.186426703266));
#938 = CARTESIAN_POINT('',(-25.40000000068,-12.20937404521));
#939 = CARTESIAN_POINT('',(-34.10000000068,-17.23232138716));
#940 = CARTESIAN_POINT('',(-42.80000000068,-22.25526872911));
#941 = CARTESIAN_POINT('',(-42.80000000068,-12.20937404521));
#942 = ( GEOMETRIC_REPRESENTATION_CONTEXT(2) 
PARAMETRIC_REPRESENTATION_CONTEXT() REPRESENTATION_CONTEXT('2D SPACE',''
  ) );
#943 = PCURVE('',#944,#949);
#944 = CYLINDRICAL_SURFACE('',#945,5.8);
#945 = AXIS2_PLACEMENT_3D('',#946,#947,#948);
#946 = CARTESIAN_POINT('',(-37.00000000127,-12.19868415047,1.8));
#947 = DIRECTION('',(0.,0.,-1.));
#948 = DIRECTION('',(-1.,0.,0.));
#949 = DEFINITIONAL_REPRESENTATION('',(#950),#954);
#950 = LINE('',#951,#952);
#951 = CARTESIAN_POINT('',(0.,-5.45));
#952 = VECTOR('',#953,1.);
#953 = DIRECTION('',(1.,0.));
#954 = ( GEOMETRIC_REPRESENTATION_CONTEXT(2) 
PARAMETRIC_REPRESENTATION_CONTEXT() REPRESENTATION_CONTEXT('2D SPACE',''
  ) );
#955 = ORIENTED_EDGE('',*,*,#956,.T.);
#956 = EDGE_CURVE('',#924,#957,#959,.T.);
#957 = VERTEX_POINT('',#958);
#958 = CARTESIAN_POINT('',(-31.63499996377,15.994875039486,7.25));
#959 = SURFACE_CURVE('',#960,(#965,#976),.PCURVE_S1.);
#960 = CIRCLE('',#961,34.2);
#961 = AXIS2_PLACEMENT_3D('',#962,#963,#964);
#962 = CARTESIAN_POINT('',(0.,3.,7.25));
#963 = DIRECTION('',(0.,0.,-1.));
#964 = DIRECTION('',(1.,0.,0.));
#965 = PCURVE('',#54,#966);
#966 = DEFINITIONAL_REPRESENTATION('',(#967),#975);
#967 = ( BOUNDED_CURVE() B_SPLINE_CURVE(2,(#968,#969,#970,#971,#972,#973
,#974),.UNSPECIFIED.,.T.,.F.) B_SPLINE_CURVE_WITH_KNOTS((1,2,2,2,2,1),(
    -2.094395102393,0.,2.094395102393,4.188790204786,6.28318530718,
8.377580409573),.UNSPECIFIED.) CURVE() GEOMETRIC_REPRESENTATION_ITEM() 
RATIONAL_B_SPLINE_CURVE((1.,0.5,1.,0.5,1.,0.5,1.)) REPRESENTATION_ITEM(
  '') );
#968 = CARTESIAN_POINT('',(34.200000000584,2.989310105262));
#969 = CARTESIAN_POINT('',(34.200000000584,-56.24682751359));
#970 = CARTESIAN_POINT('',(-17.09999999941,-26.62875870416));
#971 = CARTESIAN_POINT('',(-68.39999999941,2.989310105262));
#972 = CARTESIAN_POINT('',(-17.09999999941,32.60737891469));
#973 = CARTESIAN_POINT('',(34.200000000584,62.225447724117));
#974 = CARTESIAN_POINT('',(34.200000000584,2.989310105262));
#975 = ( GEOMETRIC_REPRESENTATION_CONTEXT(2) 
PARAMETRIC_REPRESENTATION_CONTEXT() REPRESENTATION_CONTEXT('2D SPACE',''
  ) );
#976 = PCURVE('',#977,#982);
#977 = CYLINDRICAL_SURFACE('',#978,34.2);
#978 = AXIS2_PLACEMENT_3D('',#979,#980,#981);
#979 = CARTESIAN_POINT('',(0.,3.,1.8));
#980 = DIRECTION('',(-0.,0.,-1.));
#981 = DIRECTION('',(1.,0.,0.));
#982 = DEFINITIONAL_REPRESENTATION('',(#983),#987);
#983 = LINE('',#984,#985);
#984 = CARTESIAN_POINT('',(-6.28318530718,-5.45));
#985 = VECTOR('',#986,1.);
#986 = DIRECTION('',(1.,-0.));
#987 = ( GEOMETRIC_REPRESENTATION_CONTEXT(2) 
PARAMETRIC_REPRESENTATION_CONTEXT() REPRESENTATION_CONTEXT('2D SPACE',''
  ) );
#988 = ORIENTED_EDGE('',*,*,#989,.F.);
#989 = EDGE_CURVE('',#990,#957,#992,.T.);
#990 = VERTEX_POINT('',#991);
#991 = CARTESIAN_POINT('',(-31.19999995763,18.198684262193,7.25));
#992 = SURFACE_CURVE('',#993,(#998,#1009),.PCURVE_S1.);
#993 = CIRCLE('',#994,5.8);
#994 = AXIS2_PLACEMENT_3D('',#995,#996,#997);
#995 = CARTESIAN_POINT('',(-36.99999995763,18.198684256709,7.25));
#996 = DIRECTION('',(0.,0.,-1.));
#997 = DIRECTION('',(-1.,0.,0.));
#998 = PCURVE('',#54,#999);
#999 = DEFINITIONAL_REPRESENTATION('',(#1000),#1008);
#1000 = ( BOUNDED_CURVE() B_SPLINE_CURVE(2,(#1001,#1002,#1003,#1004,
#1005,#1006,#1007),.UNSPECIFIED.,.T.,.F.) B_SPLINE_CURVE_WITH_KNOTS((1,2
    ,2,2,2,1),(-2.094395102393,0.,2.094395102393,4.188790204786,
6.28318530718,8.377580409573),.UNSPECIFIED.) CURVE() 
GEOMETRIC_REPRESENTATION_ITEM() RATIONAL_B_SPLINE_CURVE((1.,0.5,1.,0.5,
1.,0.5,1.)) REPRESENTATION_ITEM('') );
#1001 = CARTESIAN_POINT('',(-42.79999995705,18.18799436197));
#1002 = CARTESIAN_POINT('',(-42.79999995705,28.23388904587));
#1003 = CARTESIAN_POINT('',(-34.09999995705,23.21094170392));
#1004 = CARTESIAN_POINT('',(-25.39999995705,18.18799436197));
#1005 = CARTESIAN_POINT('',(-34.09999995705,13.165047020021));
#1006 = CARTESIAN_POINT('',(-42.79999995705,8.142099678071));
#1007 = CARTESIAN_POINT('',(-42.79999995705,18.18799436197));
#1008 = ( GEOMETRIC_REPRESENTATION_CONTEXT(2) 
PARAMETRIC_REPRESENTATION_CONTEXT() REPRESENTATION_CONTEXT('2D SPACE',''
  ) );
#1009 = PCURVE('',#1010,#1015);
#1010 = CYLINDRICAL_SURFACE('',#1011,5.8);
#1011 = AXIS2_PLACEMENT_3D('',#1012,#1013,#1014);
#1012 = CARTESIAN_POINT('',(-36.99999995763,18.198684256709,1.8));
#1013 = DIRECTION('',(0.,0.,-1.));
#1014 = DIRECTION('',(-1.,0.,0.));
#1015 = DEFINITIONAL_REPRESENTATION('',(#1016),#1020);
#1016 = LINE('',#1017,#1018);
#1017 = CARTESIAN_POINT('',(0.,-5.45));
#1018 = VECTOR('',#1019,1.);
#1019 = DIRECTION('',(1.,0.));
#1020 = ( GEOMETRIC_REPRESENTATION_CONTEXT(2) 
PARAMETRIC_REPRESENTATION_CONTEXT() REPRESENTATION_CONTEXT('2D SPACE',''
  ) );
#1021 = ORIENTED_EDGE('',*,*,#1022,.F.);
#1022 = EDGE_CURVE('',#1023,#990,#1025,.T.);
#1023 = VERTEX_POINT('',#1024);
#1024 = CARTESIAN_POINT('',(-31.2,62.999999993431,7.25));
#1025 = SURFACE_CURVE('',#1026,(#1030,#1036),.PCURVE_S1.);
#1026 = LINE('',#1027,#1028);
#1027 = CARTESIAN_POINT('',(-31.19999994903,9.104687063714,7.25));
#1028 = VECTOR('',#1029,1.);
#1029 = DIRECTION('',(9.456532207811E-10,-1.,0.));
#1030 = PCURVE('',#54,#1031);
#1031 = DEFINITIONAL_REPRESENTATION('',(#1032),#1035);
#1032 = B_SPLINE_CURVE_WITH_KNOTS('',1,(#1033,#1034),.UNSPECIFIED.,.F.,
  .F.,(2,2),(-53.89531292971,-9.09399719848),.PIECEWISE_BEZIER_KNOTS.);
#1033 = CARTESIAN_POINT('',(-31.19999999941,62.989310098693));
#1034 = CARTESIAN_POINT('',(-31.19999995705,18.187994367455));
#1035 = ( GEOMETRIC_REPRESENTATION_CONTEXT(2) 
PARAMETRIC_REPRESENTATION_CONTEXT() REPRESENTATION_CONTEXT('2D SPACE',''
  ) );
#1036 = PCURVE('',#1037,#1042);
#1037 = PLANE('',#1038);
#1038 = AXIS2_PLACEMENT_3D('',#1039,#1040,#1041);
#1039 = CARTESIAN_POINT('',(-31.19999995763,18.198684262193,1.8));
#1040 = DIRECTION('',(-1.,-9.456532207811E-10,0.));
#1041 = DIRECTION('',(-9.456532207811E-10,1.,0.));
#1042 = DEFINITIONAL_REPRESENTATION('',(#1043),#1046);
#1043 = B_SPLINE_CURVE_WITH_KNOTS('',1,(#1044,#1045),.UNSPECIFIED.,.F.,
  .F.,(2,2),(-53.89531292971,-9.09399719848),.PIECEWISE_BEZIER_KNOTS.);
#1044 = CARTESIAN_POINT('',(44.801315731237,-5.45));
#1045 = CARTESIAN_POINT('',(0.,-5.45));
#1046 = ( GEOMETRIC_REPRESENTATION_CONTEXT(2) 
PARAMETRIC_REPRESENTATION_CONTEXT() REPRESENTATION_CONTEXT('2D SPACE',''
  ) );
#1047 = ORIENTED_EDGE('',*,*,#1048,.T.);
#1048 = EDGE_CURVE('',#1023,#1049,#1051,.T.);
#1049 = VERTEX_POINT('',#1050);
#1050 = CARTESIAN_POINT('',(-29.,65.199999995511,7.25));
#1051 = SURFACE_CURVE('',#1052,(#1057,#1068),.PCURVE_S1.);
#1052 = CIRCLE('',#1053,2.2);
#1053 = AXIS2_PLACEMENT_3D('',#1054,#1055,#1056);
#1054 = CARTESIAN_POINT('',(-29.,62.999999995511,7.25));
#1055 = DIRECTION('',(0.,0.,-1.));
#1056 = DIRECTION('',(-1.,0.,0.));
#1057 = PCURVE('',#54,#1058);
#1058 = DEFINITIONAL_REPRESENTATION('',(#1059),#1067);
#1059 = ( BOUNDED_CURVE() B_SPLINE_CURVE(2,(#1060,#1061,#1062,#1063,
#1064,#1065,#1066),.UNSPECIFIED.,.T.,.F.) B_SPLINE_CURVE_WITH_KNOTS((1,2
    ,2,2,2,1),(-2.094395102393,0.,2.094395102393,4.188790204786,
6.28318530718,8.377580409573),.UNSPECIFIED.) CURVE() 
GEOMETRIC_REPRESENTATION_ITEM() RATIONAL_B_SPLINE_CURVE((1.,0.5,1.,0.5,
1.,0.5,1.)) REPRESENTATION_ITEM('') );
#1060 = CARTESIAN_POINT('',(-31.19999999941,62.989310100773));
#1061 = CARTESIAN_POINT('',(-31.19999999941,66.799821877424));
#1062 = CARTESIAN_POINT('',(-27.89999999941,64.894565989099));
#1063 = CARTESIAN_POINT('',(-24.59999999941,62.989310100773));
#1064 = CARTESIAN_POINT('',(-27.89999999941,61.084054212447));
#1065 = CARTESIAN_POINT('',(-31.19999999941,59.178798324121));
#1066 = CARTESIAN_POINT('',(-31.19999999941,62.989310100773));
#1067 = ( GEOMETRIC_REPRESENTATION_CONTEXT(2) 
PARAMETRIC_REPRESENTATION_CONTEXT() REPRESENTATION_CONTEXT('2D SPACE',''
  ) );
#1068 = PCURVE('',#1069,#1074);
#1069 = CYLINDRICAL_SURFACE('',#1070,2.2);
#1070 = AXIS2_PLACEMENT_3D('',#1071,#1072,#1073);
#1071 = CARTESIAN_POINT('',(-29.,62.999999995511,1.8));
#1072 = DIRECTION('',(0.,0.,-1.));
#1073 = DIRECTION('',(-1.,0.,0.));
#1074 = DEFINITIONAL_REPRESENTATION('',(#1075),#1079);
#1075 = LINE('',#1076,#1077);
#1076 = CARTESIAN_POINT('',(6.28318530718,-5.45));
#1077 = VECTOR('',#1078,1.);
#1078 = DIRECTION('',(1.,0.));
#1079 = ( GEOMETRIC_REPRESENTATION_CONTEXT(2) 
PARAMETRIC_REPRESENTATION_CONTEXT() REPRESENTATION_CONTEXT('2D SPACE',''
  ) );
#1080 = ORIENTED_EDGE('',*,*,#1081,.F.);
#1081 = EDGE_CURVE('',#1082,#1049,#1084,.T.);
#1082 = VERTEX_POINT('',#1083);
#1083 = CARTESIAN_POINT('',(-18.,65.2,7.25));
#1084 = SURFACE_CURVE('',#1085,(#1089,#1095),.PCURVE_S1.);
#1085 = LINE('',#1086,#1087);
#1086 = CARTESIAN_POINT('',(-14.50000000029,65.2,7.25));
#1087 = VECTOR('',#1088,1.);
#1088 = DIRECTION('',(-1.,0.,0.));
#1089 = PCURVE('',#54,#1090);
#1090 = DEFINITIONAL_REPRESENTATION('',(#1091),#1094);
#1091 = B_SPLINE_CURVE_WITH_KNOTS('',1,(#1092,#1093),.UNSPECIFIED.,.F.,
  .F.,(2,2),(3.499999999708,14.499999999708),.PIECEWISE_BEZIER_KNOTS.);
#1092 = CARTESIAN_POINT('',(-17.99999999941,65.189310105262));
#1093 = CARTESIAN_POINT('',(-28.99999999941,65.189310105262));
#1094 = ( GEOMETRIC_REPRESENTATION_CONTEXT(2) 
PARAMETRIC_REPRESENTATION_CONTEXT() REPRESENTATION_CONTEXT('2D SPACE',''
  ) );
#1095 = PCURVE('',#1096,#1101);
#1096 = PLANE('',#1097);
#1097 = AXIS2_PLACEMENT_3D('',#1098,#1099,#1100);
#1098 = CARTESIAN_POINT('',(-29.,65.2,1.8));
#1099 = DIRECTION('',(0.,1.,0.));
#1100 = DIRECTION('',(1.,0.,0.));
#1101 = DEFINITIONAL_REPRESENTATION('',(#1102),#1105);
#1102 = B_SPLINE_CURVE_WITH_KNOTS('',1,(#1103,#1104),.UNSPECIFIED.,.F.,
  .F.,(2,2),(3.499999999708,14.499999999708),.PIECEWISE_BEZIER_KNOTS.);
#1103 = CARTESIAN_POINT('',(11.,-5.45));
#1104 = CARTESIAN_POINT('',(0.,-5.45));
#1105 = ( GEOMETRIC_REPRESENTATION_CONTEXT(2) 
PARAMETRIC_REPRESENTATION_CONTEXT() REPRESENTATION_CONTEXT('2D SPACE',''
  ) );
#1106 = ORIENTED_EDGE('',*,*,#1107,.T.);
#1107 = EDGE_CURVE('',#1082,#1108,#1110,.T.);
#1108 = VERTEX_POINT('',#1109);
#1109 = CARTESIAN_POINT('',(-18.,60.,7.25));
#1110 = SURFACE_CURVE('',#1111,(#1115,#1121),.PCURVE_S1.);
#1111 = LINE('',#1112,#1113);
#1112 = CARTESIAN_POINT('',(-18.,30.005344947369,7.25));
#1113 = VECTOR('',#1114,1.);
#1114 = DIRECTION('',(0.,-1.,0.));
#1115 = PCURVE('',#54,#1116);
#1116 = DEFINITIONAL_REPRESENTATION('',(#1117),#1120);
#1117 = B_SPLINE_CURVE_WITH_KNOTS('',1,(#1118,#1119),.UNSPECIFIED.,.F.,
  .F.,(2,2),(-35.19465505263,-29.99465505263),.PIECEWISE_BEZIER_KNOTS.);
#1118 = CARTESIAN_POINT('',(-17.99999999941,65.189310105262));
#1119 = CARTESIAN_POINT('',(-17.99999999941,59.989310105262));
#1120 = ( GEOMETRIC_REPRESENTATION_CONTEXT(2) 
PARAMETRIC_REPRESENTATION_CONTEXT() REPRESENTATION_CONTEXT('2D SPACE',''
  ) );
#1121 = PCURVE('',#1122,#1127);
#1122 = PLANE('',#1123);
#1123 = AXIS2_PLACEMENT_3D('',#1124,#1125,#1126);
#1124 = CARTESIAN_POINT('',(-18.,60.,1.8));
#1125 = DIRECTION('',(-1.,-0.,0.));
#1126 = DIRECTION('',(-0.,1.,0.));
#1127 = DEFINITIONAL_REPRESENTATION('',(#1128),#1131);
#1128 = B_SPLINE_CURVE_WITH_KNOTS('',1,(#1129,#1130),.UNSPECIFIED.,.F.,
  .F.,(2,2),(-35.19465505263,-29.99465505263),.PIECEWISE_BEZIER_KNOTS.);
#1129 = CARTESIAN_POINT('',(5.2,-5.45));
#1130 = CARTESIAN_POINT('',(0.,-5.45));
#1131 = ( GEOMETRIC_REPRESENTATION_CONTEXT(2) 
PARAMETRIC_REPRESENTATION_CONTEXT() REPRESENTATION_CONTEXT('2D SPACE',''
  ) );
#1132 = ORIENTED_EDGE('',*,*,#1133,.F.);
#1133 = EDGE_CURVE('',#1134,#1108,#1136,.T.);
#1134 = VERTEX_POINT('',#1135);
#1135 = CARTESIAN_POINT('',(18.,60.,7.25));
#1136 = SURFACE_CURVE('',#1137,(#1141,#1147),.PCURVE_S1.);
#1137 = LINE('',#1138,#1139);
#1138 = CARTESIAN_POINT('',(-9.000000000292,60.,7.25));
#1139 = VECTOR('',#1140,1.);
#1140 = DIRECTION('',(-1.,-0.,0.));
#1141 = PCURVE('',#54,#1142);
#1142 = DEFINITIONAL_REPRESENTATION('',(#1143),#1146);
#1143 = B_SPLINE_CURVE_WITH_KNOTS('',1,(#1144,#1145),.UNSPECIFIED.,.F.,
  .F.,(2,2),(-27.00000000029,8.999999999708),.PIECEWISE_BEZIER_KNOTS.);
#1144 = CARTESIAN_POINT('',(18.000000000584,59.989310105262));
#1145 = CARTESIAN_POINT('',(-17.99999999941,59.989310105262));
#1146 = ( GEOMETRIC_REPRESENTATION_CONTEXT(2) 
PARAMETRIC_REPRESENTATION_CONTEXT() REPRESENTATION_CONTEXT('2D SPACE',''
  ) );
#1147 = PCURVE('',#1148,#1153);
#1148 = PLANE('',#1149);
#1149 = AXIS2_PLACEMENT_3D('',#1150,#1151,#1152);
#1150 = CARTESIAN_POINT('',(-18.,60.,1.8));
#1151 = DIRECTION('',(-0.,1.,0.));
#1152 = DIRECTION('',(1.,0.,-0.));
#1153 = DEFINITIONAL_REPRESENTATION('',(#1154),#1158);
#1154 = LINE('',#1155,#1156);
#1155 = CARTESIAN_POINT('',(8.999999999708,-5.45));
#1156 = VECTOR('',#1157,1.);
#1157 = DIRECTION('',(-1.,0.));
#1158 = ( GEOMETRIC_REPRESENTATION_CONTEXT(2) 
PARAMETRIC_REPRESENTATION_CONTEXT() REPRESENTATION_CONTEXT('2D SPACE',''
  ) );
#1159 = ORIENTED_EDGE('',*,*,#1160,.F.);
#1160 = EDGE_CURVE('',#1161,#1134,#1163,.T.);
#1161 = VERTEX_POINT('',#1162);
#1162 = CARTESIAN_POINT('',(18.,65.2,7.25));
#1163 = SURFACE_CURVE('',#1164,(#1168,#1174),.PCURVE_S1.);
#1164 = LINE('',#1165,#1166);
#1165 = CARTESIAN_POINT('',(18.,30.005344947369,7.25));
#1166 = VECTOR('',#1167,1.);
#1167 = DIRECTION('',(0.,-1.,0.));
#1168 = PCURVE('',#54,#1169);
#1169 = DEFINITIONAL_REPRESENTATION('',(#1170),#1173);
#1170 = B_SPLINE_CURVE_WITH_KNOTS('',1,(#1171,#1172),.UNSPECIFIED.,.F.,
  .F.,(2,2),(-35.19465505263,-29.99465505263),.PIECEWISE_BEZIER_KNOTS.);
#1171 = CARTESIAN_POINT('',(18.000000000584,65.189310105262));
#1172 = CARTESIAN_POINT('',(18.000000000584,59.989310105262));
#1173 = ( GEOMETRIC_REPRESENTATION_CONTEXT(2) 
PARAMETRIC_REPRESENTATION_CONTEXT() REPRESENTATION_CONTEXT('2D SPACE',''
  ) );
#1174 = PCURVE('',#1175,#1180);
#1175 = PLANE('',#1176);
#1176 = AXIS2_PLACEMENT_3D('',#1177,#1178,#1179);
#1177 = CARTESIAN_POINT('',(18.,60.,1.8));
#1178 = DIRECTION('',(-1.,-0.,0.));
#1179 = DIRECTION('',(-0.,1.,0.));
#1180 = DEFINITIONAL_REPRESENTATION('',(#1181),#1184);
#1181 = B_SPLINE_CURVE_WITH_KNOTS('',1,(#1182,#1183),.UNSPECIFIED.,.F.,
  .F.,(2,2),(-35.19465505263,-29.99465505263),.PIECEWISE_BEZIER_KNOTS.);
#1182 = CARTESIAN_POINT('',(5.2,-5.45));
#1183 = CARTESIAN_POINT('',(0.,-5.45));
#1184 = ( GEOMETRIC_REPRESENTATION_CONTEXT(2) 
PARAMETRIC_REPRESENTATION_CONTEXT() REPRESENTATION_CONTEXT('2D SPACE',''
  ) );
#1185 = ORIENTED_EDGE('',*,*,#1186,.F.);
#1186 = EDGE_CURVE('',#1187,#1161,#1189,.T.);
#1187 = VERTEX_POINT('',#1188);
#1188 = CARTESIAN_POINT('',(29.,65.2,7.25));
#1189 = SURFACE_CURVE('',#1190,(#1194,#1200),.PCURVE_S1.);
#1190 = LINE('',#1191,#1192);
#1191 = CARTESIAN_POINT('',(8.999999999708,65.2,7.25));
#1192 = VECTOR('',#1193,1.);
#1193 = DIRECTION('',(-1.,0.,0.));
#1194 = PCURVE('',#54,#1195);
#1195 = DEFINITIONAL_REPRESENTATION('',(#1196),#1199);
#1196 = B_SPLINE_CURVE_WITH_KNOTS('',1,(#1197,#1198),.UNSPECIFIED.,.F.,
  .F.,(2,2),(-20.00000000029,-9.000000000292),.PIECEWISE_BEZIER_KNOTS.);
#1197 = CARTESIAN_POINT('',(29.000000000584,65.189310105262));
#1198 = CARTESIAN_POINT('',(18.000000000584,65.189310105262));
#1199 = ( GEOMETRIC_REPRESENTATION_CONTEXT(2) 
PARAMETRIC_REPRESENTATION_CONTEXT() REPRESENTATION_CONTEXT('2D SPACE',''
  ) );
#1200 = PCURVE('',#1201,#1206);
#1201 = PLANE('',#1202);
#1202 = AXIS2_PLACEMENT_3D('',#1203,#1204,#1205);
#1203 = CARTESIAN_POINT('',(18.,65.2,1.8));
#1204 = DIRECTION('',(0.,1.,0.));
#1205 = DIRECTION('',(1.,0.,0.));
#1206 = DEFINITIONAL_REPRESENTATION('',(#1207),#1210);
#1207 = B_SPLINE_CURVE_WITH_KNOTS('',1,(#1208,#1209),.UNSPECIFIED.,.F.,
  .F.,(2,2),(-20.00000000029,-9.000000000292),.PIECEWISE_BEZIER_KNOTS.);
#1208 = CARTESIAN_POINT('',(11.,-5.45));
#1209 = CARTESIAN_POINT('',(0.,-5.45));
#1210 = ( GEOMETRIC_REPRESENTATION_CONTEXT(2) 
PARAMETRIC_REPRESENTATION_CONTEXT() REPRESENTATION_CONTEXT('2D SPACE',''
  ) );
#1211 = ORIENTED_EDGE('',*,*,#1212,.T.);
#1212 = EDGE_CURVE('',#1187,#1213,#1215,.T.);
#1213 = VERTEX_POINT('',#1214);
#1214 = CARTESIAN_POINT('',(31.2,62.99999999885,7.25));
#1215 = SURFACE_CURVE('',#1216,(#1221,#1232),.PCURVE_S1.);
#1216 = CIRCLE('',#1217,2.2);
#1217 = AXIS2_PLACEMENT_3D('',#1218,#1219,#1220);
#1218 = CARTESIAN_POINT('',(29.,62.999999995646,7.25));
#1219 = DIRECTION('',(0.,0.,-1.));
#1220 = DIRECTION('',(-1.,0.,0.));
#1221 = PCURVE('',#54,#1222);
#1222 = DEFINITIONAL_REPRESENTATION('',(#1223),#1231);
#1223 = ( BOUNDED_CURVE() B_SPLINE_CURVE(2,(#1224,#1225,#1226,#1227,
#1228,#1229,#1230),.UNSPECIFIED.,.T.,.F.) B_SPLINE_CURVE_WITH_KNOTS((1,2
    ,2,2,2,1),(-2.094395102393,0.,2.094395102393,4.188790204786,
6.28318530718,8.377580409573),.UNSPECIFIED.) CURVE() 
GEOMETRIC_REPRESENTATION_ITEM() RATIONAL_B_SPLINE_CURVE((1.,0.5,1.,0.5,
1.,0.5,1.)) REPRESENTATION_ITEM('') );
#1224 = CARTESIAN_POINT('',(26.800000000584,62.989310100908));
#1225 = CARTESIAN_POINT('',(26.800000000584,66.799821877559));
#1226 = CARTESIAN_POINT('',(30.100000000584,64.894565989234));
#1227 = CARTESIAN_POINT('',(33.400000000584,62.989310100908));
#1228 = CARTESIAN_POINT('',(30.100000000584,61.084054212582));
#1229 = CARTESIAN_POINT('',(26.800000000584,59.178798324256));
#1230 = CARTESIAN_POINT('',(26.800000000584,62.989310100908));
#1231 = ( GEOMETRIC_REPRESENTATION_CONTEXT(2) 
PARAMETRIC_REPRESENTATION_CONTEXT() REPRESENTATION_CONTEXT('2D SPACE',''
  ) );
#1232 = PCURVE('',#1233,#1238);
#1233 = CYLINDRICAL_SURFACE('',#1234,2.2);
#1234 = AXIS2_PLACEMENT_3D('',#1235,#1236,#1237);
#1235 = CARTESIAN_POINT('',(29.,62.999999995646,1.8));
#1236 = DIRECTION('',(0.,0.,-1.));
#1237 = DIRECTION('',(-1.,0.,0.));
#1238 = DEFINITIONAL_REPRESENTATION('',(#1239),#1243);
#1239 = LINE('',#1240,#1241);
#1240 = CARTESIAN_POINT('',(0.,-5.45));
#1241 = VECTOR('',#1242,1.);
#1242 = DIRECTION('',(1.,0.));
#1243 = ( GEOMETRIC_REPRESENTATION_CONTEXT(2) 
PARAMETRIC_REPRESENTATION_CONTEXT() REPRESENTATION_CONTEXT('2D SPACE',''
  ) );
#1244 = ORIENTED_EDGE('',*,*,#1245,.T.);
#1245 = EDGE_CURVE('',#1213,#1246,#1248,.T.);
#1246 = VERTEX_POINT('',#1247);
#1247 = CARTESIAN_POINT('',(31.200000065237,18.198683986312,7.25));
#1248 = SURFACE_CURVE('',#1249,(#1253,#1259),.PCURVE_S1.);
#1249 = LINE('',#1250,#1251);
#1250 = CARTESIAN_POINT('',(31.200000078479,9.104686963241,7.25));
#1251 = VECTOR('',#1252,1.);
#1252 = DIRECTION('',(1.456129393144E-09,-1.,0.));
#1253 = PCURVE('',#54,#1254);
#1254 = DEFINITIONAL_REPRESENTATION('',(#1255),#1258);
#1255 = B_SPLINE_CURVE_WITH_KNOTS('',1,(#1256,#1257),.UNSPECIFIED.,.F.,
  .F.,(2,2),(-53.8953130356,-9.093997023071),.PIECEWISE_BEZIER_KNOTS.);
#1256 = CARTESIAN_POINT('',(31.200000000584,62.989310104111));
#1257 = CARTESIAN_POINT('',(31.20000006582,18.187994091574));
#1258 = ( GEOMETRIC_REPRESENTATION_CONTEXT(2) 
PARAMETRIC_REPRESENTATION_CONTEXT() REPRESENTATION_CONTEXT('2D SPACE',''
  ) );
#1259 = PCURVE('',#1260,#1265);
#1260 = PLANE('',#1261);
#1261 = AXIS2_PLACEMENT_3D('',#1262,#1263,#1264);
#1262 = CARTESIAN_POINT('',(31.200000065237,18.198683986312,1.8));
#1263 = DIRECTION('',(-1.,-1.456129393144E-09,0.));
#1264 = DIRECTION('',(-1.456129393144E-09,1.,0.));
#1265 = DEFINITIONAL_REPRESENTATION('',(#1266),#1269);
#1266 = B_SPLINE_CURVE_WITH_KNOTS('',1,(#1267,#1268),.UNSPECIFIED.,.F.,
  .F.,(2,2),(-53.8953130356,-9.093997023071),.PIECEWISE_BEZIER_KNOTS.);
#1267 = CARTESIAN_POINT('',(44.801316012538,-5.45));
#1268 = CARTESIAN_POINT('',(0.,-5.45));
#1269 = ( GEOMETRIC_REPRESENTATION_CONTEXT(2) 
PARAMETRIC_REPRESENTATION_CONTEXT() REPRESENTATION_CONTEXT('2D SPACE',''
  ) );
#1270 = ORIENTED_EDGE('',*,*,#1271,.F.);
#1271 = EDGE_CURVE('',#1272,#1246,#1274,.T.);
#1272 = VERTEX_POINT('',#1273);
#1273 = CARTESIAN_POINT('',(31.635000055777,15.994874815518,7.25));
#1274 = SURFACE_CURVE('',#1275,(#1280,#1291),.PCURVE_S1.);
#1275 = CIRCLE('',#1276,5.8);
#1276 = AXIS2_PLACEMENT_3D('',#1277,#1278,#1279);
#1277 = CARTESIAN_POINT('',(37.000000065237,18.198683994758,7.25));
#1278 = DIRECTION('',(0.,0.,-1.));
#1279 = DIRECTION('',(-1.,0.,0.));
#1280 = PCURVE('',#54,#1281);
#1281 = DEFINITIONAL_REPRESENTATION('',(#1282),#1290);
#1282 = ( BOUNDED_CURVE() B_SPLINE_CURVE(2,(#1283,#1284,#1285,#1286,
#1287,#1288,#1289),.UNSPECIFIED.,.T.,.F.) B_SPLINE_CURVE_WITH_KNOTS((1,2
    ,2,2,2,1),(-2.094395102393,0.,2.094395102393,4.188790204786,
6.28318530718,8.377580409573),.UNSPECIFIED.) CURVE() 
GEOMETRIC_REPRESENTATION_ITEM() RATIONAL_B_SPLINE_CURVE((1.,0.5,1.,0.5,
1.,0.5,1.)) REPRESENTATION_ITEM('') );
#1283 = CARTESIAN_POINT('',(31.20000006582,18.187994100019));
#1284 = CARTESIAN_POINT('',(31.20000006582,28.233888783919));
#1285 = CARTESIAN_POINT('',(39.90000006582,23.210941441969));
#1286 = CARTESIAN_POINT('',(48.60000006582,18.187994100019));
#1287 = CARTESIAN_POINT('',(39.90000006582,13.16504675807));
#1288 = CARTESIAN_POINT('',(31.20000006582,8.14209941612));
#1289 = CARTESIAN_POINT('',(31.20000006582,18.187994100019));
#1290 = ( GEOMETRIC_REPRESENTATION_CONTEXT(2) 
PARAMETRIC_REPRESENTATION_CONTEXT() REPRESENTATION_CONTEXT('2D SPACE',''
  ) );
#1291 = PCURVE('',#1292,#1297);
#1292 = CYLINDRICAL_SURFACE('',#1293,5.8);
#1293 = AXIS2_PLACEMENT_3D('',#1294,#1295,#1296);
#1294 = CARTESIAN_POINT('',(37.000000065237,18.198683994758,1.8));
#1295 = DIRECTION('',(0.,0.,-1.));
#1296 = DIRECTION('',(-1.,0.,0.));
#1297 = DEFINITIONAL_REPRESENTATION('',(#1298),#1302);
#1298 = LINE('',#1299,#1300);
#1299 = CARTESIAN_POINT('',(0.,-5.45));
#1300 = VECTOR('',#1301,1.);
#1301 = DIRECTION('',(1.,0.));
#1302 = ( GEOMETRIC_REPRESENTATION_CONTEXT(2) 
PARAMETRIC_REPRESENTATION_CONTEXT() REPRESENTATION_CONTEXT('2D SPACE',''
  ) );
#1303 = ORIENTED_EDGE('',*,*,#1304,.T.);
#1304 = EDGE_CURVE('',#1272,#1305,#1307,.T.);
#1305 = VERTEX_POINT('',#1306);
#1306 = CARTESIAN_POINT('',(31.634999963767,-9.994875039509,7.25));
#1307 = SURFACE_CURVE('',#1308,(#1313,#1324),.PCURVE_S1.);
#1308 = CIRCLE('',#1309,34.2);
#1309 = AXIS2_PLACEMENT_3D('',#1310,#1311,#1312);
#1310 = CARTESIAN_POINT('',(0.,3.,7.25));
#1311 = DIRECTION('',(-0.,0.,-1.));
#1312 = DIRECTION('',(0.916666666667,-0.399652626943,-0.));
#1313 = PCURVE('',#54,#1314);
#1314 = DEFINITIONAL_REPRESENTATION('',(#1315),#1323);
#1315 = ( BOUNDED_CURVE() B_SPLINE_CURVE(2,(#1316,#1317,#1318,#1319,
#1320,#1321,#1322),.UNSPECIFIED.,.T.,.F.) B_SPLINE_CURVE_WITH_KNOTS((1,2
    ,2,2,2,1),(-2.094395102393,0.,2.094395102393,4.188790204786,
6.28318530718,8.377580409573),.UNSPECIFIED.) CURVE() 
GEOMETRIC_REPRESENTATION_ITEM() RATIONAL_B_SPLINE_CURVE((1.,0.5,1.,0.5,
1.,0.5,1.)) REPRESENTATION_ITEM('') );
#1316 = CARTESIAN_POINT('',(31.350000000583,-10.67880973618));
#1317 = CARTESIAN_POINT('',(7.676121991266,-64.97860255346));
#1318 = CARTESIAN_POINT('',(-27.51193900407,-17.32652638265));
#1319 = CARTESIAN_POINT('',(-62.69999999941,30.325549788145));
#1320 = CARTESIAN_POINT('',(-3.838060994758,36.973266434625));
#1321 = CARTESIAN_POINT('',(55.0238780099,43.620983081104));
#1322 = CARTESIAN_POINT('',(31.350000000583,-10.67880973618));
#1323 = ( GEOMETRIC_REPRESENTATION_CONTEXT(2) 
PARAMETRIC_REPRESENTATION_CONTEXT() REPRESENTATION_CONTEXT('2D SPACE',''
  ) );
#1324 = PCURVE('',#1325,#1330);
#1325 = CYLINDRICAL_SURFACE('',#1326,34.2);
#1326 = AXIS2_PLACEMENT_3D('',#1327,#1328,#1329);
#1327 = CARTESIAN_POINT('',(0.,3.,1.8));
#1328 = DIRECTION('',(-0.,0.,-1.));
#1329 = DIRECTION('',(0.916666666667,-0.399652626943,-0.));
#1330 = DEFINITIONAL_REPRESENTATION('',(#1331),#1335);
#1331 = LINE('',#1332,#1333);
#1332 = CARTESIAN_POINT('',(-12.56637061435,-5.45));
#1333 = VECTOR('',#1334,1.);
#1334 = DIRECTION('',(1.,-0.));
#1335 = ( GEOMETRIC_REPRESENTATION_CONTEXT(2) 
PARAMETRIC_REPRESENTATION_CONTEXT() REPRESENTATION_CONTEXT('2D SPACE',''
  ) );
#1336 = ORIENTED_EDGE('',*,*,#1337,.F.);
#1337 = EDGE_CURVE('',#1338,#1305,#1340,.T.);
#1338 = VERTEX_POINT('',#1339);
#1339 = CARTESIAN_POINT('',(31.199999957622,-12.19868426157,7.25));
#1340 = SURFACE_CURVE('',#1341,(#1346,#1357),.PCURVE_S1.);
#1341 = CIRCLE('',#1342,5.8);
#1342 = AXIS2_PLACEMENT_3D('',#1343,#1344,#1345);
#1343 = CARTESIAN_POINT('',(36.999999957622,-12.19868425673,7.25));
#1344 = DIRECTION('',(0.,0.,-1.));
#1345 = DIRECTION('',(-1.,0.,0.));
#1346 = PCURVE('',#54,#1347);
#1347 = DEFINITIONAL_REPRESENTATION('',(#1348),#1356);
#1348 = ( BOUNDED_CURVE() B_SPLINE_CURVE(2,(#1349,#1350,#1351,#1352,
#1353,#1354,#1355),.UNSPECIFIED.,.T.,.F.) B_SPLINE_CURVE_WITH_KNOTS((1,2
    ,2,2,2,1),(-2.094395102393,0.,2.094395102393,4.188790204786,
6.28318530718,8.377580409573),.UNSPECIFIED.) CURVE() 
GEOMETRIC_REPRESENTATION_ITEM() RATIONAL_B_SPLINE_CURVE((1.,0.5,1.,0.5,
1.,0.5,1.)) REPRESENTATION_ITEM('') );
#1349 = CARTESIAN_POINT('',(31.199999958206,-12.20937415147));
#1350 = CARTESIAN_POINT('',(31.199999958206,-2.163479467575));
#1351 = CARTESIAN_POINT('',(39.899999958206,-7.186426809524));
#1352 = CARTESIAN_POINT('',(48.599999958206,-12.20937415147));
#1353 = CARTESIAN_POINT('',(39.899999958206,-17.23232149342));
#1354 = CARTESIAN_POINT('',(31.199999958206,-22.25526883537));
#1355 = CARTESIAN_POINT('',(31.199999958206,-12.20937415147));
#1356 = ( GEOMETRIC_REPRESENTATION_CONTEXT(2) 
PARAMETRIC_REPRESENTATION_CONTEXT() REPRESENTATION_CONTEXT('2D SPACE',''
  ) );
#1357 = PCURVE('',#1358,#1363);
#1358 = CYLINDRICAL_SURFACE('',#1359,5.8);
#1359 = AXIS2_PLACEMENT_3D('',#1360,#1361,#1362);
#1360 = CARTESIAN_POINT('',(36.999999957622,-12.19868425673,1.8));
#1361 = DIRECTION('',(0.,0.,-1.));
#1362 = DIRECTION('',(-1.,0.,0.));
#1363 = DEFINITIONAL_REPRESENTATION('',(#1364),#1368);
#1364 = LINE('',#1365,#1366);
#1365 = CARTESIAN_POINT('',(6.28318530718,-5.45));
#1366 = VECTOR('',#1367,1.);
#1367 = DIRECTION('',(1.,0.));
#1368 = ( GEOMETRIC_REPRESENTATION_CONTEXT(2) 
PARAMETRIC_REPRESENTATION_CONTEXT() REPRESENTATION_CONTEXT('2D SPACE',''
  ) );
#1369 = ORIENTED_EDGE('',*,*,#1370,.T.);
#1370 = EDGE_CURVE('',#1338,#1371,#1373,.T.);
#1371 = VERTEX_POINT('',#1372);
#1372 = CARTESIAN_POINT('',(31.2,-62.99999999816,7.25));
#1373 = SURFACE_CURVE('',#1374,(#1378,#1384),.PCURVE_S1.);
#1374 = LINE('',#1375,#1376);
#1375 = CARTESIAN_POINT('',(31.199999973719,-31.4946550387,7.25));
#1376 = VECTOR('',#1377,1.);
#1377 = DIRECTION('',(8.3418493884E-10,-1.,0.));
#1378 = PCURVE('',#54,#1379);
#1379 = DEFINITIONAL_REPRESENTATION('',(#1380),#1383);
#1380 = B_SPLINE_CURVE_WITH_KNOTS('',1,(#1381,#1382),.UNSPECIFIED.,.F.,
  .F.,(2,2),(-19.29597077712,31.505344959465),.PIECEWISE_BEZIER_KNOTS.);
#1381 = CARTESIAN_POINT('',(31.199999958206,-12.20937415631));
#1382 = CARTESIAN_POINT('',(31.200000000584,-63.0106898929));
#1383 = ( GEOMETRIC_REPRESENTATION_CONTEXT(2) 
PARAMETRIC_REPRESENTATION_CONTEXT() REPRESENTATION_CONTEXT('2D SPACE',''
  ) );
#1384 = PCURVE('',#1385,#1390);
#1385 = PLANE('',#1386);
#1386 = AXIS2_PLACEMENT_3D('',#1387,#1388,#1389);
#1387 = CARTESIAN_POINT('',(31.2,-62.99999999816,1.8));
#1388 = DIRECTION('',(-1.,-8.3418493884E-10,0.));
#1389 = DIRECTION('',(-8.3418493884E-10,1.,0.));
#1390 = DEFINITIONAL_REPRESENTATION('',(#1391),#1394);
#1391 = B_SPLINE_CURVE_WITH_KNOTS('',1,(#1392,#1393),.UNSPECIFIED.,.F.,
  .F.,(2,2),(-19.29597077712,31.505344959465),.PIECEWISE_BEZIER_KNOTS.);
#1392 = CARTESIAN_POINT('',(50.801315736592,-5.45));
#1393 = CARTESIAN_POINT('',(0.,-5.45));
#1394 = ( GEOMETRIC_REPRESENTATION_CONTEXT(2) 
PARAMETRIC_REPRESENTATION_CONTEXT() REPRESENTATION_CONTEXT('2D SPACE',''
  ) );
#1395 = ORIENTED_EDGE('',*,*,#1396,.T.);
#1396 = EDGE_CURVE('',#1371,#1397,#1399,.T.);
#1397 = VERTEX_POINT('',#1398);
#1398 = CARTESIAN_POINT('',(29.,-65.2,7.25));
#1399 = SURFACE_CURVE('',#1400,(#1405,#1416),.PCURVE_S1.);
#1400 = CIRCLE('',#1401,2.2);
#1401 = AXIS2_PLACEMENT_3D('',#1402,#1403,#1404);
#1402 = CARTESIAN_POINT('',(29.,-63.,7.25));
#1403 = DIRECTION('',(0.,0.,-1.));
#1404 = DIRECTION('',(-1.,0.,0.));
#1405 = PCURVE('',#54,#1406);
#1406 = DEFINITIONAL_REPRESENTATION('',(#1407),#1415);
#1407 = ( BOUNDED_CURVE() B_SPLINE_CURVE(2,(#1408,#1409,#1410,#1411,
#1412,#1413,#1414),.UNSPECIFIED.,.T.,.F.) B_SPLINE_CURVE_WITH_KNOTS((1,2
    ,2,2,2,1),(-2.094395102393,0.,2.094395102393,4.188790204786,
6.28318530718,8.377580409573),.UNSPECIFIED.) CURVE() 
GEOMETRIC_REPRESENTATION_ITEM() RATIONAL_B_SPLINE_CURVE((1.,0.5,1.,0.5,
1.,0.5,1.)) REPRESENTATION_ITEM('') );
#1408 = CARTESIAN_POINT('',(26.800000000584,-63.01068989473));
#1409 = CARTESIAN_POINT('',(26.800000000584,-59.20017811808));
#1410 = CARTESIAN_POINT('',(30.100000000584,-61.10543400641));
#1411 = CARTESIAN_POINT('',(33.400000000584,-63.01068989473));
#1412 = CARTESIAN_POINT('',(30.100000000584,-64.91594578306));
#1413 = CARTESIAN_POINT('',(26.800000000584,-66.82120167139));
#1414 = CARTESIAN_POINT('',(26.800000000584,-63.01068989473));
#1415 = ( GEOMETRIC_REPRESENTATION_CONTEXT(2) 
PARAMETRIC_REPRESENTATION_CONTEXT() REPRESENTATION_CONTEXT('2D SPACE',''
  ) );
#1416 = PCURVE('',#1417,#1422);
#1417 = CYLINDRICAL_SURFACE('',#1418,2.2);
#1418 = AXIS2_PLACEMENT_3D('',#1419,#1420,#1421);
#1419 = CARTESIAN_POINT('',(29.,-63.,1.8));
#1420 = DIRECTION('',(0.,0.,-1.));
#1421 = DIRECTION('',(-1.,0.,0.));
#1422 = DEFINITIONAL_REPRESENTATION('',(#1423),#1427);
#1423 = LINE('',#1424,#1425);
#1424 = CARTESIAN_POINT('',(8.881784197001E-16,-5.45));
#1425 = VECTOR('',#1426,1.);
#1426 = DIRECTION('',(1.,0.));
#1427 = ( GEOMETRIC_REPRESENTATION_CONTEXT(2) 
PARAMETRIC_REPRESENTATION_CONTEXT() REPRESENTATION_CONTEXT('2D SPACE',''
  ) );
#1428 = ORIENTED_EDGE('',*,*,#1429,.T.);
#1429 = EDGE_CURVE('',#1397,#1430,#1432,.T.);
#1430 = VERTEX_POINT('',#1431);
#1431 = CARTESIAN_POINT('',(-29.,-65.2,7.25));
#1432 = SURFACE_CURVE('',#1433,(#1437,#1443),.PCURVE_S1.);
#1433 = LINE('',#1434,#1435);
#1434 = CARTESIAN_POINT('',(-14.50000000029,-65.2,7.25));
#1435 = VECTOR('',#1436,1.);
#1436 = DIRECTION('',(-1.,0.,0.));
#1437 = PCURVE('',#54,#1438);
#1438 = DEFINITIONAL_REPRESENTATION('',(#1439),#1442);
#1439 = B_SPLINE_CURVE_WITH_KNOTS('',1,(#1440,#1441),.UNSPECIFIED.,.F.,
  .F.,(2,2),(-43.50000000029,14.499999999708),.PIECEWISE_BEZIER_KNOTS.);
#1440 = CARTESIAN_POINT('',(29.000000000584,-65.21068989473));
#1441 = CARTESIAN_POINT('',(-28.99999999941,-65.21068989473));
#1442 = ( GEOMETRIC_REPRESENTATION_CONTEXT(2) 
PARAMETRIC_REPRESENTATION_CONTEXT() REPRESENTATION_CONTEXT('2D SPACE',''
  ) );
#1443 = PCURVE('',#1444,#1449);
#1444 = PLANE('',#1445);
#1445 = AXIS2_PLACEMENT_3D('',#1446,#1447,#1448);
#1446 = CARTESIAN_POINT('',(-29.,-65.2,1.8));
#1447 = DIRECTION('',(0.,1.,0.));
#1448 = DIRECTION('',(1.,0.,0.));
#1449 = DEFINITIONAL_REPRESENTATION('',(#1450),#1453);
#1450 = B_SPLINE_CURVE_WITH_KNOTS('',1,(#1451,#1452),.UNSPECIFIED.,.F.,
  .F.,(2,2),(-43.50000000029,14.499999999708),.PIECEWISE_BEZIER_KNOTS.);
#1451 = CARTESIAN_POINT('',(58.,-5.45));
#1452 = CARTESIAN_POINT('',(0.,-5.45));
#1453 = ( GEOMETRIC_REPRESENTATION_CONTEXT(2) 
PARAMETRIC_REPRESENTATION_CONTEXT() REPRESENTATION_CONTEXT('2D SPACE',''
  ) );
#1454 = ORIENTED_EDGE('',*,*,#1455,.T.);
#1455 = EDGE_CURVE('',#1430,#898,#1456,.T.);
#1456 = SURFACE_CURVE('',#1457,(#1462,#1473),.PCURVE_S1.);
#1457 = CIRCLE('',#1458,2.2);
#1458 = AXIS2_PLACEMENT_3D('',#1459,#1460,#1461);
#1459 = CARTESIAN_POINT('',(-29.,-63.,7.25));
#1460 = DIRECTION('',(0.,0.,-1.));
#1461 = DIRECTION('',(-1.,0.,0.));
#1462 = PCURVE('',#54,#1463);
#1463 = DEFINITIONAL_REPRESENTATION('',(#1464),#1472);
#1464 = ( BOUNDED_CURVE() B_SPLINE_CURVE(2,(#1465,#1466,#1467,#1468,
#1469,#1470,#1471),.UNSPECIFIED.,.T.,.F.) B_SPLINE_CURVE_WITH_KNOTS((1,2
    ,2,2,2,1),(-2.094395102393,0.,2.094395102393,4.188790204786,
6.28318530718,8.377580409573),.UNSPECIFIED.) CURVE() 
GEOMETRIC_REPRESENTATION_ITEM() RATIONAL_B_SPLINE_CURVE((1.,0.5,1.,0.5,
1.,0.5,1.)) REPRESENTATION_ITEM('') );
#1465 = CARTESIAN_POINT('',(-31.19999999941,-63.01068989473));
#1466 = CARTESIAN_POINT('',(-31.19999999941,-59.20017811808));
#1467 = CARTESIAN_POINT('',(-27.89999999941,-61.10543400641));
#1468 = CARTESIAN_POINT('',(-24.59999999941,-63.01068989473));
#1469 = CARTESIAN_POINT('',(-27.89999999941,-64.91594578306));
#1470 = CARTESIAN_POINT('',(-31.19999999941,-66.82120167139));
#1471 = CARTESIAN_POINT('',(-31.19999999941,-63.01068989473));
#1472 = ( GEOMETRIC_REPRESENTATION_CONTEXT(2) 
PARAMETRIC_REPRESENTATION_CONTEXT() REPRESENTATION_CONTEXT('2D SPACE',''
  ) );
#1473 = PCURVE('',#1474,#1479);
#1474 = CYLINDRICAL_SURFACE('',#1475,2.2);
#1475 = AXIS2_PLACEMENT_3D('',#1476,#1477,#1478);
#1476 = CARTESIAN_POINT('',(-29.,-63.,1.8));
#1477 = DIRECTION('',(0.,0.,-1.));
#1478 = DIRECTION('',(-1.,0.,0.));
#1479 = DEFINITIONAL_REPRESENTATION('',(#1480),#1484);
#1480 = LINE('',#1481,#1482);
#1481 = CARTESIAN_POINT('',(0.,-5.45));
#1482 = VECTOR('',#1483,1.);
#1483 = DIRECTION('',(1.,0.));
#1484 = ( GEOMETRIC_REPRESENTATION_CONTEXT(2) 
PARAMETRIC_REPRESENTATION_CONTEXT() REPRESENTATION_CONTEXT('2D SPACE',''
  ) );
#1485 = ADVANCED_FACE('',(#1486),#1201,.F.);
#1486 = FACE_BOUND('',#1487,.F.);
#1487 = EDGE_LOOP('',(#1488,#1518,#1539,#1540,#1563,#1591,#1618,#1645));
#1488 = ORIENTED_EDGE('',*,*,#1489,.F.);
#1489 = EDGE_CURVE('',#1490,#1492,#1494,.T.);
#1490 = VERTEX_POINT('',#1491);
#1491 = CARTESIAN_POINT('',(18.,65.2,1.8));
#1492 = VERTEX_POINT('',#1493);
#1493 = CARTESIAN_POINT('',(25.5,65.2,1.8));
#1494 = SURFACE_CURVE('',#1495,(#1499,#1506),.PCURVE_S1.);
#1495 = LINE('',#1496,#1497);
#1496 = CARTESIAN_POINT('',(0.,65.2,1.8));
#1497 = VECTOR('',#1498,1.);
#1498 = DIRECTION('',(1.,0.,0.));
#1499 = PCURVE('',#1201,#1500);
#1500 = DEFINITIONAL_REPRESENTATION('',(#1501),#1505);
#1501 = LINE('',#1502,#1503);
#1502 = CARTESIAN_POINT('',(-18.,0.));
#1503 = VECTOR('',#1504,1.);
#1504 = DIRECTION('',(1.,0.));
#1505 = ( GEOMETRIC_REPRESENTATION_CONTEXT(2) 
PARAMETRIC_REPRESENTATION_CONTEXT() REPRESENTATION_CONTEXT('2D SPACE',''
  ) );
#1506 = PCURVE('',#1507,#1512);
#1507 = PLANE('',#1508);
#1508 = AXIS2_PLACEMENT_3D('',#1509,#1510,#1511);
#1509 = CARTESIAN_POINT('',(-5.835800400434E-10,1.068989473817E-02,1.8)
  );
#1510 = DIRECTION('',(0.,0.,1.));
#1511 = DIRECTION('',(1.,0.,-0.));
#1512 = DEFINITIONAL_REPRESENTATION('',(#1513),#1517);
#1513 = LINE('',#1514,#1515);
#1514 = CARTESIAN_POINT('',(5.835800400434E-10,65.189310105262));
#1515 = VECTOR('',#1516,1.);
#1516 = DIRECTION('',(1.,0.));
#1517 = ( GEOMETRIC_REPRESENTATION_CONTEXT(2) 
PARAMETRIC_REPRESENTATION_CONTEXT() REPRESENTATION_CONTEXT('2D SPACE',''
  ) );
#1518 = ORIENTED_EDGE('',*,*,#1519,.T.);
#1519 = EDGE_CURVE('',#1490,#1161,#1520,.T.);
#1520 = SURFACE_CURVE('',#1521,(#1525,#1532),.PCURVE_S1.);
#1521 = LINE('',#1522,#1523);
#1522 = CARTESIAN_POINT('',(18.,65.2,1.8));
#1523 = VECTOR('',#1524,1.);
#1524 = DIRECTION('',(0.,0.,1.));
#1525 = PCURVE('',#1201,#1526);
#1526 = DEFINITIONAL_REPRESENTATION('',(#1527),#1531);
#1527 = LINE('',#1528,#1529);
#1528 = CARTESIAN_POINT('',(0.,0.));
#1529 = VECTOR('',#1530,1.);
#1530 = DIRECTION('',(0.,-1.));
#1531 = ( GEOMETRIC_REPRESENTATION_CONTEXT(2) 
PARAMETRIC_REPRESENTATION_CONTEXT() REPRESENTATION_CONTEXT('2D SPACE',''
  ) );
#1532 = PCURVE('',#1175,#1533);
#1533 = DEFINITIONAL_REPRESENTATION('',(#1534),#1538);
#1534 = LINE('',#1535,#1536);
#1535 = CARTESIAN_POINT('',(5.2,0.));
#1536 = VECTOR('',#1537,1.);
#1537 = DIRECTION('',(0.,-1.));
#1538 = ( GEOMETRIC_REPRESENTATION_CONTEXT(2) 
PARAMETRIC_REPRESENTATION_CONTEXT() REPRESENTATION_CONTEXT('2D SPACE',''
  ) );
#1539 = ORIENTED_EDGE('',*,*,#1186,.F.);
#1540 = ORIENTED_EDGE('',*,*,#1541,.F.);
#1541 = EDGE_CURVE('',#1542,#1187,#1544,.T.);
#1542 = VERTEX_POINT('',#1543);
#1543 = CARTESIAN_POINT('',(29.,65.2,1.8));
#1544 = SURFACE_CURVE('',#1545,(#1549,#1556),.PCURVE_S1.);
#1545 = LINE('',#1546,#1547);
#1546 = CARTESIAN_POINT('',(29.,65.2,1.8));
#1547 = VECTOR('',#1548,1.);
#1548 = DIRECTION('',(0.,0.,1.));
#1549 = PCURVE('',#1201,#1550);
#1550 = DEFINITIONAL_REPRESENTATION('',(#1551),#1555);
#1551 = LINE('',#1552,#1553);
#1552 = CARTESIAN_POINT('',(11.,0.));
#1553 = VECTOR('',#1554,1.);
#1554 = DIRECTION('',(0.,-1.));
#1555 = ( GEOMETRIC_REPRESENTATION_CONTEXT(2) 
PARAMETRIC_REPRESENTATION_CONTEXT() REPRESENTATION_CONTEXT('2D SPACE',''
  ) );
#1556 = PCURVE('',#1233,#1557);
#1557 = DEFINITIONAL_REPRESENTATION('',(#1558),#1562);
#1558 = LINE('',#1559,#1560);
#1559 = CARTESIAN_POINT('',(1.570796326795,0.));
#1560 = VECTOR('',#1561,1.);
#1561 = DIRECTION('',(0.,-1.));
#1562 = ( GEOMETRIC_REPRESENTATION_CONTEXT(2) 
PARAMETRIC_REPRESENTATION_CONTEXT() REPRESENTATION_CONTEXT('2D SPACE',''
  ) );
#1563 = ORIENTED_EDGE('',*,*,#1564,.F.);
#1564 = EDGE_CURVE('',#1565,#1542,#1567,.T.);
#1565 = VERTEX_POINT('',#1566);
#1566 = CARTESIAN_POINT('',(26.5,65.2,1.8));
#1567 = SURFACE_CURVE('',#1568,(#1572,#1579),.PCURVE_S1.);
#1568 = LINE('',#1569,#1570);
#1569 = CARTESIAN_POINT('',(0.,65.2,1.8));
#1570 = VECTOR('',#1571,1.);
#1571 = DIRECTION('',(1.,0.,0.));
#1572 = PCURVE('',#1201,#1573);
#1573 = DEFINITIONAL_REPRESENTATION('',(#1574),#1578);
#1574 = LINE('',#1575,#1576);
#1575 = CARTESIAN_POINT('',(-18.,0.));
#1576 = VECTOR('',#1577,1.);
#1577 = DIRECTION('',(1.,0.));
#1578 = ( GEOMETRIC_REPRESENTATION_CONTEXT(2) 
PARAMETRIC_REPRESENTATION_CONTEXT() REPRESENTATION_CONTEXT('2D SPACE',''
  ) );
#1579 = PCURVE('',#1580,#1585);
#1580 = PLANE('',#1581);
#1581 = AXIS2_PLACEMENT_3D('',#1582,#1583,#1584);
#1582 = CARTESIAN_POINT('',(-5.835800400434E-10,1.068989473817E-02,1.8)
  );
#1583 = DIRECTION('',(0.,0.,1.));
#1584 = DIRECTION('',(1.,0.,-0.));
#1585 = DEFINITIONAL_REPRESENTATION('',(#1586),#1590);
#1586 = LINE('',#1587,#1588);
#1587 = CARTESIAN_POINT('',(5.835800400434E-10,65.189310105262));
#1588 = VECTOR('',#1589,1.);
#1589 = DIRECTION('',(1.,0.));
#1590 = ( GEOMETRIC_REPRESENTATION_CONTEXT(2) 
PARAMETRIC_REPRESENTATION_CONTEXT() REPRESENTATION_CONTEXT('2D SPACE',''
  ) );
#1591 = ORIENTED_EDGE('',*,*,#1592,.T.);
#1592 = EDGE_CURVE('',#1565,#1593,#1595,.T.);
#1593 = VERTEX_POINT('',#1594);
#1594 = CARTESIAN_POINT('',(26.5,65.2,5.2));
#1595 = SURFACE_CURVE('',#1596,(#1600,#1607),.PCURVE_S1.);
#1596 = LINE('',#1597,#1598);
#1597 = CARTESIAN_POINT('',(26.5,65.2,1.8));
#1598 = VECTOR('',#1599,1.);
#1599 = DIRECTION('',(0.,-0.,1.));
#1600 = PCURVE('',#1201,#1601);
#1601 = DEFINITIONAL_REPRESENTATION('',(#1602),#1606);
#1602 = LINE('',#1603,#1604);
#1603 = CARTESIAN_POINT('',(8.5,0.));
#1604 = VECTOR('',#1605,1.);
#1605 = DIRECTION('',(0.,-1.));
#1606 = ( GEOMETRIC_REPRESENTATION_CONTEXT(2) 
PARAMETRIC_REPRESENTATION_CONTEXT() REPRESENTATION_CONTEXT('2D SPACE',''
  ) );
#1607 = PCURVE('',#1608,#1613);
#1608 = PLANE('',#1609);
#1609 = AXIS2_PLACEMENT_3D('',#1610,#1611,#1612);
#1610 = CARTESIAN_POINT('',(26.5,54.,1.8));
#1611 = DIRECTION('',(1.,0.,-0.));
#1612 = DIRECTION('',(0.,0.,1.));
#1613 = DEFINITIONAL_REPRESENTATION('',(#1614),#1617);
#1614 = B_SPLINE_CURVE_WITH_KNOTS('',1,(#1615,#1616),.UNSPECIFIED.,.F.,
  .F.,(2,2),(0.,3.4),.PIECEWISE_BEZIER_KNOTS.);
#1615 = CARTESIAN_POINT('',(0.,-11.2));
#1616 = CARTESIAN_POINT('',(3.4,-11.2));
#1617 = ( GEOMETRIC_REPRESENTATION_CONTEXT(2) 
PARAMETRIC_REPRESENTATION_CONTEXT() REPRESENTATION_CONTEXT('2D SPACE',''
  ) );
#1618 = ORIENTED_EDGE('',*,*,#1619,.T.);
#1619 = EDGE_CURVE('',#1593,#1620,#1622,.T.);
#1620 = VERTEX_POINT('',#1621);
#1621 = CARTESIAN_POINT('',(25.5,65.2,5.2));
#1622 = SURFACE_CURVE('',#1623,(#1627,#1634),.PCURVE_S1.);
#1623 = LINE('',#1624,#1625);
#1624 = CARTESIAN_POINT('',(19.,65.2,5.2));
#1625 = VECTOR('',#1626,1.);
#1626 = DIRECTION('',(-1.,0.,0.));
#1627 = PCURVE('',#1201,#1628);
#1628 = DEFINITIONAL_REPRESENTATION('',(#1629),#1633);
#1629 = LINE('',#1630,#1631);
#1630 = CARTESIAN_POINT('',(1.,-3.4));
#1631 = VECTOR('',#1632,1.);
#1632 = DIRECTION('',(-1.,0.));
#1633 = ( GEOMETRIC_REPRESENTATION_CONTEXT(2) 
PARAMETRIC_REPRESENTATION_CONTEXT() REPRESENTATION_CONTEXT('2D SPACE',''
  ) );
#1634 = PCURVE('',#1635,#1640);
#1635 = PLANE('',#1636);
#1636 = AXIS2_PLACEMENT_3D('',#1637,#1638,#1639);
#1637 = CARTESIAN_POINT('',(20.,59.5,5.2));
#1638 = DIRECTION('',(0.,0.,1.));
#1639 = DIRECTION('',(1.,0.,-0.));
#1640 = DEFINITIONAL_REPRESENTATION('',(#1641),#1644);
#1641 = B_SPLINE_CURVE_WITH_KNOTS('',1,(#1642,#1643),.UNSPECIFIED.,.F.,
  .F.,(2,2),(-10.,-1.),.PIECEWISE_BEZIER_KNOTS.);
#1642 = CARTESIAN_POINT('',(9.,5.7));
#1643 = CARTESIAN_POINT('',(0.,5.7));
#1644 = ( GEOMETRIC_REPRESENTATION_CONTEXT(2) 
PARAMETRIC_REPRESENTATION_CONTEXT() REPRESENTATION_CONTEXT('2D SPACE',''
  ) );
#1645 = ORIENTED_EDGE('',*,*,#1646,.F.);
#1646 = EDGE_CURVE('',#1492,#1620,#1647,.T.);
#1647 = SURFACE_CURVE('',#1648,(#1652,#1659),.PCURVE_S1.);
#1648 = LINE('',#1649,#1650);
#1649 = CARTESIAN_POINT('',(25.5,65.2,1.8));
#1650 = VECTOR('',#1651,1.);
#1651 = DIRECTION('',(0.,-0.,1.));
#1652 = PCURVE('',#1201,#1653);
#1653 = DEFINITIONAL_REPRESENTATION('',(#1654),#1658);
#1654 = LINE('',#1655,#1656);
#1655 = CARTESIAN_POINT('',(7.5,0.));
#1656 = VECTOR('',#1657,1.);
#1657 = DIRECTION('',(0.,-1.));
#1658 = ( GEOMETRIC_REPRESENTATION_CONTEXT(2) 
PARAMETRIC_REPRESENTATION_CONTEXT() REPRESENTATION_CONTEXT('2D SPACE',''
  ) );
#1659 = PCURVE('',#1660,#1665);
#1660 = PLANE('',#1661);
#1661 = AXIS2_PLACEMENT_3D('',#1662,#1663,#1664);
#1662 = CARTESIAN_POINT('',(25.5,54.,1.8));
#1663 = DIRECTION('',(1.,0.,-0.));
#1664 = DIRECTION('',(0.,0.,1.));
#1665 = DEFINITIONAL_REPRESENTATION('',(#1666),#1669);
#1666 = B_SPLINE_CURVE_WITH_KNOTS('',1,(#1667,#1668),.UNSPECIFIED.,.F.,
  .F.,(2,2),(0.,3.4),.PIECEWISE_BEZIER_KNOTS.);
#1667 = CARTESIAN_POINT('',(0.,-11.2));
#1668 = CARTESIAN_POINT('',(3.4,-11.2));
#1669 = ( GEOMETRIC_REPRESENTATION_CONTEXT(2) 
PARAMETRIC_REPRESENTATION_CONTEXT() REPRESENTATION_CONTEXT('2D SPACE',''
  ) );
#1670 = ADVANCED_FACE('',(#1671),#1580,.T.);
#1671 = FACE_BOUND('',#1672,.T.);
#1672 = EDGE_LOOP('',(#1673,#1674,#1697,#1726,#1754,#1777));
#1673 = ORIENTED_EDGE('',*,*,#1564,.F.);
#1674 = ORIENTED_EDGE('',*,*,#1675,.F.);
#1675 = EDGE_CURVE('',#1676,#1565,#1678,.T.);
#1676 = VERTEX_POINT('',#1677);
#1677 = CARTESIAN_POINT('',(26.5,62.449489742783,1.8));
#1678 = SURFACE_CURVE('',#1679,(#1683,#1690),.PCURVE_S1.);
#1679 = LINE('',#1680,#1681);
#1680 = CARTESIAN_POINT('',(26.5,54.,1.8));
#1681 = VECTOR('',#1682,1.);
#1682 = DIRECTION('',(-0.,1.,0.));
#1683 = PCURVE('',#1580,#1684);
#1684 = DEFINITIONAL_REPRESENTATION('',(#1685),#1689);
#1685 = LINE('',#1686,#1687);
#1686 = CARTESIAN_POINT('',(26.500000000584,53.989310105262));
#1687 = VECTOR('',#1688,1.);
#1688 = DIRECTION('',(0.,1.));
#1689 = ( GEOMETRIC_REPRESENTATION_CONTEXT(2) 
PARAMETRIC_REPRESENTATION_CONTEXT() REPRESENTATION_CONTEXT('2D SPACE',''
  ) );
#1690 = PCURVE('',#1608,#1691);
#1691 = DEFINITIONAL_REPRESENTATION('',(#1692),#1696);
#1692 = LINE('',#1693,#1694);
#1693 = CARTESIAN_POINT('',(0.,0.));
#1694 = VECTOR('',#1695,1.);
#1695 = DIRECTION('',(0.,-1.));
#1696 = ( GEOMETRIC_REPRESENTATION_CONTEXT(2) 
PARAMETRIC_REPRESENTATION_CONTEXT() REPRESENTATION_CONTEXT('2D SPACE',''
  ) );
#1697 = ORIENTED_EDGE('',*,*,#1698,.F.);
#1698 = EDGE_CURVE('',#1699,#1676,#1701,.T.);
#1699 = VERTEX_POINT('',#1700);
#1700 = CARTESIAN_POINT('',(28.449489742783,60.5,1.8));
#1701 = SURFACE_CURVE('',#1702,(#1707,#1714),.PCURVE_S1.);
#1702 = CIRCLE('',#1703,2.5);
#1703 = AXIS2_PLACEMENT_3D('',#1704,#1705,#1706);
#1704 = CARTESIAN_POINT('',(26.,60.,1.8));
#1705 = DIRECTION('',(0.,0.,1.));
#1706 = DIRECTION('',(1.,0.,-0.));
#1707 = PCURVE('',#1580,#1708);
#1708 = DEFINITIONAL_REPRESENTATION('',(#1709),#1713);
#1709 = CIRCLE('',#1710,2.5);
#1710 = AXIS2_PLACEMENT_2D('',#1711,#1712);
#1711 = CARTESIAN_POINT('',(26.000000000584,59.989310105262));
#1712 = DIRECTION('',(1.,0.));
#1713 = ( GEOMETRIC_REPRESENTATION_CONTEXT(2) 
PARAMETRIC_REPRESENTATION_CONTEXT() REPRESENTATION_CONTEXT('2D SPACE',''
  ) );
#1714 = PCURVE('',#1715,#1720);
#1715 = CYLINDRICAL_SURFACE('',#1716,2.5);
#1716 = AXIS2_PLACEMENT_3D('',#1717,#1718,#1719);
#1717 = CARTESIAN_POINT('',(26.,60.,1.8));
#1718 = DIRECTION('',(-0.,-0.,-1.));
#1719 = DIRECTION('',(1.,0.,-0.));
#1720 = DEFINITIONAL_REPRESENTATION('',(#1721),#1725);
#1721 = LINE('',#1722,#1723);
#1722 = CARTESIAN_POINT('',(-0.,0.));
#1723 = VECTOR('',#1724,1.);
#1724 = DIRECTION('',(-1.,0.));
#1725 = ( GEOMETRIC_REPRESENTATION_CONTEXT(2) 
PARAMETRIC_REPRESENTATION_CONTEXT() REPRESENTATION_CONTEXT('2D SPACE',''
  ) );
#1726 = ORIENTED_EDGE('',*,*,#1727,.T.);
#1727 = EDGE_CURVE('',#1699,#1728,#1730,.T.);
#1728 = VERTEX_POINT('',#1729);
#1729 = CARTESIAN_POINT('',(31.20000000364,60.5,1.8));
#1730 = SURFACE_CURVE('',#1731,(#1735,#1742),.PCURVE_S1.);
#1731 = LINE('',#1732,#1733);
#1732 = CARTESIAN_POINT('',(20.,60.5,1.8));
#1733 = VECTOR('',#1734,1.);
#1734 = DIRECTION('',(1.,0.,-0.));
#1735 = PCURVE('',#1580,#1736);
#1736 = DEFINITIONAL_REPRESENTATION('',(#1737),#1741);
#1737 = LINE('',#1738,#1739);
#1738 = CARTESIAN_POINT('',(20.000000000584,60.489310105262));
#1739 = VECTOR('',#1740,1.);
#1740 = DIRECTION('',(1.,0.));
#1741 = ( GEOMETRIC_REPRESENTATION_CONTEXT(2) 
PARAMETRIC_REPRESENTATION_CONTEXT() REPRESENTATION_CONTEXT('2D SPACE',''
  ) );
#1742 = PCURVE('',#1743,#1748);
#1743 = PLANE('',#1744);
#1744 = AXIS2_PLACEMENT_3D('',#1745,#1746,#1747);
#1745 = CARTESIAN_POINT('',(20.,60.5,1.8));
#1746 = DIRECTION('',(-0.,1.,0.));
#1747 = DIRECTION('',(0.,0.,1.));
#1748 = DEFINITIONAL_REPRESENTATION('',(#1749),#1753);
#1749 = LINE('',#1750,#1751);
#1750 = CARTESIAN_POINT('',(0.,0.));
#1751 = VECTOR('',#1752,1.);
#1752 = DIRECTION('',(0.,1.));
#1753 = ( GEOMETRIC_REPRESENTATION_CONTEXT(2) 
PARAMETRIC_REPRESENTATION_CONTEXT() REPRESENTATION_CONTEXT('2D SPACE',''
  ) );
#1754 = ORIENTED_EDGE('',*,*,#1755,.T.);
#1755 = EDGE_CURVE('',#1728,#1756,#1758,.T.);
#1756 = VERTEX_POINT('',#1757);
#1757 = CARTESIAN_POINT('',(31.2,62.99999999885,1.8));
#1758 = SURFACE_CURVE('',#1759,(#1763,#1770),.PCURVE_S1.);
#1759 = LINE('',#1760,#1761);
#1760 = CARTESIAN_POINT('',(31.200000065237,18.198683992136,1.8));
#1761 = VECTOR('',#1762,1.);
#1762 = DIRECTION('',(-1.456129393144E-09,1.,0.));
#1763 = PCURVE('',#1580,#1764);
#1764 = DEFINITIONAL_REPRESENTATION('',(#1765),#1769);
#1765 = LINE('',#1766,#1767);
#1766 = CARTESIAN_POINT('',(31.20000006582,18.187994097398));
#1767 = VECTOR('',#1768,1.);
#1768 = DIRECTION('',(-1.456129393144E-09,1.));
#1769 = ( GEOMETRIC_REPRESENTATION_CONTEXT(2) 
PARAMETRIC_REPRESENTATION_CONTEXT() REPRESENTATION_CONTEXT('2D SPACE',''
  ) );
#1770 = PCURVE('',#1260,#1771);
#1771 = DEFINITIONAL_REPRESENTATION('',(#1772),#1776);
#1772 = LINE('',#1773,#1774);
#1773 = CARTESIAN_POINT('',(5.824517756992E-09,0.));
#1774 = VECTOR('',#1775,1.);
#1775 = DIRECTION('',(1.,0.));
#1776 = ( GEOMETRIC_REPRESENTATION_CONTEXT(2) 
PARAMETRIC_REPRESENTATION_CONTEXT() REPRESENTATION_CONTEXT('2D SPACE',''
  ) );
#1777 = ORIENTED_EDGE('',*,*,#1778,.F.);
#1778 = EDGE_CURVE('',#1542,#1756,#1779,.T.);
#1779 = SURFACE_CURVE('',#1780,(#1785,#1796),.PCURVE_S1.);
#1780 = CIRCLE('',#1781,2.2);
#1781 = AXIS2_PLACEMENT_3D('',#1782,#1783,#1784);
#1782 = CARTESIAN_POINT('',(29.,62.999999995646,1.8));
#1783 = DIRECTION('',(0.,0.,-1.));
#1784 = DIRECTION('',(-1.,0.,0.));
#1785 = PCURVE('',#1580,#1786);
#1786 = DEFINITIONAL_REPRESENTATION('',(#1787),#1795);
#1787 = ( BOUNDED_CURVE() B_SPLINE_CURVE(2,(#1788,#1789,#1790,#1791,
#1792,#1793,#1794),.UNSPECIFIED.,.T.,.F.) B_SPLINE_CURVE_WITH_KNOTS((1,2
    ,2,2,2,1),(-2.094395102393,0.,2.094395102393,4.188790204786,
6.28318530718,8.377580409573),.UNSPECIFIED.) CURVE() 
GEOMETRIC_REPRESENTATION_ITEM() RATIONAL_B_SPLINE_CURVE((1.,0.5,1.,0.5,
1.,0.5,1.)) REPRESENTATION_ITEM('') );
#1788 = CARTESIAN_POINT('',(26.800000000584,62.989310100908));
#1789 = CARTESIAN_POINT('',(26.800000000584,66.799821877559));
#1790 = CARTESIAN_POINT('',(30.100000000584,64.894565989234));
#1791 = CARTESIAN_POINT('',(33.400000000584,62.989310100908));
#1792 = CARTESIAN_POINT('',(30.100000000584,61.084054212582));
#1793 = CARTESIAN_POINT('',(26.800000000584,59.178798324256));
#1794 = CARTESIAN_POINT('',(26.800000000584,62.989310100908));
#1795 = ( GEOMETRIC_REPRESENTATION_CONTEXT(2) 
PARAMETRIC_REPRESENTATION_CONTEXT() REPRESENTATION_CONTEXT('2D SPACE',''
  ) );
#1796 = PCURVE('',#1233,#1797);
#1797 = DEFINITIONAL_REPRESENTATION('',(#1798),#1802);
#1798 = LINE('',#1799,#1800);
#1799 = CARTESIAN_POINT('',(0.,0.));
#1800 = VECTOR('',#1801,1.);
#1801 = DIRECTION('',(1.,0.));
#1802 = ( GEOMETRIC_REPRESENTATION_CONTEXT(2) 
PARAMETRIC_REPRESENTATION_CONTEXT() REPRESENTATION_CONTEXT('2D SPACE',''
  ) );
#1803 = ADVANCED_FACE('',(#1804),#1715,.T.);
#1804 = FACE_BOUND('',#1805,.F.);
#1805 = EDGE_LOOP('',(#1806,#1841,#1864,#1891,#1892,#1920,#1946,#1970,
    #1996,#2029,#2055,#2079,#2105,#2138,#2164,#2188,#2209,#2237,#2256,
    #2257));
#1806 = ORIENTED_EDGE('',*,*,#1807,.T.);
#1807 = EDGE_CURVE('',#1808,#1810,#1812,.T.);
#1808 = VERTEX_POINT('',#1809);
#1809 = CARTESIAN_POINT('',(28.449489742783,60.5,5.2));
#1810 = VERTEX_POINT('',#1811);
#1811 = CARTESIAN_POINT('',(28.5,60.,5.2));
#1812 = SURFACE_CURVE('',#1813,(#1818,#1825),.PCURVE_S1.);
#1813 = CIRCLE('',#1814,2.5);
#1814 = AXIS2_PLACEMENT_3D('',#1815,#1816,#1817);
#1815 = CARTESIAN_POINT('',(26.,60.,5.2));
#1816 = DIRECTION('',(0.,-0.,-1.));
#1817 = DIRECTION('',(1.,0.,-0.));
#1818 = PCURVE('',#1715,#1819);
#1819 = DEFINITIONAL_REPRESENTATION('',(#1820),#1824);
#1820 = LINE('',#1821,#1822);
#1821 = CARTESIAN_POINT('',(-6.28318530718,-3.4));
#1822 = VECTOR('',#1823,1.);
#1823 = DIRECTION('',(1.,-0.));
#1824 = ( GEOMETRIC_REPRESENTATION_CONTEXT(2) 
PARAMETRIC_REPRESENTATION_CONTEXT() REPRESENTATION_CONTEXT('2D SPACE',''
  ) );
#1825 = PCURVE('',#1826,#1831);
#1826 = PLANE('',#1827);
#1827 = AXIS2_PLACEMENT_3D('',#1828,#1829,#1830);
#1828 = CARTESIAN_POINT('',(20.,59.5,5.2));
#1829 = DIRECTION('',(0.,0.,1.));
#1830 = DIRECTION('',(1.,0.,-0.));
#1831 = DEFINITIONAL_REPRESENTATION('',(#1832),#1840);
#1832 = ( BOUNDED_CURVE() B_SPLINE_CURVE(2,(#1833,#1834,#1835,#1836,
#1837,#1838,#1839),.UNSPECIFIED.,.T.,.F.) B_SPLINE_CURVE_WITH_KNOTS((1,2
    ,2,2,2,1),(-2.094395102393,0.,2.094395102393,4.188790204786,
6.28318530718,8.377580409573),.UNSPECIFIED.) CURVE() 
GEOMETRIC_REPRESENTATION_ITEM() RATIONAL_B_SPLINE_CURVE((1.,0.5,1.,0.5,
1.,0.5,1.)) REPRESENTATION_ITEM('') );
#1833 = CARTESIAN_POINT('',(8.5,0.5));
#1834 = CARTESIAN_POINT('',(8.5,-3.830127018922));
#1835 = CARTESIAN_POINT('',(4.75,-1.665063509461));
#1836 = CARTESIAN_POINT('',(1.,0.5));
#1837 = CARTESIAN_POINT('',(4.75,2.665063509461));
#1838 = CARTESIAN_POINT('',(8.5,4.830127018922));
#1839 = CARTESIAN_POINT('',(8.5,0.5));
#1840 = ( GEOMETRIC_REPRESENTATION_CONTEXT(2) 
PARAMETRIC_REPRESENTATION_CONTEXT() REPRESENTATION_CONTEXT('2D SPACE',''
  ) );
#1841 = ORIENTED_EDGE('',*,*,#1842,.T.);
#1842 = EDGE_CURVE('',#1810,#1843,#1845,.T.);
#1843 = VERTEX_POINT('',#1844);
#1844 = CARTESIAN_POINT('',(28.5,60.,7.25));
#1845 = SEAM_CURVE('',#1846,(#1850,#1857),.PCURVE_S1.);
#1846 = LINE('',#1847,#1848);
#1847 = CARTESIAN_POINT('',(28.5,60.,1.8));
#1848 = VECTOR('',#1849,1.);
#1849 = DIRECTION('',(0.,0.,1.));
#1850 = PCURVE('',#1715,#1851);
#1851 = DEFINITIONAL_REPRESENTATION('',(#1852),#1856);
#1852 = LINE('',#1853,#1854);
#1853 = CARTESIAN_POINT('',(-6.28318530718,0.));
#1854 = VECTOR('',#1855,1.);
#1855 = DIRECTION('',(-0.,-1.));
#1856 = ( GEOMETRIC_REPRESENTATION_CONTEXT(2) 
PARAMETRIC_REPRESENTATION_CONTEXT() REPRESENTATION_CONTEXT('2D SPACE',''
  ) );
#1857 = PCURVE('',#1715,#1858);
#1858 = DEFINITIONAL_REPRESENTATION('',(#1859),#1863);
#1859 = LINE('',#1860,#1861);
#1860 = CARTESIAN_POINT('',(-0.,0.));
#1861 = VECTOR('',#1862,1.);
#1862 = DIRECTION('',(-0.,-1.));
#1863 = ( GEOMETRIC_REPRESENTATION_CONTEXT(2) 
PARAMETRIC_REPRESENTATION_CONTEXT() REPRESENTATION_CONTEXT('2D SPACE',''
  ) );
#1864 = ORIENTED_EDGE('',*,*,#1865,.T.);
#1865 = EDGE_CURVE('',#1843,#1843,#1866,.T.);
#1866 = SURFACE_CURVE('',#1867,(#1872,#1879),.PCURVE_S1.);
#1867 = CIRCLE('',#1868,2.5);
#1868 = AXIS2_PLACEMENT_3D('',#1869,#1870,#1871);
#1869 = CARTESIAN_POINT('',(26.,60.,7.25));
#1870 = DIRECTION('',(0.,0.,1.));
#1871 = DIRECTION('',(1.,0.,-0.));
#1872 = PCURVE('',#1715,#1873);
#1873 = DEFINITIONAL_REPRESENTATION('',(#1874),#1878);
#1874 = LINE('',#1875,#1876);
#1875 = CARTESIAN_POINT('',(-0.,-5.45));
#1876 = VECTOR('',#1877,1.);
#1877 = DIRECTION('',(-1.,0.));
#1878 = ( GEOMETRIC_REPRESENTATION_CONTEXT(2) 
PARAMETRIC_REPRESENTATION_CONTEXT() REPRESENTATION_CONTEXT('2D SPACE',''
  ) );
#1879 = PCURVE('',#1880,#1885);
#1880 = PLANE('',#1881);
#1881 = AXIS2_PLACEMENT_3D('',#1882,#1883,#1884);
#1882 = CARTESIAN_POINT('',(26.,60.,7.25));
#1883 = DIRECTION('',(0.,0.,1.));
#1884 = DIRECTION('',(1.,0.,-0.));
#1885 = DEFINITIONAL_REPRESENTATION('',(#1886),#1890);
#1886 = CIRCLE('',#1887,2.5);
#1887 = AXIS2_PLACEMENT_2D('',#1888,#1889);
#1888 = CARTESIAN_POINT('',(1.367440132539E-16,-1.714341265789E-16));
#1889 = DIRECTION('',(1.,0.));
#1890 = ( GEOMETRIC_REPRESENTATION_CONTEXT(2) 
PARAMETRIC_REPRESENTATION_CONTEXT() REPRESENTATION_CONTEXT('2D SPACE',''
  ) );
#1891 = ORIENTED_EDGE('',*,*,#1842,.F.);
#1892 = ORIENTED_EDGE('',*,*,#1893,.T.);
#1893 = EDGE_CURVE('',#1810,#1894,#1896,.T.);
#1894 = VERTEX_POINT('',#1895);
#1895 = CARTESIAN_POINT('',(28.449489742783,59.5,5.2));
#1896 = SURFACE_CURVE('',#1897,(#1902,#1909),.PCURVE_S1.);
#1897 = CIRCLE('',#1898,2.5);
#1898 = AXIS2_PLACEMENT_3D('',#1899,#1900,#1901);
#1899 = CARTESIAN_POINT('',(26.,60.,5.2));
#1900 = DIRECTION('',(0.,-0.,-1.));
#1901 = DIRECTION('',(1.,0.,-0.));
#1902 = PCURVE('',#1715,#1903);
#1903 = DEFINITIONAL_REPRESENTATION('',(#1904),#1908);
#1904 = LINE('',#1905,#1906);
#1905 = CARTESIAN_POINT('',(-6.28318530718,-3.4));
#1906 = VECTOR('',#1907,1.);
#1907 = DIRECTION('',(1.,-0.));
#1908 = ( GEOMETRIC_REPRESENTATION_CONTEXT(2) 
PARAMETRIC_REPRESENTATION_CONTEXT() REPRESENTATION_CONTEXT('2D SPACE',''
  ) );
#1909 = PCURVE('',#1826,#1910);
#1910 = DEFINITIONAL_REPRESENTATION('',(#1911),#1919);
#1911 = ( BOUNDED_CURVE() B_SPLINE_CURVE(2,(#1912,#1913,#1914,#1915,
#1916,#1917,#1918),.UNSPECIFIED.,.T.,.F.) B_SPLINE_CURVE_WITH_KNOTS((1,2
    ,2,2,2,1),(-2.094395102393,0.,2.094395102393,4.188790204786,
6.28318530718,8.377580409573),.UNSPECIFIED.) CURVE() 
GEOMETRIC_REPRESENTATION_ITEM() RATIONAL_B_SPLINE_CURVE((1.,0.5,1.,0.5,
1.,0.5,1.)) REPRESENTATION_ITEM('') );
#1912 = CARTESIAN_POINT('',(8.5,0.5));
#1913 = CARTESIAN_POINT('',(8.5,-3.830127018922));
#1914 = CARTESIAN_POINT('',(4.75,-1.665063509461));
#1915 = CARTESIAN_POINT('',(1.,0.5));
#1916 = CARTESIAN_POINT('',(4.75,2.665063509461));
#1917 = CARTESIAN_POINT('',(8.5,4.830127018922));
#1918 = CARTESIAN_POINT('',(8.5,0.5));
#1919 = ( GEOMETRIC_REPRESENTATION_CONTEXT(2) 
PARAMETRIC_REPRESENTATION_CONTEXT() REPRESENTATION_CONTEXT('2D SPACE',''
  ) );
#1920 = ORIENTED_EDGE('',*,*,#1921,.T.);
#1921 = EDGE_CURVE('',#1894,#1922,#1924,.T.);
#1922 = VERTEX_POINT('',#1923);
#1923 = CARTESIAN_POINT('',(28.449489742783,59.5,1.8));
#1924 = SURFACE_CURVE('',#1925,(#1929,#1935),.PCURVE_S1.);
#1925 = LINE('',#1926,#1927);
#1926 = CARTESIAN_POINT('',(28.449489742783,59.5,1.8));
#1927 = VECTOR('',#1928,1.);
#1928 = DIRECTION('',(-0.,-0.,-1.));
#1929 = PCURVE('',#1715,#1930);
#1930 = DEFINITIONAL_REPRESENTATION('',(#1931),#1934);
#1931 = B_SPLINE_CURVE_WITH_KNOTS('',1,(#1932,#1933),.UNSPECIFIED.,.F.,
  .F.,(2,2),(-3.74,2.400000000069E-06),.PIECEWISE_BEZIER_KNOTS.);
#1932 = CARTESIAN_POINT('',(-6.081827386389,-3.74));
#1933 = CARTESIAN_POINT('',(-6.081827386389,2.400000000069E-06));
#1934 = ( GEOMETRIC_REPRESENTATION_CONTEXT(2) 
PARAMETRIC_REPRESENTATION_CONTEXT() REPRESENTATION_CONTEXT('2D SPACE',''
  ) );
#1935 = PCURVE('',#1936,#1941);
#1936 = PLANE('',#1937);
#1937 = AXIS2_PLACEMENT_3D('',#1938,#1939,#1940);
#1938 = CARTESIAN_POINT('',(20.,59.5,1.8));
#1939 = DIRECTION('',(-0.,1.,0.));
#1940 = DIRECTION('',(0.,0.,1.));
#1941 = DEFINITIONAL_REPRESENTATION('',(#1942),#1945);
#1942 = B_SPLINE_CURVE_WITH_KNOTS('',1,(#1943,#1944),.UNSPECIFIED.,.F.,
  .F.,(2,2),(-3.74,2.400000000069E-06),.PIECEWISE_BEZIER_KNOTS.);
#1943 = CARTESIAN_POINT('',(3.74,8.449489742783));
#1944 = CARTESIAN_POINT('',(-2.400000000069E-06,8.449489742783));
#1945 = ( GEOMETRIC_REPRESENTATION_CONTEXT(2) 
PARAMETRIC_REPRESENTATION_CONTEXT() REPRESENTATION_CONTEXT('2D SPACE',''
  ) );
#1946 = ORIENTED_EDGE('',*,*,#1947,.F.);
#1947 = EDGE_CURVE('',#1948,#1922,#1950,.T.);
#1948 = VERTEX_POINT('',#1949);
#1949 = CARTESIAN_POINT('',(26.5,57.550510257217,1.8));
#1950 = SURFACE_CURVE('',#1951,(#1956,#1963),.PCURVE_S1.);
#1951 = CIRCLE('',#1952,2.5);
#1952 = AXIS2_PLACEMENT_3D('',#1953,#1954,#1955);
#1953 = CARTESIAN_POINT('',(26.,60.,1.8));
#1954 = DIRECTION('',(0.,0.,1.));
#1955 = DIRECTION('',(1.,0.,-0.));
#1956 = PCURVE('',#1715,#1957);
#1957 = DEFINITIONAL_REPRESENTATION('',(#1958),#1962);
#1958 = LINE('',#1959,#1960);
#1959 = CARTESIAN_POINT('',(-0.,0.));
#1960 = VECTOR('',#1961,1.);
#1961 = DIRECTION('',(-1.,0.));
#1962 = ( GEOMETRIC_REPRESENTATION_CONTEXT(2) 
PARAMETRIC_REPRESENTATION_CONTEXT() REPRESENTATION_CONTEXT('2D SPACE',''
  ) );
#1963 = PCURVE('',#1507,#1964);
#1964 = DEFINITIONAL_REPRESENTATION('',(#1965),#1969);
#1965 = CIRCLE('',#1966,2.5);
#1966 = AXIS2_PLACEMENT_2D('',#1967,#1968);
#1967 = CARTESIAN_POINT('',(26.000000000584,59.989310105262));
#1968 = DIRECTION('',(1.,0.));
#1969 = ( GEOMETRIC_REPRESENTATION_CONTEXT(2) 
PARAMETRIC_REPRESENTATION_CONTEXT() REPRESENTATION_CONTEXT('2D SPACE',''
  ) );
#1970 = ORIENTED_EDGE('',*,*,#1971,.F.);
#1971 = EDGE_CURVE('',#1972,#1948,#1974,.T.);
#1972 = VERTEX_POINT('',#1973);
#1973 = CARTESIAN_POINT('',(26.5,57.550510257217,5.2));
#1974 = SURFACE_CURVE('',#1975,(#1979,#1985),.PCURVE_S1.);
#1975 = LINE('',#1976,#1977);
#1976 = CARTESIAN_POINT('',(26.5,57.550510257217,1.8));
#1977 = VECTOR('',#1978,1.);
#1978 = DIRECTION('',(-0.,-0.,-1.));
#1979 = PCURVE('',#1715,#1980);
#1980 = DEFINITIONAL_REPRESENTATION('',(#1981),#1984);
#1981 = B_SPLINE_CURVE_WITH_KNOTS('',1,(#1982,#1983),.UNSPECIFIED.,.F.,
  .F.,(2,2),(-3.74,2.400000000069E-06),.PIECEWISE_BEZIER_KNOTS.);
#1982 = CARTESIAN_POINT('',(-4.913746901175,-3.74));
#1983 = CARTESIAN_POINT('',(-4.913746901175,2.400000000069E-06));
#1984 = ( GEOMETRIC_REPRESENTATION_CONTEXT(2) 
PARAMETRIC_REPRESENTATION_CONTEXT() REPRESENTATION_CONTEXT('2D SPACE',''
  ) );
#1985 = PCURVE('',#1986,#1991);
#1986 = PLANE('',#1987);
#1987 = AXIS2_PLACEMENT_3D('',#1988,#1989,#1990);
#1988 = CARTESIAN_POINT('',(26.5,54.,1.8));
#1989 = DIRECTION('',(1.,0.,-0.));
#1990 = DIRECTION('',(0.,0.,1.));
#1991 = DEFINITIONAL_REPRESENTATION('',(#1992),#1995);
#1992 = B_SPLINE_CURVE_WITH_KNOTS('',1,(#1993,#1994),.UNSPECIFIED.,.F.,
  .F.,(2,2),(-3.74,2.400000000069E-06),.PIECEWISE_BEZIER_KNOTS.);
#1993 = CARTESIAN_POINT('',(3.74,-3.550510257217));
#1994 = CARTESIAN_POINT('',(-2.400000000069E-06,-3.550510257217));
#1995 = ( GEOMETRIC_REPRESENTATION_CONTEXT(2) 
PARAMETRIC_REPRESENTATION_CONTEXT() REPRESENTATION_CONTEXT('2D SPACE',''
  ) );
#1996 = ORIENTED_EDGE('',*,*,#1997,.T.);
#1997 = EDGE_CURVE('',#1972,#1998,#2000,.T.);
#1998 = VERTEX_POINT('',#1999);
#1999 = CARTESIAN_POINT('',(25.5,57.550510257217,5.2));
#2000 = SURFACE_CURVE('',#2001,(#2006,#2013),.PCURVE_S1.);
#2001 = CIRCLE('',#2002,2.5);
#2002 = AXIS2_PLACEMENT_3D('',#2003,#2004,#2005);
#2003 = CARTESIAN_POINT('',(26.,60.,5.2));
#2004 = DIRECTION('',(0.,-0.,-1.));
#2005 = DIRECTION('',(1.,0.,-0.));
#2006 = PCURVE('',#1715,#2007);
#2007 = DEFINITIONAL_REPRESENTATION('',(#2008),#2012);
#2008 = LINE('',#2009,#2010);
#2009 = CARTESIAN_POINT('',(-6.28318530718,-3.4));
#2010 = VECTOR('',#2011,1.);
#2011 = DIRECTION('',(1.,-0.));
#2012 = ( GEOMETRIC_REPRESENTATION_CONTEXT(2) 
PARAMETRIC_REPRESENTATION_CONTEXT() REPRESENTATION_CONTEXT('2D SPACE',''
  ) );
#2013 = PCURVE('',#2014,#2019);
#2014 = PLANE('',#2015);
#2015 = AXIS2_PLACEMENT_3D('',#2016,#2017,#2018);
#2016 = CARTESIAN_POINT('',(20.,59.5,5.2));
#2017 = DIRECTION('',(0.,0.,1.));
#2018 = DIRECTION('',(1.,0.,-0.));
#2019 = DEFINITIONAL_REPRESENTATION('',(#2020),#2028);
#2020 = ( BOUNDED_CURVE() B_SPLINE_CURVE(2,(#2021,#2022,#2023,#2024,
#2025,#2026,#2027),.UNSPECIFIED.,.T.,.F.) B_SPLINE_CURVE_WITH_KNOTS((1,2
    ,2,2,2,1),(-2.094395102393,0.,2.094395102393,4.188790204786,
6.28318530718,8.377580409573),.UNSPECIFIED.) CURVE() 
GEOMETRIC_REPRESENTATION_ITEM() RATIONAL_B_SPLINE_CURVE((1.,0.5,1.,0.5,
1.,0.5,1.)) REPRESENTATION_ITEM('') );
#2021 = CARTESIAN_POINT('',(8.5,0.5));
#2022 = CARTESIAN_POINT('',(8.5,-3.830127018922));
#2023 = CARTESIAN_POINT('',(4.75,-1.665063509461));
#2024 = CARTESIAN_POINT('',(1.,0.5));
#2025 = CARTESIAN_POINT('',(4.75,2.665063509461));
#2026 = CARTESIAN_POINT('',(8.5,4.830127018922));
#2027 = CARTESIAN_POINT('',(8.5,0.5));
#2028 = ( GEOMETRIC_REPRESENTATION_CONTEXT(2) 
PARAMETRIC_REPRESENTATION_CONTEXT() REPRESENTATION_CONTEXT('2D SPACE',''
  ) );
#2029 = ORIENTED_EDGE('',*,*,#2030,.T.);
#2030 = EDGE_CURVE('',#1998,#2031,#2033,.T.);
#2031 = VERTEX_POINT('',#2032);
#2032 = CARTESIAN_POINT('',(25.5,57.550510257217,1.8));
#2033 = SURFACE_CURVE('',#2034,(#2038,#2044),.PCURVE_S1.);
#2034 = LINE('',#2035,#2036);
#2035 = CARTESIAN_POINT('',(25.5,57.550510257217,1.8));
#2036 = VECTOR('',#2037,1.);
#2037 = DIRECTION('',(-0.,-0.,-1.));
#2038 = PCURVE('',#1715,#2039);
#2039 = DEFINITIONAL_REPRESENTATION('',(#2040),#2043);
#2040 = B_SPLINE_CURVE_WITH_KNOTS('',1,(#2041,#2042),.UNSPECIFIED.,.F.,
  .F.,(2,2),(-3.74,2.400000000069E-06),.PIECEWISE_BEZIER_KNOTS.);
#2041 = CARTESIAN_POINT('',(-4.511031059594,-3.74));
#2042 = CARTESIAN_POINT('',(-4.511031059594,2.400000000069E-06));
#2043 = ( GEOMETRIC_REPRESENTATION_CONTEXT(2) 
PARAMETRIC_REPRESENTATION_CONTEXT() REPRESENTATION_CONTEXT('2D SPACE',''
  ) );
#2044 = PCURVE('',#2045,#2050);
#2045 = PLANE('',#2046);
#2046 = AXIS2_PLACEMENT_3D('',#2047,#2048,#2049);
#2047 = CARTESIAN_POINT('',(25.5,54.,1.8));
#2048 = DIRECTION('',(1.,0.,-0.));
#2049 = DIRECTION('',(0.,0.,1.));
#2050 = DEFINITIONAL_REPRESENTATION('',(#2051),#2054);
#2051 = B_SPLINE_CURVE_WITH_KNOTS('',1,(#2052,#2053),.UNSPECIFIED.,.F.,
  .F.,(2,2),(-3.74,2.400000000069E-06),.PIECEWISE_BEZIER_KNOTS.);
#2052 = CARTESIAN_POINT('',(3.74,-3.550510257217));
#2053 = CARTESIAN_POINT('',(-2.400000000069E-06,-3.550510257217));
#2054 = ( GEOMETRIC_REPRESENTATION_CONTEXT(2) 
PARAMETRIC_REPRESENTATION_CONTEXT() REPRESENTATION_CONTEXT('2D SPACE',''
  ) );
#2055 = ORIENTED_EDGE('',*,*,#2056,.F.);
#2056 = EDGE_CURVE('',#2057,#2031,#2059,.T.);
#2057 = VERTEX_POINT('',#2058);
#2058 = CARTESIAN_POINT('',(23.550510257217,59.5,1.8));
#2059 = SURFACE_CURVE('',#2060,(#2065,#2072),.PCURVE_S1.);
#2060 = CIRCLE('',#2061,2.5);
#2061 = AXIS2_PLACEMENT_3D('',#2062,#2063,#2064);
#2062 = CARTESIAN_POINT('',(26.,60.,1.8));
#2063 = DIRECTION('',(0.,0.,1.));
#2064 = DIRECTION('',(1.,0.,-0.));
#2065 = PCURVE('',#1715,#2066);
#2066 = DEFINITIONAL_REPRESENTATION('',(#2067),#2071);
#2067 = LINE('',#2068,#2069);
#2068 = CARTESIAN_POINT('',(-0.,0.));
#2069 = VECTOR('',#2070,1.);
#2070 = DIRECTION('',(-1.,0.));
#2071 = ( GEOMETRIC_REPRESENTATION_CONTEXT(2) 
PARAMETRIC_REPRESENTATION_CONTEXT() REPRESENTATION_CONTEXT('2D SPACE',''
  ) );
#2072 = PCURVE('',#1507,#2073);
#2073 = DEFINITIONAL_REPRESENTATION('',(#2074),#2078);
#2074 = CIRCLE('',#2075,2.5);
#2075 = AXIS2_PLACEMENT_2D('',#2076,#2077);
#2076 = CARTESIAN_POINT('',(26.000000000584,59.989310105262));
#2077 = DIRECTION('',(1.,0.));
#2078 = ( GEOMETRIC_REPRESENTATION_CONTEXT(2) 
PARAMETRIC_REPRESENTATION_CONTEXT() REPRESENTATION_CONTEXT('2D SPACE',''
  ) );
#2079 = ORIENTED_EDGE('',*,*,#2080,.F.);
#2080 = EDGE_CURVE('',#2081,#2057,#2083,.T.);
#2081 = VERTEX_POINT('',#2082);
#2082 = CARTESIAN_POINT('',(23.550510257217,59.5,5.2));
#2083 = SURFACE_CURVE('',#2084,(#2088,#2094),.PCURVE_S1.);
#2084 = LINE('',#2085,#2086);
#2085 = CARTESIAN_POINT('',(23.550510257217,59.5,1.8));
#2086 = VECTOR('',#2087,1.);
#2087 = DIRECTION('',(-0.,-0.,-1.));
#2088 = PCURVE('',#1715,#2089);
#2089 = DEFINITIONAL_REPRESENTATION('',(#2090),#2093);
#2090 = B_SPLINE_CURVE_WITH_KNOTS('',1,(#2091,#2092),.UNSPECIFIED.,.F.,
  .F.,(2,2),(-3.74,2.400000000069E-06),.PIECEWISE_BEZIER_KNOTS.);
#2091 = CARTESIAN_POINT('',(-3.34295057438,-3.74));
#2092 = CARTESIAN_POINT('',(-3.34295057438,2.400000000069E-06));
#2093 = ( GEOMETRIC_REPRESENTATION_CONTEXT(2) 
PARAMETRIC_REPRESENTATION_CONTEXT() REPRESENTATION_CONTEXT('2D SPACE',''
  ) );
#2094 = PCURVE('',#2095,#2100);
#2095 = PLANE('',#2096);
#2096 = AXIS2_PLACEMENT_3D('',#2097,#2098,#2099);
#2097 = CARTESIAN_POINT('',(20.,59.5,1.8));
#2098 = DIRECTION('',(-0.,1.,0.));
#2099 = DIRECTION('',(0.,0.,1.));
#2100 = DEFINITIONAL_REPRESENTATION('',(#2101),#2104);
#2101 = B_SPLINE_CURVE_WITH_KNOTS('',1,(#2102,#2103),.UNSPECIFIED.,.F.,
  .F.,(2,2),(-3.74,2.400000000069E-06),.PIECEWISE_BEZIER_KNOTS.);
#2102 = CARTESIAN_POINT('',(3.74,3.550510257217));
#2103 = CARTESIAN_POINT('',(-2.400000000069E-06,3.550510257217));
#2104 = ( GEOMETRIC_REPRESENTATION_CONTEXT(2) 
PARAMETRIC_REPRESENTATION_CONTEXT() REPRESENTATION_CONTEXT('2D SPACE',''
  ) );
#2105 = ORIENTED_EDGE('',*,*,#2106,.T.);
#2106 = EDGE_CURVE('',#2081,#2107,#2109,.T.);
#2107 = VERTEX_POINT('',#2108);
#2108 = CARTESIAN_POINT('',(23.550510257217,60.5,5.2));
#2109 = SURFACE_CURVE('',#2110,(#2115,#2122),.PCURVE_S1.);
#2110 = CIRCLE('',#2111,2.5);
#2111 = AXIS2_PLACEMENT_3D('',#2112,#2113,#2114);
#2112 = CARTESIAN_POINT('',(26.,60.,5.2));
#2113 = DIRECTION('',(0.,-0.,-1.));
#2114 = DIRECTION('',(1.,0.,-0.));
#2115 = PCURVE('',#1715,#2116);
#2116 = DEFINITIONAL_REPRESENTATION('',(#2117),#2121);
#2117 = LINE('',#2118,#2119);
#2118 = CARTESIAN_POINT('',(-6.28318530718,-3.4));
#2119 = VECTOR('',#2120,1.);
#2120 = DIRECTION('',(1.,-0.));
#2121 = ( GEOMETRIC_REPRESENTATION_CONTEXT(2) 
PARAMETRIC_REPRESENTATION_CONTEXT() REPRESENTATION_CONTEXT('2D SPACE',''
  ) );
#2122 = PCURVE('',#2123,#2128);
#2123 = PLANE('',#2124);
#2124 = AXIS2_PLACEMENT_3D('',#2125,#2126,#2127);
#2125 = CARTESIAN_POINT('',(20.,59.5,5.2));
#2126 = DIRECTION('',(0.,0.,1.));
#2127 = DIRECTION('',(1.,0.,-0.));
#2128 = DEFINITIONAL_REPRESENTATION('',(#2129),#2137);
#2129 = ( BOUNDED_CURVE() B_SPLINE_CURVE(2,(#2130,#2131,#2132,#2133,
#2134,#2135,#2136),.UNSPECIFIED.,.T.,.F.) B_SPLINE_CURVE_WITH_KNOTS((1,2
    ,2,2,2,1),(-2.094395102393,0.,2.094395102393,4.188790204786,
6.28318530718,8.377580409573),.UNSPECIFIED.) CURVE() 
GEOMETRIC_REPRESENTATION_ITEM() RATIONAL_B_SPLINE_CURVE((1.,0.5,1.,0.5,
1.,0.5,1.)) REPRESENTATION_ITEM('') );
#2130 = CARTESIAN_POINT('',(8.5,0.5));
#2131 = CARTESIAN_POINT('',(8.5,-3.830127018922));
#2132 = CARTESIAN_POINT('',(4.75,-1.665063509461));
#2133 = CARTESIAN_POINT('',(1.,0.5));
#2134 = CARTESIAN_POINT('',(4.75,2.665063509461));
#2135 = CARTESIAN_POINT('',(8.5,4.830127018922));
#2136 = CARTESIAN_POINT('',(8.5,0.5));
#2137 = ( GEOMETRIC_REPRESENTATION_CONTEXT(2) 
PARAMETRIC_REPRESENTATION_CONTEXT() REPRESENTATION_CONTEXT('2D SPACE',''
  ) );
#2138 = ORIENTED_EDGE('',*,*,#2139,.T.);
#2139 = EDGE_CURVE('',#2107,#2140,#2142,.T.);
#2140 = VERTEX_POINT('',#2141);
#2141 = CARTESIAN_POINT('',(23.550510257217,60.5,1.8));
#2142 = SURFACE_CURVE('',#2143,(#2147,#2153),.PCURVE_S1.);
#2143 = LINE('',#2144,#2145);
#2144 = CARTESIAN_POINT('',(23.550510257217,60.5,1.8));
#2145 = VECTOR('',#2146,1.);
#2146 = DIRECTION('',(-0.,-0.,-1.));
#2147 = PCURVE('',#1715,#2148);
#2148 = DEFINITIONAL_REPRESENTATION('',(#2149),#2152);
#2149 = B_SPLINE_CURVE_WITH_KNOTS('',1,(#2150,#2151),.UNSPECIFIED.,.F.,
  .F.,(2,2),(-3.74,2.400000000069E-06),.PIECEWISE_BEZIER_KNOTS.);
#2150 = CARTESIAN_POINT('',(-2.940234732799,-3.74));
#2151 = CARTESIAN_POINT('',(-2.940234732799,2.400000000069E-06));
#2152 = ( GEOMETRIC_REPRESENTATION_CONTEXT(2) 
PARAMETRIC_REPRESENTATION_CONTEXT() REPRESENTATION_CONTEXT('2D SPACE',''
  ) );
#2153 = PCURVE('',#2154,#2159);
#2154 = PLANE('',#2155);
#2155 = AXIS2_PLACEMENT_3D('',#2156,#2157,#2158);
#2156 = CARTESIAN_POINT('',(20.,60.5,1.8));
#2157 = DIRECTION('',(-0.,1.,0.));
#2158 = DIRECTION('',(0.,0.,1.));
#2159 = DEFINITIONAL_REPRESENTATION('',(#2160),#2163);
#2160 = B_SPLINE_CURVE_WITH_KNOTS('',1,(#2161,#2162),.UNSPECIFIED.,.F.,
  .F.,(2,2),(-3.74,2.400000000069E-06),.PIECEWISE_BEZIER_KNOTS.);
#2161 = CARTESIAN_POINT('',(3.74,3.550510257217));
#2162 = CARTESIAN_POINT('',(-2.400000000069E-06,3.550510257217));
#2163 = ( GEOMETRIC_REPRESENTATION_CONTEXT(2) 
PARAMETRIC_REPRESENTATION_CONTEXT() REPRESENTATION_CONTEXT('2D SPACE',''
  ) );
#2164 = ORIENTED_EDGE('',*,*,#2165,.F.);
#2165 = EDGE_CURVE('',#2166,#2140,#2168,.T.);
#2166 = VERTEX_POINT('',#2167);
#2167 = CARTESIAN_POINT('',(25.5,62.449489742783,1.8));
#2168 = SURFACE_CURVE('',#2169,(#2174,#2181),.PCURVE_S1.);
#2169 = CIRCLE('',#2170,2.5);
#2170 = AXIS2_PLACEMENT_3D('',#2171,#2172,#2173);
#2171 = CARTESIAN_POINT('',(26.,60.,1.8));
#2172 = DIRECTION('',(0.,0.,1.));
#2173 = DIRECTION('',(1.,0.,-0.));
#2174 = PCURVE('',#1715,#2175);
#2175 = DEFINITIONAL_REPRESENTATION('',(#2176),#2180);
#2176 = LINE('',#2177,#2178);
#2177 = CARTESIAN_POINT('',(-0.,0.));
#2178 = VECTOR('',#2179,1.);
#2179 = DIRECTION('',(-1.,0.));
#2180 = ( GEOMETRIC_REPRESENTATION_CONTEXT(2) 
PARAMETRIC_REPRESENTATION_CONTEXT() REPRESENTATION_CONTEXT('2D SPACE',''
  ) );
#2181 = PCURVE('',#1507,#2182);
#2182 = DEFINITIONAL_REPRESENTATION('',(#2183),#2187);
#2183 = CIRCLE('',#2184,2.5);
#2184 = AXIS2_PLACEMENT_2D('',#2185,#2186);
#2185 = CARTESIAN_POINT('',(26.000000000584,59.989310105262));
#2186 = DIRECTION('',(1.,0.));
#2187 = ( GEOMETRIC_REPRESENTATION_CONTEXT(2) 
PARAMETRIC_REPRESENTATION_CONTEXT() REPRESENTATION_CONTEXT('2D SPACE',''
  ) );
#2188 = ORIENTED_EDGE('',*,*,#2189,.F.);
#2189 = EDGE_CURVE('',#2190,#2166,#2192,.T.);
#2190 = VERTEX_POINT('',#2191);
#2191 = CARTESIAN_POINT('',(25.5,62.449489742783,5.2));
#2192 = SURFACE_CURVE('',#2193,(#2197,#2203),.PCURVE_S1.);
#2193 = LINE('',#2194,#2195);
#2194 = CARTESIAN_POINT('',(25.5,62.449489742783,1.8));
#2195 = VECTOR('',#2196,1.);
#2196 = DIRECTION('',(-0.,-0.,-1.));
#2197 = PCURVE('',#1715,#2198);
#2198 = DEFINITIONAL_REPRESENTATION('',(#2199),#2202);
#2199 = B_SPLINE_CURVE_WITH_KNOTS('',1,(#2200,#2201),.UNSPECIFIED.,.F.,
  .F.,(2,2),(-3.74,2.400000000069E-06),.PIECEWISE_BEZIER_KNOTS.);
#2200 = CARTESIAN_POINT('',(-1.772154247585,-3.74));
#2201 = CARTESIAN_POINT('',(-1.772154247585,2.400000000069E-06));
#2202 = ( GEOMETRIC_REPRESENTATION_CONTEXT(2) 
PARAMETRIC_REPRESENTATION_CONTEXT() REPRESENTATION_CONTEXT('2D SPACE',''
  ) );
#2203 = PCURVE('',#1660,#2204);
#2204 = DEFINITIONAL_REPRESENTATION('',(#2205),#2208);
#2205 = B_SPLINE_CURVE_WITH_KNOTS('',1,(#2206,#2207),.UNSPECIFIED.,.F.,
  .F.,(2,2),(-3.74,2.400000000069E-06),.PIECEWISE_BEZIER_KNOTS.);
#2206 = CARTESIAN_POINT('',(3.74,-8.449489742783));
#2207 = CARTESIAN_POINT('',(-2.400000000069E-06,-8.449489742783));
#2208 = ( GEOMETRIC_REPRESENTATION_CONTEXT(2) 
PARAMETRIC_REPRESENTATION_CONTEXT() REPRESENTATION_CONTEXT('2D SPACE',''
  ) );
#2209 = ORIENTED_EDGE('',*,*,#2210,.T.);
#2210 = EDGE_CURVE('',#2190,#2211,#2213,.T.);
#2211 = VERTEX_POINT('',#2212);
#2212 = CARTESIAN_POINT('',(26.5,62.449489742783,5.2));
#2213 = SURFACE_CURVE('',#2214,(#2219,#2226),.PCURVE_S1.);
#2214 = CIRCLE('',#2215,2.5);
#2215 = AXIS2_PLACEMENT_3D('',#2216,#2217,#2218);
#2216 = CARTESIAN_POINT('',(26.,60.,5.2));
#2217 = DIRECTION('',(0.,-0.,-1.));
#2218 = DIRECTION('',(1.,0.,-0.));
#2219 = PCURVE('',#1715,#2220);
#2220 = DEFINITIONAL_REPRESENTATION('',(#2221),#2225);
#2221 = LINE('',#2222,#2223);
#2222 = CARTESIAN_POINT('',(-6.28318530718,-3.4));
#2223 = VECTOR('',#2224,1.);
#2224 = DIRECTION('',(1.,-0.));
#2225 = ( GEOMETRIC_REPRESENTATION_CONTEXT(2) 
PARAMETRIC_REPRESENTATION_CONTEXT() REPRESENTATION_CONTEXT('2D SPACE',''
  ) );
#2226 = PCURVE('',#1635,#2227);
#2227 = DEFINITIONAL_REPRESENTATION('',(#2228),#2236);
#2228 = ( BOUNDED_CURVE() B_SPLINE_CURVE(2,(#2229,#2230,#2231,#2232,
#2233,#2234,#2235),.UNSPECIFIED.,.T.,.F.) B_SPLINE_CURVE_WITH_KNOTS((1,2
    ,2,2,2,1),(-2.094395102393,0.,2.094395102393,4.188790204786,
6.28318530718,8.377580409573),.UNSPECIFIED.) CURVE() 
GEOMETRIC_REPRESENTATION_ITEM() RATIONAL_B_SPLINE_CURVE((1.,0.5,1.,0.5,
1.,0.5,1.)) REPRESENTATION_ITEM('') );
#2229 = CARTESIAN_POINT('',(8.5,0.5));
#2230 = CARTESIAN_POINT('',(8.5,-3.830127018922));
#2231 = CARTESIAN_POINT('',(4.75,-1.665063509461));
#2232 = CARTESIAN_POINT('',(1.,0.5));
#2233 = CARTESIAN_POINT('',(4.75,2.665063509461));
#2234 = CARTESIAN_POINT('',(8.5,4.830127018922));
#2235 = CARTESIAN_POINT('',(8.5,0.5));
#2236 = ( GEOMETRIC_REPRESENTATION_CONTEXT(2) 
PARAMETRIC_REPRESENTATION_CONTEXT() REPRESENTATION_CONTEXT('2D SPACE',''
  ) );
#2237 = ORIENTED_EDGE('',*,*,#2238,.T.);
#2238 = EDGE_CURVE('',#2211,#1676,#2239,.T.);
#2239 = SURFACE_CURVE('',#2240,(#2244,#2250),.PCURVE_S1.);
#2240 = LINE('',#2241,#2242);
#2241 = CARTESIAN_POINT('',(26.5,62.449489742783,1.8));
#2242 = VECTOR('',#2243,1.);
#2243 = DIRECTION('',(-0.,-0.,-1.));
#2244 = PCURVE('',#1715,#2245);
#2245 = DEFINITIONAL_REPRESENTATION('',(#2246),#2249);
#2246 = B_SPLINE_CURVE_WITH_KNOTS('',1,(#2247,#2248),.UNSPECIFIED.,.F.,
  .F.,(2,2),(-3.74,2.400000000069E-06),.PIECEWISE_BEZIER_KNOTS.);
#2247 = CARTESIAN_POINT('',(-1.369438406005,-3.74));
#2248 = CARTESIAN_POINT('',(-1.369438406005,2.400000000069E-06));
#2249 = ( GEOMETRIC_REPRESENTATION_CONTEXT(2) 
PARAMETRIC_REPRESENTATION_CONTEXT() REPRESENTATION_CONTEXT('2D SPACE',''
  ) );
#2250 = PCURVE('',#1608,#2251);
#2251 = DEFINITIONAL_REPRESENTATION('',(#2252),#2255);
#2252 = B_SPLINE_CURVE_WITH_KNOTS('',1,(#2253,#2254),.UNSPECIFIED.,.F.,
  .F.,(2,2),(-3.74,2.400000000069E-06),.PIECEWISE_BEZIER_KNOTS.);
#2253 = CARTESIAN_POINT('',(3.74,-8.449489742783));
#2254 = CARTESIAN_POINT('',(-2.400000000069E-06,-8.449489742783));
#2255 = ( GEOMETRIC_REPRESENTATION_CONTEXT(2) 
PARAMETRIC_REPRESENTATION_CONTEXT() REPRESENTATION_CONTEXT('2D SPACE',''
  ) );
#2256 = ORIENTED_EDGE('',*,*,#1698,.F.);
#2257 = ORIENTED_EDGE('',*,*,#2258,.F.);
#2258 = EDGE_CURVE('',#1808,#1699,#2259,.T.);
#2259 = SURFACE_CURVE('',#2260,(#2264,#2270),.PCURVE_S1.);
#2260 = LINE('',#2261,#2262);
#2261 = CARTESIAN_POINT('',(28.449489742783,60.5,1.8));
#2262 = VECTOR('',#2263,1.);
#2263 = DIRECTION('',(-0.,-0.,-1.));
#2264 = PCURVE('',#1715,#2265);
#2265 = DEFINITIONAL_REPRESENTATION('',(#2266),#2269);
#2266 = B_SPLINE_CURVE_WITH_KNOTS('',1,(#2267,#2268),.UNSPECIFIED.,.F.,
  .F.,(2,2),(-3.74,2.400000000069E-06),.PIECEWISE_BEZIER_KNOTS.);
#2267 = CARTESIAN_POINT('',(-0.20135792079,-3.74));
#2268 = CARTESIAN_POINT('',(-0.20135792079,2.400000000069E-06));
#2269 = ( GEOMETRIC_REPRESENTATION_CONTEXT(2) 
PARAMETRIC_REPRESENTATION_CONTEXT() REPRESENTATION_CONTEXT('2D SPACE',''
  ) );
#2270 = PCURVE('',#1743,#2271);
#2271 = DEFINITIONAL_REPRESENTATION('',(#2272),#2275);
#2272 = B_SPLINE_CURVE_WITH_KNOTS('',1,(#2273,#2274),.UNSPECIFIED.,.F.,
  .F.,(2,2),(-3.74,2.400000000069E-06),.PIECEWISE_BEZIER_KNOTS.);
#2273 = CARTESIAN_POINT('',(3.74,8.449489742783));
#2274 = CARTESIAN_POINT('',(-2.400000000069E-06,8.449489742783));
#2275 = ( GEOMETRIC_REPRESENTATION_CONTEXT(2) 
PARAMETRIC_REPRESENTATION_CONTEXT() REPRESENTATION_CONTEXT('2D SPACE',''
  ) );
#2276 = ADVANCED_FACE('',(#2277,#2280),#1880,.T.);
#2277 = FACE_BOUND('',#2278,.T.);
#2278 = EDGE_LOOP('',(#2279));
#2279 = ORIENTED_EDGE('',*,*,#1865,.T.);
#2280 = FACE_BOUND('',#2281,.T.);
#2281 = EDGE_LOOP('',(#2282));
#2282 = ORIENTED_EDGE('',*,*,#2283,.T.);
#2283 = EDGE_CURVE('',#2284,#2284,#2286,.T.);
#2284 = VERTEX_POINT('',#2285);
#2285 = CARTESIAN_POINT('',(27.9,60.,7.25));
#2286 = SURFACE_CURVE('',#2287,(#2292,#2303),.PCURVE_S1.);
#2287 = CIRCLE('',#2288,1.9);
#2288 = AXIS2_PLACEMENT_3D('',#2289,#2290,#2291);
#2289 = CARTESIAN_POINT('',(26.,60.,7.25));
#2290 = DIRECTION('',(0.,-0.,-1.));
#2291 = DIRECTION('',(1.,0.,-0.));
#2292 = PCURVE('',#1880,#2293);
#2293 = DEFINITIONAL_REPRESENTATION('',(#2294),#2302);
#2294 = ( BOUNDED_CURVE() B_SPLINE_CURVE(2,(#2295,#2296,#2297,#2298,
#2299,#2300,#2301),.UNSPECIFIED.,.T.,.F.) B_SPLINE_CURVE_WITH_KNOTS((1,2
    ,2,2,2,1),(-2.094395102393,0.,2.094395102393,4.188790204786,
6.28318530718,8.377580409573),.UNSPECIFIED.) CURVE() 
GEOMETRIC_REPRESENTATION_ITEM() RATIONAL_B_SPLINE_CURVE((1.,0.5,1.,0.5,
1.,0.5,1.)) REPRESENTATION_ITEM('') );
#2295 = CARTESIAN_POINT('',(1.9,0.));
#2296 = CARTESIAN_POINT('',(1.9,-3.290896534381));
#2297 = CARTESIAN_POINT('',(-0.95,-1.64544826719));
#2298 = CARTESIAN_POINT('',(-3.8,-4.65365783676E-16));
#2299 = CARTESIAN_POINT('',(-0.95,1.64544826719));
#2300 = CARTESIAN_POINT('',(1.9,3.290896534381));
#2301 = CARTESIAN_POINT('',(1.9,0.));
#2302 = ( GEOMETRIC_REPRESENTATION_CONTEXT(2) 
PARAMETRIC_REPRESENTATION_CONTEXT() REPRESENTATION_CONTEXT('2D SPACE',''
  ) );
#2303 = PCURVE('',#2304,#2309);
#2304 = CYLINDRICAL_SURFACE('',#2305,1.9);
#2305 = AXIS2_PLACEMENT_3D('',#2306,#2307,#2308);
#2306 = CARTESIAN_POINT('',(26.,60.,6.65));
#2307 = DIRECTION('',(-0.,-0.,-1.));
#2308 = DIRECTION('',(1.,0.,-0.));
#2309 = DEFINITIONAL_REPRESENTATION('',(#2310),#2314);
#2310 = LINE('',#2311,#2312);
#2311 = CARTESIAN_POINT('',(-6.28318530718,-0.6));
#2312 = VECTOR('',#2313,1.);
#2313 = DIRECTION('',(1.,-0.));
#2314 = ( GEOMETRIC_REPRESENTATION_CONTEXT(2) 
PARAMETRIC_REPRESENTATION_CONTEXT() REPRESENTATION_CONTEXT('2D SPACE',''
  ) );
#2315 = ADVANCED_FACE('',(#2316),#2304,.F.);
#2316 = FACE_BOUND('',#2317,.T.);
#2317 = EDGE_LOOP('',(#2318,#2347,#2368,#2369));
#2318 = ORIENTED_EDGE('',*,*,#2319,.F.);
#2319 = EDGE_CURVE('',#2320,#2320,#2322,.T.);
#2320 = VERTEX_POINT('',#2321);
#2321 = CARTESIAN_POINT('',(27.9,60.,6.65));
#2322 = SURFACE_CURVE('',#2323,(#2328,#2335),.PCURVE_S1.);
#2323 = CIRCLE('',#2324,1.9);
#2324 = AXIS2_PLACEMENT_3D('',#2325,#2326,#2327);
#2325 = CARTESIAN_POINT('',(26.,60.,6.65));
#2326 = DIRECTION('',(0.,0.,1.));
#2327 = DIRECTION('',(1.,0.,-0.));
#2328 = PCURVE('',#2304,#2329);
#2329 = DEFINITIONAL_REPRESENTATION('',(#2330),#2334);
#2330 = LINE('',#2331,#2332);
#2331 = CARTESIAN_POINT('',(-0.,0.));
#2332 = VECTOR('',#2333,1.);
#2333 = DIRECTION('',(-1.,0.));
#2334 = ( GEOMETRIC_REPRESENTATION_CONTEXT(2) 
PARAMETRIC_REPRESENTATION_CONTEXT() REPRESENTATION_CONTEXT('2D SPACE',''
  ) );
#2335 = PCURVE('',#2336,#2341);
#2336 = PLANE('',#2337);
#2337 = AXIS2_PLACEMENT_3D('',#2338,#2339,#2340);
#2338 = CARTESIAN_POINT('',(26.,60.,6.65));
#2339 = DIRECTION('',(0.,0.,1.));
#2340 = DIRECTION('',(1.,0.,-0.));
#2341 = DEFINITIONAL_REPRESENTATION('',(#2342),#2346);
#2342 = CIRCLE('',#2343,1.9);
#2343 = AXIS2_PLACEMENT_2D('',#2344,#2345);
#2344 = CARTESIAN_POINT('',(2.249079165361E-16,-1.023653692829E-16));
#2345 = DIRECTION('',(1.,0.));
#2346 = ( GEOMETRIC_REPRESENTATION_CONTEXT(2) 
PARAMETRIC_REPRESENTATION_CONTEXT() REPRESENTATION_CONTEXT('2D SPACE',''
  ) );
#2347 = ORIENTED_EDGE('',*,*,#2348,.T.);
#2348 = EDGE_CURVE('',#2320,#2284,#2349,.T.);
#2349 = SEAM_CURVE('',#2350,(#2354,#2361),.PCURVE_S1.);
#2350 = LINE('',#2351,#2352);
#2351 = CARTESIAN_POINT('',(27.9,60.,6.65));
#2352 = VECTOR('',#2353,1.);
#2353 = DIRECTION('',(0.,0.,1.));
#2354 = PCURVE('',#2304,#2355);
#2355 = DEFINITIONAL_REPRESENTATION('',(#2356),#2360);
#2356 = LINE('',#2357,#2358);
#2357 = CARTESIAN_POINT('',(-6.28318530718,0.));
#2358 = VECTOR('',#2359,1.);
#2359 = DIRECTION('',(-0.,-1.));
#2360 = ( GEOMETRIC_REPRESENTATION_CONTEXT(2) 
PARAMETRIC_REPRESENTATION_CONTEXT() REPRESENTATION_CONTEXT('2D SPACE',''
  ) );
#2361 = PCURVE('',#2304,#2362);
#2362 = DEFINITIONAL_REPRESENTATION('',(#2363),#2367);
#2363 = LINE('',#2364,#2365);
#2364 = CARTESIAN_POINT('',(-0.,0.));
#2365 = VECTOR('',#2366,1.);
#2366 = DIRECTION('',(-0.,-1.));
#2367 = ( GEOMETRIC_REPRESENTATION_CONTEXT(2) 
PARAMETRIC_REPRESENTATION_CONTEXT() REPRESENTATION_CONTEXT('2D SPACE',''
  ) );
#2368 = ORIENTED_EDGE('',*,*,#2283,.F.);
#2369 = ORIENTED_EDGE('',*,*,#2348,.F.);
#2370 = ADVANCED_FACE('',(#2371,#2374),#2336,.T.);
#2371 = FACE_BOUND('',#2372,.T.);
#2372 = EDGE_LOOP('',(#2373));
#2373 = ORIENTED_EDGE('',*,*,#2319,.T.);
#2374 = FACE_BOUND('',#2375,.T.);
#2375 = EDGE_LOOP('',(#2376));
#2376 = ORIENTED_EDGE('',*,*,#2377,.T.);
#2377 = EDGE_CURVE('',#2378,#2378,#2380,.T.);
#2378 = VERTEX_POINT('',#2379);
#2379 = CARTESIAN_POINT('',(27.6,60.,6.65));
#2380 = SURFACE_CURVE('',#2381,(#2386,#2397),.PCURVE_S1.);
#2381 = CIRCLE('',#2382,1.6);
#2382 = AXIS2_PLACEMENT_3D('',#2383,#2384,#2385);
#2383 = CARTESIAN_POINT('',(26.,60.,6.65));
#2384 = DIRECTION('',(0.,-0.,-1.));
#2385 = DIRECTION('',(1.,0.,-0.));
#2386 = PCURVE('',#2336,#2387);
#2387 = DEFINITIONAL_REPRESENTATION('',(#2388),#2396);
#2388 = ( BOUNDED_CURVE() B_SPLINE_CURVE(2,(#2389,#2390,#2391,#2392,
#2393,#2394,#2395),.UNSPECIFIED.,.T.,.F.) B_SPLINE_CURVE_WITH_KNOTS((1,2
    ,2,2,2,1),(-2.094395102393,0.,2.094395102393,4.188790204786,
6.28318530718,8.377580409573),.UNSPECIFIED.) CURVE() 
GEOMETRIC_REPRESENTATION_ITEM() RATIONAL_B_SPLINE_CURVE((1.,0.5,1.,0.5,
1.,0.5,1.)) REPRESENTATION_ITEM('') );
#2389 = CARTESIAN_POINT('',(1.6,0.));
#2390 = CARTESIAN_POINT('',(1.6,-2.77128129211));
#2391 = CARTESIAN_POINT('',(-0.8,-1.385640646055));
#2392 = CARTESIAN_POINT('',(-3.2,-3.918869757272E-16));
#2393 = CARTESIAN_POINT('',(-0.8,1.385640646055));
#2394 = CARTESIAN_POINT('',(1.6,2.77128129211));
#2395 = CARTESIAN_POINT('',(1.6,0.));
#2396 = ( GEOMETRIC_REPRESENTATION_CONTEXT(2) 
PARAMETRIC_REPRESENTATION_CONTEXT() REPRESENTATION_CONTEXT('2D SPACE',''
  ) );
#2397 = PCURVE('',#2398,#2403);
#2398 = CYLINDRICAL_SURFACE('',#2399,1.6);
#2399 = AXIS2_PLACEMENT_3D('',#2400,#2401,#2402);
#2400 = CARTESIAN_POINT('',(26.,60.,2.25));
#2401 = DIRECTION('',(-0.,-0.,-1.));
#2402 = DIRECTION('',(1.,0.,-0.));
#2403 = DEFINITIONAL_REPRESENTATION('',(#2404),#2408);
#2404 = LINE('',#2405,#2406);
#2405 = CARTESIAN_POINT('',(-6.28318530718,-4.4));
#2406 = VECTOR('',#2407,1.);
#2407 = DIRECTION('',(1.,-0.));
#2408 = ( GEOMETRIC_REPRESENTATION_CONTEXT(2) 
PARAMETRIC_REPRESENTATION_CONTEXT() REPRESENTATION_CONTEXT('2D SPACE',''
  ) );
#2409 = ADVANCED_FACE('',(#2410),#2398,.F.);
#2410 = FACE_BOUND('',#2411,.T.);
#2411 = EDGE_LOOP('',(#2412,#2435,#2462,#2463));
#2412 = ORIENTED_EDGE('',*,*,#2413,.F.);
#2413 = EDGE_CURVE('',#2414,#2378,#2416,.T.);
#2414 = VERTEX_POINT('',#2415);
#2415 = CARTESIAN_POINT('',(27.6,60.,2.25));
#2416 = SEAM_CURVE('',#2417,(#2421,#2428),.PCURVE_S1.);
#2417 = LINE('',#2418,#2419);
#2418 = CARTESIAN_POINT('',(27.6,60.,2.25));
#2419 = VECTOR('',#2420,1.);
#2420 = DIRECTION('',(0.,0.,1.));
#2421 = PCURVE('',#2398,#2422);
#2422 = DEFINITIONAL_REPRESENTATION('',(#2423),#2427);
#2423 = LINE('',#2424,#2425);
#2424 = CARTESIAN_POINT('',(-6.28318530718,0.));
#2425 = VECTOR('',#2426,1.);
#2426 = DIRECTION('',(-0.,-1.));
#2427 = ( GEOMETRIC_REPRESENTATION_CONTEXT(2) 
PARAMETRIC_REPRESENTATION_CONTEXT() REPRESENTATION_CONTEXT('2D SPACE',''
  ) );
#2428 = PCURVE('',#2398,#2429);
#2429 = DEFINITIONAL_REPRESENTATION('',(#2430),#2434);
#2430 = LINE('',#2431,#2432);
#2431 = CARTESIAN_POINT('',(-0.,0.));
#2432 = VECTOR('',#2433,1.);
#2433 = DIRECTION('',(-0.,-1.));
#2434 = ( GEOMETRIC_REPRESENTATION_CONTEXT(2) 
PARAMETRIC_REPRESENTATION_CONTEXT() REPRESENTATION_CONTEXT('2D SPACE',''
  ) );
#2435 = ORIENTED_EDGE('',*,*,#2436,.F.);
#2436 = EDGE_CURVE('',#2414,#2414,#2437,.T.);
#2437 = SURFACE_CURVE('',#2438,(#2443,#2450),.PCURVE_S1.);
#2438 = CIRCLE('',#2439,1.6);
#2439 = AXIS2_PLACEMENT_3D('',#2440,#2441,#2442);
#2440 = CARTESIAN_POINT('',(26.,60.,2.25));
#2441 = DIRECTION('',(0.,0.,1.));
#2442 = DIRECTION('',(1.,0.,-0.));
#2443 = PCURVE('',#2398,#2444);
#2444 = DEFINITIONAL_REPRESENTATION('',(#2445),#2449);
#2445 = LINE('',#2446,#2447);
#2446 = CARTESIAN_POINT('',(-0.,0.));
#2447 = VECTOR('',#2448,1.);
#2448 = DIRECTION('',(-1.,0.));
#2449 = ( GEOMETRIC_REPRESENTATION_CONTEXT(2) 
PARAMETRIC_REPRESENTATION_CONTEXT() REPRESENTATION_CONTEXT('2D SPACE',''
  ) );
#2450 = PCURVE('',#2451,#2456);
#2451 = PLANE('',#2452);
#2452 = AXIS2_PLACEMENT_3D('',#2453,#2454,#2455);
#2453 = CARTESIAN_POINT('',(26.,60.,2.25));
#2454 = DIRECTION('',(0.,0.,1.));
#2455 = DIRECTION('',(1.,0.,-0.));
#2456 = DEFINITIONAL_REPRESENTATION('',(#2457),#2461);
#2457 = CIRCLE('',#2458,1.6);
#2458 = AXIS2_PLACEMENT_2D('',#2459,#2460);
#2459 = CARTESIAN_POINT('',(1.068312603546E-16,-1.483480247548E-16));
#2460 = DIRECTION('',(1.,0.));
#2461 = ( GEOMETRIC_REPRESENTATION_CONTEXT(2) 
PARAMETRIC_REPRESENTATION_CONTEXT() REPRESENTATION_CONTEXT('2D SPACE',''
  ) );
#2462 = ORIENTED_EDGE('',*,*,#2413,.T.);
#2463 = ORIENTED_EDGE('',*,*,#2377,.F.);
#2464 = ADVANCED_FACE('',(#2465),#2451,.T.);
#2465 = FACE_BOUND('',#2466,.T.);
#2466 = EDGE_LOOP('',(#2467));
#2467 = ORIENTED_EDGE('',*,*,#2436,.T.);
#2468 = ADVANCED_FACE('',(#2469),#1936,.F.);
#2469 = FACE_BOUND('',#2470,.F.);
#2470 = EDGE_LOOP('',(#2471,#2494,#2495,#2518));
#2471 = ORIENTED_EDGE('',*,*,#2472,.F.);
#2472 = EDGE_CURVE('',#1922,#2473,#2475,.T.);
#2473 = VERTEX_POINT('',#2474);
#2474 = CARTESIAN_POINT('',(31.200000005096,59.5,1.8));
#2475 = SURFACE_CURVE('',#2476,(#2480,#2487),.PCURVE_S1.);
#2476 = LINE('',#2477,#2478);
#2477 = CARTESIAN_POINT('',(20.,59.5,1.8));
#2478 = VECTOR('',#2479,1.);
#2479 = DIRECTION('',(1.,0.,-0.));
#2480 = PCURVE('',#1936,#2481);
#2481 = DEFINITIONAL_REPRESENTATION('',(#2482),#2486);
#2482 = LINE('',#2483,#2484);
#2483 = CARTESIAN_POINT('',(0.,0.));
#2484 = VECTOR('',#2485,1.);
#2485 = DIRECTION('',(0.,1.));
#2486 = ( GEOMETRIC_REPRESENTATION_CONTEXT(2) 
PARAMETRIC_REPRESENTATION_CONTEXT() REPRESENTATION_CONTEXT('2D SPACE',''
  ) );
#2487 = PCURVE('',#1507,#2488);
#2488 = DEFINITIONAL_REPRESENTATION('',(#2489),#2493);
#2489 = LINE('',#2490,#2491);
#2490 = CARTESIAN_POINT('',(20.000000000584,59.489310105262));
#2491 = VECTOR('',#2492,1.);
#2492 = DIRECTION('',(1.,0.));
#2493 = ( GEOMETRIC_REPRESENTATION_CONTEXT(2) 
PARAMETRIC_REPRESENTATION_CONTEXT() REPRESENTATION_CONTEXT('2D SPACE',''
  ) );
#2494 = ORIENTED_EDGE('',*,*,#1921,.F.);
#2495 = ORIENTED_EDGE('',*,*,#2496,.T.);
#2496 = EDGE_CURVE('',#1894,#2497,#2499,.T.);
#2497 = VERTEX_POINT('',#2498);
#2498 = CARTESIAN_POINT('',(31.200000005096,59.5,5.2));
#2499 = SURFACE_CURVE('',#2500,(#2504,#2511),.PCURVE_S1.);
#2500 = LINE('',#2501,#2502);
#2501 = CARTESIAN_POINT('',(20.,59.5,5.2));
#2502 = VECTOR('',#2503,1.);
#2503 = DIRECTION('',(1.,0.,-0.));
#2504 = PCURVE('',#1936,#2505);
#2505 = DEFINITIONAL_REPRESENTATION('',(#2506),#2510);
#2506 = LINE('',#2507,#2508);
#2507 = CARTESIAN_POINT('',(3.4,0.));
#2508 = VECTOR('',#2509,1.);
#2509 = DIRECTION('',(0.,1.));
#2510 = ( GEOMETRIC_REPRESENTATION_CONTEXT(2) 
PARAMETRIC_REPRESENTATION_CONTEXT() REPRESENTATION_CONTEXT('2D SPACE',''
  ) );
#2511 = PCURVE('',#1826,#2512);
#2512 = DEFINITIONAL_REPRESENTATION('',(#2513),#2517);
#2513 = LINE('',#2514,#2515);
#2514 = CARTESIAN_POINT('',(0.,0.));
#2515 = VECTOR('',#2516,1.);
#2516 = DIRECTION('',(1.,0.));
#2517 = ( GEOMETRIC_REPRESENTATION_CONTEXT(2) 
PARAMETRIC_REPRESENTATION_CONTEXT() REPRESENTATION_CONTEXT('2D SPACE',''
  ) );
#2518 = ORIENTED_EDGE('',*,*,#2519,.F.);
#2519 = EDGE_CURVE('',#2473,#2497,#2520,.T.);
#2520 = SURFACE_CURVE('',#2521,(#2525,#2531),.PCURVE_S1.);
#2521 = LINE('',#2522,#2523);
#2522 = CARTESIAN_POINT('',(31.200000005096,59.5,1.8));
#2523 = VECTOR('',#2524,1.);
#2524 = DIRECTION('',(0.,0.,1.));
#2525 = PCURVE('',#1936,#2526);
#2526 = DEFINITIONAL_REPRESENTATION('',(#2527),#2530);
#2527 = B_SPLINE_CURVE_WITH_KNOTS('',1,(#2528,#2529),.UNSPECIFIED.,.F.,
  .F.,(2,2),(0.,3.4),.PIECEWISE_BEZIER_KNOTS.);
#2528 = CARTESIAN_POINT('',(0.,11.200000005096));
#2529 = CARTESIAN_POINT('',(3.4,11.200000005096));
#2530 = ( GEOMETRIC_REPRESENTATION_CONTEXT(2) 
PARAMETRIC_REPRESENTATION_CONTEXT() REPRESENTATION_CONTEXT('2D SPACE',''
  ) );
#2531 = PCURVE('',#1260,#2532);
#2532 = DEFINITIONAL_REPRESENTATION('',(#2533),#2537);
#2533 = LINE('',#2534,#2535);
#2534 = CARTESIAN_POINT('',(41.301316013688,0.));
#2535 = VECTOR('',#2536,1.);
#2536 = DIRECTION('',(0.,-1.));
#2537 = ( GEOMETRIC_REPRESENTATION_CONTEXT(2) 
PARAMETRIC_REPRESENTATION_CONTEXT() REPRESENTATION_CONTEXT('2D SPACE',''
  ) );
#2538 = ADVANCED_FACE('',(#2539),#1986,.T.);
#2539 = FACE_BOUND('',#2540,.T.);
#2540 = EDGE_LOOP('',(#2541,#2564,#2592,#2613));
#2541 = ORIENTED_EDGE('',*,*,#2542,.F.);
#2542 = EDGE_CURVE('',#2543,#1972,#2545,.T.);
#2543 = VERTEX_POINT('',#2544);
#2544 = CARTESIAN_POINT('',(26.5,54.,5.2));
#2545 = SURFACE_CURVE('',#2546,(#2550,#2557),.PCURVE_S1.);
#2546 = LINE('',#2547,#2548);
#2547 = CARTESIAN_POINT('',(26.5,54.,5.2));
#2548 = VECTOR('',#2549,1.);
#2549 = DIRECTION('',(-0.,1.,0.));
#2550 = PCURVE('',#1986,#2551);
#2551 = DEFINITIONAL_REPRESENTATION('',(#2552),#2556);
#2552 = LINE('',#2553,#2554);
#2553 = CARTESIAN_POINT('',(3.4,0.));
#2554 = VECTOR('',#2555,1.);
#2555 = DIRECTION('',(0.,-1.));
#2556 = ( GEOMETRIC_REPRESENTATION_CONTEXT(2) 
PARAMETRIC_REPRESENTATION_CONTEXT() REPRESENTATION_CONTEXT('2D SPACE',''
  ) );
#2557 = PCURVE('',#2014,#2558);
#2558 = DEFINITIONAL_REPRESENTATION('',(#2559),#2563);
#2559 = LINE('',#2560,#2561);
#2560 = CARTESIAN_POINT('',(6.5,-5.5));
#2561 = VECTOR('',#2562,1.);
#2562 = DIRECTION('',(0.,1.));
#2563 = ( GEOMETRIC_REPRESENTATION_CONTEXT(2) 
PARAMETRIC_REPRESENTATION_CONTEXT() REPRESENTATION_CONTEXT('2D SPACE',''
  ) );
#2564 = ORIENTED_EDGE('',*,*,#2565,.F.);
#2565 = EDGE_CURVE('',#2566,#2543,#2568,.T.);
#2566 = VERTEX_POINT('',#2567);
#2567 = CARTESIAN_POINT('',(26.5,54.,1.8));
#2568 = SURFACE_CURVE('',#2569,(#2573,#2580),.PCURVE_S1.);
#2569 = LINE('',#2570,#2571);
#2570 = CARTESIAN_POINT('',(26.5,54.,1.8));
#2571 = VECTOR('',#2572,1.);
#2572 = DIRECTION('',(0.,0.,1.));
#2573 = PCURVE('',#1986,#2574);
#2574 = DEFINITIONAL_REPRESENTATION('',(#2575),#2579);
#2575 = LINE('',#2576,#2577);
#2576 = CARTESIAN_POINT('',(0.,0.));
#2577 = VECTOR('',#2578,1.);
#2578 = DIRECTION('',(1.,0.));
#2579 = ( GEOMETRIC_REPRESENTATION_CONTEXT(2) 
PARAMETRIC_REPRESENTATION_CONTEXT() REPRESENTATION_CONTEXT('2D SPACE',''
  ) );
#2580 = PCURVE('',#2581,#2586);
#2581 = PLANE('',#2582);
#2582 = AXIS2_PLACEMENT_3D('',#2583,#2584,#2585);
#2583 = CARTESIAN_POINT('',(25.5,54.,1.8));
#2584 = DIRECTION('',(-0.,1.,0.));
#2585 = DIRECTION('',(0.,0.,1.));
#2586 = DEFINITIONAL_REPRESENTATION('',(#2587),#2591);
#2587 = LINE('',#2588,#2589);
#2588 = CARTESIAN_POINT('',(0.,1.));
#2589 = VECTOR('',#2590,1.);
#2590 = DIRECTION('',(1.,0.));
#2591 = ( GEOMETRIC_REPRESENTATION_CONTEXT(2) 
PARAMETRIC_REPRESENTATION_CONTEXT() REPRESENTATION_CONTEXT('2D SPACE',''
  ) );
#2592 = ORIENTED_EDGE('',*,*,#2593,.T.);
#2593 = EDGE_CURVE('',#2566,#1948,#2594,.T.);
#2594 = SURFACE_CURVE('',#2595,(#2599,#2606),.PCURVE_S1.);
#2595 = LINE('',#2596,#2597);
#2596 = CARTESIAN_POINT('',(26.5,54.,1.8));
#2597 = VECTOR('',#2598,1.);
#2598 = DIRECTION('',(-0.,1.,0.));
#2599 = PCURVE('',#1986,#2600);
#2600 = DEFINITIONAL_REPRESENTATION('',(#2601),#2605);
#2601 = LINE('',#2602,#2603);
#2602 = CARTESIAN_POINT('',(0.,0.));
#2603 = VECTOR('',#2604,1.);
#2604 = DIRECTION('',(0.,-1.));
#2605 = ( GEOMETRIC_REPRESENTATION_CONTEXT(2) 
PARAMETRIC_REPRESENTATION_CONTEXT() REPRESENTATION_CONTEXT('2D SPACE',''
  ) );
#2606 = PCURVE('',#1507,#2607);
#2607 = DEFINITIONAL_REPRESENTATION('',(#2608),#2612);
#2608 = LINE('',#2609,#2610);
#2609 = CARTESIAN_POINT('',(26.500000000584,53.989310105262));
#2610 = VECTOR('',#2611,1.);
#2611 = DIRECTION('',(0.,1.));
#2612 = ( GEOMETRIC_REPRESENTATION_CONTEXT(2) 
PARAMETRIC_REPRESENTATION_CONTEXT() REPRESENTATION_CONTEXT('2D SPACE',''
  ) );
#2613 = ORIENTED_EDGE('',*,*,#1971,.F.);
#2614 = ADVANCED_FACE('',(#2615),#2581,.F.);
#2615 = FACE_BOUND('',#2616,.F.);
#2616 = EDGE_LOOP('',(#2617,#2640,#2663,#2684));
#2617 = ORIENTED_EDGE('',*,*,#2618,.F.);
#2618 = EDGE_CURVE('',#2619,#2566,#2621,.T.);
#2619 = VERTEX_POINT('',#2620);
#2620 = CARTESIAN_POINT('',(25.5,54.,1.8));
#2621 = SURFACE_CURVE('',#2622,(#2626,#2633),.PCURVE_S1.);
#2622 = LINE('',#2623,#2624);
#2623 = CARTESIAN_POINT('',(25.5,54.,1.8));
#2624 = VECTOR('',#2625,1.);
#2625 = DIRECTION('',(1.,0.,-0.));
#2626 = PCURVE('',#2581,#2627);
#2627 = DEFINITIONAL_REPRESENTATION('',(#2628),#2632);
#2628 = LINE('',#2629,#2630);
#2629 = CARTESIAN_POINT('',(0.,0.));
#2630 = VECTOR('',#2631,1.);
#2631 = DIRECTION('',(0.,1.));
#2632 = ( GEOMETRIC_REPRESENTATION_CONTEXT(2) 
PARAMETRIC_REPRESENTATION_CONTEXT() REPRESENTATION_CONTEXT('2D SPACE',''
  ) );
#2633 = PCURVE('',#1507,#2634);
#2634 = DEFINITIONAL_REPRESENTATION('',(#2635),#2639);
#2635 = LINE('',#2636,#2637);
#2636 = CARTESIAN_POINT('',(25.500000000584,53.989310105262));
#2637 = VECTOR('',#2638,1.);
#2638 = DIRECTION('',(1.,0.));
#2639 = ( GEOMETRIC_REPRESENTATION_CONTEXT(2) 
PARAMETRIC_REPRESENTATION_CONTEXT() REPRESENTATION_CONTEXT('2D SPACE',''
  ) );
#2640 = ORIENTED_EDGE('',*,*,#2641,.T.);
#2641 = EDGE_CURVE('',#2619,#2642,#2644,.T.);
#2642 = VERTEX_POINT('',#2643);
#2643 = CARTESIAN_POINT('',(25.5,54.,5.2));
#2644 = SURFACE_CURVE('',#2645,(#2649,#2656),.PCURVE_S1.);
#2645 = LINE('',#2646,#2647);
#2646 = CARTESIAN_POINT('',(25.5,54.,1.8));
#2647 = VECTOR('',#2648,1.);
#2648 = DIRECTION('',(0.,0.,1.));
#2649 = PCURVE('',#2581,#2650);
#2650 = DEFINITIONAL_REPRESENTATION('',(#2651),#2655);
#2651 = LINE('',#2652,#2653);
#2652 = CARTESIAN_POINT('',(0.,0.));
#2653 = VECTOR('',#2654,1.);
#2654 = DIRECTION('',(1.,0.));
#2655 = ( GEOMETRIC_REPRESENTATION_CONTEXT(2) 
PARAMETRIC_REPRESENTATION_CONTEXT() REPRESENTATION_CONTEXT('2D SPACE',''
  ) );
#2656 = PCURVE('',#2045,#2657);
#2657 = DEFINITIONAL_REPRESENTATION('',(#2658),#2662);
#2658 = LINE('',#2659,#2660);
#2659 = CARTESIAN_POINT('',(0.,0.));
#2660 = VECTOR('',#2661,1.);
#2661 = DIRECTION('',(1.,0.));
#2662 = ( GEOMETRIC_REPRESENTATION_CONTEXT(2) 
PARAMETRIC_REPRESENTATION_CONTEXT() REPRESENTATION_CONTEXT('2D SPACE',''
  ) );
#2663 = ORIENTED_EDGE('',*,*,#2664,.T.);
#2664 = EDGE_CURVE('',#2642,#2543,#2665,.T.);
#2665 = SURFACE_CURVE('',#2666,(#2670,#2677),.PCURVE_S1.);
#2666 = LINE('',#2667,#2668);
#2667 = CARTESIAN_POINT('',(25.5,54.,5.2));
#2668 = VECTOR('',#2669,1.);
#2669 = DIRECTION('',(1.,0.,-0.));
#2670 = PCURVE('',#2581,#2671);
#2671 = DEFINITIONAL_REPRESENTATION('',(#2672),#2676);
#2672 = LINE('',#2673,#2674);
#2673 = CARTESIAN_POINT('',(3.4,0.));
#2674 = VECTOR('',#2675,1.);
#2675 = DIRECTION('',(0.,1.));
#2676 = ( GEOMETRIC_REPRESENTATION_CONTEXT(2) 
PARAMETRIC_REPRESENTATION_CONTEXT() REPRESENTATION_CONTEXT('2D SPACE',''
  ) );
#2677 = PCURVE('',#2014,#2678);
#2678 = DEFINITIONAL_REPRESENTATION('',(#2679),#2683);
#2679 = LINE('',#2680,#2681);
#2680 = CARTESIAN_POINT('',(5.5,-5.5));
#2681 = VECTOR('',#2682,1.);
#2682 = DIRECTION('',(1.,0.));
#2683 = ( GEOMETRIC_REPRESENTATION_CONTEXT(2) 
PARAMETRIC_REPRESENTATION_CONTEXT() REPRESENTATION_CONTEXT('2D SPACE',''
  ) );
#2684 = ORIENTED_EDGE('',*,*,#2565,.F.);
#2685 = ADVANCED_FACE('',(#2686),#2014,.T.);
#2686 = FACE_BOUND('',#2687,.T.);
#2687 = EDGE_LOOP('',(#2688,#2689,#2710,#2711));
#2688 = ORIENTED_EDGE('',*,*,#1997,.T.);
#2689 = ORIENTED_EDGE('',*,*,#2690,.F.);
#2690 = EDGE_CURVE('',#2642,#1998,#2691,.T.);
#2691 = SURFACE_CURVE('',#2692,(#2696,#2703),.PCURVE_S1.);
#2692 = LINE('',#2693,#2694);
#2693 = CARTESIAN_POINT('',(25.5,54.,5.2));
#2694 = VECTOR('',#2695,1.);
#2695 = DIRECTION('',(-0.,1.,0.));
#2696 = PCURVE('',#2014,#2697);
#2697 = DEFINITIONAL_REPRESENTATION('',(#2698),#2702);
#2698 = LINE('',#2699,#2700);
#2699 = CARTESIAN_POINT('',(5.5,-5.5));
#2700 = VECTOR('',#2701,1.);
#2701 = DIRECTION('',(0.,1.));
#2702 = ( GEOMETRIC_REPRESENTATION_CONTEXT(2) 
PARAMETRIC_REPRESENTATION_CONTEXT() REPRESENTATION_CONTEXT('2D SPACE',''
  ) );
#2703 = PCURVE('',#2045,#2704);
#2704 = DEFINITIONAL_REPRESENTATION('',(#2705),#2709);
#2705 = LINE('',#2706,#2707);
#2706 = CARTESIAN_POINT('',(3.4,0.));
#2707 = VECTOR('',#2708,1.);
#2708 = DIRECTION('',(0.,-1.));
#2709 = ( GEOMETRIC_REPRESENTATION_CONTEXT(2) 
PARAMETRIC_REPRESENTATION_CONTEXT() REPRESENTATION_CONTEXT('2D SPACE',''
  ) );
#2710 = ORIENTED_EDGE('',*,*,#2664,.T.);
#2711 = ORIENTED_EDGE('',*,*,#2542,.T.);
#2712 = ADVANCED_FACE('',(#2713),#2045,.F.);
#2713 = FACE_BOUND('',#2714,.F.);
#2714 = EDGE_LOOP('',(#2715,#2716,#2717,#2738));
#2715 = ORIENTED_EDGE('',*,*,#2690,.F.);
#2716 = ORIENTED_EDGE('',*,*,#2641,.F.);
#2717 = ORIENTED_EDGE('',*,*,#2718,.T.);
#2718 = EDGE_CURVE('',#2619,#2031,#2719,.T.);
#2719 = SURFACE_CURVE('',#2720,(#2724,#2731),.PCURVE_S1.);
#2720 = LINE('',#2721,#2722);
#2721 = CARTESIAN_POINT('',(25.5,54.,1.8));
#2722 = VECTOR('',#2723,1.);
#2723 = DIRECTION('',(-0.,1.,0.));
#2724 = PCURVE('',#2045,#2725);
#2725 = DEFINITIONAL_REPRESENTATION('',(#2726),#2730);
#2726 = LINE('',#2727,#2728);
#2727 = CARTESIAN_POINT('',(0.,0.));
#2728 = VECTOR('',#2729,1.);
#2729 = DIRECTION('',(0.,-1.));
#2730 = ( GEOMETRIC_REPRESENTATION_CONTEXT(2) 
PARAMETRIC_REPRESENTATION_CONTEXT() REPRESENTATION_CONTEXT('2D SPACE',''
  ) );
#2731 = PCURVE('',#1507,#2732);
#2732 = DEFINITIONAL_REPRESENTATION('',(#2733),#2737);
#2733 = LINE('',#2734,#2735);
#2734 = CARTESIAN_POINT('',(25.500000000584,53.989310105262));
#2735 = VECTOR('',#2736,1.);
#2736 = DIRECTION('',(0.,1.));
#2737 = ( GEOMETRIC_REPRESENTATION_CONTEXT(2) 
PARAMETRIC_REPRESENTATION_CONTEXT() REPRESENTATION_CONTEXT('2D SPACE',''
  ) );
#2738 = ORIENTED_EDGE('',*,*,#2030,.F.);
#2739 = ADVANCED_FACE('',(#2740),#2095,.F.);
#2740 = FACE_BOUND('',#2741,.F.);
#2741 = EDGE_LOOP('',(#2742,#2765,#2793,#2814));
#2742 = ORIENTED_EDGE('',*,*,#2743,.F.);
#2743 = EDGE_CURVE('',#2744,#2057,#2746,.T.);
#2744 = VERTEX_POINT('',#2745);
#2745 = CARTESIAN_POINT('',(20.,59.5,1.8));
#2746 = SURFACE_CURVE('',#2747,(#2751,#2758),.PCURVE_S1.);
#2747 = LINE('',#2748,#2749);
#2748 = CARTESIAN_POINT('',(20.,59.5,1.8));
#2749 = VECTOR('',#2750,1.);
#2750 = DIRECTION('',(1.,0.,-0.));
#2751 = PCURVE('',#2095,#2752);
#2752 = DEFINITIONAL_REPRESENTATION('',(#2753),#2757);
#2753 = LINE('',#2754,#2755);
#2754 = CARTESIAN_POINT('',(0.,0.));
#2755 = VECTOR('',#2756,1.);
#2756 = DIRECTION('',(0.,1.));
#2757 = ( GEOMETRIC_REPRESENTATION_CONTEXT(2) 
PARAMETRIC_REPRESENTATION_CONTEXT() REPRESENTATION_CONTEXT('2D SPACE',''
  ) );
#2758 = PCURVE('',#1507,#2759);
#2759 = DEFINITIONAL_REPRESENTATION('',(#2760),#2764);
#2760 = LINE('',#2761,#2762);
#2761 = CARTESIAN_POINT('',(20.000000000584,59.489310105262));
#2762 = VECTOR('',#2763,1.);
#2763 = DIRECTION('',(1.,0.));
#2764 = ( GEOMETRIC_REPRESENTATION_CONTEXT(2) 
PARAMETRIC_REPRESENTATION_CONTEXT() REPRESENTATION_CONTEXT('2D SPACE',''
  ) );
#2765 = ORIENTED_EDGE('',*,*,#2766,.T.);
#2766 = EDGE_CURVE('',#2744,#2767,#2769,.T.);
#2767 = VERTEX_POINT('',#2768);
#2768 = CARTESIAN_POINT('',(20.,59.5,5.2));
#2769 = SURFACE_CURVE('',#2770,(#2774,#2781),.PCURVE_S1.);
#2770 = LINE('',#2771,#2772);
#2771 = CARTESIAN_POINT('',(20.,59.5,1.8));
#2772 = VECTOR('',#2773,1.);
#2773 = DIRECTION('',(0.,0.,1.));
#2774 = PCURVE('',#2095,#2775);
#2775 = DEFINITIONAL_REPRESENTATION('',(#2776),#2780);
#2776 = LINE('',#2777,#2778);
#2777 = CARTESIAN_POINT('',(0.,0.));
#2778 = VECTOR('',#2779,1.);
#2779 = DIRECTION('',(1.,0.));
#2780 = ( GEOMETRIC_REPRESENTATION_CONTEXT(2) 
PARAMETRIC_REPRESENTATION_CONTEXT() REPRESENTATION_CONTEXT('2D SPACE',''
  ) );
#2781 = PCURVE('',#2782,#2787);
#2782 = PLANE('',#2783);
#2783 = AXIS2_PLACEMENT_3D('',#2784,#2785,#2786);
#2784 = CARTESIAN_POINT('',(20.,59.5,1.8));
#2785 = DIRECTION('',(1.,0.,-0.));
#2786 = DIRECTION('',(0.,0.,1.));
#2787 = DEFINITIONAL_REPRESENTATION('',(#2788),#2792);
#2788 = LINE('',#2789,#2790);
#2789 = CARTESIAN_POINT('',(0.,0.));
#2790 = VECTOR('',#2791,1.);
#2791 = DIRECTION('',(1.,0.));
#2792 = ( GEOMETRIC_REPRESENTATION_CONTEXT(2) 
PARAMETRIC_REPRESENTATION_CONTEXT() REPRESENTATION_CONTEXT('2D SPACE',''
  ) );
#2793 = ORIENTED_EDGE('',*,*,#2794,.T.);
#2794 = EDGE_CURVE('',#2767,#2081,#2795,.T.);
#2795 = SURFACE_CURVE('',#2796,(#2800,#2807),.PCURVE_S1.);
#2796 = LINE('',#2797,#2798);
#2797 = CARTESIAN_POINT('',(20.,59.5,5.2));
#2798 = VECTOR('',#2799,1.);
#2799 = DIRECTION('',(1.,0.,-0.));
#2800 = PCURVE('',#2095,#2801);
#2801 = DEFINITIONAL_REPRESENTATION('',(#2802),#2806);
#2802 = LINE('',#2803,#2804);
#2803 = CARTESIAN_POINT('',(3.4,0.));
#2804 = VECTOR('',#2805,1.);
#2805 = DIRECTION('',(0.,1.));
#2806 = ( GEOMETRIC_REPRESENTATION_CONTEXT(2) 
PARAMETRIC_REPRESENTATION_CONTEXT() REPRESENTATION_CONTEXT('2D SPACE',''
  ) );
#2807 = PCURVE('',#2123,#2808);
#2808 = DEFINITIONAL_REPRESENTATION('',(#2809),#2813);
#2809 = LINE('',#2810,#2811);
#2810 = CARTESIAN_POINT('',(0.,0.));
#2811 = VECTOR('',#2812,1.);
#2812 = DIRECTION('',(1.,0.));
#2813 = ( GEOMETRIC_REPRESENTATION_CONTEXT(2) 
PARAMETRIC_REPRESENTATION_CONTEXT() REPRESENTATION_CONTEXT('2D SPACE',''
  ) );
#2814 = ORIENTED_EDGE('',*,*,#2080,.T.);
#2815 = ADVANCED_FACE('',(#2816),#2782,.F.);
#2816 = FACE_BOUND('',#2817,.F.);
#2817 = EDGE_LOOP('',(#2818,#2819,#2842,#2865));
#2818 = ORIENTED_EDGE('',*,*,#2766,.F.);
#2819 = ORIENTED_EDGE('',*,*,#2820,.T.);
#2820 = EDGE_CURVE('',#2744,#2821,#2823,.T.);
#2821 = VERTEX_POINT('',#2822);
#2822 = CARTESIAN_POINT('',(20.,60.5,1.8));
#2823 = SURFACE_CURVE('',#2824,(#2828,#2835),.PCURVE_S1.);
#2824 = LINE('',#2825,#2826);
#2825 = CARTESIAN_POINT('',(20.,59.5,1.8));
#2826 = VECTOR('',#2827,1.);
#2827 = DIRECTION('',(-0.,1.,0.));
#2828 = PCURVE('',#2782,#2829);
#2829 = DEFINITIONAL_REPRESENTATION('',(#2830),#2834);
#2830 = LINE('',#2831,#2832);
#2831 = CARTESIAN_POINT('',(0.,0.));
#2832 = VECTOR('',#2833,1.);
#2833 = DIRECTION('',(0.,-1.));
#2834 = ( GEOMETRIC_REPRESENTATION_CONTEXT(2) 
PARAMETRIC_REPRESENTATION_CONTEXT() REPRESENTATION_CONTEXT('2D SPACE',''
  ) );
#2835 = PCURVE('',#1507,#2836);
#2836 = DEFINITIONAL_REPRESENTATION('',(#2837),#2841);
#2837 = LINE('',#2838,#2839);
#2838 = CARTESIAN_POINT('',(20.000000000584,59.489310105262));
#2839 = VECTOR('',#2840,1.);
#2840 = DIRECTION('',(0.,1.));
#2841 = ( GEOMETRIC_REPRESENTATION_CONTEXT(2) 
PARAMETRIC_REPRESENTATION_CONTEXT() REPRESENTATION_CONTEXT('2D SPACE',''
  ) );
#2842 = ORIENTED_EDGE('',*,*,#2843,.T.);
#2843 = EDGE_CURVE('',#2821,#2844,#2846,.T.);
#2844 = VERTEX_POINT('',#2845);
#2845 = CARTESIAN_POINT('',(20.,60.5,5.2));
#2846 = SURFACE_CURVE('',#2847,(#2851,#2858),.PCURVE_S1.);
#2847 = LINE('',#2848,#2849);
#2848 = CARTESIAN_POINT('',(20.,60.5,1.8));
#2849 = VECTOR('',#2850,1.);
#2850 = DIRECTION('',(0.,0.,1.));
#2851 = PCURVE('',#2782,#2852);
#2852 = DEFINITIONAL_REPRESENTATION('',(#2853),#2857);
#2853 = LINE('',#2854,#2855);
#2854 = CARTESIAN_POINT('',(0.,-1.));
#2855 = VECTOR('',#2856,1.);
#2856 = DIRECTION('',(1.,0.));
#2857 = ( GEOMETRIC_REPRESENTATION_CONTEXT(2) 
PARAMETRIC_REPRESENTATION_CONTEXT() REPRESENTATION_CONTEXT('2D SPACE',''
  ) );
#2858 = PCURVE('',#2154,#2859);
#2859 = DEFINITIONAL_REPRESENTATION('',(#2860),#2864);
#2860 = LINE('',#2861,#2862);
#2861 = CARTESIAN_POINT('',(0.,0.));
#2862 = VECTOR('',#2863,1.);
#2863 = DIRECTION('',(1.,0.));
#2864 = ( GEOMETRIC_REPRESENTATION_CONTEXT(2) 
PARAMETRIC_REPRESENTATION_CONTEXT() REPRESENTATION_CONTEXT('2D SPACE',''
  ) );
#2865 = ORIENTED_EDGE('',*,*,#2866,.F.);
#2866 = EDGE_CURVE('',#2767,#2844,#2867,.T.);
#2867 = SURFACE_CURVE('',#2868,(#2872,#2879),.PCURVE_S1.);
#2868 = LINE('',#2869,#2870);
#2869 = CARTESIAN_POINT('',(20.,59.5,5.2));
#2870 = VECTOR('',#2871,1.);
#2871 = DIRECTION('',(-0.,1.,0.));
#2872 = PCURVE('',#2782,#2873);
#2873 = DEFINITIONAL_REPRESENTATION('',(#2874),#2878);
#2874 = LINE('',#2875,#2876);
#2875 = CARTESIAN_POINT('',(3.4,0.));
#2876 = VECTOR('',#2877,1.);
#2877 = DIRECTION('',(0.,-1.));
#2878 = ( GEOMETRIC_REPRESENTATION_CONTEXT(2) 
PARAMETRIC_REPRESENTATION_CONTEXT() REPRESENTATION_CONTEXT('2D SPACE',''
  ) );
#2879 = PCURVE('',#2123,#2880);
#2880 = DEFINITIONAL_REPRESENTATION('',(#2881),#2885);
#2881 = LINE('',#2882,#2883);
#2882 = CARTESIAN_POINT('',(0.,0.));
#2883 = VECTOR('',#2884,1.);
#2884 = DIRECTION('',(0.,1.));
#2885 = ( GEOMETRIC_REPRESENTATION_CONTEXT(2) 
PARAMETRIC_REPRESENTATION_CONTEXT() REPRESENTATION_CONTEXT('2D SPACE',''
  ) );
#2886 = ADVANCED_FACE('',(#2887),#2123,.T.);
#2887 = FACE_BOUND('',#2888,.T.);
#2888 = EDGE_LOOP('',(#2889,#2910,#2911,#2912));
#2889 = ORIENTED_EDGE('',*,*,#2890,.F.);
#2890 = EDGE_CURVE('',#2844,#2107,#2891,.T.);
#2891 = SURFACE_CURVE('',#2892,(#2896,#2903),.PCURVE_S1.);
#2892 = LINE('',#2893,#2894);
#2893 = CARTESIAN_POINT('',(20.,60.5,5.2));
#2894 = VECTOR('',#2895,1.);
#2895 = DIRECTION('',(1.,0.,-0.));
#2896 = PCURVE('',#2123,#2897);
#2897 = DEFINITIONAL_REPRESENTATION('',(#2898),#2902);
#2898 = LINE('',#2899,#2900);
#2899 = CARTESIAN_POINT('',(0.,1.));
#2900 = VECTOR('',#2901,1.);
#2901 = DIRECTION('',(1.,0.));
#2902 = ( GEOMETRIC_REPRESENTATION_CONTEXT(2) 
PARAMETRIC_REPRESENTATION_CONTEXT() REPRESENTATION_CONTEXT('2D SPACE',''
  ) );
#2903 = PCURVE('',#2154,#2904);
#2904 = DEFINITIONAL_REPRESENTATION('',(#2905),#2909);
#2905 = LINE('',#2906,#2907);
#2906 = CARTESIAN_POINT('',(3.4,0.));
#2907 = VECTOR('',#2908,1.);
#2908 = DIRECTION('',(0.,1.));
#2909 = ( GEOMETRIC_REPRESENTATION_CONTEXT(2) 
PARAMETRIC_REPRESENTATION_CONTEXT() REPRESENTATION_CONTEXT('2D SPACE',''
  ) );
#2910 = ORIENTED_EDGE('',*,*,#2866,.F.);
#2911 = ORIENTED_EDGE('',*,*,#2794,.T.);
#2912 = ORIENTED_EDGE('',*,*,#2106,.T.);
#2913 = ADVANCED_FACE('',(#2914),#2154,.T.);
#2914 = FACE_BOUND('',#2915,.T.);
#2915 = EDGE_LOOP('',(#2916,#2937,#2938,#2939));
#2916 = ORIENTED_EDGE('',*,*,#2917,.F.);
#2917 = EDGE_CURVE('',#2821,#2140,#2918,.T.);
#2918 = SURFACE_CURVE('',#2919,(#2923,#2930),.PCURVE_S1.);
#2919 = LINE('',#2920,#2921);
#2920 = CARTESIAN_POINT('',(20.,60.5,1.8));
#2921 = VECTOR('',#2922,1.);
#2922 = DIRECTION('',(1.,0.,-0.));
#2923 = PCURVE('',#2154,#2924);
#2924 = DEFINITIONAL_REPRESENTATION('',(#2925),#2929);
#2925 = LINE('',#2926,#2927);
#2926 = CARTESIAN_POINT('',(0.,0.));
#2927 = VECTOR('',#2928,1.);
#2928 = DIRECTION('',(0.,1.));
#2929 = ( GEOMETRIC_REPRESENTATION_CONTEXT(2) 
PARAMETRIC_REPRESENTATION_CONTEXT() REPRESENTATION_CONTEXT('2D SPACE',''
  ) );
#2930 = PCURVE('',#1507,#2931);
#2931 = DEFINITIONAL_REPRESENTATION('',(#2932),#2936);
#2932 = LINE('',#2933,#2934);
#2933 = CARTESIAN_POINT('',(20.000000000584,60.489310105262));
#2934 = VECTOR('',#2935,1.);
#2935 = DIRECTION('',(1.,0.));
#2936 = ( GEOMETRIC_REPRESENTATION_CONTEXT(2) 
PARAMETRIC_REPRESENTATION_CONTEXT() REPRESENTATION_CONTEXT('2D SPACE',''
  ) );
#2937 = ORIENTED_EDGE('',*,*,#2843,.T.);
#2938 = ORIENTED_EDGE('',*,*,#2890,.T.);
#2939 = ORIENTED_EDGE('',*,*,#2139,.T.);
#2940 = ADVANCED_FACE('',(#2941),#1826,.T.);
#2941 = FACE_BOUND('',#2942,.T.);
#2942 = EDGE_LOOP('',(#2943,#2966,#2967,#2968,#2969));
#2943 = ORIENTED_EDGE('',*,*,#2944,.F.);
#2944 = EDGE_CURVE('',#1808,#2945,#2947,.T.);
#2945 = VERTEX_POINT('',#2946);
#2946 = CARTESIAN_POINT('',(31.20000000364,60.5,5.2));
#2947 = SURFACE_CURVE('',#2948,(#2952,#2959),.PCURVE_S1.);
#2948 = LINE('',#2949,#2950);
#2949 = CARTESIAN_POINT('',(20.,60.5,5.2));
#2950 = VECTOR('',#2951,1.);
#2951 = DIRECTION('',(1.,0.,-0.));
#2952 = PCURVE('',#1826,#2953);
#2953 = DEFINITIONAL_REPRESENTATION('',(#2954),#2958);
#2954 = LINE('',#2955,#2956);
#2955 = CARTESIAN_POINT('',(0.,1.));
#2956 = VECTOR('',#2957,1.);
#2957 = DIRECTION('',(1.,0.));
#2958 = ( GEOMETRIC_REPRESENTATION_CONTEXT(2) 
PARAMETRIC_REPRESENTATION_CONTEXT() REPRESENTATION_CONTEXT('2D SPACE',''
  ) );
#2959 = PCURVE('',#1743,#2960);
#2960 = DEFINITIONAL_REPRESENTATION('',(#2961),#2965);
#2961 = LINE('',#2962,#2963);
#2962 = CARTESIAN_POINT('',(3.4,0.));
#2963 = VECTOR('',#2964,1.);
#2964 = DIRECTION('',(0.,1.));
#2965 = ( GEOMETRIC_REPRESENTATION_CONTEXT(2) 
PARAMETRIC_REPRESENTATION_CONTEXT() REPRESENTATION_CONTEXT('2D SPACE',''
  ) );
#2966 = ORIENTED_EDGE('',*,*,#1807,.T.);
#2967 = ORIENTED_EDGE('',*,*,#1893,.T.);
#2968 = ORIENTED_EDGE('',*,*,#2496,.T.);
#2969 = ORIENTED_EDGE('',*,*,#2970,.F.);
#2970 = EDGE_CURVE('',#2945,#2497,#2971,.T.);
#2971 = SURFACE_CURVE('',#2972,(#2976,#2982),.PCURVE_S1.);
#2972 = LINE('',#2973,#2974);
#2973 = CARTESIAN_POINT('',(31.200000035166,38.84934200131,5.2));
#2974 = VECTOR('',#2975,1.);
#2975 = DIRECTION('',(1.456129393144E-09,-1.,0.));
#2976 = PCURVE('',#1826,#2977);
#2977 = DEFINITIONAL_REPRESENTATION('',(#2978),#2981);
#2978 = B_SPLINE_CURVE_WITH_KNOTS('',1,(#2979,#2980),.UNSPECIFIED.,.F.,
  .F.,(2,2),(-24.15065799753,-15.15065799869),.PIECEWISE_BEZIER_KNOTS.);
#2979 = CARTESIAN_POINT('',(11.2,3.49999999885));
#2980 = CARTESIAN_POINT('',(11.200000013105,-5.5));
#2981 = ( GEOMETRIC_REPRESENTATION_CONTEXT(2) 
PARAMETRIC_REPRESENTATION_CONTEXT() REPRESENTATION_CONTEXT('2D SPACE',''
  ) );
#2982 = PCURVE('',#1260,#2983);
#2983 = DEFINITIONAL_REPRESENTATION('',(#2984),#2988);
#2984 = LINE('',#2985,#2986);
#2985 = CARTESIAN_POINT('',(20.650658014998,-3.4));
#2986 = VECTOR('',#2987,1.);
#2987 = DIRECTION('',(-1.,-0.));
#2988 = ( GEOMETRIC_REPRESENTATION_CONTEXT(2) 
PARAMETRIC_REPRESENTATION_CONTEXT() REPRESENTATION_CONTEXT('2D SPACE',''
  ) );
#2989 = ADVANCED_FACE('',(#2990),#1743,.T.);
#2990 = FACE_BOUND('',#2991,.T.);
#2991 = EDGE_LOOP('',(#2992,#2993,#2994,#2995));
#2992 = ORIENTED_EDGE('',*,*,#1727,.F.);
#2993 = ORIENTED_EDGE('',*,*,#2258,.F.);
#2994 = ORIENTED_EDGE('',*,*,#2944,.T.);
#2995 = ORIENTED_EDGE('',*,*,#2996,.F.);
#2996 = EDGE_CURVE('',#1728,#2945,#2997,.T.);
#2997 = SURFACE_CURVE('',#2998,(#3002,#3008),.PCURVE_S1.);
#2998 = LINE('',#2999,#3000);
#2999 = CARTESIAN_POINT('',(31.20000000364,60.5,1.8));
#3000 = VECTOR('',#3001,1.);
#3001 = DIRECTION('',(0.,0.,1.));
#3002 = PCURVE('',#1743,#3003);
#3003 = DEFINITIONAL_REPRESENTATION('',(#3004),#3007);
#3004 = B_SPLINE_CURVE_WITH_KNOTS('',1,(#3005,#3006),.UNSPECIFIED.,.F.,
  .F.,(2,2),(0.,3.4),.PIECEWISE_BEZIER_KNOTS.);
#3005 = CARTESIAN_POINT('',(0.,11.20000000364));
#3006 = CARTESIAN_POINT('',(3.4,11.20000000364));
#3007 = ( GEOMETRIC_REPRESENTATION_CONTEXT(2) 
PARAMETRIC_REPRESENTATION_CONTEXT() REPRESENTATION_CONTEXT('2D SPACE',''
  ) );
#3008 = PCURVE('',#1260,#3009);
#3009 = DEFINITIONAL_REPRESENTATION('',(#3010),#3014);
#3010 = LINE('',#3011,#3012);
#3011 = CARTESIAN_POINT('',(42.301316013688,0.));
#3012 = VECTOR('',#3013,1.);
#3013 = DIRECTION('',(0.,-1.));
#3014 = ( GEOMETRIC_REPRESENTATION_CONTEXT(2) 
PARAMETRIC_REPRESENTATION_CONTEXT() REPRESENTATION_CONTEXT('2D SPACE',''
  ) );
#3015 = ADVANCED_FACE('',(#3016),#1608,.T.);
#3016 = FACE_BOUND('',#3017,.T.);
#3017 = EDGE_LOOP('',(#3018,#3039,#3040,#3041));
#3018 = ORIENTED_EDGE('',*,*,#3019,.F.);
#3019 = EDGE_CURVE('',#2211,#1593,#3020,.T.);
#3020 = SURFACE_CURVE('',#3021,(#3025,#3032),.PCURVE_S1.);
#3021 = LINE('',#3022,#3023);
#3022 = CARTESIAN_POINT('',(26.5,54.,5.2));
#3023 = VECTOR('',#3024,1.);
#3024 = DIRECTION('',(-0.,1.,0.));
#3025 = PCURVE('',#1608,#3026);
#3026 = DEFINITIONAL_REPRESENTATION('',(#3027),#3031);
#3027 = LINE('',#3028,#3029);
#3028 = CARTESIAN_POINT('',(3.4,0.));
#3029 = VECTOR('',#3030,1.);
#3030 = DIRECTION('',(0.,-1.));
#3031 = ( GEOMETRIC_REPRESENTATION_CONTEXT(2) 
PARAMETRIC_REPRESENTATION_CONTEXT() REPRESENTATION_CONTEXT('2D SPACE',''
  ) );
#3032 = PCURVE('',#1635,#3033);
#3033 = DEFINITIONAL_REPRESENTATION('',(#3034),#3038);
#3034 = LINE('',#3035,#3036);
#3035 = CARTESIAN_POINT('',(6.5,-5.5));
#3036 = VECTOR('',#3037,1.);
#3037 = DIRECTION('',(0.,1.));
#3038 = ( GEOMETRIC_REPRESENTATION_CONTEXT(2) 
PARAMETRIC_REPRESENTATION_CONTEXT() REPRESENTATION_CONTEXT('2D SPACE',''
  ) );
#3039 = ORIENTED_EDGE('',*,*,#2238,.T.);
#3040 = ORIENTED_EDGE('',*,*,#1675,.T.);
#3041 = ORIENTED_EDGE('',*,*,#1592,.T.);
#3042 = ADVANCED_FACE('',(#3043),#1635,.T.);
#3043 = FACE_BOUND('',#3044,.T.);
#3044 = EDGE_LOOP('',(#3045,#3066,#3067,#3068));
#3045 = ORIENTED_EDGE('',*,*,#3046,.F.);
#3046 = EDGE_CURVE('',#2190,#1620,#3047,.T.);
#3047 = SURFACE_CURVE('',#3048,(#3052,#3059),.PCURVE_S1.);
#3048 = LINE('',#3049,#3050);
#3049 = CARTESIAN_POINT('',(25.5,54.,5.2));
#3050 = VECTOR('',#3051,1.);
#3051 = DIRECTION('',(-0.,1.,0.));
#3052 = PCURVE('',#1635,#3053);
#3053 = DEFINITIONAL_REPRESENTATION('',(#3054),#3058);
#3054 = LINE('',#3055,#3056);
#3055 = CARTESIAN_POINT('',(5.5,-5.5));
#3056 = VECTOR('',#3057,1.);
#3057 = DIRECTION('',(0.,1.));
#3058 = ( GEOMETRIC_REPRESENTATION_CONTEXT(2) 
PARAMETRIC_REPRESENTATION_CONTEXT() REPRESENTATION_CONTEXT('2D SPACE',''
  ) );
#3059 = PCURVE('',#1660,#3060);
#3060 = DEFINITIONAL_REPRESENTATION('',(#3061),#3065);
#3061 = LINE('',#3062,#3063);
#3062 = CARTESIAN_POINT('',(3.4,0.));
#3063 = VECTOR('',#3064,1.);
#3064 = DIRECTION('',(0.,-1.));
#3065 = ( GEOMETRIC_REPRESENTATION_CONTEXT(2) 
PARAMETRIC_REPRESENTATION_CONTEXT() REPRESENTATION_CONTEXT('2D SPACE',''
  ) );
#3066 = ORIENTED_EDGE('',*,*,#2210,.T.);
#3067 = ORIENTED_EDGE('',*,*,#3019,.T.);
#3068 = ORIENTED_EDGE('',*,*,#1619,.T.);
#3069 = ADVANCED_FACE('',(#3070),#1660,.F.);
#3070 = FACE_BOUND('',#3071,.F.);
#3071 = EDGE_LOOP('',(#3072,#3073,#3074,#3095));
#3072 = ORIENTED_EDGE('',*,*,#3046,.F.);
#3073 = ORIENTED_EDGE('',*,*,#2189,.T.);
#3074 = ORIENTED_EDGE('',*,*,#3075,.T.);
#3075 = EDGE_CURVE('',#2166,#1492,#3076,.T.);
#3076 = SURFACE_CURVE('',#3077,(#3081,#3088),.PCURVE_S1.);
#3077 = LINE('',#3078,#3079);
#3078 = CARTESIAN_POINT('',(25.5,54.,1.8));
#3079 = VECTOR('',#3080,1.);
#3080 = DIRECTION('',(-0.,1.,0.));
#3081 = PCURVE('',#1660,#3082);
#3082 = DEFINITIONAL_REPRESENTATION('',(#3083),#3087);
#3083 = LINE('',#3084,#3085);
#3084 = CARTESIAN_POINT('',(0.,0.));
#3085 = VECTOR('',#3086,1.);
#3086 = DIRECTION('',(0.,-1.));
#3087 = ( GEOMETRIC_REPRESENTATION_CONTEXT(2) 
PARAMETRIC_REPRESENTATION_CONTEXT() REPRESENTATION_CONTEXT('2D SPACE',''
  ) );
#3088 = PCURVE('',#1507,#3089);
#3089 = DEFINITIONAL_REPRESENTATION('',(#3090),#3094);
#3090 = LINE('',#3091,#3092);
#3091 = CARTESIAN_POINT('',(25.500000000584,53.989310105262));
#3092 = VECTOR('',#3093,1.);
#3093 = DIRECTION('',(0.,1.));
#3094 = ( GEOMETRIC_REPRESENTATION_CONTEXT(2) 
PARAMETRIC_REPRESENTATION_CONTEXT() REPRESENTATION_CONTEXT('2D SPACE',''
  ) );
#3095 = ORIENTED_EDGE('',*,*,#1646,.T.);
#3096 = ADVANCED_FACE('',(#3097,#4379,#4493,#4607,#4845,#4959),#1507,.T.
  );
#3097 = FACE_BOUND('',#3098,.T.);
#3098 = EDGE_LOOP('',(#3099,#3124,#3152,#3181,#3209,#3237,#3265,#3289,
    #3317,#3345,#3373,#3397,#3425,#3448,#3476,#3505,#3533,#3561,#3589,
    #3613,#3641,#3669,#3697,#3721,#3749,#3772,#3800,#3824,#3852,#3873,
    #3874,#3875,#3876,#3877,#3878,#3879,#3880,#3881,#3882,#3883,#3884,
    #3885,#3908,#3931,#3954,#3977,#4005,#4034,#4062,#4090,#4118,#4142,
    #4170,#4198,#4226,#4250,#4278,#4301,#4329,#4353));
#3099 = ORIENTED_EDGE('',*,*,#3100,.F.);
#3100 = EDGE_CURVE('',#3101,#3103,#3105,.T.);
#3101 = VERTEX_POINT('',#3102);
#3102 = CARTESIAN_POINT('',(-31.2,-59.5,1.8));
#3103 = VERTEX_POINT('',#3104);
#3104 = CARTESIAN_POINT('',(-31.2,-12.19868415047,1.8));
#3105 = SURFACE_CURVE('',#3106,(#3110,#3117),.PCURVE_S1.);
#3106 = LINE('',#3107,#3108);
#3107 = CARTESIAN_POINT('',(-31.2,0.,1.8));
#3108 = VECTOR('',#3109,1.);
#3109 = DIRECTION('',(0.,1.,0.));
#3110 = PCURVE('',#1507,#3111);
#3111 = DEFINITIONAL_REPRESENTATION('',(#3112),#3116);
#3112 = LINE('',#3113,#3114);
#3113 = CARTESIAN_POINT('',(-31.19999999941,-1.068989473817E-02));
#3114 = VECTOR('',#3115,1.);
#3115 = DIRECTION('',(0.,1.));
#3116 = ( GEOMETRIC_REPRESENTATION_CONTEXT(2) 
PARAMETRIC_REPRESENTATION_CONTEXT() REPRESENTATION_CONTEXT('2D SPACE',''
  ) );
#3117 = PCURVE('',#912,#3118);
#3118 = DEFINITIONAL_REPRESENTATION('',(#3119),#3123);
#3119 = LINE('',#3120,#3121);
#3120 = CARTESIAN_POINT('',(63.000000000001,0.));
#3121 = VECTOR('',#3122,1.);
#3122 = DIRECTION('',(1.,0.));
#3123 = ( GEOMETRIC_REPRESENTATION_CONTEXT(2) 
PARAMETRIC_REPRESENTATION_CONTEXT() REPRESENTATION_CONTEXT('2D SPACE',''
  ) );
#3124 = ORIENTED_EDGE('',*,*,#3125,.T.);
#3125 = EDGE_CURVE('',#3101,#3126,#3128,.T.);
#3126 = VERTEX_POINT('',#3127);
#3127 = CARTESIAN_POINT('',(-28.44948974278,-59.5,1.8));
#3128 = SURFACE_CURVE('',#3129,(#3133,#3140),.PCURVE_S1.);
#3129 = LINE('',#3130,#3131);
#3130 = CARTESIAN_POINT('',(-32.,-59.5,1.8));
#3131 = VECTOR('',#3132,1.);
#3132 = DIRECTION('',(1.,0.,-0.));
#3133 = PCURVE('',#1507,#3134);
#3134 = DEFINITIONAL_REPRESENTATION('',(#3135),#3139);
#3135 = LINE('',#3136,#3137);
#3136 = CARTESIAN_POINT('',(-31.99999999941,-59.51068989473));
#3137 = VECTOR('',#3138,1.);
#3138 = DIRECTION('',(1.,0.));
#3139 = ( GEOMETRIC_REPRESENTATION_CONTEXT(2) 
PARAMETRIC_REPRESENTATION_CONTEXT() REPRESENTATION_CONTEXT('2D SPACE',''
  ) );
#3140 = PCURVE('',#3141,#3146);
#3141 = PLANE('',#3142);
#3142 = AXIS2_PLACEMENT_3D('',#3143,#3144,#3145);
#3143 = CARTESIAN_POINT('',(-32.,-59.5,1.8));
#3144 = DIRECTION('',(-0.,1.,0.));
#3145 = DIRECTION('',(0.,0.,1.));
#3146 = DEFINITIONAL_REPRESENTATION('',(#3147),#3151);
#3147 = LINE('',#3148,#3149);
#3148 = CARTESIAN_POINT('',(0.,0.));
#3149 = VECTOR('',#3150,1.);
#3150 = DIRECTION('',(0.,1.));
#3151 = ( GEOMETRIC_REPRESENTATION_CONTEXT(2) 
PARAMETRIC_REPRESENTATION_CONTEXT() REPRESENTATION_CONTEXT('2D SPACE',''
  ) );
#3152 = ORIENTED_EDGE('',*,*,#3153,.F.);
#3153 = EDGE_CURVE('',#3154,#3126,#3156,.T.);
#3154 = VERTEX_POINT('',#3155);
#3155 = CARTESIAN_POINT('',(-26.5,-57.55051025721,1.8));
#3156 = SURFACE_CURVE('',#3157,(#3162,#3169),.PCURVE_S1.);
#3157 = CIRCLE('',#3158,2.5);
#3158 = AXIS2_PLACEMENT_3D('',#3159,#3160,#3161);
#3159 = CARTESIAN_POINT('',(-26.,-60.,1.8));
#3160 = DIRECTION('',(0.,0.,1.));
#3161 = DIRECTION('',(1.,0.,-0.));
#3162 = PCURVE('',#1507,#3163);
#3163 = DEFINITIONAL_REPRESENTATION('',(#3164),#3168);
#3164 = CIRCLE('',#3165,2.5);
#3165 = AXIS2_PLACEMENT_2D('',#3166,#3167);
#3166 = CARTESIAN_POINT('',(-25.99999999941,-60.01068989473));
#3167 = DIRECTION('',(1.,0.));
#3168 = ( GEOMETRIC_REPRESENTATION_CONTEXT(2) 
PARAMETRIC_REPRESENTATION_CONTEXT() REPRESENTATION_CONTEXT('2D SPACE',''
  ) );
#3169 = PCURVE('',#3170,#3175);
#3170 = CYLINDRICAL_SURFACE('',#3171,2.5);
#3171 = AXIS2_PLACEMENT_3D('',#3172,#3173,#3174);
#3172 = CARTESIAN_POINT('',(-26.,-60.,1.8));
#3173 = DIRECTION('',(-0.,-0.,-1.));
#3174 = DIRECTION('',(1.,0.,-0.));
#3175 = DEFINITIONAL_REPRESENTATION('',(#3176),#3180);
#3176 = LINE('',#3177,#3178);
#3177 = CARTESIAN_POINT('',(-0.,0.));
#3178 = VECTOR('',#3179,1.);
#3179 = DIRECTION('',(-1.,0.));
#3180 = ( GEOMETRIC_REPRESENTATION_CONTEXT(2) 
PARAMETRIC_REPRESENTATION_CONTEXT() REPRESENTATION_CONTEXT('2D SPACE',''
  ) );
#3181 = ORIENTED_EDGE('',*,*,#3182,.T.);
#3182 = EDGE_CURVE('',#3154,#3183,#3185,.T.);
#3183 = VERTEX_POINT('',#3184);
#3184 = CARTESIAN_POINT('',(-26.5,-57.5,1.8));
#3185 = SURFACE_CURVE('',#3186,(#3190,#3197),.PCURVE_S1.);
#3186 = LINE('',#3187,#3188);
#3187 = CARTESIAN_POINT('',(-26.5,-66.,1.8));
#3188 = VECTOR('',#3189,1.);
#3189 = DIRECTION('',(-0.,1.,0.));
#3190 = PCURVE('',#1507,#3191);
#3191 = DEFINITIONAL_REPRESENTATION('',(#3192),#3196);
#3192 = LINE('',#3193,#3194);
#3193 = CARTESIAN_POINT('',(-26.49999999941,-66.01068989473));
#3194 = VECTOR('',#3195,1.);
#3195 = DIRECTION('',(0.,1.));
#3196 = ( GEOMETRIC_REPRESENTATION_CONTEXT(2) 
PARAMETRIC_REPRESENTATION_CONTEXT() REPRESENTATION_CONTEXT('2D SPACE',''
  ) );
#3197 = PCURVE('',#3198,#3203);
#3198 = PLANE('',#3199);
#3199 = AXIS2_PLACEMENT_3D('',#3200,#3201,#3202);
#3200 = CARTESIAN_POINT('',(-26.5,-66.,1.8));
#3201 = DIRECTION('',(1.,0.,-0.));
#3202 = DIRECTION('',(0.,0.,1.));
#3203 = DEFINITIONAL_REPRESENTATION('',(#3204),#3208);
#3204 = LINE('',#3205,#3206);
#3205 = CARTESIAN_POINT('',(0.,0.));
#3206 = VECTOR('',#3207,1.);
#3207 = DIRECTION('',(0.,-1.));
#3208 = ( GEOMETRIC_REPRESENTATION_CONTEXT(2) 
PARAMETRIC_REPRESENTATION_CONTEXT() REPRESENTATION_CONTEXT('2D SPACE',''
  ) );
#3209 = ORIENTED_EDGE('',*,*,#3210,.T.);
#3210 = EDGE_CURVE('',#3183,#3211,#3213,.T.);
#3211 = VERTEX_POINT('',#3212);
#3212 = CARTESIAN_POINT('',(-25.5,-57.5,1.8));
#3213 = SURFACE_CURVE('',#3214,(#3218,#3225),.PCURVE_S1.);
#3214 = LINE('',#3215,#3216);
#3215 = CARTESIAN_POINT('',(-26.5,-57.5,1.8));
#3216 = VECTOR('',#3217,1.);
#3217 = DIRECTION('',(1.,0.,0.));
#3218 = PCURVE('',#1507,#3219);
#3219 = DEFINITIONAL_REPRESENTATION('',(#3220),#3224);
#3220 = LINE('',#3221,#3222);
#3221 = CARTESIAN_POINT('',(-26.49999999941,-57.51068989473));
#3222 = VECTOR('',#3223,1.);
#3223 = DIRECTION('',(1.,0.));
#3224 = ( GEOMETRIC_REPRESENTATION_CONTEXT(2) 
PARAMETRIC_REPRESENTATION_CONTEXT() REPRESENTATION_CONTEXT('2D SPACE',''
  ) );
#3225 = PCURVE('',#3226,#3231);
#3226 = PLANE('',#3227);
#3227 = AXIS2_PLACEMENT_3D('',#3228,#3229,#3230);
#3228 = CARTESIAN_POINT('',(-30.55,-57.5,1.7));
#3229 = DIRECTION('',(-0.,1.,0.));
#3230 = DIRECTION('',(0.,0.,1.));
#3231 = DEFINITIONAL_REPRESENTATION('',(#3232),#3236);
#3232 = LINE('',#3233,#3234);
#3233 = CARTESIAN_POINT('',(1.E-01,4.05));
#3234 = VECTOR('',#3235,1.);
#3235 = DIRECTION('',(0.,1.));
#3236 = ( GEOMETRIC_REPRESENTATION_CONTEXT(2) 
PARAMETRIC_REPRESENTATION_CONTEXT() REPRESENTATION_CONTEXT('2D SPACE',''
  ) );
#3237 = ORIENTED_EDGE('',*,*,#3238,.F.);
#3238 = EDGE_CURVE('',#3239,#3211,#3241,.T.);
#3239 = VERTEX_POINT('',#3240);
#3240 = CARTESIAN_POINT('',(-25.5,-57.55051025721,1.8));
#3241 = SURFACE_CURVE('',#3242,(#3246,#3253),.PCURVE_S1.);
#3242 = LINE('',#3243,#3244);
#3243 = CARTESIAN_POINT('',(-25.5,-66.,1.8));
#3244 = VECTOR('',#3245,1.);
#3245 = DIRECTION('',(-0.,1.,0.));
#3246 = PCURVE('',#1507,#3247);
#3247 = DEFINITIONAL_REPRESENTATION('',(#3248),#3252);
#3248 = LINE('',#3249,#3250);
#3249 = CARTESIAN_POINT('',(-25.49999999941,-66.01068989473));
#3250 = VECTOR('',#3251,1.);
#3251 = DIRECTION('',(0.,1.));
#3252 = ( GEOMETRIC_REPRESENTATION_CONTEXT(2) 
PARAMETRIC_REPRESENTATION_CONTEXT() REPRESENTATION_CONTEXT('2D SPACE',''
  ) );
#3253 = PCURVE('',#3254,#3259);
#3254 = PLANE('',#3255);
#3255 = AXIS2_PLACEMENT_3D('',#3256,#3257,#3258);
#3256 = CARTESIAN_POINT('',(-25.5,-66.,1.8));
#3257 = DIRECTION('',(1.,0.,-0.));
#3258 = DIRECTION('',(0.,0.,1.));
#3259 = DEFINITIONAL_REPRESENTATION('',(#3260),#3264);
#3260 = LINE('',#3261,#3262);
#3261 = CARTESIAN_POINT('',(0.,0.));
#3262 = VECTOR('',#3263,1.);
#3263 = DIRECTION('',(0.,-1.));
#3264 = ( GEOMETRIC_REPRESENTATION_CONTEXT(2) 
PARAMETRIC_REPRESENTATION_CONTEXT() REPRESENTATION_CONTEXT('2D SPACE',''
  ) );
#3265 = ORIENTED_EDGE('',*,*,#3266,.F.);
#3266 = EDGE_CURVE('',#3267,#3239,#3269,.T.);
#3267 = VERTEX_POINT('',#3268);
#3268 = CARTESIAN_POINT('',(-23.55051025721,-59.5,1.8));
#3269 = SURFACE_CURVE('',#3270,(#3275,#3282),.PCURVE_S1.);
#3270 = CIRCLE('',#3271,2.5);
#3271 = AXIS2_PLACEMENT_3D('',#3272,#3273,#3274);
#3272 = CARTESIAN_POINT('',(-26.,-60.,1.8));
#3273 = DIRECTION('',(0.,0.,1.));
#3274 = DIRECTION('',(1.,0.,-0.));
#3275 = PCURVE('',#1507,#3276);
#3276 = DEFINITIONAL_REPRESENTATION('',(#3277),#3281);
#3277 = CIRCLE('',#3278,2.5);
#3278 = AXIS2_PLACEMENT_2D('',#3279,#3280);
#3279 = CARTESIAN_POINT('',(-25.99999999941,-60.01068989473));
#3280 = DIRECTION('',(1.,0.));
#3281 = ( GEOMETRIC_REPRESENTATION_CONTEXT(2) 
PARAMETRIC_REPRESENTATION_CONTEXT() REPRESENTATION_CONTEXT('2D SPACE',''
  ) );
#3282 = PCURVE('',#3170,#3283);
#3283 = DEFINITIONAL_REPRESENTATION('',(#3284),#3288);
#3284 = LINE('',#3285,#3286);
#3285 = CARTESIAN_POINT('',(-0.,0.));
#3286 = VECTOR('',#3287,1.);
#3287 = DIRECTION('',(-1.,0.));
#3288 = ( GEOMETRIC_REPRESENTATION_CONTEXT(2) 
PARAMETRIC_REPRESENTATION_CONTEXT() REPRESENTATION_CONTEXT('2D SPACE',''
  ) );
#3289 = ORIENTED_EDGE('',*,*,#3290,.T.);
#3290 = EDGE_CURVE('',#3267,#3291,#3293,.T.);
#3291 = VERTEX_POINT('',#3292);
#3292 = CARTESIAN_POINT('',(-20.,-59.5,1.8));
#3293 = SURFACE_CURVE('',#3294,(#3298,#3305),.PCURVE_S1.);
#3294 = LINE('',#3295,#3296);
#3295 = CARTESIAN_POINT('',(-32.,-59.5,1.8));
#3296 = VECTOR('',#3297,1.);
#3297 = DIRECTION('',(1.,0.,-0.));
#3298 = PCURVE('',#1507,#3299);
#3299 = DEFINITIONAL_REPRESENTATION('',(#3300),#3304);
#3300 = LINE('',#3301,#3302);
#3301 = CARTESIAN_POINT('',(-31.99999999941,-59.51068989473));
#3302 = VECTOR('',#3303,1.);
#3303 = DIRECTION('',(1.,0.));
#3304 = ( GEOMETRIC_REPRESENTATION_CONTEXT(2) 
PARAMETRIC_REPRESENTATION_CONTEXT() REPRESENTATION_CONTEXT('2D SPACE',''
  ) );
#3305 = PCURVE('',#3306,#3311);
#3306 = PLANE('',#3307);
#3307 = AXIS2_PLACEMENT_3D('',#3308,#3309,#3310);
#3308 = CARTESIAN_POINT('',(-32.,-59.5,1.8));
#3309 = DIRECTION('',(-0.,1.,0.));
#3310 = DIRECTION('',(0.,0.,1.));
#3311 = DEFINITIONAL_REPRESENTATION('',(#3312),#3316);
#3312 = LINE('',#3313,#3314);
#3313 = CARTESIAN_POINT('',(0.,0.));
#3314 = VECTOR('',#3315,1.);
#3315 = DIRECTION('',(0.,1.));
#3316 = ( GEOMETRIC_REPRESENTATION_CONTEXT(2) 
PARAMETRIC_REPRESENTATION_CONTEXT() REPRESENTATION_CONTEXT('2D SPACE',''
  ) );
#3317 = ORIENTED_EDGE('',*,*,#3318,.F.);
#3318 = EDGE_CURVE('',#3319,#3291,#3321,.T.);
#3319 = VERTEX_POINT('',#3320);
#3320 = CARTESIAN_POINT('',(-20.,-60.5,1.8));
#3321 = SURFACE_CURVE('',#3322,(#3326,#3333),.PCURVE_S1.);
#3322 = LINE('',#3323,#3324);
#3323 = CARTESIAN_POINT('',(-20.,-60.5,1.8));
#3324 = VECTOR('',#3325,1.);
#3325 = DIRECTION('',(-0.,1.,0.));
#3326 = PCURVE('',#1507,#3327);
#3327 = DEFINITIONAL_REPRESENTATION('',(#3328),#3332);
#3328 = LINE('',#3329,#3330);
#3329 = CARTESIAN_POINT('',(-19.99999999941,-60.51068989473));
#3330 = VECTOR('',#3331,1.);
#3331 = DIRECTION('',(0.,1.));
#3332 = ( GEOMETRIC_REPRESENTATION_CONTEXT(2) 
PARAMETRIC_REPRESENTATION_CONTEXT() REPRESENTATION_CONTEXT('2D SPACE',''
  ) );
#3333 = PCURVE('',#3334,#3339);
#3334 = PLANE('',#3335);
#3335 = AXIS2_PLACEMENT_3D('',#3336,#3337,#3338);
#3336 = CARTESIAN_POINT('',(-20.,-60.5,1.8));
#3337 = DIRECTION('',(1.,0.,-0.));
#3338 = DIRECTION('',(0.,0.,1.));
#3339 = DEFINITIONAL_REPRESENTATION('',(#3340),#3344);
#3340 = LINE('',#3341,#3342);
#3341 = CARTESIAN_POINT('',(0.,0.));
#3342 = VECTOR('',#3343,1.);
#3343 = DIRECTION('',(0.,-1.));
#3344 = ( GEOMETRIC_REPRESENTATION_CONTEXT(2) 
PARAMETRIC_REPRESENTATION_CONTEXT() REPRESENTATION_CONTEXT('2D SPACE',''
  ) );
#3345 = ORIENTED_EDGE('',*,*,#3346,.F.);
#3346 = EDGE_CURVE('',#3347,#3319,#3349,.T.);
#3347 = VERTEX_POINT('',#3348);
#3348 = CARTESIAN_POINT('',(-23.55051025721,-60.5,1.8));
#3349 = SURFACE_CURVE('',#3350,(#3354,#3361),.PCURVE_S1.);
#3350 = LINE('',#3351,#3352);
#3351 = CARTESIAN_POINT('',(-32.,-60.5,1.8));
#3352 = VECTOR('',#3353,1.);
#3353 = DIRECTION('',(1.,0.,-0.));
#3354 = PCURVE('',#1507,#3355);
#3355 = DEFINITIONAL_REPRESENTATION('',(#3356),#3360);
#3356 = LINE('',#3357,#3358);
#3357 = CARTESIAN_POINT('',(-31.99999999941,-60.51068989473));
#3358 = VECTOR('',#3359,1.);
#3359 = DIRECTION('',(1.,0.));
#3360 = ( GEOMETRIC_REPRESENTATION_CONTEXT(2) 
PARAMETRIC_REPRESENTATION_CONTEXT() REPRESENTATION_CONTEXT('2D SPACE',''
  ) );
#3361 = PCURVE('',#3362,#3367);
#3362 = PLANE('',#3363);
#3363 = AXIS2_PLACEMENT_3D('',#3364,#3365,#3366);
#3364 = CARTESIAN_POINT('',(-32.,-60.5,1.8));
#3365 = DIRECTION('',(-0.,1.,0.));
#3366 = DIRECTION('',(0.,0.,1.));
#3367 = DEFINITIONAL_REPRESENTATION('',(#3368),#3372);
#3368 = LINE('',#3369,#3370);
#3369 = CARTESIAN_POINT('',(0.,0.));
#3370 = VECTOR('',#3371,1.);
#3371 = DIRECTION('',(0.,1.));
#3372 = ( GEOMETRIC_REPRESENTATION_CONTEXT(2) 
PARAMETRIC_REPRESENTATION_CONTEXT() REPRESENTATION_CONTEXT('2D SPACE',''
  ) );
#3373 = ORIENTED_EDGE('',*,*,#3374,.F.);
#3374 = EDGE_CURVE('',#3375,#3347,#3377,.T.);
#3375 = VERTEX_POINT('',#3376);
#3376 = CARTESIAN_POINT('',(-25.5,-62.44948974278,1.8));
#3377 = SURFACE_CURVE('',#3378,(#3383,#3390),.PCURVE_S1.);
#3378 = CIRCLE('',#3379,2.5);
#3379 = AXIS2_PLACEMENT_3D('',#3380,#3381,#3382);
#3380 = CARTESIAN_POINT('',(-26.,-60.,1.8));
#3381 = DIRECTION('',(0.,0.,1.));
#3382 = DIRECTION('',(1.,0.,-0.));
#3383 = PCURVE('',#1507,#3384);
#3384 = DEFINITIONAL_REPRESENTATION('',(#3385),#3389);
#3385 = CIRCLE('',#3386,2.5);
#3386 = AXIS2_PLACEMENT_2D('',#3387,#3388);
#3387 = CARTESIAN_POINT('',(-25.99999999941,-60.01068989473));
#3388 = DIRECTION('',(1.,0.));
#3389 = ( GEOMETRIC_REPRESENTATION_CONTEXT(2) 
PARAMETRIC_REPRESENTATION_CONTEXT() REPRESENTATION_CONTEXT('2D SPACE',''
  ) );
#3390 = PCURVE('',#3170,#3391);
#3391 = DEFINITIONAL_REPRESENTATION('',(#3392),#3396);
#3392 = LINE('',#3393,#3394);
#3393 = CARTESIAN_POINT('',(-0.,0.));
#3394 = VECTOR('',#3395,1.);
#3395 = DIRECTION('',(-1.,0.));
#3396 = ( GEOMETRIC_REPRESENTATION_CONTEXT(2) 
PARAMETRIC_REPRESENTATION_CONTEXT() REPRESENTATION_CONTEXT('2D SPACE',''
  ) );
#3397 = ORIENTED_EDGE('',*,*,#3398,.F.);
#3398 = EDGE_CURVE('',#3399,#3375,#3401,.T.);
#3399 = VERTEX_POINT('',#3400);
#3400 = CARTESIAN_POINT('',(-25.5,-65.2,1.8));
#3401 = SURFACE_CURVE('',#3402,(#3406,#3413),.PCURVE_S1.);
#3402 = LINE('',#3403,#3404);
#3403 = CARTESIAN_POINT('',(-25.5,-66.,1.8));
#3404 = VECTOR('',#3405,1.);
#3405 = DIRECTION('',(-0.,1.,0.));
#3406 = PCURVE('',#1507,#3407);
#3407 = DEFINITIONAL_REPRESENTATION('',(#3408),#3412);
#3408 = LINE('',#3409,#3410);
#3409 = CARTESIAN_POINT('',(-25.49999999941,-66.01068989473));
#3410 = VECTOR('',#3411,1.);
#3411 = DIRECTION('',(0.,1.));
#3412 = ( GEOMETRIC_REPRESENTATION_CONTEXT(2) 
PARAMETRIC_REPRESENTATION_CONTEXT() REPRESENTATION_CONTEXT('2D SPACE',''
  ) );
#3413 = PCURVE('',#3414,#3419);
#3414 = PLANE('',#3415);
#3415 = AXIS2_PLACEMENT_3D('',#3416,#3417,#3418);
#3416 = CARTESIAN_POINT('',(-25.5,-66.,1.8));
#3417 = DIRECTION('',(1.,0.,-0.));
#3418 = DIRECTION('',(0.,0.,1.));
#3419 = DEFINITIONAL_REPRESENTATION('',(#3420),#3424);
#3420 = LINE('',#3421,#3422);
#3421 = CARTESIAN_POINT('',(0.,0.));
#3422 = VECTOR('',#3423,1.);
#3423 = DIRECTION('',(0.,-1.));
#3424 = ( GEOMETRIC_REPRESENTATION_CONTEXT(2) 
PARAMETRIC_REPRESENTATION_CONTEXT() REPRESENTATION_CONTEXT('2D SPACE',''
  ) );
#3425 = ORIENTED_EDGE('',*,*,#3426,.T.);
#3426 = EDGE_CURVE('',#3399,#3427,#3429,.T.);
#3427 = VERTEX_POINT('',#3428);
#3428 = CARTESIAN_POINT('',(25.5,-65.2,1.8));
#3429 = SURFACE_CURVE('',#3430,(#3434,#3441),.PCURVE_S1.);
#3430 = LINE('',#3431,#3432);
#3431 = CARTESIAN_POINT('',(0.,-65.2,1.8));
#3432 = VECTOR('',#3433,1.);
#3433 = DIRECTION('',(1.,0.,0.));
#3434 = PCURVE('',#1507,#3435);
#3435 = DEFINITIONAL_REPRESENTATION('',(#3436),#3440);
#3436 = LINE('',#3437,#3438);
#3437 = CARTESIAN_POINT('',(5.835800400434E-10,-65.21068989473));
#3438 = VECTOR('',#3439,1.);
#3439 = DIRECTION('',(1.,0.));
#3440 = ( GEOMETRIC_REPRESENTATION_CONTEXT(2) 
PARAMETRIC_REPRESENTATION_CONTEXT() REPRESENTATION_CONTEXT('2D SPACE',''
  ) );
#3441 = PCURVE('',#1444,#3442);
#3442 = DEFINITIONAL_REPRESENTATION('',(#3443),#3447);
#3443 = LINE('',#3444,#3445);
#3444 = CARTESIAN_POINT('',(29.,0.));
#3445 = VECTOR('',#3446,1.);
#3446 = DIRECTION('',(1.,0.));
#3447 = ( GEOMETRIC_REPRESENTATION_CONTEXT(2) 
PARAMETRIC_REPRESENTATION_CONTEXT() REPRESENTATION_CONTEXT('2D SPACE',''
  ) );
#3448 = ORIENTED_EDGE('',*,*,#3449,.T.);
#3449 = EDGE_CURVE('',#3427,#3450,#3452,.T.);
#3450 = VERTEX_POINT('',#3451);
#3451 = CARTESIAN_POINT('',(25.5,-62.44948974278,1.8));
#3452 = SURFACE_CURVE('',#3453,(#3457,#3464),.PCURVE_S1.);
#3453 = LINE('',#3454,#3455);
#3454 = CARTESIAN_POINT('',(25.5,-66.,1.8));
#3455 = VECTOR('',#3456,1.);
#3456 = DIRECTION('',(-0.,1.,0.));
#3457 = PCURVE('',#1507,#3458);
#3458 = DEFINITIONAL_REPRESENTATION('',(#3459),#3463);
#3459 = LINE('',#3460,#3461);
#3460 = CARTESIAN_POINT('',(25.500000000584,-66.01068989473));
#3461 = VECTOR('',#3462,1.);
#3462 = DIRECTION('',(0.,1.));
#3463 = ( GEOMETRIC_REPRESENTATION_CONTEXT(2) 
PARAMETRIC_REPRESENTATION_CONTEXT() REPRESENTATION_CONTEXT('2D SPACE',''
  ) );
#3464 = PCURVE('',#3465,#3470);
#3465 = PLANE('',#3466);
#3466 = AXIS2_PLACEMENT_3D('',#3467,#3468,#3469);
#3467 = CARTESIAN_POINT('',(25.5,-66.,1.8));
#3468 = DIRECTION('',(1.,0.,-0.));
#3469 = DIRECTION('',(0.,0.,1.));
#3470 = DEFINITIONAL_REPRESENTATION('',(#3471),#3475);
#3471 = LINE('',#3472,#3473);
#3472 = CARTESIAN_POINT('',(0.,0.));
#3473 = VECTOR('',#3474,1.);
#3474 = DIRECTION('',(0.,-1.));
#3475 = ( GEOMETRIC_REPRESENTATION_CONTEXT(2) 
PARAMETRIC_REPRESENTATION_CONTEXT() REPRESENTATION_CONTEXT('2D SPACE',''
  ) );
#3476 = ORIENTED_EDGE('',*,*,#3477,.F.);
#3477 = EDGE_CURVE('',#3478,#3450,#3480,.T.);
#3478 = VERTEX_POINT('',#3479);
#3479 = CARTESIAN_POINT('',(23.550510257217,-60.5,1.8));
#3480 = SURFACE_CURVE('',#3481,(#3486,#3493),.PCURVE_S1.);
#3481 = CIRCLE('',#3482,2.5);
#3482 = AXIS2_PLACEMENT_3D('',#3483,#3484,#3485);
#3483 = CARTESIAN_POINT('',(26.,-60.,1.8));
#3484 = DIRECTION('',(0.,0.,1.));
#3485 = DIRECTION('',(1.,0.,-0.));
#3486 = PCURVE('',#1507,#3487);
#3487 = DEFINITIONAL_REPRESENTATION('',(#3488),#3492);
#3488 = CIRCLE('',#3489,2.5);
#3489 = AXIS2_PLACEMENT_2D('',#3490,#3491);
#3490 = CARTESIAN_POINT('',(26.000000000584,-60.01068989473));
#3491 = DIRECTION('',(1.,0.));
#3492 = ( GEOMETRIC_REPRESENTATION_CONTEXT(2) 
PARAMETRIC_REPRESENTATION_CONTEXT() REPRESENTATION_CONTEXT('2D SPACE',''
  ) );
#3493 = PCURVE('',#3494,#3499);
#3494 = CYLINDRICAL_SURFACE('',#3495,2.5);
#3495 = AXIS2_PLACEMENT_3D('',#3496,#3497,#3498);
#3496 = CARTESIAN_POINT('',(26.,-60.,1.8));
#3497 = DIRECTION('',(-0.,-0.,-1.));
#3498 = DIRECTION('',(1.,0.,-0.));
#3499 = DEFINITIONAL_REPRESENTATION('',(#3500),#3504);
#3500 = LINE('',#3501,#3502);
#3501 = CARTESIAN_POINT('',(-0.,0.));
#3502 = VECTOR('',#3503,1.);
#3503 = DIRECTION('',(-1.,0.));
#3504 = ( GEOMETRIC_REPRESENTATION_CONTEXT(2) 
PARAMETRIC_REPRESENTATION_CONTEXT() REPRESENTATION_CONTEXT('2D SPACE',''
  ) );
#3505 = ORIENTED_EDGE('',*,*,#3506,.F.);
#3506 = EDGE_CURVE('',#3507,#3478,#3509,.T.);
#3507 = VERTEX_POINT('',#3508);
#3508 = CARTESIAN_POINT('',(20.,-60.5,1.8));
#3509 = SURFACE_CURVE('',#3510,(#3514,#3521),.PCURVE_S1.);
#3510 = LINE('',#3511,#3512);
#3511 = CARTESIAN_POINT('',(20.,-60.5,1.8));
#3512 = VECTOR('',#3513,1.);
#3513 = DIRECTION('',(1.,0.,-0.));
#3514 = PCURVE('',#1507,#3515);
#3515 = DEFINITIONAL_REPRESENTATION('',(#3516),#3520);
#3516 = LINE('',#3517,#3518);
#3517 = CARTESIAN_POINT('',(20.000000000584,-60.51068989473));
#3518 = VECTOR('',#3519,1.);
#3519 = DIRECTION('',(1.,0.));
#3520 = ( GEOMETRIC_REPRESENTATION_CONTEXT(2) 
PARAMETRIC_REPRESENTATION_CONTEXT() REPRESENTATION_CONTEXT('2D SPACE',''
  ) );
#3521 = PCURVE('',#3522,#3527);
#3522 = PLANE('',#3523);
#3523 = AXIS2_PLACEMENT_3D('',#3524,#3525,#3526);
#3524 = CARTESIAN_POINT('',(20.,-60.5,1.8));
#3525 = DIRECTION('',(-0.,1.,0.));
#3526 = DIRECTION('',(0.,0.,1.));
#3527 = DEFINITIONAL_REPRESENTATION('',(#3528),#3532);
#3528 = LINE('',#3529,#3530);
#3529 = CARTESIAN_POINT('',(0.,0.));
#3530 = VECTOR('',#3531,1.);
#3531 = DIRECTION('',(0.,1.));
#3532 = ( GEOMETRIC_REPRESENTATION_CONTEXT(2) 
PARAMETRIC_REPRESENTATION_CONTEXT() REPRESENTATION_CONTEXT('2D SPACE',''
  ) );
#3533 = ORIENTED_EDGE('',*,*,#3534,.T.);
#3534 = EDGE_CURVE('',#3507,#3535,#3537,.T.);
#3535 = VERTEX_POINT('',#3536);
#3536 = CARTESIAN_POINT('',(20.,-59.5,1.8));
#3537 = SURFACE_CURVE('',#3538,(#3542,#3549),.PCURVE_S1.);
#3538 = LINE('',#3539,#3540);
#3539 = CARTESIAN_POINT('',(20.,-60.5,1.8));
#3540 = VECTOR('',#3541,1.);
#3541 = DIRECTION('',(-0.,1.,0.));
#3542 = PCURVE('',#1507,#3543);
#3543 = DEFINITIONAL_REPRESENTATION('',(#3544),#3548);
#3544 = LINE('',#3545,#3546);
#3545 = CARTESIAN_POINT('',(20.000000000584,-60.51068989473));
#3546 = VECTOR('',#3547,1.);
#3547 = DIRECTION('',(0.,1.));
#3548 = ( GEOMETRIC_REPRESENTATION_CONTEXT(2) 
PARAMETRIC_REPRESENTATION_CONTEXT() REPRESENTATION_CONTEXT('2D SPACE',''
  ) );
#3549 = PCURVE('',#3550,#3555);
#3550 = PLANE('',#3551);
#3551 = AXIS2_PLACEMENT_3D('',#3552,#3553,#3554);
#3552 = CARTESIAN_POINT('',(20.,-60.5,1.8));
#3553 = DIRECTION('',(1.,0.,-0.));
#3554 = DIRECTION('',(0.,0.,1.));
#3555 = DEFINITIONAL_REPRESENTATION('',(#3556),#3560);
#3556 = LINE('',#3557,#3558);
#3557 = CARTESIAN_POINT('',(0.,0.));
#3558 = VECTOR('',#3559,1.);
#3559 = DIRECTION('',(0.,-1.));
#3560 = ( GEOMETRIC_REPRESENTATION_CONTEXT(2) 
PARAMETRIC_REPRESENTATION_CONTEXT() REPRESENTATION_CONTEXT('2D SPACE',''
  ) );
#3561 = ORIENTED_EDGE('',*,*,#3562,.T.);
#3562 = EDGE_CURVE('',#3535,#3563,#3565,.T.);
#3563 = VERTEX_POINT('',#3564);
#3564 = CARTESIAN_POINT('',(23.550510257217,-59.5,1.8));
#3565 = SURFACE_CURVE('',#3566,(#3570,#3577),.PCURVE_S1.);
#3566 = LINE('',#3567,#3568);
#3567 = CARTESIAN_POINT('',(20.,-59.5,1.8));
#3568 = VECTOR('',#3569,1.);
#3569 = DIRECTION('',(1.,0.,-0.));
#3570 = PCURVE('',#1507,#3571);
#3571 = DEFINITIONAL_REPRESENTATION('',(#3572),#3576);
#3572 = LINE('',#3573,#3574);
#3573 = CARTESIAN_POINT('',(20.000000000584,-59.51068989473));
#3574 = VECTOR('',#3575,1.);
#3575 = DIRECTION('',(1.,0.));
#3576 = ( GEOMETRIC_REPRESENTATION_CONTEXT(2) 
PARAMETRIC_REPRESENTATION_CONTEXT() REPRESENTATION_CONTEXT('2D SPACE',''
  ) );
#3577 = PCURVE('',#3578,#3583);
#3578 = PLANE('',#3579);
#3579 = AXIS2_PLACEMENT_3D('',#3580,#3581,#3582);
#3580 = CARTESIAN_POINT('',(20.,-59.5,1.8));
#3581 = DIRECTION('',(-0.,1.,0.));
#3582 = DIRECTION('',(0.,0.,1.));
#3583 = DEFINITIONAL_REPRESENTATION('',(#3584),#3588);
#3584 = LINE('',#3585,#3586);
#3585 = CARTESIAN_POINT('',(0.,0.));
#3586 = VECTOR('',#3587,1.);
#3587 = DIRECTION('',(0.,1.));
#3588 = ( GEOMETRIC_REPRESENTATION_CONTEXT(2) 
PARAMETRIC_REPRESENTATION_CONTEXT() REPRESENTATION_CONTEXT('2D SPACE',''
  ) );
#3589 = ORIENTED_EDGE('',*,*,#3590,.F.);
#3590 = EDGE_CURVE('',#3591,#3563,#3593,.T.);
#3591 = VERTEX_POINT('',#3592);
#3592 = CARTESIAN_POINT('',(25.5,-57.55051025721,1.8));
#3593 = SURFACE_CURVE('',#3594,(#3599,#3606),.PCURVE_S1.);
#3594 = CIRCLE('',#3595,2.5);
#3595 = AXIS2_PLACEMENT_3D('',#3596,#3597,#3598);
#3596 = CARTESIAN_POINT('',(26.,-60.,1.8));
#3597 = DIRECTION('',(0.,0.,1.));
#3598 = DIRECTION('',(1.,0.,-0.));
#3599 = PCURVE('',#1507,#3600);
#3600 = DEFINITIONAL_REPRESENTATION('',(#3601),#3605);
#3601 = CIRCLE('',#3602,2.5);
#3602 = AXIS2_PLACEMENT_2D('',#3603,#3604);
#3603 = CARTESIAN_POINT('',(26.000000000584,-60.01068989473));
#3604 = DIRECTION('',(1.,0.));
#3605 = ( GEOMETRIC_REPRESENTATION_CONTEXT(2) 
PARAMETRIC_REPRESENTATION_CONTEXT() REPRESENTATION_CONTEXT('2D SPACE',''
  ) );
#3606 = PCURVE('',#3494,#3607);
#3607 = DEFINITIONAL_REPRESENTATION('',(#3608),#3612);
#3608 = LINE('',#3609,#3610);
#3609 = CARTESIAN_POINT('',(-0.,0.));
#3610 = VECTOR('',#3611,1.);
#3611 = DIRECTION('',(-1.,0.));
#3612 = ( GEOMETRIC_REPRESENTATION_CONTEXT(2) 
PARAMETRIC_REPRESENTATION_CONTEXT() REPRESENTATION_CONTEXT('2D SPACE',''
  ) );
#3613 = ORIENTED_EDGE('',*,*,#3614,.T.);
#3614 = EDGE_CURVE('',#3591,#3615,#3617,.T.);
#3615 = VERTEX_POINT('',#3616);
#3616 = CARTESIAN_POINT('',(25.5,-57.5,1.8));
#3617 = SURFACE_CURVE('',#3618,(#3622,#3629),.PCURVE_S1.);
#3618 = LINE('',#3619,#3620);
#3619 = CARTESIAN_POINT('',(25.5,-66.,1.8));
#3620 = VECTOR('',#3621,1.);
#3621 = DIRECTION('',(-0.,1.,0.));
#3622 = PCURVE('',#1507,#3623);
#3623 = DEFINITIONAL_REPRESENTATION('',(#3624),#3628);
#3624 = LINE('',#3625,#3626);
#3625 = CARTESIAN_POINT('',(25.500000000584,-66.01068989473));
#3626 = VECTOR('',#3627,1.);
#3627 = DIRECTION('',(0.,1.));
#3628 = ( GEOMETRIC_REPRESENTATION_CONTEXT(2) 
PARAMETRIC_REPRESENTATION_CONTEXT() REPRESENTATION_CONTEXT('2D SPACE',''
  ) );
#3629 = PCURVE('',#3630,#3635);
#3630 = PLANE('',#3631);
#3631 = AXIS2_PLACEMENT_3D('',#3632,#3633,#3634);
#3632 = CARTESIAN_POINT('',(25.5,-66.,1.8));
#3633 = DIRECTION('',(1.,0.,-0.));
#3634 = DIRECTION('',(0.,0.,1.));
#3635 = DEFINITIONAL_REPRESENTATION('',(#3636),#3640);
#3636 = LINE('',#3637,#3638);
#3637 = CARTESIAN_POINT('',(0.,0.));
#3638 = VECTOR('',#3639,1.);
#3639 = DIRECTION('',(0.,-1.));
#3640 = ( GEOMETRIC_REPRESENTATION_CONTEXT(2) 
PARAMETRIC_REPRESENTATION_CONTEXT() REPRESENTATION_CONTEXT('2D SPACE',''
  ) );
#3641 = ORIENTED_EDGE('',*,*,#3642,.T.);
#3642 = EDGE_CURVE('',#3615,#3643,#3645,.T.);
#3643 = VERTEX_POINT('',#3644);
#3644 = CARTESIAN_POINT('',(26.5,-57.5,1.8));
#3645 = SURFACE_CURVE('',#3646,(#3650,#3657),.PCURVE_S1.);
#3646 = LINE('',#3647,#3648);
#3647 = CARTESIAN_POINT('',(25.5,-57.5,1.8));
#3648 = VECTOR('',#3649,1.);
#3649 = DIRECTION('',(1.,0.,0.));
#3650 = PCURVE('',#1507,#3651);
#3651 = DEFINITIONAL_REPRESENTATION('',(#3652),#3656);
#3652 = LINE('',#3653,#3654);
#3653 = CARTESIAN_POINT('',(25.500000000584,-57.51068989473));
#3654 = VECTOR('',#3655,1.);
#3655 = DIRECTION('',(1.,0.));
#3656 = ( GEOMETRIC_REPRESENTATION_CONTEXT(2) 
PARAMETRIC_REPRESENTATION_CONTEXT() REPRESENTATION_CONTEXT('2D SPACE',''
  ) );
#3657 = PCURVE('',#3658,#3663);
#3658 = PLANE('',#3659);
#3659 = AXIS2_PLACEMENT_3D('',#3660,#3661,#3662);
#3660 = CARTESIAN_POINT('',(-30.55,-57.5,1.7));
#3661 = DIRECTION('',(-0.,1.,0.));
#3662 = DIRECTION('',(0.,0.,1.));
#3663 = DEFINITIONAL_REPRESENTATION('',(#3664),#3668);
#3664 = LINE('',#3665,#3666);
#3665 = CARTESIAN_POINT('',(1.E-01,56.05));
#3666 = VECTOR('',#3667,1.);
#3667 = DIRECTION('',(0.,1.));
#3668 = ( GEOMETRIC_REPRESENTATION_CONTEXT(2) 
PARAMETRIC_REPRESENTATION_CONTEXT() REPRESENTATION_CONTEXT('2D SPACE',''
  ) );
#3669 = ORIENTED_EDGE('',*,*,#3670,.F.);
#3670 = EDGE_CURVE('',#3671,#3643,#3673,.T.);
#3671 = VERTEX_POINT('',#3672);
#3672 = CARTESIAN_POINT('',(26.5,-57.55051025721,1.8));
#3673 = SURFACE_CURVE('',#3674,(#3678,#3685),.PCURVE_S1.);
#3674 = LINE('',#3675,#3676);
#3675 = CARTESIAN_POINT('',(26.5,-66.,1.8));
#3676 = VECTOR('',#3677,1.);
#3677 = DIRECTION('',(-0.,1.,0.));
#3678 = PCURVE('',#1507,#3679);
#3679 = DEFINITIONAL_REPRESENTATION('',(#3680),#3684);
#3680 = LINE('',#3681,#3682);
#3681 = CARTESIAN_POINT('',(26.500000000584,-66.01068989473));
#3682 = VECTOR('',#3683,1.);
#3683 = DIRECTION('',(0.,1.));
#3684 = ( GEOMETRIC_REPRESENTATION_CONTEXT(2) 
PARAMETRIC_REPRESENTATION_CONTEXT() REPRESENTATION_CONTEXT('2D SPACE',''
  ) );
#3685 = PCURVE('',#3686,#3691);
#3686 = PLANE('',#3687);
#3687 = AXIS2_PLACEMENT_3D('',#3688,#3689,#3690);
#3688 = CARTESIAN_POINT('',(26.5,-66.,1.8));
#3689 = DIRECTION('',(1.,0.,-0.));
#3690 = DIRECTION('',(0.,0.,1.));
#3691 = DEFINITIONAL_REPRESENTATION('',(#3692),#3696);
#3692 = LINE('',#3693,#3694);
#3693 = CARTESIAN_POINT('',(0.,0.));
#3694 = VECTOR('',#3695,1.);
#3695 = DIRECTION('',(0.,-1.));
#3696 = ( GEOMETRIC_REPRESENTATION_CONTEXT(2) 
PARAMETRIC_REPRESENTATION_CONTEXT() REPRESENTATION_CONTEXT('2D SPACE',''
  ) );
#3697 = ORIENTED_EDGE('',*,*,#3698,.F.);
#3698 = EDGE_CURVE('',#3699,#3671,#3701,.T.);
#3699 = VERTEX_POINT('',#3700);
#3700 = CARTESIAN_POINT('',(28.449489742783,-59.5,1.8));
#3701 = SURFACE_CURVE('',#3702,(#3707,#3714),.PCURVE_S1.);
#3702 = CIRCLE('',#3703,2.5);
#3703 = AXIS2_PLACEMENT_3D('',#3704,#3705,#3706);
#3704 = CARTESIAN_POINT('',(26.,-60.,1.8));
#3705 = DIRECTION('',(0.,0.,1.));
#3706 = DIRECTION('',(1.,0.,-0.));
#3707 = PCURVE('',#1507,#3708);
#3708 = DEFINITIONAL_REPRESENTATION('',(#3709),#3713);
#3709 = CIRCLE('',#3710,2.5);
#3710 = AXIS2_PLACEMENT_2D('',#3711,#3712);
#3711 = CARTESIAN_POINT('',(26.000000000584,-60.01068989473));
#3712 = DIRECTION('',(1.,0.));
#3713 = ( GEOMETRIC_REPRESENTATION_CONTEXT(2) 
PARAMETRIC_REPRESENTATION_CONTEXT() REPRESENTATION_CONTEXT('2D SPACE',''
  ) );
#3714 = PCURVE('',#3494,#3715);
#3715 = DEFINITIONAL_REPRESENTATION('',(#3716),#3720);
#3716 = LINE('',#3717,#3718);
#3717 = CARTESIAN_POINT('',(-0.,0.));
#3718 = VECTOR('',#3719,1.);
#3719 = DIRECTION('',(-1.,0.));
#3720 = ( GEOMETRIC_REPRESENTATION_CONTEXT(2) 
PARAMETRIC_REPRESENTATION_CONTEXT() REPRESENTATION_CONTEXT('2D SPACE',''
  ) );
#3721 = ORIENTED_EDGE('',*,*,#3722,.T.);
#3722 = EDGE_CURVE('',#3699,#3723,#3725,.T.);
#3723 = VERTEX_POINT('',#3724);
#3724 = CARTESIAN_POINT('',(31.19999999708,-59.5,1.8));
#3725 = SURFACE_CURVE('',#3726,(#3730,#3737),.PCURVE_S1.);
#3726 = LINE('',#3727,#3728);
#3727 = CARTESIAN_POINT('',(20.,-59.5,1.8));
#3728 = VECTOR('',#3729,1.);
#3729 = DIRECTION('',(1.,0.,-0.));
#3730 = PCURVE('',#1507,#3731);
#3731 = DEFINITIONAL_REPRESENTATION('',(#3732),#3736);
#3732 = LINE('',#3733,#3734);
#3733 = CARTESIAN_POINT('',(20.000000000584,-59.51068989473));
#3734 = VECTOR('',#3735,1.);
#3735 = DIRECTION('',(1.,0.));
#3736 = ( GEOMETRIC_REPRESENTATION_CONTEXT(2) 
PARAMETRIC_REPRESENTATION_CONTEXT() REPRESENTATION_CONTEXT('2D SPACE',''
  ) );
#3737 = PCURVE('',#3738,#3743);
#3738 = PLANE('',#3739);
#3739 = AXIS2_PLACEMENT_3D('',#3740,#3741,#3742);
#3740 = CARTESIAN_POINT('',(20.,-59.5,1.8));
#3741 = DIRECTION('',(-0.,1.,0.));
#3742 = DIRECTION('',(0.,0.,1.));
#3743 = DEFINITIONAL_REPRESENTATION('',(#3744),#3748);
#3744 = LINE('',#3745,#3746);
#3745 = CARTESIAN_POINT('',(0.,0.));
#3746 = VECTOR('',#3747,1.);
#3747 = DIRECTION('',(0.,1.));
#3748 = ( GEOMETRIC_REPRESENTATION_CONTEXT(2) 
PARAMETRIC_REPRESENTATION_CONTEXT() REPRESENTATION_CONTEXT('2D SPACE',''
  ) );
#3749 = ORIENTED_EDGE('',*,*,#3750,.T.);
#3750 = EDGE_CURVE('',#3723,#3751,#3753,.T.);
#3751 = VERTEX_POINT('',#3752);
#3752 = CARTESIAN_POINT('',(31.199999957622,-12.19868426157,1.8));
#3753 = SURFACE_CURVE('',#3754,(#3758,#3765),.PCURVE_S1.);
#3754 = LINE('',#3755,#3756);
#3755 = CARTESIAN_POINT('',(31.2,-63.0000000015,1.8));
#3756 = VECTOR('',#3757,1.);
#3757 = DIRECTION('',(-8.3418493884E-10,1.,0.));
#3758 = PCURVE('',#1507,#3759);
#3759 = DEFINITIONAL_REPRESENTATION('',(#3760),#3764);
#3760 = LINE('',#3761,#3762);
#3761 = CARTESIAN_POINT('',(31.200000000584,-63.01068989624));
#3762 = VECTOR('',#3763,1.);
#3763 = DIRECTION('',(-8.3418493884E-10,1.));
#3764 = ( GEOMETRIC_REPRESENTATION_CONTEXT(2) 
PARAMETRIC_REPRESENTATION_CONTEXT() REPRESENTATION_CONTEXT('2D SPACE',''
  ) );
#3765 = PCURVE('',#1385,#3766);
#3766 = DEFINITIONAL_REPRESENTATION('',(#3767),#3771);
#3767 = LINE('',#3768,#3769);
#3768 = CARTESIAN_POINT('',(-3.336737108839E-09,-0.));
#3769 = VECTOR('',#3770,1.);
#3770 = DIRECTION('',(1.,0.));
#3771 = ( GEOMETRIC_REPRESENTATION_CONTEXT(2) 
PARAMETRIC_REPRESENTATION_CONTEXT() REPRESENTATION_CONTEXT('2D SPACE',''
  ) );
#3772 = ORIENTED_EDGE('',*,*,#3773,.T.);
#3773 = EDGE_CURVE('',#3751,#3774,#3776,.T.);
#3774 = VERTEX_POINT('',#3775);
#3775 = CARTESIAN_POINT('',(31.634999963767,-9.994875039509,1.8));
#3776 = SURFACE_CURVE('',#3777,(#3782,#3793),.PCURVE_S1.);
#3777 = CIRCLE('',#3778,5.8);
#3778 = AXIS2_PLACEMENT_3D('',#3779,#3780,#3781);
#3779 = CARTESIAN_POINT('',(36.999999957622,-12.19868425673,1.8));
#3780 = DIRECTION('',(0.,0.,-1.));
#3781 = DIRECTION('',(-1.,0.,0.));
#3782 = PCURVE('',#1507,#3783);
#3783 = DEFINITIONAL_REPRESENTATION('',(#3784),#3792);
#3784 = ( BOUNDED_CURVE() B_SPLINE_CURVE(2,(#3785,#3786,#3787,#3788,
#3789,#3790,#3791),.UNSPECIFIED.,.T.,.F.) B_SPLINE_CURVE_WITH_KNOTS((1,2
    ,2,2,2,1),(-2.094395102393,0.,2.094395102393,4.188790204786,
6.28318530718,8.377580409573),.UNSPECIFIED.) CURVE() 
GEOMETRIC_REPRESENTATION_ITEM() RATIONAL_B_SPLINE_CURVE((1.,0.5,1.,0.5,
1.,0.5,1.)) REPRESENTATION_ITEM('') );
#3785 = CARTESIAN_POINT('',(31.199999958206,-12.20937415147));
#3786 = CARTESIAN_POINT('',(31.199999958206,-2.163479467575));
#3787 = CARTESIAN_POINT('',(39.899999958206,-7.186426809524));
#3788 = CARTESIAN_POINT('',(48.599999958206,-12.20937415147));
#3789 = CARTESIAN_POINT('',(39.899999958206,-17.23232149342));
#3790 = CARTESIAN_POINT('',(31.199999958206,-22.25526883537));
#3791 = CARTESIAN_POINT('',(31.199999958206,-12.20937415147));
#3792 = ( GEOMETRIC_REPRESENTATION_CONTEXT(2) 
PARAMETRIC_REPRESENTATION_CONTEXT() REPRESENTATION_CONTEXT('2D SPACE',''
  ) );
#3793 = PCURVE('',#1358,#3794);
#3794 = DEFINITIONAL_REPRESENTATION('',(#3795),#3799);
#3795 = LINE('',#3796,#3797);
#3796 = CARTESIAN_POINT('',(0.,0.));
#3797 = VECTOR('',#3798,1.);
#3798 = DIRECTION('',(1.,0.));
#3799 = ( GEOMETRIC_REPRESENTATION_CONTEXT(2) 
PARAMETRIC_REPRESENTATION_CONTEXT() REPRESENTATION_CONTEXT('2D SPACE',''
  ) );
#3800 = ORIENTED_EDGE('',*,*,#3801,.T.);
#3801 = EDGE_CURVE('',#3774,#3802,#3804,.T.);
#3802 = VERTEX_POINT('',#3803);
#3803 = CARTESIAN_POINT('',(31.635000055777,15.994874815518,1.8));
#3804 = SURFACE_CURVE('',#3805,(#3810,#3817),.PCURVE_S1.);
#3805 = CIRCLE('',#3806,34.2);
#3806 = AXIS2_PLACEMENT_3D('',#3807,#3808,#3809);
#3807 = CARTESIAN_POINT('',(0.,3.,1.8));
#3808 = DIRECTION('',(0.,-0.,1.));
#3809 = DIRECTION('',(0.916666666667,-0.399652626943,-0.));
#3810 = PCURVE('',#1507,#3811);
#3811 = DEFINITIONAL_REPRESENTATION('',(#3812),#3816);
#3812 = CIRCLE('',#3813,34.2);
#3813 = AXIS2_PLACEMENT_2D('',#3814,#3815);
#3814 = CARTESIAN_POINT('',(5.835800400434E-10,2.989310105262));
#3815 = DIRECTION('',(0.916666666667,-0.399652626943));
#3816 = ( GEOMETRIC_REPRESENTATION_CONTEXT(2) 
PARAMETRIC_REPRESENTATION_CONTEXT() REPRESENTATION_CONTEXT('2D SPACE',''
  ) );
#3817 = PCURVE('',#1325,#3818);
#3818 = DEFINITIONAL_REPRESENTATION('',(#3819),#3823);
#3819 = LINE('',#3820,#3821);
#3820 = CARTESIAN_POINT('',(-0.,0.));
#3821 = VECTOR('',#3822,1.);
#3822 = DIRECTION('',(-1.,0.));
#3823 = ( GEOMETRIC_REPRESENTATION_CONTEXT(2) 
PARAMETRIC_REPRESENTATION_CONTEXT() REPRESENTATION_CONTEXT('2D SPACE',''
  ) );
#3824 = ORIENTED_EDGE('',*,*,#3825,.T.);
#3825 = EDGE_CURVE('',#3802,#3826,#3828,.T.);
#3826 = VERTEX_POINT('',#3827);
#3827 = CARTESIAN_POINT('',(31.200000065237,18.198683986312,1.8));
#3828 = SURFACE_CURVE('',#3829,(#3834,#3845),.PCURVE_S1.);
#3829 = CIRCLE('',#3830,5.8);
#3830 = AXIS2_PLACEMENT_3D('',#3831,#3832,#3833);
#3831 = CARTESIAN_POINT('',(37.000000065237,18.198683994758,1.8));
#3832 = DIRECTION('',(0.,0.,-1.));
#3833 = DIRECTION('',(-1.,0.,0.));
#3834 = PCURVE('',#1507,#3835);
#3835 = DEFINITIONAL_REPRESENTATION('',(#3836),#3844);
#3836 = ( BOUNDED_CURVE() B_SPLINE_CURVE(2,(#3837,#3838,#3839,#3840,
#3841,#3842,#3843),.UNSPECIFIED.,.T.,.F.) B_SPLINE_CURVE_WITH_KNOTS((1,2
    ,2,2,2,1),(-2.094395102393,0.,2.094395102393,4.188790204786,
6.28318530718,8.377580409573),.UNSPECIFIED.) CURVE() 
GEOMETRIC_REPRESENTATION_ITEM() RATIONAL_B_SPLINE_CURVE((1.,0.5,1.,0.5,
1.,0.5,1.)) REPRESENTATION_ITEM('') );
#3837 = CARTESIAN_POINT('',(31.20000006582,18.187994100019));
#3838 = CARTESIAN_POINT('',(31.20000006582,28.233888783919));
#3839 = CARTESIAN_POINT('',(39.90000006582,23.210941441969));
#3840 = CARTESIAN_POINT('',(48.60000006582,18.187994100019));
#3841 = CARTESIAN_POINT('',(39.90000006582,13.16504675807));
#3842 = CARTESIAN_POINT('',(31.20000006582,8.14209941612));
#3843 = CARTESIAN_POINT('',(31.20000006582,18.187994100019));
#3844 = ( GEOMETRIC_REPRESENTATION_CONTEXT(2) 
PARAMETRIC_REPRESENTATION_CONTEXT() REPRESENTATION_CONTEXT('2D SPACE',''
  ) );
#3845 = PCURVE('',#1292,#3846);
#3846 = DEFINITIONAL_REPRESENTATION('',(#3847),#3851);
#3847 = LINE('',#3848,#3849);
#3848 = CARTESIAN_POINT('',(0.,0.));
#3849 = VECTOR('',#3850,1.);
#3850 = DIRECTION('',(1.,0.));
#3851 = ( GEOMETRIC_REPRESENTATION_CONTEXT(2) 
PARAMETRIC_REPRESENTATION_CONTEXT() REPRESENTATION_CONTEXT('2D SPACE',''
  ) );
#3852 = ORIENTED_EDGE('',*,*,#3853,.T.);
#3853 = EDGE_CURVE('',#3826,#2473,#3854,.T.);
#3854 = SURFACE_CURVE('',#3855,(#3859,#3866),.PCURVE_S1.);
#3855 = LINE('',#3856,#3857);
#3856 = CARTESIAN_POINT('',(31.200000065237,18.198683992136,1.8));
#3857 = VECTOR('',#3858,1.);
#3858 = DIRECTION('',(-1.456129393144E-09,1.,0.));
#3859 = PCURVE('',#1507,#3860);
#3860 = DEFINITIONAL_REPRESENTATION('',(#3861),#3865);
#3861 = LINE('',#3862,#3863);
#3862 = CARTESIAN_POINT('',(31.20000006582,18.187994097398));
#3863 = VECTOR('',#3864,1.);
#3864 = DIRECTION('',(-1.456129393144E-09,1.));
#3865 = ( GEOMETRIC_REPRESENTATION_CONTEXT(2) 
PARAMETRIC_REPRESENTATION_CONTEXT() REPRESENTATION_CONTEXT('2D SPACE',''
  ) );
#3866 = PCURVE('',#1260,#3867);
#3867 = DEFINITIONAL_REPRESENTATION('',(#3868),#3872);
#3868 = LINE('',#3869,#3870);
#3869 = CARTESIAN_POINT('',(5.824517756992E-09,0.));
#3870 = VECTOR('',#3871,1.);
#3871 = DIRECTION('',(1.,0.));
#3872 = ( GEOMETRIC_REPRESENTATION_CONTEXT(2) 
PARAMETRIC_REPRESENTATION_CONTEXT() REPRESENTATION_CONTEXT('2D SPACE',''
  ) );
#3873 = ORIENTED_EDGE('',*,*,#2472,.F.);
#3874 = ORIENTED_EDGE('',*,*,#1947,.F.);
#3875 = ORIENTED_EDGE('',*,*,#2593,.F.);
#3876 = ORIENTED_EDGE('',*,*,#2618,.F.);
#3877 = ORIENTED_EDGE('',*,*,#2718,.T.);
#3878 = ORIENTED_EDGE('',*,*,#2056,.F.);
#3879 = ORIENTED_EDGE('',*,*,#2743,.F.);
#3880 = ORIENTED_EDGE('',*,*,#2820,.T.);
#3881 = ORIENTED_EDGE('',*,*,#2917,.T.);
#3882 = ORIENTED_EDGE('',*,*,#2165,.F.);
#3883 = ORIENTED_EDGE('',*,*,#3075,.T.);
#3884 = ORIENTED_EDGE('',*,*,#1489,.F.);
#3885 = ORIENTED_EDGE('',*,*,#3886,.F.);
#3886 = EDGE_CURVE('',#3887,#1490,#3889,.T.);
#3887 = VERTEX_POINT('',#3888);
#3888 = CARTESIAN_POINT('',(18.,60.,1.8));
#3889 = SURFACE_CURVE('',#3890,(#3894,#3901),.PCURVE_S1.);
#3890 = LINE('',#3891,#3892);
#3891 = CARTESIAN_POINT('',(18.,127.,1.8));
#3892 = VECTOR('',#3893,1.);
#3893 = DIRECTION('',(-0.,1.,0.));
#3894 = PCURVE('',#1507,#3895);
#3895 = DEFINITIONAL_REPRESENTATION('',(#3896),#3900);
#3896 = LINE('',#3897,#3898);
#3897 = CARTESIAN_POINT('',(18.000000000584,126.98931010526));
#3898 = VECTOR('',#3899,1.);
#3899 = DIRECTION('',(0.,1.));
#3900 = ( GEOMETRIC_REPRESENTATION_CONTEXT(2) 
PARAMETRIC_REPRESENTATION_CONTEXT() REPRESENTATION_CONTEXT('2D SPACE',''
  ) );
#3901 = PCURVE('',#1175,#3902);
#3902 = DEFINITIONAL_REPRESENTATION('',(#3903),#3907);
#3903 = LINE('',#3904,#3905);
#3904 = CARTESIAN_POINT('',(67.,0.));
#3905 = VECTOR('',#3906,1.);
#3906 = DIRECTION('',(1.,0.));
#3907 = ( GEOMETRIC_REPRESENTATION_CONTEXT(2) 
PARAMETRIC_REPRESENTATION_CONTEXT() REPRESENTATION_CONTEXT('2D SPACE',''
  ) );
#3908 = ORIENTED_EDGE('',*,*,#3909,.F.);
#3909 = EDGE_CURVE('',#3910,#3887,#3912,.T.);
#3910 = VERTEX_POINT('',#3911);
#3911 = CARTESIAN_POINT('',(-18.,60.,1.8));
#3912 = SURFACE_CURVE('',#3913,(#3917,#3924),.PCURVE_S1.);
#3913 = LINE('',#3914,#3915);
#3914 = CARTESIAN_POINT('',(-18.,60.,1.8));
#3915 = VECTOR('',#3916,1.);
#3916 = DIRECTION('',(1.,0.,0.));
#3917 = PCURVE('',#1507,#3918);
#3918 = DEFINITIONAL_REPRESENTATION('',(#3919),#3923);
#3919 = LINE('',#3920,#3921);
#3920 = CARTESIAN_POINT('',(-17.99999999941,59.989310105262));
#3921 = VECTOR('',#3922,1.);
#3922 = DIRECTION('',(1.,0.));
#3923 = ( GEOMETRIC_REPRESENTATION_CONTEXT(2) 
PARAMETRIC_REPRESENTATION_CONTEXT() REPRESENTATION_CONTEXT('2D SPACE',''
  ) );
#3924 = PCURVE('',#1148,#3925);
#3925 = DEFINITIONAL_REPRESENTATION('',(#3926),#3930);
#3926 = LINE('',#3927,#3928);
#3927 = CARTESIAN_POINT('',(0.,0.));
#3928 = VECTOR('',#3929,1.);
#3929 = DIRECTION('',(1.,0.));
#3930 = ( GEOMETRIC_REPRESENTATION_CONTEXT(2) 
PARAMETRIC_REPRESENTATION_CONTEXT() REPRESENTATION_CONTEXT('2D SPACE',''
  ) );
#3931 = ORIENTED_EDGE('',*,*,#3932,.T.);
#3932 = EDGE_CURVE('',#3910,#3933,#3935,.T.);
#3933 = VERTEX_POINT('',#3934);
#3934 = CARTESIAN_POINT('',(-18.,65.2,1.8));
#3935 = SURFACE_CURVE('',#3936,(#3940,#3947),.PCURVE_S1.);
#3936 = LINE('',#3937,#3938);
#3937 = CARTESIAN_POINT('',(-18.,127.,1.8));
#3938 = VECTOR('',#3939,1.);
#3939 = DIRECTION('',(-0.,1.,0.));
#3940 = PCURVE('',#1507,#3941);
#3941 = DEFINITIONAL_REPRESENTATION('',(#3942),#3946);
#3942 = LINE('',#3943,#3944);
#3943 = CARTESIAN_POINT('',(-17.99999999941,126.98931010526));
#3944 = VECTOR('',#3945,1.);
#3945 = DIRECTION('',(0.,1.));
#3946 = ( GEOMETRIC_REPRESENTATION_CONTEXT(2) 
PARAMETRIC_REPRESENTATION_CONTEXT() REPRESENTATION_CONTEXT('2D SPACE',''
  ) );
#3947 = PCURVE('',#1122,#3948);
#3948 = DEFINITIONAL_REPRESENTATION('',(#3949),#3953);
#3949 = LINE('',#3950,#3951);
#3950 = CARTESIAN_POINT('',(67.,0.));
#3951 = VECTOR('',#3952,1.);
#3952 = DIRECTION('',(1.,0.));
#3953 = ( GEOMETRIC_REPRESENTATION_CONTEXT(2) 
PARAMETRIC_REPRESENTATION_CONTEXT() REPRESENTATION_CONTEXT('2D SPACE',''
  ) );
#3954 = ORIENTED_EDGE('',*,*,#3955,.F.);
#3955 = EDGE_CURVE('',#3956,#3933,#3958,.T.);
#3956 = VERTEX_POINT('',#3957);
#3957 = CARTESIAN_POINT('',(-25.5,65.2,1.8));
#3958 = SURFACE_CURVE('',#3959,(#3963,#3970),.PCURVE_S1.);
#3959 = LINE('',#3960,#3961);
#3960 = CARTESIAN_POINT('',(0.,65.2,1.8));
#3961 = VECTOR('',#3962,1.);
#3962 = DIRECTION('',(1.,0.,0.));
#3963 = PCURVE('',#1507,#3964);
#3964 = DEFINITIONAL_REPRESENTATION('',(#3965),#3969);
#3965 = LINE('',#3966,#3967);
#3966 = CARTESIAN_POINT('',(5.835800400434E-10,65.189310105262));
#3967 = VECTOR('',#3968,1.);
#3968 = DIRECTION('',(1.,0.));
#3969 = ( GEOMETRIC_REPRESENTATION_CONTEXT(2) 
PARAMETRIC_REPRESENTATION_CONTEXT() REPRESENTATION_CONTEXT('2D SPACE',''
  ) );
#3970 = PCURVE('',#1096,#3971);
#3971 = DEFINITIONAL_REPRESENTATION('',(#3972),#3976);
#3972 = LINE('',#3973,#3974);
#3973 = CARTESIAN_POINT('',(29.,0.));
#3974 = VECTOR('',#3975,1.);
#3975 = DIRECTION('',(1.,0.));
#3976 = ( GEOMETRIC_REPRESENTATION_CONTEXT(2) 
PARAMETRIC_REPRESENTATION_CONTEXT() REPRESENTATION_CONTEXT('2D SPACE',''
  ) );
#3977 = ORIENTED_EDGE('',*,*,#3978,.F.);
#3978 = EDGE_CURVE('',#3979,#3956,#3981,.T.);
#3979 = VERTEX_POINT('',#3980);
#3980 = CARTESIAN_POINT('',(-25.5,62.449489742783,1.8));
#3981 = SURFACE_CURVE('',#3982,(#3986,#3993),.PCURVE_S1.);
#3982 = LINE('',#3983,#3984);
#3983 = CARTESIAN_POINT('',(-25.5,54.,1.8));
#3984 = VECTOR('',#3985,1.);
#3985 = DIRECTION('',(-0.,1.,0.));
#3986 = PCURVE('',#1507,#3987);
#3987 = DEFINITIONAL_REPRESENTATION('',(#3988),#3992);
#3988 = LINE('',#3989,#3990);
#3989 = CARTESIAN_POINT('',(-25.49999999941,53.989310105262));
#3990 = VECTOR('',#3991,1.);
#3991 = DIRECTION('',(0.,1.));
#3992 = ( GEOMETRIC_REPRESENTATION_CONTEXT(2) 
PARAMETRIC_REPRESENTATION_CONTEXT() REPRESENTATION_CONTEXT('2D SPACE',''
  ) );
#3993 = PCURVE('',#3994,#3999);
#3994 = PLANE('',#3995);
#3995 = AXIS2_PLACEMENT_3D('',#3996,#3997,#3998);
#3996 = CARTESIAN_POINT('',(-25.5,54.,1.8));
#3997 = DIRECTION('',(1.,0.,-0.));
#3998 = DIRECTION('',(0.,0.,1.));
#3999 = DEFINITIONAL_REPRESENTATION('',(#4000),#4004);
#4000 = LINE('',#4001,#4002);
#4001 = CARTESIAN_POINT('',(0.,0.));
#4002 = VECTOR('',#4003,1.);
#4003 = DIRECTION('',(0.,-1.));
#4004 = ( GEOMETRIC_REPRESENTATION_CONTEXT(2) 
PARAMETRIC_REPRESENTATION_CONTEXT() REPRESENTATION_CONTEXT('2D SPACE',''
  ) );
#4005 = ORIENTED_EDGE('',*,*,#4006,.F.);
#4006 = EDGE_CURVE('',#4007,#3979,#4009,.T.);
#4007 = VERTEX_POINT('',#4008);
#4008 = CARTESIAN_POINT('',(-23.55051025721,60.5,1.8));
#4009 = SURFACE_CURVE('',#4010,(#4015,#4022),.PCURVE_S1.);
#4010 = CIRCLE('',#4011,2.5);
#4011 = AXIS2_PLACEMENT_3D('',#4012,#4013,#4014);
#4012 = CARTESIAN_POINT('',(-26.,60.,1.8));
#4013 = DIRECTION('',(0.,0.,1.));
#4014 = DIRECTION('',(1.,0.,-0.));
#4015 = PCURVE('',#1507,#4016);
#4016 = DEFINITIONAL_REPRESENTATION('',(#4017),#4021);
#4017 = CIRCLE('',#4018,2.5);
#4018 = AXIS2_PLACEMENT_2D('',#4019,#4020);
#4019 = CARTESIAN_POINT('',(-25.99999999941,59.989310105262));
#4020 = DIRECTION('',(1.,0.));
#4021 = ( GEOMETRIC_REPRESENTATION_CONTEXT(2) 
PARAMETRIC_REPRESENTATION_CONTEXT() REPRESENTATION_CONTEXT('2D SPACE',''
  ) );
#4022 = PCURVE('',#4023,#4028);
#4023 = CYLINDRICAL_SURFACE('',#4024,2.5);
#4024 = AXIS2_PLACEMENT_3D('',#4025,#4026,#4027);
#4025 = CARTESIAN_POINT('',(-26.,60.,1.8));
#4026 = DIRECTION('',(-0.,-0.,-1.));
#4027 = DIRECTION('',(1.,0.,-0.));
#4028 = DEFINITIONAL_REPRESENTATION('',(#4029),#4033);
#4029 = LINE('',#4030,#4031);
#4030 = CARTESIAN_POINT('',(-0.,0.));
#4031 = VECTOR('',#4032,1.);
#4032 = DIRECTION('',(-1.,0.));
#4033 = ( GEOMETRIC_REPRESENTATION_CONTEXT(2) 
PARAMETRIC_REPRESENTATION_CONTEXT() REPRESENTATION_CONTEXT('2D SPACE',''
  ) );
#4034 = ORIENTED_EDGE('',*,*,#4035,.T.);
#4035 = EDGE_CURVE('',#4007,#4036,#4038,.T.);
#4036 = VERTEX_POINT('',#4037);
#4037 = CARTESIAN_POINT('',(-20.,60.5,1.8));
#4038 = SURFACE_CURVE('',#4039,(#4043,#4050),.PCURVE_S1.);
#4039 = LINE('',#4040,#4041);
#4040 = CARTESIAN_POINT('',(-32.,60.5,1.8));
#4041 = VECTOR('',#4042,1.);
#4042 = DIRECTION('',(1.,0.,-0.));
#4043 = PCURVE('',#1507,#4044);
#4044 = DEFINITIONAL_REPRESENTATION('',(#4045),#4049);
#4045 = LINE('',#4046,#4047);
#4046 = CARTESIAN_POINT('',(-31.99999999941,60.489310105262));
#4047 = VECTOR('',#4048,1.);
#4048 = DIRECTION('',(1.,0.));
#4049 = ( GEOMETRIC_REPRESENTATION_CONTEXT(2) 
PARAMETRIC_REPRESENTATION_CONTEXT() REPRESENTATION_CONTEXT('2D SPACE',''
  ) );
#4050 = PCURVE('',#4051,#4056);
#4051 = PLANE('',#4052);
#4052 = AXIS2_PLACEMENT_3D('',#4053,#4054,#4055);
#4053 = CARTESIAN_POINT('',(-32.,60.5,1.8));
#4054 = DIRECTION('',(-0.,1.,0.));
#4055 = DIRECTION('',(0.,0.,1.));
#4056 = DEFINITIONAL_REPRESENTATION('',(#4057),#4061);
#4057 = LINE('',#4058,#4059);
#4058 = CARTESIAN_POINT('',(0.,0.));
#4059 = VECTOR('',#4060,1.);
#4060 = DIRECTION('',(0.,1.));
#4061 = ( GEOMETRIC_REPRESENTATION_CONTEXT(2) 
PARAMETRIC_REPRESENTATION_CONTEXT() REPRESENTATION_CONTEXT('2D SPACE',''
  ) );
#4062 = ORIENTED_EDGE('',*,*,#4063,.F.);
#4063 = EDGE_CURVE('',#4064,#4036,#4066,.T.);
#4064 = VERTEX_POINT('',#4065);
#4065 = CARTESIAN_POINT('',(-20.,59.5,1.8));
#4066 = SURFACE_CURVE('',#4067,(#4071,#4078),.PCURVE_S1.);
#4067 = LINE('',#4068,#4069);
#4068 = CARTESIAN_POINT('',(-20.,59.5,1.8));
#4069 = VECTOR('',#4070,1.);
#4070 = DIRECTION('',(-0.,1.,0.));
#4071 = PCURVE('',#1507,#4072);
#4072 = DEFINITIONAL_REPRESENTATION('',(#4073),#4077);
#4073 = LINE('',#4074,#4075);
#4074 = CARTESIAN_POINT('',(-19.99999999941,59.489310105262));
#4075 = VECTOR('',#4076,1.);
#4076 = DIRECTION('',(0.,1.));
#4077 = ( GEOMETRIC_REPRESENTATION_CONTEXT(2) 
PARAMETRIC_REPRESENTATION_CONTEXT() REPRESENTATION_CONTEXT('2D SPACE',''
  ) );
#4078 = PCURVE('',#4079,#4084);
#4079 = PLANE('',#4080);
#4080 = AXIS2_PLACEMENT_3D('',#4081,#4082,#4083);
#4081 = CARTESIAN_POINT('',(-20.,59.5,1.8));
#4082 = DIRECTION('',(1.,0.,-0.));
#4083 = DIRECTION('',(0.,0.,1.));
#4084 = DEFINITIONAL_REPRESENTATION('',(#4085),#4089);
#4085 = LINE('',#4086,#4087);
#4086 = CARTESIAN_POINT('',(0.,0.));
#4087 = VECTOR('',#4088,1.);
#4088 = DIRECTION('',(0.,-1.));
#4089 = ( GEOMETRIC_REPRESENTATION_CONTEXT(2) 
PARAMETRIC_REPRESENTATION_CONTEXT() REPRESENTATION_CONTEXT('2D SPACE',''
  ) );
#4090 = ORIENTED_EDGE('',*,*,#4091,.F.);
#4091 = EDGE_CURVE('',#4092,#4064,#4094,.T.);
#4092 = VERTEX_POINT('',#4093);
#4093 = CARTESIAN_POINT('',(-23.55051025721,59.5,1.8));
#4094 = SURFACE_CURVE('',#4095,(#4099,#4106),.PCURVE_S1.);
#4095 = LINE('',#4096,#4097);
#4096 = CARTESIAN_POINT('',(-32.,59.5,1.8));
#4097 = VECTOR('',#4098,1.);
#4098 = DIRECTION('',(1.,0.,-0.));
#4099 = PCURVE('',#1507,#4100);
#4100 = DEFINITIONAL_REPRESENTATION('',(#4101),#4105);
#4101 = LINE('',#4102,#4103);
#4102 = CARTESIAN_POINT('',(-31.99999999941,59.489310105262));
#4103 = VECTOR('',#4104,1.);
#4104 = DIRECTION('',(1.,0.));
#4105 = ( GEOMETRIC_REPRESENTATION_CONTEXT(2) 
PARAMETRIC_REPRESENTATION_CONTEXT() REPRESENTATION_CONTEXT('2D SPACE',''
  ) );
#4106 = PCURVE('',#4107,#4112);
#4107 = PLANE('',#4108);
#4108 = AXIS2_PLACEMENT_3D('',#4109,#4110,#4111);
#4109 = CARTESIAN_POINT('',(-32.,59.5,1.8));
#4110 = DIRECTION('',(-0.,1.,0.));
#4111 = DIRECTION('',(0.,0.,1.));
#4112 = DEFINITIONAL_REPRESENTATION('',(#4113),#4117);
#4113 = LINE('',#4114,#4115);
#4114 = CARTESIAN_POINT('',(0.,0.));
#4115 = VECTOR('',#4116,1.);
#4116 = DIRECTION('',(0.,1.));
#4117 = ( GEOMETRIC_REPRESENTATION_CONTEXT(2) 
PARAMETRIC_REPRESENTATION_CONTEXT() REPRESENTATION_CONTEXT('2D SPACE',''
  ) );
#4118 = ORIENTED_EDGE('',*,*,#4119,.F.);
#4119 = EDGE_CURVE('',#4120,#4092,#4122,.T.);
#4120 = VERTEX_POINT('',#4121);
#4121 = CARTESIAN_POINT('',(-25.5,57.550510257217,1.8));
#4122 = SURFACE_CURVE('',#4123,(#4128,#4135),.PCURVE_S1.);
#4123 = CIRCLE('',#4124,2.5);
#4124 = AXIS2_PLACEMENT_3D('',#4125,#4126,#4127);
#4125 = CARTESIAN_POINT('',(-26.,60.,1.8));
#4126 = DIRECTION('',(0.,0.,1.));
#4127 = DIRECTION('',(1.,0.,-0.));
#4128 = PCURVE('',#1507,#4129);
#4129 = DEFINITIONAL_REPRESENTATION('',(#4130),#4134);
#4130 = CIRCLE('',#4131,2.5);
#4131 = AXIS2_PLACEMENT_2D('',#4132,#4133);
#4132 = CARTESIAN_POINT('',(-25.99999999941,59.989310105262));
#4133 = DIRECTION('',(1.,0.));
#4134 = ( GEOMETRIC_REPRESENTATION_CONTEXT(2) 
PARAMETRIC_REPRESENTATION_CONTEXT() REPRESENTATION_CONTEXT('2D SPACE',''
  ) );
#4135 = PCURVE('',#4023,#4136);
#4136 = DEFINITIONAL_REPRESENTATION('',(#4137),#4141);
#4137 = LINE('',#4138,#4139);
#4138 = CARTESIAN_POINT('',(-0.,0.));
#4139 = VECTOR('',#4140,1.);
#4140 = DIRECTION('',(-1.,0.));
#4141 = ( GEOMETRIC_REPRESENTATION_CONTEXT(2) 
PARAMETRIC_REPRESENTATION_CONTEXT() REPRESENTATION_CONTEXT('2D SPACE',''
  ) );
#4142 = ORIENTED_EDGE('',*,*,#4143,.F.);
#4143 = EDGE_CURVE('',#4144,#4120,#4146,.T.);
#4144 = VERTEX_POINT('',#4145);
#4145 = CARTESIAN_POINT('',(-25.5,54.,1.8));
#4146 = SURFACE_CURVE('',#4147,(#4151,#4158),.PCURVE_S1.);
#4147 = LINE('',#4148,#4149);
#4148 = CARTESIAN_POINT('',(-25.5,54.,1.8));
#4149 = VECTOR('',#4150,1.);
#4150 = DIRECTION('',(-0.,1.,0.));
#4151 = PCURVE('',#1507,#4152);
#4152 = DEFINITIONAL_REPRESENTATION('',(#4153),#4157);
#4153 = LINE('',#4154,#4155);
#4154 = CARTESIAN_POINT('',(-25.49999999941,53.989310105262));
#4155 = VECTOR('',#4156,1.);
#4156 = DIRECTION('',(0.,1.));
#4157 = ( GEOMETRIC_REPRESENTATION_CONTEXT(2) 
PARAMETRIC_REPRESENTATION_CONTEXT() REPRESENTATION_CONTEXT('2D SPACE',''
  ) );
#4158 = PCURVE('',#4159,#4164);
#4159 = PLANE('',#4160);
#4160 = AXIS2_PLACEMENT_3D('',#4161,#4162,#4163);
#4161 = CARTESIAN_POINT('',(-25.5,54.,1.8));
#4162 = DIRECTION('',(1.,0.,-0.));
#4163 = DIRECTION('',(0.,0.,1.));
#4164 = DEFINITIONAL_REPRESENTATION('',(#4165),#4169);
#4165 = LINE('',#4166,#4167);
#4166 = CARTESIAN_POINT('',(0.,0.));
#4167 = VECTOR('',#4168,1.);
#4168 = DIRECTION('',(0.,-1.));
#4169 = ( GEOMETRIC_REPRESENTATION_CONTEXT(2) 
PARAMETRIC_REPRESENTATION_CONTEXT() REPRESENTATION_CONTEXT('2D SPACE',''
  ) );
#4170 = ORIENTED_EDGE('',*,*,#4171,.F.);
#4171 = EDGE_CURVE('',#4172,#4144,#4174,.T.);
#4172 = VERTEX_POINT('',#4173);
#4173 = CARTESIAN_POINT('',(-26.5,54.,1.8));
#4174 = SURFACE_CURVE('',#4175,(#4179,#4186),.PCURVE_S1.);
#4175 = LINE('',#4176,#4177);
#4176 = CARTESIAN_POINT('',(-26.5,54.,1.8));
#4177 = VECTOR('',#4178,1.);
#4178 = DIRECTION('',(1.,0.,-0.));
#4179 = PCURVE('',#1507,#4180);
#4180 = DEFINITIONAL_REPRESENTATION('',(#4181),#4185);
#4181 = LINE('',#4182,#4183);
#4182 = CARTESIAN_POINT('',(-26.49999999941,53.989310105262));
#4183 = VECTOR('',#4184,1.);
#4184 = DIRECTION('',(1.,0.));
#4185 = ( GEOMETRIC_REPRESENTATION_CONTEXT(2) 
PARAMETRIC_REPRESENTATION_CONTEXT() REPRESENTATION_CONTEXT('2D SPACE',''
  ) );
#4186 = PCURVE('',#4187,#4192);
#4187 = PLANE('',#4188);
#4188 = AXIS2_PLACEMENT_3D('',#4189,#4190,#4191);
#4189 = CARTESIAN_POINT('',(-26.5,54.,1.8));
#4190 = DIRECTION('',(-0.,1.,0.));
#4191 = DIRECTION('',(0.,0.,1.));
#4192 = DEFINITIONAL_REPRESENTATION('',(#4193),#4197);
#4193 = LINE('',#4194,#4195);
#4194 = CARTESIAN_POINT('',(0.,0.));
#4195 = VECTOR('',#4196,1.);
#4196 = DIRECTION('',(0.,1.));
#4197 = ( GEOMETRIC_REPRESENTATION_CONTEXT(2) 
PARAMETRIC_REPRESENTATION_CONTEXT() REPRESENTATION_CONTEXT('2D SPACE',''
  ) );
#4198 = ORIENTED_EDGE('',*,*,#4199,.T.);
#4199 = EDGE_CURVE('',#4172,#4200,#4202,.T.);
#4200 = VERTEX_POINT('',#4201);
#4201 = CARTESIAN_POINT('',(-26.5,57.550510257217,1.8));
#4202 = SURFACE_CURVE('',#4203,(#4207,#4214),.PCURVE_S1.);
#4203 = LINE('',#4204,#4205);
#4204 = CARTESIAN_POINT('',(-26.5,54.,1.8));
#4205 = VECTOR('',#4206,1.);
#4206 = DIRECTION('',(-0.,1.,0.));
#4207 = PCURVE('',#1507,#4208);
#4208 = DEFINITIONAL_REPRESENTATION('',(#4209),#4213);
#4209 = LINE('',#4210,#4211);
#4210 = CARTESIAN_POINT('',(-26.49999999941,53.989310105262));
#4211 = VECTOR('',#4212,1.);
#4212 = DIRECTION('',(0.,1.));
#4213 = ( GEOMETRIC_REPRESENTATION_CONTEXT(2) 
PARAMETRIC_REPRESENTATION_CONTEXT() REPRESENTATION_CONTEXT('2D SPACE',''
  ) );
#4214 = PCURVE('',#4215,#4220);
#4215 = PLANE('',#4216);
#4216 = AXIS2_PLACEMENT_3D('',#4217,#4218,#4219);
#4217 = CARTESIAN_POINT('',(-26.5,54.,1.8));
#4218 = DIRECTION('',(1.,0.,-0.));
#4219 = DIRECTION('',(0.,0.,1.));
#4220 = DEFINITIONAL_REPRESENTATION('',(#4221),#4225);
#4221 = LINE('',#4222,#4223);
#4222 = CARTESIAN_POINT('',(0.,0.));
#4223 = VECTOR('',#4224,1.);
#4224 = DIRECTION('',(0.,-1.));
#4225 = ( GEOMETRIC_REPRESENTATION_CONTEXT(2) 
PARAMETRIC_REPRESENTATION_CONTEXT() REPRESENTATION_CONTEXT('2D SPACE',''
  ) );
#4226 = ORIENTED_EDGE('',*,*,#4227,.F.);
#4227 = EDGE_CURVE('',#4228,#4200,#4230,.T.);
#4228 = VERTEX_POINT('',#4229);
#4229 = CARTESIAN_POINT('',(-28.44948974278,59.5,1.8));
#4230 = SURFACE_CURVE('',#4231,(#4236,#4243),.PCURVE_S1.);
#4231 = CIRCLE('',#4232,2.5);
#4232 = AXIS2_PLACEMENT_3D('',#4233,#4234,#4235);
#4233 = CARTESIAN_POINT('',(-26.,60.,1.8));
#4234 = DIRECTION('',(0.,0.,1.));
#4235 = DIRECTION('',(1.,0.,-0.));
#4236 = PCURVE('',#1507,#4237);
#4237 = DEFINITIONAL_REPRESENTATION('',(#4238),#4242);
#4238 = CIRCLE('',#4239,2.5);
#4239 = AXIS2_PLACEMENT_2D('',#4240,#4241);
#4240 = CARTESIAN_POINT('',(-25.99999999941,59.989310105262));
#4241 = DIRECTION('',(1.,0.));
#4242 = ( GEOMETRIC_REPRESENTATION_CONTEXT(2) 
PARAMETRIC_REPRESENTATION_CONTEXT() REPRESENTATION_CONTEXT('2D SPACE',''
  ) );
#4243 = PCURVE('',#4023,#4244);
#4244 = DEFINITIONAL_REPRESENTATION('',(#4245),#4249);
#4245 = LINE('',#4246,#4247);
#4246 = CARTESIAN_POINT('',(-0.,0.));
#4247 = VECTOR('',#4248,1.);
#4248 = DIRECTION('',(-1.,0.));
#4249 = ( GEOMETRIC_REPRESENTATION_CONTEXT(2) 
PARAMETRIC_REPRESENTATION_CONTEXT() REPRESENTATION_CONTEXT('2D SPACE',''
  ) );
#4250 = ORIENTED_EDGE('',*,*,#4251,.F.);
#4251 = EDGE_CURVE('',#4252,#4228,#4254,.T.);
#4252 = VERTEX_POINT('',#4253);
#4253 = CARTESIAN_POINT('',(-31.19999999669,59.5,1.8));
#4254 = SURFACE_CURVE('',#4255,(#4259,#4266),.PCURVE_S1.);
#4255 = LINE('',#4256,#4257);
#4256 = CARTESIAN_POINT('',(-32.,59.5,1.8));
#4257 = VECTOR('',#4258,1.);
#4258 = DIRECTION('',(1.,0.,-0.));
#4259 = PCURVE('',#1507,#4260);
#4260 = DEFINITIONAL_REPRESENTATION('',(#4261),#4265);
#4261 = LINE('',#4262,#4263);
#4262 = CARTESIAN_POINT('',(-31.99999999941,59.489310105262));
#4263 = VECTOR('',#4264,1.);
#4264 = DIRECTION('',(1.,0.));
#4265 = ( GEOMETRIC_REPRESENTATION_CONTEXT(2) 
PARAMETRIC_REPRESENTATION_CONTEXT() REPRESENTATION_CONTEXT('2D SPACE',''
  ) );
#4266 = PCURVE('',#4267,#4272);
#4267 = PLANE('',#4268);
#4268 = AXIS2_PLACEMENT_3D('',#4269,#4270,#4271);
#4269 = CARTESIAN_POINT('',(-32.,59.5,1.8));
#4270 = DIRECTION('',(-0.,1.,0.));
#4271 = DIRECTION('',(0.,0.,1.));
#4272 = DEFINITIONAL_REPRESENTATION('',(#4273),#4277);
#4273 = LINE('',#4274,#4275);
#4274 = CARTESIAN_POINT('',(0.,0.));
#4275 = VECTOR('',#4276,1.);
#4276 = DIRECTION('',(0.,1.));
#4277 = ( GEOMETRIC_REPRESENTATION_CONTEXT(2) 
PARAMETRIC_REPRESENTATION_CONTEXT() REPRESENTATION_CONTEXT('2D SPACE',''
  ) );
#4278 = ORIENTED_EDGE('',*,*,#4279,.F.);
#4279 = EDGE_CURVE('',#4280,#4252,#4282,.T.);
#4280 = VERTEX_POINT('',#4281);
#4281 = CARTESIAN_POINT('',(-31.19999995763,18.198684262193,1.8));
#4282 = SURFACE_CURVE('',#4283,(#4287,#4294),.PCURVE_S1.);
#4283 = LINE('',#4284,#4285);
#4284 = CARTESIAN_POINT('',(-31.2,62.999999997213,1.8));
#4285 = VECTOR('',#4286,1.);
#4286 = DIRECTION('',(-9.456532207811E-10,1.,0.));
#4287 = PCURVE('',#1507,#4288);
#4288 = DEFINITIONAL_REPRESENTATION('',(#4289),#4293);
#4289 = LINE('',#4290,#4291);
#4290 = CARTESIAN_POINT('',(-31.19999999941,62.989310102475));
#4291 = VECTOR('',#4292,1.);
#4292 = DIRECTION('',(-9.456532207811E-10,1.));
#4293 = ( GEOMETRIC_REPRESENTATION_CONTEXT(2) 
PARAMETRIC_REPRESENTATION_CONTEXT() REPRESENTATION_CONTEXT('2D SPACE',''
  ) );
#4294 = PCURVE('',#1037,#4295);
#4295 = DEFINITIONAL_REPRESENTATION('',(#4296),#4300);
#4296 = LINE('',#4297,#4298);
#4297 = CARTESIAN_POINT('',(44.80131573502,0.));
#4298 = VECTOR('',#4299,1.);
#4299 = DIRECTION('',(1.,0.));
#4300 = ( GEOMETRIC_REPRESENTATION_CONTEXT(2) 
PARAMETRIC_REPRESENTATION_CONTEXT() REPRESENTATION_CONTEXT('2D SPACE',''
  ) );
#4301 = ORIENTED_EDGE('',*,*,#4302,.T.);
#4302 = EDGE_CURVE('',#4280,#4303,#4305,.T.);
#4303 = VERTEX_POINT('',#4304);
#4304 = CARTESIAN_POINT('',(-31.63499996377,15.994875039486,1.8));
#4305 = SURFACE_CURVE('',#4306,(#4311,#4322),.PCURVE_S1.);
#4306 = CIRCLE('',#4307,5.8);
#4307 = AXIS2_PLACEMENT_3D('',#4308,#4309,#4310);
#4308 = CARTESIAN_POINT('',(-36.99999995763,18.198684256709,1.8));
#4309 = DIRECTION('',(0.,0.,-1.));
#4310 = DIRECTION('',(-1.,0.,0.));
#4311 = PCURVE('',#1507,#4312);
#4312 = DEFINITIONAL_REPRESENTATION('',(#4313),#4321);
#4313 = ( BOUNDED_CURVE() B_SPLINE_CURVE(2,(#4314,#4315,#4316,#4317,
#4318,#4319,#4320),.UNSPECIFIED.,.T.,.F.) B_SPLINE_CURVE_WITH_KNOTS((1,2
    ,2,2,2,1),(-2.094395102393,0.,2.094395102393,4.188790204786,
6.28318530718,8.377580409573),.UNSPECIFIED.) CURVE() 
GEOMETRIC_REPRESENTATION_ITEM() RATIONAL_B_SPLINE_CURVE((1.,0.5,1.,0.5,
1.,0.5,1.)) REPRESENTATION_ITEM('') );
#4314 = CARTESIAN_POINT('',(-42.79999995705,18.18799436197));
#4315 = CARTESIAN_POINT('',(-42.79999995705,28.23388904587));
#4316 = CARTESIAN_POINT('',(-34.09999995705,23.21094170392));
#4317 = CARTESIAN_POINT('',(-25.39999995705,18.18799436197));
#4318 = CARTESIAN_POINT('',(-34.09999995705,13.165047020021));
#4319 = CARTESIAN_POINT('',(-42.79999995705,8.142099678071));
#4320 = CARTESIAN_POINT('',(-42.79999995705,18.18799436197));
#4321 = ( GEOMETRIC_REPRESENTATION_CONTEXT(2) 
PARAMETRIC_REPRESENTATION_CONTEXT() REPRESENTATION_CONTEXT('2D SPACE',''
  ) );
#4322 = PCURVE('',#1010,#4323);
#4323 = DEFINITIONAL_REPRESENTATION('',(#4324),#4328);
#4324 = LINE('',#4325,#4326);
#4325 = CARTESIAN_POINT('',(0.,0.));
#4326 = VECTOR('',#4327,1.);
#4327 = DIRECTION('',(1.,0.));
#4328 = ( GEOMETRIC_REPRESENTATION_CONTEXT(2) 
PARAMETRIC_REPRESENTATION_CONTEXT() REPRESENTATION_CONTEXT('2D SPACE',''
  ) );
#4329 = ORIENTED_EDGE('',*,*,#4330,.T.);
#4330 = EDGE_CURVE('',#4303,#4331,#4333,.T.);
#4331 = VERTEX_POINT('',#4332);
#4332 = CARTESIAN_POINT('',(-31.63500000108,-9.994874948659,1.8));
#4333 = SURFACE_CURVE('',#4334,(#4339,#4346),.PCURVE_S1.);
#4334 = CIRCLE('',#4335,34.2);
#4335 = AXIS2_PLACEMENT_3D('',#4336,#4337,#4338);
#4336 = CARTESIAN_POINT('',(0.,3.,1.8));
#4337 = DIRECTION('',(0.,-0.,1.));
#4338 = DIRECTION('',(1.,0.,0.));
#4339 = PCURVE('',#1507,#4340);
#4340 = DEFINITIONAL_REPRESENTATION('',(#4341),#4345);
#4341 = CIRCLE('',#4342,34.2);
#4342 = AXIS2_PLACEMENT_2D('',#4343,#4344);
#4343 = CARTESIAN_POINT('',(5.835800400434E-10,2.989310105262));
#4344 = DIRECTION('',(1.,0.));
#4345 = ( GEOMETRIC_REPRESENTATION_CONTEXT(2) 
PARAMETRIC_REPRESENTATION_CONTEXT() REPRESENTATION_CONTEXT('2D SPACE',''
  ) );
#4346 = PCURVE('',#977,#4347);
#4347 = DEFINITIONAL_REPRESENTATION('',(#4348),#4352);
#4348 = LINE('',#4349,#4350);
#4349 = CARTESIAN_POINT('',(-0.,0.));
#4350 = VECTOR('',#4351,1.);
#4351 = DIRECTION('',(-1.,0.));
#4352 = ( GEOMETRIC_REPRESENTATION_CONTEXT(2) 
PARAMETRIC_REPRESENTATION_CONTEXT() REPRESENTATION_CONTEXT('2D SPACE',''
  ) );
#4353 = ORIENTED_EDGE('',*,*,#4354,.T.);
#4354 = EDGE_CURVE('',#4331,#3103,#4355,.T.);
#4355 = SURFACE_CURVE('',#4356,(#4361,#4372),.PCURVE_S1.);
#4356 = CIRCLE('',#4357,5.8);
#4357 = AXIS2_PLACEMENT_3D('',#4358,#4359,#4360);
#4358 = CARTESIAN_POINT('',(-37.00000000127,-12.19868415047,1.8));
#4359 = DIRECTION('',(0.,0.,-1.));
#4360 = DIRECTION('',(-1.,0.,0.));
#4361 = PCURVE('',#1507,#4362);
#4362 = DEFINITIONAL_REPRESENTATION('',(#4363),#4371);
#4363 = ( BOUNDED_CURVE() B_SPLINE_CURVE(2,(#4364,#4365,#4366,#4367,
#4368,#4369,#4370),.UNSPECIFIED.,.T.,.F.) B_SPLINE_CURVE_WITH_KNOTS((1,2
    ,2,2,2,1),(-2.094395102393,0.,2.094395102393,4.188790204786,
6.28318530718,8.377580409573),.UNSPECIFIED.) CURVE() 
GEOMETRIC_REPRESENTATION_ITEM() RATIONAL_B_SPLINE_CURVE((1.,0.5,1.,0.5,
1.,0.5,1.)) REPRESENTATION_ITEM('') );
#4364 = CARTESIAN_POINT('',(-42.80000000068,-12.20937404521));
#4365 = CARTESIAN_POINT('',(-42.80000000068,-2.163479361317));
#4366 = CARTESIAN_POINT('',(-34.10000000068,-7.186426703266));
#4367 = CARTESIAN_POINT('',(-25.40000000068,-12.20937404521));
#4368 = CARTESIAN_POINT('',(-34.10000000068,-17.23232138716));
#4369 = CARTESIAN_POINT('',(-42.80000000068,-22.25526872911));
#4370 = CARTESIAN_POINT('',(-42.80000000068,-12.20937404521));
#4371 = ( GEOMETRIC_REPRESENTATION_CONTEXT(2) 
PARAMETRIC_REPRESENTATION_CONTEXT() REPRESENTATION_CONTEXT('2D SPACE',''
  ) );
#4372 = PCURVE('',#944,#4373);
#4373 = DEFINITIONAL_REPRESENTATION('',(#4374),#4378);
#4374 = LINE('',#4375,#4376);
#4375 = CARTESIAN_POINT('',(0.,0.));
#4376 = VECTOR('',#4377,1.);
#4377 = DIRECTION('',(1.,0.));
#4378 = ( GEOMETRIC_REPRESENTATION_CONTEXT(2) 
PARAMETRIC_REPRESENTATION_CONTEXT() REPRESENTATION_CONTEXT('2D SPACE',''
  ) );
#4379 = FACE_BOUND('',#4380,.T.);
#4380 = EDGE_LOOP('',(#4381,#4411,#4439,#4467));
#4381 = ORIENTED_EDGE('',*,*,#4382,.T.);
#4382 = EDGE_CURVE('',#4383,#4385,#4387,.T.);
#4383 = VERTEX_POINT('',#4384);
#4384 = CARTESIAN_POINT('',(-20.,-58.8,1.8));
#4385 = VERTEX_POINT('',#4386);
#4386 = CARTESIAN_POINT('',(-20.,-57.2,1.8));
#4387 = SURFACE_CURVE('',#4388,(#4392,#4399),.PCURVE_S1.);
#4388 = LINE('',#4389,#4390);
#4389 = CARTESIAN_POINT('',(-20.,-58.8,1.8));
#4390 = VECTOR('',#4391,1.);
#4391 = DIRECTION('',(-0.,1.,0.));
#4392 = PCURVE('',#1507,#4393);
#4393 = DEFINITIONAL_REPRESENTATION('',(#4394),#4398);
#4394 = LINE('',#4395,#4396);
#4395 = CARTESIAN_POINT('',(-19.99999999941,-58.81068989473));
#4396 = VECTOR('',#4397,1.);
#4397 = DIRECTION('',(0.,1.));
#4398 = ( GEOMETRIC_REPRESENTATION_CONTEXT(2) 
PARAMETRIC_REPRESENTATION_CONTEXT() REPRESENTATION_CONTEXT('2D SPACE',''
  ) );
#4399 = PCURVE('',#4400,#4405);
#4400 = PLANE('',#4401);
#4401 = AXIS2_PLACEMENT_3D('',#4402,#4403,#4404);
#4402 = CARTESIAN_POINT('',(-20.,-58.8,1.8));
#4403 = DIRECTION('',(1.,0.,-0.));
#4404 = DIRECTION('',(0.,0.,1.));
#4405 = DEFINITIONAL_REPRESENTATION('',(#4406),#4410);
#4406 = LINE('',#4407,#4408);
#4407 = CARTESIAN_POINT('',(0.,0.));
#4408 = VECTOR('',#4409,1.);
#4409 = DIRECTION('',(0.,-1.));
#4410 = ( GEOMETRIC_REPRESENTATION_CONTEXT(2) 
PARAMETRIC_REPRESENTATION_CONTEXT() REPRESENTATION_CONTEXT('2D SPACE',''
  ) );
#4411 = ORIENTED_EDGE('',*,*,#4412,.T.);
#4412 = EDGE_CURVE('',#4385,#4413,#4415,.T.);
#4413 = VERTEX_POINT('',#4414);
#4414 = CARTESIAN_POINT('',(20.,-57.2,1.8));
#4415 = SURFACE_CURVE('',#4416,(#4420,#4427),.PCURVE_S1.);
#4416 = LINE('',#4417,#4418);
#4417 = CARTESIAN_POINT('',(-20.,-57.2,1.8));
#4418 = VECTOR('',#4419,1.);
#4419 = DIRECTION('',(1.,0.,-0.));
#4420 = PCURVE('',#1507,#4421);
#4421 = DEFINITIONAL_REPRESENTATION('',(#4422),#4426);
#4422 = LINE('',#4423,#4424);
#4423 = CARTESIAN_POINT('',(-19.99999999941,-57.21068989473));
#4424 = VECTOR('',#4425,1.);
#4425 = DIRECTION('',(1.,0.));
#4426 = ( GEOMETRIC_REPRESENTATION_CONTEXT(2) 
PARAMETRIC_REPRESENTATION_CONTEXT() REPRESENTATION_CONTEXT('2D SPACE',''
  ) );
#4427 = PCURVE('',#4428,#4433);
#4428 = PLANE('',#4429);
#4429 = AXIS2_PLACEMENT_3D('',#4430,#4431,#4432);
#4430 = CARTESIAN_POINT('',(-20.,-57.2,1.8));
#4431 = DIRECTION('',(-0.,1.,0.));
#4432 = DIRECTION('',(0.,0.,1.));
#4433 = DEFINITIONAL_REPRESENTATION('',(#4434),#4438);
#4434 = LINE('',#4435,#4436);
#4435 = CARTESIAN_POINT('',(0.,0.));
#4436 = VECTOR('',#4437,1.);
#4437 = DIRECTION('',(0.,1.));
#4438 = ( GEOMETRIC_REPRESENTATION_CONTEXT(2) 
PARAMETRIC_REPRESENTATION_CONTEXT() REPRESENTATION_CONTEXT('2D SPACE',''
  ) );
#4439 = ORIENTED_EDGE('',*,*,#4440,.F.);
#4440 = EDGE_CURVE('',#4441,#4413,#4443,.T.);
#4441 = VERTEX_POINT('',#4442);
#4442 = CARTESIAN_POINT('',(20.,-58.8,1.8));
#4443 = SURFACE_CURVE('',#4444,(#4448,#4455),.PCURVE_S1.);
#4444 = LINE('',#4445,#4446);
#4445 = CARTESIAN_POINT('',(20.,-58.8,1.8));
#4446 = VECTOR('',#4447,1.);
#4447 = DIRECTION('',(-0.,1.,0.));
#4448 = PCURVE('',#1507,#4449);
#4449 = DEFINITIONAL_REPRESENTATION('',(#4450),#4454);
#4450 = LINE('',#4451,#4452);
#4451 = CARTESIAN_POINT('',(20.000000000584,-58.81068989473));
#4452 = VECTOR('',#4453,1.);
#4453 = DIRECTION('',(0.,1.));
#4454 = ( GEOMETRIC_REPRESENTATION_CONTEXT(2) 
PARAMETRIC_REPRESENTATION_CONTEXT() REPRESENTATION_CONTEXT('2D SPACE',''
  ) );
#4455 = PCURVE('',#4456,#4461);
#4456 = PLANE('',#4457);
#4457 = AXIS2_PLACEMENT_3D('',#4458,#4459,#4460);
#4458 = CARTESIAN_POINT('',(20.,-58.8,1.8));
#4459 = DIRECTION('',(1.,0.,-0.));
#4460 = DIRECTION('',(0.,0.,1.));
#4461 = DEFINITIONAL_REPRESENTATION('',(#4462),#4466);
#4462 = LINE('',#4463,#4464);
#4463 = CARTESIAN_POINT('',(0.,0.));
#4464 = VECTOR('',#4465,1.);
#4465 = DIRECTION('',(0.,-1.));
#4466 = ( GEOMETRIC_REPRESENTATION_CONTEXT(2) 
PARAMETRIC_REPRESENTATION_CONTEXT() REPRESENTATION_CONTEXT('2D SPACE',''
  ) );
#4467 = ORIENTED_EDGE('',*,*,#4468,.F.);
#4468 = EDGE_CURVE('',#4383,#4441,#4469,.T.);
#4469 = SURFACE_CURVE('',#4470,(#4474,#4481),.PCURVE_S1.);
#4470 = LINE('',#4471,#4472);
#4471 = CARTESIAN_POINT('',(-20.,-58.8,1.8));
#4472 = VECTOR('',#4473,1.);
#4473 = DIRECTION('',(1.,0.,-0.));
#4474 = PCURVE('',#1507,#4475);
#4475 = DEFINITIONAL_REPRESENTATION('',(#4476),#4480);
#4476 = LINE('',#4477,#4478);
#4477 = CARTESIAN_POINT('',(-19.99999999941,-58.81068989473));
#4478 = VECTOR('',#4479,1.);
#4479 = DIRECTION('',(1.,0.));
#4480 = ( GEOMETRIC_REPRESENTATION_CONTEXT(2) 
PARAMETRIC_REPRESENTATION_CONTEXT() REPRESENTATION_CONTEXT('2D SPACE',''
  ) );
#4481 = PCURVE('',#4482,#4487);
#4482 = PLANE('',#4483);
#4483 = AXIS2_PLACEMENT_3D('',#4484,#4485,#4486);
#4484 = CARTESIAN_POINT('',(-20.,-58.8,1.8));
#4485 = DIRECTION('',(-0.,1.,0.));
#4486 = DIRECTION('',(0.,0.,1.));
#4487 = DEFINITIONAL_REPRESENTATION('',(#4488),#4492);
#4488 = LINE('',#4489,#4490);
#4489 = CARTESIAN_POINT('',(0.,0.));
#4490 = VECTOR('',#4491,1.);
#4491 = DIRECTION('',(0.,1.));
#4492 = ( GEOMETRIC_REPRESENTATION_CONTEXT(2) 
PARAMETRIC_REPRESENTATION_CONTEXT() REPRESENTATION_CONTEXT('2D SPACE',''
  ) );
#4493 = FACE_BOUND('',#4494,.T.);
#4494 = EDGE_LOOP('',(#4495,#4525,#4553,#4581));
#4495 = ORIENTED_EDGE('',*,*,#4496,.T.);
#4496 = EDGE_CURVE('',#4497,#4499,#4501,.T.);
#4497 = VERTEX_POINT('',#4498);
#4498 = CARTESIAN_POINT('',(-15.7,-4.2,1.8));
#4499 = VERTEX_POINT('',#4500);
#4500 = CARTESIAN_POINT('',(-15.7,45.,1.8));
#4501 = SURFACE_CURVE('',#4502,(#4506,#4513),.PCURVE_S1.);
#4502 = LINE('',#4503,#4504);
#4503 = CARTESIAN_POINT('',(-15.7,-6.5,1.8));
#4504 = VECTOR('',#4505,1.);
#4505 = DIRECTION('',(-0.,1.,0.));
#4506 = PCURVE('',#1507,#4507);
#4507 = DEFINITIONAL_REPRESENTATION('',(#4508),#4512);
#4508 = LINE('',#4509,#4510);
#4509 = CARTESIAN_POINT('',(-15.69999999941,-6.510689894738));
#4510 = VECTOR('',#4511,1.);
#4511 = DIRECTION('',(0.,1.));
#4512 = ( GEOMETRIC_REPRESENTATION_CONTEXT(2) 
PARAMETRIC_REPRESENTATION_CONTEXT() REPRESENTATION_CONTEXT('2D SPACE',''
  ) );
#4513 = PCURVE('',#4514,#4519);
#4514 = PLANE('',#4515);
#4515 = AXIS2_PLACEMENT_3D('',#4516,#4517,#4518);
#4516 = CARTESIAN_POINT('',(-15.7,-6.5,1.8));
#4517 = DIRECTION('',(1.,0.,-0.));
#4518 = DIRECTION('',(0.,0.,1.));
#4519 = DEFINITIONAL_REPRESENTATION('',(#4520),#4524);
#4520 = LINE('',#4521,#4522);
#4521 = CARTESIAN_POINT('',(0.,0.));
#4522 = VECTOR('',#4523,1.);
#4523 = DIRECTION('',(0.,-1.));
#4524 = ( GEOMETRIC_REPRESENTATION_CONTEXT(2) 
PARAMETRIC_REPRESENTATION_CONTEXT() REPRESENTATION_CONTEXT('2D SPACE',''
  ) );
#4525 = ORIENTED_EDGE('',*,*,#4526,.T.);
#4526 = EDGE_CURVE('',#4499,#4527,#4529,.T.);
#4527 = VERTEX_POINT('',#4528);
#4528 = CARTESIAN_POINT('',(-14.1,45.,1.8));
#4529 = SURFACE_CURVE('',#4530,(#4534,#4541),.PCURVE_S1.);
#4530 = LINE('',#4531,#4532);
#4531 = CARTESIAN_POINT('',(-16.7,45.,1.8));
#4532 = VECTOR('',#4533,1.);
#4533 = DIRECTION('',(1.,0.,-0.));
#4534 = PCURVE('',#1507,#4535);
#4535 = DEFINITIONAL_REPRESENTATION('',(#4536),#4540);
#4536 = LINE('',#4537,#4538);
#4537 = CARTESIAN_POINT('',(-16.69999999941,44.989310105262));
#4538 = VECTOR('',#4539,1.);
#4539 = DIRECTION('',(1.,0.));
#4540 = ( GEOMETRIC_REPRESENTATION_CONTEXT(2) 
PARAMETRIC_REPRESENTATION_CONTEXT() REPRESENTATION_CONTEXT('2D SPACE',''
  ) );
#4541 = PCURVE('',#4542,#4547);
#4542 = PLANE('',#4543);
#4543 = AXIS2_PLACEMENT_3D('',#4544,#4545,#4546);
#4544 = CARTESIAN_POINT('',(-16.7,45.,1.8));
#4545 = DIRECTION('',(-0.,1.,0.));
#4546 = DIRECTION('',(0.,0.,1.));
#4547 = DEFINITIONAL_REPRESENTATION('',(#4548),#4552);
#4548 = LINE('',#4549,#4550);
#4549 = CARTESIAN_POINT('',(0.,0.));
#4550 = VECTOR('',#4551,1.);
#4551 = DIRECTION('',(0.,1.));
#4552 = ( GEOMETRIC_REPRESENTATION_CONTEXT(2) 
PARAMETRIC_REPRESENTATION_CONTEXT() REPRESENTATION_CONTEXT('2D SPACE',''
  ) );
#4553 = ORIENTED_EDGE('',*,*,#4554,.F.);
#4554 = EDGE_CURVE('',#4555,#4527,#4557,.T.);
#4555 = VERTEX_POINT('',#4556);
#4556 = CARTESIAN_POINT('',(-14.1,-4.2,1.8));
#4557 = SURFACE_CURVE('',#4558,(#4562,#4569),.PCURVE_S1.);
#4558 = LINE('',#4559,#4560);
#4559 = CARTESIAN_POINT('',(-14.1,-6.5,1.8));
#4560 = VECTOR('',#4561,1.);
#4561 = DIRECTION('',(-0.,1.,0.));
#4562 = PCURVE('',#1507,#4563);
#4563 = DEFINITIONAL_REPRESENTATION('',(#4564),#4568);
#4564 = LINE('',#4565,#4566);
#4565 = CARTESIAN_POINT('',(-14.09999999941,-6.510689894738));
#4566 = VECTOR('',#4567,1.);
#4567 = DIRECTION('',(0.,1.));
#4568 = ( GEOMETRIC_REPRESENTATION_CONTEXT(2) 
PARAMETRIC_REPRESENTATION_CONTEXT() REPRESENTATION_CONTEXT('2D SPACE',''
  ) );
#4569 = PCURVE('',#4570,#4575);
#4570 = PLANE('',#4571);
#4571 = AXIS2_PLACEMENT_3D('',#4572,#4573,#4574);
#4572 = CARTESIAN_POINT('',(-14.1,-6.5,1.8));
#4573 = DIRECTION('',(1.,0.,-0.));
#4574 = DIRECTION('',(0.,0.,1.));
#4575 = DEFINITIONAL_REPRESENTATION('',(#4576),#4580);
#4576 = LINE('',#4577,#4578);
#4577 = CARTESIAN_POINT('',(0.,0.));
#4578 = VECTOR('',#4579,1.);
#4579 = DIRECTION('',(0.,-1.));
#4580 = ( GEOMETRIC_REPRESENTATION_CONTEXT(2) 
PARAMETRIC_REPRESENTATION_CONTEXT() REPRESENTATION_CONTEXT('2D SPACE',''
  ) );
#4581 = ORIENTED_EDGE('',*,*,#4582,.F.);
#4582 = EDGE_CURVE('',#4497,#4555,#4583,.T.);
#4583 = SURFACE_CURVE('',#4584,(#4588,#4595),.PCURVE_S1.);
#4584 = LINE('',#4585,#4586);
#4585 = CARTESIAN_POINT('',(-17.2,-4.2,1.8));
#4586 = VECTOR('',#4587,1.);
#4587 = DIRECTION('',(1.,0.,-0.));
#4588 = PCURVE('',#1507,#4589);
#4589 = DEFINITIONAL_REPRESENTATION('',(#4590),#4594);
#4590 = LINE('',#4591,#4592);
#4591 = CARTESIAN_POINT('',(-17.19999999941,-4.210689894738));
#4592 = VECTOR('',#4593,1.);
#4593 = DIRECTION('',(1.,0.));
#4594 = ( GEOMETRIC_REPRESENTATION_CONTEXT(2) 
PARAMETRIC_REPRESENTATION_CONTEXT() REPRESENTATION_CONTEXT('2D SPACE',''
  ) );
#4595 = PCURVE('',#4596,#4601);
#4596 = PLANE('',#4597);
#4597 = AXIS2_PLACEMENT_3D('',#4598,#4599,#4600);
#4598 = CARTESIAN_POINT('',(-17.2,-4.2,1.8));
#4599 = DIRECTION('',(-0.,1.,0.));
#4600 = DIRECTION('',(0.,0.,1.));
#4601 = DEFINITIONAL_REPRESENTATION('',(#4602),#4606);
#4602 = LINE('',#4603,#4604);
#4603 = CARTESIAN_POINT('',(0.,0.));
#4604 = VECTOR('',#4605,1.);
#4605 = DIRECTION('',(0.,1.));
#4606 = ( GEOMETRIC_REPRESENTATION_CONTEXT(2) 
PARAMETRIC_REPRESENTATION_CONTEXT() REPRESENTATION_CONTEXT('2D SPACE',''
  ) );
#4607 = FACE_BOUND('',#4608,.T.);
#4608 = EDGE_LOOP('',(#4609,#4637,#4670,#4696,#4729,#4755,#4788,#4814));
#4609 = ORIENTED_EDGE('',*,*,#4610,.F.);
#4610 = EDGE_CURVE('',#4611,#4613,#4615,.T.);
#4611 = VERTEX_POINT('',#4612);
#4612 = CARTESIAN_POINT('',(-25.7,45.95,1.8));
#4613 = VERTEX_POINT('',#4614);
#4614 = CARTESIAN_POINT('',(-25.7,34.05,1.8));
#4615 = SURFACE_CURVE('',#4616,(#4620,#4626),.PCURVE_S1.);
#4616 = LINE('',#4617,#4618);
#4617 = CARTESIAN_POINT('',(-25.69999999803,17.030344947369,1.8));
#4618 = VECTOR('',#4619,1.);
#4619 = DIRECTION('',(0.,-1.,0.));
#4620 = PCURVE('',#1507,#4621);
#4621 = DEFINITIONAL_REPRESENTATION('',(#4622),#4625);
#4622 = B_SPLINE_CURVE_WITH_KNOTS('',1,(#4623,#4624),.UNSPECIFIED.,.F.,
  .F.,(2,2),(-28.91965505263,-17.01965505263),.PIECEWISE_BEZIER_KNOTS.);
#4623 = CARTESIAN_POINT('',(-25.69999999744,45.939310105262));
#4624 = CARTESIAN_POINT('',(-25.69999999744,34.039310105262));
#4625 = ( GEOMETRIC_REPRESENTATION_CONTEXT(2) 
PARAMETRIC_REPRESENTATION_CONTEXT() REPRESENTATION_CONTEXT('2D SPACE',''
  ) );
#4626 = PCURVE('',#4627,#4632);
#4627 = PLANE('',#4628);
#4628 = AXIS2_PLACEMENT_3D('',#4629,#4630,#4631);
#4629 = CARTESIAN_POINT('',(-25.69999999803,34.05,1.3));
#4630 = DIRECTION('',(-1.,0.,0.));
#4631 = DIRECTION('',(0.,1.,0.));
#4632 = DEFINITIONAL_REPRESENTATION('',(#4633),#4636);
#4633 = B_SPLINE_CURVE_WITH_KNOTS('',1,(#4634,#4635),.UNSPECIFIED.,.F.,
  .F.,(2,2),(-28.91965505263,-17.01965505263),.PIECEWISE_BEZIER_KNOTS.);
#4634 = CARTESIAN_POINT('',(11.9,-0.5));
#4635 = CARTESIAN_POINT('',(0.,-0.5));
#4636 = ( GEOMETRIC_REPRESENTATION_CONTEXT(2) 
PARAMETRIC_REPRESENTATION_CONTEXT() REPRESENTATION_CONTEXT('2D SPACE',''
  ) );
#4637 = ORIENTED_EDGE('',*,*,#4638,.T.);
#4638 = EDGE_CURVE('',#4611,#4639,#4641,.T.);
#4639 = VERTEX_POINT('',#4640);
#4640 = CARTESIAN_POINT('',(-21.70000000196,49.95,1.8));
#4641 = SURFACE_CURVE('',#4642,(#4647,#4658),.PCURVE_S1.);
#4642 = CIRCLE('',#4643,4.);
#4643 = AXIS2_PLACEMENT_3D('',#4644,#4645,#4646);
#4644 = CARTESIAN_POINT('',(-21.70000000196,45.95,1.8));
#4645 = DIRECTION('',(0.,0.,-1.));
#4646 = DIRECTION('',(1.,0.,0.));
#4647 = PCURVE('',#1507,#4648);
#4648 = DEFINITIONAL_REPRESENTATION('',(#4649),#4657);
#4649 = ( BOUNDED_CURVE() B_SPLINE_CURVE(2,(#4650,#4651,#4652,#4653,
#4654,#4655,#4656),.UNSPECIFIED.,.T.,.F.) B_SPLINE_CURVE_WITH_KNOTS((1,2
    ,2,2,2,1),(-2.094395102393,0.,2.094395102393,4.188790204786,
6.28318530718,8.377580409573),.UNSPECIFIED.) CURVE() 
GEOMETRIC_REPRESENTATION_ITEM() RATIONAL_B_SPLINE_CURVE((1.,0.5,1.,0.5,
1.,0.5,1.)) REPRESENTATION_ITEM('') );
#4650 = CARTESIAN_POINT('',(-17.70000000138,45.939310105262));
#4651 = CARTESIAN_POINT('',(-17.70000000138,39.011106874986));
#4652 = CARTESIAN_POINT('',(-23.70000000138,42.475208490124));
#4653 = CARTESIAN_POINT('',(-29.70000000138,45.939310105262));
#4654 = CARTESIAN_POINT('',(-23.70000000138,49.4034117204));
#4655 = CARTESIAN_POINT('',(-17.70000000138,52.867513335537));
#4656 = CARTESIAN_POINT('',(-17.70000000138,45.939310105262));
#4657 = ( GEOMETRIC_REPRESENTATION_CONTEXT(2) 
PARAMETRIC_REPRESENTATION_CONTEXT() REPRESENTATION_CONTEXT('2D SPACE',''
  ) );
#4658 = PCURVE('',#4659,#4664);
#4659 = CYLINDRICAL_SURFACE('',#4660,4.);
#4660 = AXIS2_PLACEMENT_3D('',#4661,#4662,#4663);
#4661 = CARTESIAN_POINT('',(-21.70000000196,45.95,1.3));
#4662 = DIRECTION('',(-0.,-0.,-1.));
#4663 = DIRECTION('',(1.,0.,0.));
#4664 = DEFINITIONAL_REPRESENTATION('',(#4665),#4669);
#4665 = LINE('',#4666,#4667);
#4666 = CARTESIAN_POINT('',(-6.28318530718,-0.5));
#4667 = VECTOR('',#4668,1.);
#4668 = DIRECTION('',(1.,-0.));
#4669 = ( GEOMETRIC_REPRESENTATION_CONTEXT(2) 
PARAMETRIC_REPRESENTATION_CONTEXT() REPRESENTATION_CONTEXT('2D SPACE',''
  ) );
#4670 = ORIENTED_EDGE('',*,*,#4671,.F.);
#4671 = EDGE_CURVE('',#4672,#4639,#4674,.T.);
#4672 = VERTEX_POINT('',#4673);
#4673 = CARTESIAN_POINT('',(-21.30000004646,49.95,1.8));
#4674 = SURFACE_CURVE('',#4675,(#4679,#4685),.PCURVE_S1.);
#4675 = LINE('',#4676,#4677);
#4676 = CARTESIAN_POINT('',(-10.85000000127,49.95,1.8));
#4677 = VECTOR('',#4678,1.);
#4678 = DIRECTION('',(-1.,0.,0.));
#4679 = PCURVE('',#1507,#4680);
#4680 = DEFINITIONAL_REPRESENTATION('',(#4681),#4684);
#4681 = B_SPLINE_CURVE_WITH_KNOTS('',1,(#4682,#4683),.UNSPECIFIED.,.F.,
  .F.,(2,2),(10.450000045184,10.850000000693),.PIECEWISE_BEZIER_KNOTS.);
#4682 = CARTESIAN_POINT('',(-21.30000004587,49.939310105262));
#4683 = CARTESIAN_POINT('',(-21.70000000138,49.939310105262));
#4684 = ( GEOMETRIC_REPRESENTATION_CONTEXT(2) 
PARAMETRIC_REPRESENTATION_CONTEXT() REPRESENTATION_CONTEXT('2D SPACE',''
  ) );
#4685 = PCURVE('',#4686,#4691);
#4686 = PLANE('',#4687);
#4687 = AXIS2_PLACEMENT_3D('',#4688,#4689,#4690);
#4688 = CARTESIAN_POINT('',(-21.70000000196,49.95,1.3));
#4689 = DIRECTION('',(0.,1.,0.));
#4690 = DIRECTION('',(1.,0.,0.));
#4691 = DEFINITIONAL_REPRESENTATION('',(#4692),#4695);
#4692 = B_SPLINE_CURVE_WITH_KNOTS('',1,(#4693,#4694),.UNSPECIFIED.,.F.,
  .F.,(2,2),(10.450000045184,10.850000000693),.PIECEWISE_BEZIER_KNOTS.);
#4693 = CARTESIAN_POINT('',(0.399999955508,-0.5));
#4694 = CARTESIAN_POINT('',(0.,-0.5));
#4695 = ( GEOMETRIC_REPRESENTATION_CONTEXT(2) 
PARAMETRIC_REPRESENTATION_CONTEXT() REPRESENTATION_CONTEXT('2D SPACE',''
  ) );
#4696 = ORIENTED_EDGE('',*,*,#4697,.T.);
#4697 = EDGE_CURVE('',#4672,#4698,#4700,.T.);
#4698 = VERTEX_POINT('',#4699);
#4699 = CARTESIAN_POINT('',(-17.30000002224,45.95,1.8));
#4700 = SURFACE_CURVE('',#4701,(#4706,#4717),.PCURVE_S1.);
#4701 = CIRCLE('',#4702,4.);
#4702 = AXIS2_PLACEMENT_3D('',#4703,#4704,#4705);
#4703 = CARTESIAN_POINT('',(-21.30000004646,45.95,1.8));
#4704 = DIRECTION('',(0.,0.,-1.));
#4705 = DIRECTION('',(1.,0.,0.));
#4706 = PCURVE('',#1507,#4707);
#4707 = DEFINITIONAL_REPRESENTATION('',(#4708),#4716);
#4708 = ( BOUNDED_CURVE() B_SPLINE_CURVE(2,(#4709,#4710,#4711,#4712,
#4713,#4714,#4715),.UNSPECIFIED.,.T.,.F.) B_SPLINE_CURVE_WITH_KNOTS((1,2
    ,2,2,2,1),(-2.094395102393,0.,2.094395102393,4.188790204786,
6.28318530718,8.377580409573),.UNSPECIFIED.) CURVE() 
GEOMETRIC_REPRESENTATION_ITEM() RATIONAL_B_SPLINE_CURVE((1.,0.5,1.,0.5,
1.,0.5,1.)) REPRESENTATION_ITEM('') );
#4709 = CARTESIAN_POINT('',(-17.30000004587,45.939310105262));
#4710 = CARTESIAN_POINT('',(-17.30000004587,39.011106874986));
#4711 = CARTESIAN_POINT('',(-23.30000004587,42.475208490124));
#4712 = CARTESIAN_POINT('',(-29.30000004587,45.939310105262));
#4713 = CARTESIAN_POINT('',(-23.30000004587,49.4034117204));
#4714 = CARTESIAN_POINT('',(-17.30000004587,52.867513335537));
#4715 = CARTESIAN_POINT('',(-17.30000004587,45.939310105262));
#4716 = ( GEOMETRIC_REPRESENTATION_CONTEXT(2) 
PARAMETRIC_REPRESENTATION_CONTEXT() REPRESENTATION_CONTEXT('2D SPACE',''
  ) );
#4717 = PCURVE('',#4718,#4723);
#4718 = CYLINDRICAL_SURFACE('',#4719,4.);
#4719 = AXIS2_PLACEMENT_3D('',#4720,#4721,#4722);
#4720 = CARTESIAN_POINT('',(-21.30000004646,45.95,1.3));
#4721 = DIRECTION('',(-0.,-0.,-1.));
#4722 = DIRECTION('',(1.,0.,0.));
#4723 = DEFINITIONAL_REPRESENTATION('',(#4724),#4728);
#4724 = LINE('',#4725,#4726);
#4725 = CARTESIAN_POINT('',(-6.28318530718,-0.5));
#4726 = VECTOR('',#4727,1.);
#4727 = DIRECTION('',(1.,-0.));
#4728 = ( GEOMETRIC_REPRESENTATION_CONTEXT(2) 
PARAMETRIC_REPRESENTATION_CONTEXT() REPRESENTATION_CONTEXT('2D SPACE',''
  ) );
#4729 = ORIENTED_EDGE('',*,*,#4730,.T.);
#4730 = EDGE_CURVE('',#4698,#4731,#4733,.T.);
#4731 = VERTEX_POINT('',#4732);
#4732 = CARTESIAN_POINT('',(-17.30000002224,34.05,1.8));
#4733 = SURFACE_CURVE('',#4734,(#4738,#4744),.PCURVE_S1.);
#4734 = LINE('',#4735,#4736);
#4735 = CARTESIAN_POINT('',(-17.29999999803,17.030344947369,1.8));
#4736 = VECTOR('',#4737,1.);
#4737 = DIRECTION('',(0.,-1.,0.));
#4738 = PCURVE('',#1507,#4739);
#4739 = DEFINITIONAL_REPRESENTATION('',(#4740),#4743);
#4740 = B_SPLINE_CURVE_WITH_KNOTS('',1,(#4741,#4742),.UNSPECIFIED.,.F.,
  .F.,(2,2),(-28.91965505263,-17.01965505263),.PIECEWISE_BEZIER_KNOTS.);
#4741 = CARTESIAN_POINT('',(-17.29999999744,45.939310105262));
#4742 = CARTESIAN_POINT('',(-17.29999999744,34.039310105262));
#4743 = ( GEOMETRIC_REPRESENTATION_CONTEXT(2) 
PARAMETRIC_REPRESENTATION_CONTEXT() REPRESENTATION_CONTEXT('2D SPACE',''
  ) );
#4744 = PCURVE('',#4745,#4750);
#4745 = PLANE('',#4746);
#4746 = AXIS2_PLACEMENT_3D('',#4747,#4748,#4749);
#4747 = CARTESIAN_POINT('',(-17.29999999803,34.05,1.3));
#4748 = DIRECTION('',(-1.,0.,0.));
#4749 = DIRECTION('',(0.,1.,0.));
#4750 = DEFINITIONAL_REPRESENTATION('',(#4751),#4754);
#4751 = B_SPLINE_CURVE_WITH_KNOTS('',1,(#4752,#4753),.UNSPECIFIED.,.F.,
  .F.,(2,2),(-28.91965505263,-17.01965505263),.PIECEWISE_BEZIER_KNOTS.);
#4752 = CARTESIAN_POINT('',(11.9,-0.5));
#4753 = CARTESIAN_POINT('',(0.,-0.5));
#4754 = ( GEOMETRIC_REPRESENTATION_CONTEXT(2) 
PARAMETRIC_REPRESENTATION_CONTEXT() REPRESENTATION_CONTEXT('2D SPACE',''
  ) );
#4755 = ORIENTED_EDGE('',*,*,#4756,.T.);
#4756 = EDGE_CURVE('',#4731,#4757,#4759,.T.);
#4757 = VERTEX_POINT('',#4758);
#4758 = CARTESIAN_POINT('',(-21.30000004646,30.05,1.8));
#4759 = SURFACE_CURVE('',#4760,(#4765,#4776),.PCURVE_S1.);
#4760 = CIRCLE('',#4761,4.);
#4761 = AXIS2_PLACEMENT_3D('',#4762,#4763,#4764);
#4762 = CARTESIAN_POINT('',(-21.30000004646,34.05,1.8));
#4763 = DIRECTION('',(0.,0.,-1.));
#4764 = DIRECTION('',(1.,0.,0.));
#4765 = PCURVE('',#1507,#4766);
#4766 = DEFINITIONAL_REPRESENTATION('',(#4767),#4775);
#4767 = ( BOUNDED_CURVE() B_SPLINE_CURVE(2,(#4768,#4769,#4770,#4771,
#4772,#4773,#4774),.UNSPECIFIED.,.T.,.F.) B_SPLINE_CURVE_WITH_KNOTS((1,2
    ,2,2,2,1),(-2.094395102393,0.,2.094395102393,4.188790204786,
6.28318530718,8.377580409573),.UNSPECIFIED.) CURVE() 
GEOMETRIC_REPRESENTATION_ITEM() RATIONAL_B_SPLINE_CURVE((1.,0.5,1.,0.5,
1.,0.5,1.)) REPRESENTATION_ITEM('') );
#4768 = CARTESIAN_POINT('',(-17.30000004587,34.039310105262));
#4769 = CARTESIAN_POINT('',(-17.30000004587,27.111106874986));
#4770 = CARTESIAN_POINT('',(-23.30000004587,30.575208490124));
#4771 = CARTESIAN_POINT('',(-29.30000004587,34.039310105262));
#4772 = CARTESIAN_POINT('',(-23.30000004587,37.5034117204));
#4773 = CARTESIAN_POINT('',(-17.30000004587,40.967513335537));
#4774 = CARTESIAN_POINT('',(-17.30000004587,34.039310105262));
#4775 = ( GEOMETRIC_REPRESENTATION_CONTEXT(2) 
PARAMETRIC_REPRESENTATION_CONTEXT() REPRESENTATION_CONTEXT('2D SPACE',''
  ) );
#4776 = PCURVE('',#4777,#4782);
#4777 = CYLINDRICAL_SURFACE('',#4778,4.);
#4778 = AXIS2_PLACEMENT_3D('',#4779,#4780,#4781);
#4779 = CARTESIAN_POINT('',(-21.30000004646,34.05,1.3));
#4780 = DIRECTION('',(-0.,-0.,-1.));
#4781 = DIRECTION('',(1.,0.,0.));
#4782 = DEFINITIONAL_REPRESENTATION('',(#4783),#4787);
#4783 = LINE('',#4784,#4785);
#4784 = CARTESIAN_POINT('',(-6.28318530718,-0.5));
#4785 = VECTOR('',#4786,1.);
#4786 = DIRECTION('',(1.,-0.));
#4787 = ( GEOMETRIC_REPRESENTATION_CONTEXT(2) 
PARAMETRIC_REPRESENTATION_CONTEXT() REPRESENTATION_CONTEXT('2D SPACE',''
  ) );
#4788 = ORIENTED_EDGE('',*,*,#4789,.T.);
#4789 = EDGE_CURVE('',#4757,#4790,#4792,.T.);
#4790 = VERTEX_POINT('',#4791);
#4791 = CARTESIAN_POINT('',(-21.70000000196,30.05,1.8));
#4792 = SURFACE_CURVE('',#4793,(#4797,#4803),.PCURVE_S1.);
#4793 = LINE('',#4794,#4795);
#4794 = CARTESIAN_POINT('',(-10.85000000127,30.05,1.8));
#4795 = VECTOR('',#4796,1.);
#4796 = DIRECTION('',(-1.,0.,0.));
#4797 = PCURVE('',#1507,#4798);
#4798 = DEFINITIONAL_REPRESENTATION('',(#4799),#4802);
#4799 = B_SPLINE_CURVE_WITH_KNOTS('',1,(#4800,#4801),.UNSPECIFIED.,.F.,
  .F.,(2,2),(10.450000045184,10.850000000693),.PIECEWISE_BEZIER_KNOTS.);
#4800 = CARTESIAN_POINT('',(-21.30000004587,30.039310105262));
#4801 = CARTESIAN_POINT('',(-21.70000000138,30.039310105262));
#4802 = ( GEOMETRIC_REPRESENTATION_CONTEXT(2) 
PARAMETRIC_REPRESENTATION_CONTEXT() REPRESENTATION_CONTEXT('2D SPACE',''
  ) );
#4803 = PCURVE('',#4804,#4809);
#4804 = PLANE('',#4805);
#4805 = AXIS2_PLACEMENT_3D('',#4806,#4807,#4808);
#4806 = CARTESIAN_POINT('',(-21.70000000196,30.05,1.3));
#4807 = DIRECTION('',(0.,1.,0.));
#4808 = DIRECTION('',(1.,0.,0.));
#4809 = DEFINITIONAL_REPRESENTATION('',(#4810),#4813);
#4810 = B_SPLINE_CURVE_WITH_KNOTS('',1,(#4811,#4812),.UNSPECIFIED.,.F.,
  .F.,(2,2),(10.450000045184,10.850000000693),.PIECEWISE_BEZIER_KNOTS.);
#4811 = CARTESIAN_POINT('',(0.399999955508,-0.5));
#4812 = CARTESIAN_POINT('',(0.,-0.5));
#4813 = ( GEOMETRIC_REPRESENTATION_CONTEXT(2) 
PARAMETRIC_REPRESENTATION_CONTEXT() REPRESENTATION_CONTEXT('2D SPACE',''
  ) );
#4814 = ORIENTED_EDGE('',*,*,#4815,.T.);
#4815 = EDGE_CURVE('',#4790,#4613,#4816,.T.);
#4816 = SURFACE_CURVE('',#4817,(#4822,#4833),.PCURVE_S1.);
#4817 = CIRCLE('',#4818,4.);
#4818 = AXIS2_PLACEMENT_3D('',#4819,#4820,#4821);
#4819 = CARTESIAN_POINT('',(-21.70000000196,34.05,1.8));
#4820 = DIRECTION('',(0.,0.,-1.));
#4821 = DIRECTION('',(1.,0.,0.));
#4822 = PCURVE('',#1507,#4823);
#4823 = DEFINITIONAL_REPRESENTATION('',(#4824),#4832);
#4824 = ( BOUNDED_CURVE() B_SPLINE_CURVE(2,(#4825,#4826,#4827,#4828,
#4829,#4830,#4831),.UNSPECIFIED.,.T.,.F.) B_SPLINE_CURVE_WITH_KNOTS((1,2
    ,2,2,2,1),(-2.094395102393,0.,2.094395102393,4.188790204786,
6.28318530718,8.377580409573),.UNSPECIFIED.) CURVE() 
GEOMETRIC_REPRESENTATION_ITEM() RATIONAL_B_SPLINE_CURVE((1.,0.5,1.,0.5,
1.,0.5,1.)) REPRESENTATION_ITEM('') );
#4825 = CARTESIAN_POINT('',(-17.70000000138,34.039310105262));
#4826 = CARTESIAN_POINT('',(-17.70000000138,27.111106874986));
#4827 = CARTESIAN_POINT('',(-23.70000000138,30.575208490124));
#4828 = CARTESIAN_POINT('',(-29.70000000138,34.039310105262));
#4829 = CARTESIAN_POINT('',(-23.70000000138,37.5034117204));
#4830 = CARTESIAN_POINT('',(-17.70000000138,40.967513335537));
#4831 = CARTESIAN_POINT('',(-17.70000000138,34.039310105262));
#4832 = ( GEOMETRIC_REPRESENTATION_CONTEXT(2) 
PARAMETRIC_REPRESENTATION_CONTEXT() REPRESENTATION_CONTEXT('2D SPACE',''
  ) );
#4833 = PCURVE('',#4834,#4839);
#4834 = CYLINDRICAL_SURFACE('',#4835,4.);
#4835 = AXIS2_PLACEMENT_3D('',#4836,#4837,#4838);
#4836 = CARTESIAN_POINT('',(-21.70000000196,34.05,1.3));
#4837 = DIRECTION('',(-0.,-0.,-1.));
#4838 = DIRECTION('',(1.,0.,0.));
#4839 = DEFINITIONAL_REPRESENTATION('',(#4840),#4844);
#4840 = LINE('',#4841,#4842);
#4841 = CARTESIAN_POINT('',(-6.28318530718,-0.5));
#4842 = VECTOR('',#4843,1.);
#4843 = DIRECTION('',(1.,-0.));
#4844 = ( GEOMETRIC_REPRESENTATION_CONTEXT(2) 
PARAMETRIC_REPRESENTATION_CONTEXT() REPRESENTATION_CONTEXT('2D SPACE',''
  ) );
#4845 = FACE_BOUND('',#4846,.T.);
#4846 = EDGE_LOOP('',(#4847,#4877,#4905,#4933));
#4847 = ORIENTED_EDGE('',*,*,#4848,.T.);
#4848 = EDGE_CURVE('',#4849,#4851,#4853,.T.);
#4849 = VERTEX_POINT('',#4850);
#4850 = CARTESIAN_POINT('',(14.1,-4.2,1.8));
#4851 = VERTEX_POINT('',#4852);
#4852 = CARTESIAN_POINT('',(14.1,16.1,1.8));
#4853 = SURFACE_CURVE('',#4854,(#4858,#4865),.PCURVE_S1.);
#4854 = LINE('',#4855,#4856);
#4855 = CARTESIAN_POINT('',(14.1,-6.5,1.8));
#4856 = VECTOR('',#4857,1.);
#4857 = DIRECTION('',(-0.,1.,0.));
#4858 = PCURVE('',#1507,#4859);
#4859 = DEFINITIONAL_REPRESENTATION('',(#4860),#4864);
#4860 = LINE('',#4861,#4862);
#4861 = CARTESIAN_POINT('',(14.100000000584,-6.510689894738));
#4862 = VECTOR('',#4863,1.);
#4863 = DIRECTION('',(0.,1.));
#4864 = ( GEOMETRIC_REPRESENTATION_CONTEXT(2) 
PARAMETRIC_REPRESENTATION_CONTEXT() REPRESENTATION_CONTEXT('2D SPACE',''
  ) );
#4865 = PCURVE('',#4866,#4871);
#4866 = PLANE('',#4867);
#4867 = AXIS2_PLACEMENT_3D('',#4868,#4869,#4870);
#4868 = CARTESIAN_POINT('',(14.1,-6.5,1.8));
#4869 = DIRECTION('',(1.,0.,-0.));
#4870 = DIRECTION('',(0.,0.,1.));
#4871 = DEFINITIONAL_REPRESENTATION('',(#4872),#4876);
#4872 = LINE('',#4873,#4874);
#4873 = CARTESIAN_POINT('',(0.,0.));
#4874 = VECTOR('',#4875,1.);
#4875 = DIRECTION('',(0.,-1.));
#4876 = ( GEOMETRIC_REPRESENTATION_CONTEXT(2) 
PARAMETRIC_REPRESENTATION_CONTEXT() REPRESENTATION_CONTEXT('2D SPACE',''
  ) );
#4877 = ORIENTED_EDGE('',*,*,#4878,.T.);
#4878 = EDGE_CURVE('',#4851,#4879,#4881,.T.);
#4879 = VERTEX_POINT('',#4880);
#4880 = CARTESIAN_POINT('',(15.7,16.1,1.8));
#4881 = SURFACE_CURVE('',#4882,(#4886,#4893),.PCURVE_S1.);
#4882 = LINE('',#4883,#4884);
#4883 = CARTESIAN_POINT('',(13.1,16.1,1.8));
#4884 = VECTOR('',#4885,1.);
#4885 = DIRECTION('',(1.,0.,-0.));
#4886 = PCURVE('',#1507,#4887);
#4887 = DEFINITIONAL_REPRESENTATION('',(#4888),#4892);
#4888 = LINE('',#4889,#4890);
#4889 = CARTESIAN_POINT('',(13.100000000584,16.089310105262));
#4890 = VECTOR('',#4891,1.);
#4891 = DIRECTION('',(1.,0.));
#4892 = ( GEOMETRIC_REPRESENTATION_CONTEXT(2) 
PARAMETRIC_REPRESENTATION_CONTEXT() REPRESENTATION_CONTEXT('2D SPACE',''
  ) );
#4893 = PCURVE('',#4894,#4899);
#4894 = PLANE('',#4895);
#4895 = AXIS2_PLACEMENT_3D('',#4896,#4897,#4898);
#4896 = CARTESIAN_POINT('',(13.1,16.1,1.8));
#4897 = DIRECTION('',(-0.,1.,0.));
#4898 = DIRECTION('',(0.,0.,1.));
#4899 = DEFINITIONAL_REPRESENTATION('',(#4900),#4904);
#4900 = LINE('',#4901,#4902);
#4901 = CARTESIAN_POINT('',(0.,0.));
#4902 = VECTOR('',#4903,1.);
#4903 = DIRECTION('',(0.,1.));
#4904 = ( GEOMETRIC_REPRESENTATION_CONTEXT(2) 
PARAMETRIC_REPRESENTATION_CONTEXT() REPRESENTATION_CONTEXT('2D SPACE',''
  ) );
#4905 = ORIENTED_EDGE('',*,*,#4906,.F.);
#4906 = EDGE_CURVE('',#4907,#4879,#4909,.T.);
#4907 = VERTEX_POINT('',#4908);
#4908 = CARTESIAN_POINT('',(15.7,-4.2,1.8));
#4909 = SURFACE_CURVE('',#4910,(#4914,#4921),.PCURVE_S1.);
#4910 = LINE('',#4911,#4912);
#4911 = CARTESIAN_POINT('',(15.7,-6.5,1.8));
#4912 = VECTOR('',#4913,1.);
#4913 = DIRECTION('',(-0.,1.,0.));
#4914 = PCURVE('',#1507,#4915);
#4915 = DEFINITIONAL_REPRESENTATION('',(#4916),#4920);
#4916 = LINE('',#4917,#4918);
#4917 = CARTESIAN_POINT('',(15.700000000584,-6.510689894738));
#4918 = VECTOR('',#4919,1.);
#4919 = DIRECTION('',(0.,1.));
#4920 = ( GEOMETRIC_REPRESENTATION_CONTEXT(2) 
PARAMETRIC_REPRESENTATION_CONTEXT() REPRESENTATION_CONTEXT('2D SPACE',''
  ) );
#4921 = PCURVE('',#4922,#4927);
#4922 = PLANE('',#4923);
#4923 = AXIS2_PLACEMENT_3D('',#4924,#4925,#4926);
#4924 = CARTESIAN_POINT('',(15.7,-6.5,1.8));
#4925 = DIRECTION('',(1.,0.,-0.));
#4926 = DIRECTION('',(0.,0.,1.));
#4927 = DEFINITIONAL_REPRESENTATION('',(#4928),#4932);
#4928 = LINE('',#4929,#4930);
#4929 = CARTESIAN_POINT('',(0.,0.));
#4930 = VECTOR('',#4931,1.);
#4931 = DIRECTION('',(0.,-1.));
#4932 = ( GEOMETRIC_REPRESENTATION_CONTEXT(2) 
PARAMETRIC_REPRESENTATION_CONTEXT() REPRESENTATION_CONTEXT('2D SPACE',''
  ) );
#4933 = ORIENTED_EDGE('',*,*,#4934,.F.);
#4934 = EDGE_CURVE('',#4849,#4907,#4935,.T.);
#4935 = SURFACE_CURVE('',#4936,(#4940,#4947),.PCURVE_S1.);
#4936 = LINE('',#4937,#4938);
#4937 = CARTESIAN_POINT('',(-17.2,-4.2,1.8));
#4938 = VECTOR('',#4939,1.);
#4939 = DIRECTION('',(1.,0.,-0.));
#4940 = PCURVE('',#1507,#4941);
#4941 = DEFINITIONAL_REPRESENTATION('',(#4942),#4946);
#4942 = LINE('',#4943,#4944);
#4943 = CARTESIAN_POINT('',(-17.19999999941,-4.210689894738));
#4944 = VECTOR('',#4945,1.);
#4945 = DIRECTION('',(1.,0.));
#4946 = ( GEOMETRIC_REPRESENTATION_CONTEXT(2) 
PARAMETRIC_REPRESENTATION_CONTEXT() REPRESENTATION_CONTEXT('2D SPACE',''
  ) );
#4947 = PCURVE('',#4948,#4953);
#4948 = PLANE('',#4949);
#4949 = AXIS2_PLACEMENT_3D('',#4950,#4951,#4952);
#4950 = CARTESIAN_POINT('',(-17.2,-4.2,1.8));
#4951 = DIRECTION('',(-0.,1.,0.));
#4952 = DIRECTION('',(0.,0.,1.));
#4953 = DEFINITIONAL_REPRESENTATION('',(#4954),#4958);
#4954 = LINE('',#4955,#4956);
#4955 = CARTESIAN_POINT('',(0.,0.));
#4956 = VECTOR('',#4957,1.);
#4957 = DIRECTION('',(0.,1.));
#4958 = ( GEOMETRIC_REPRESENTATION_CONTEXT(2) 
PARAMETRIC_REPRESENTATION_CONTEXT() REPRESENTATION_CONTEXT('2D SPACE',''
  ) );
#4959 = FACE_BOUND('',#4960,.T.);
#4960 = EDGE_LOOP('',(#4961,#4991,#5019,#5047));
#4961 = ORIENTED_EDGE('',*,*,#4962,.T.);
#4962 = EDGE_CURVE('',#4963,#4965,#4967,.T.);
#4963 = VERTEX_POINT('',#4964);
#4964 = CARTESIAN_POINT('',(14.1,31.1,1.8));
#4965 = VERTEX_POINT('',#4966);
#4966 = CARTESIAN_POINT('',(14.1,45.,1.8));
#4967 = SURFACE_CURVE('',#4968,(#4972,#4979),.PCURVE_S1.);
#4968 = LINE('',#4969,#4970);
#4969 = CARTESIAN_POINT('',(14.1,-6.5,1.8));
#4970 = VECTOR('',#4971,1.);
#4971 = DIRECTION('',(-0.,1.,0.));
#4972 = PCURVE('',#1507,#4973);
#4973 = DEFINITIONAL_REPRESENTATION('',(#4974),#4978);
#4974 = LINE('',#4975,#4976);
#4975 = CARTESIAN_POINT('',(14.100000000584,-6.510689894738));
#4976 = VECTOR('',#4977,1.);
#4977 = DIRECTION('',(0.,1.));
#4978 = ( GEOMETRIC_REPRESENTATION_CONTEXT(2) 
PARAMETRIC_REPRESENTATION_CONTEXT() REPRESENTATION_CONTEXT('2D SPACE',''
  ) );
#4979 = PCURVE('',#4980,#4985);
#4980 = PLANE('',#4981);
#4981 = AXIS2_PLACEMENT_3D('',#4982,#4983,#4984);
#4982 = CARTESIAN_POINT('',(14.1,-6.5,1.8));
#4983 = DIRECTION('',(1.,0.,-0.));
#4984 = DIRECTION('',(0.,0.,1.));
#4985 = DEFINITIONAL_REPRESENTATION('',(#4986),#4990);
#4986 = LINE('',#4987,#4988);
#4987 = CARTESIAN_POINT('',(0.,0.));
#4988 = VECTOR('',#4989,1.);
#4989 = DIRECTION('',(0.,-1.));
#4990 = ( GEOMETRIC_REPRESENTATION_CONTEXT(2) 
PARAMETRIC_REPRESENTATION_CONTEXT() REPRESENTATION_CONTEXT('2D SPACE',''
  ) );
#4991 = ORIENTED_EDGE('',*,*,#4992,.T.);
#4992 = EDGE_CURVE('',#4965,#4993,#4995,.T.);
#4993 = VERTEX_POINT('',#4994);
#4994 = CARTESIAN_POINT('',(15.7,45.,1.8));
#4995 = SURFACE_CURVE('',#4996,(#5000,#5007),.PCURVE_S1.);
#4996 = LINE('',#4997,#4998);
#4997 = CARTESIAN_POINT('',(13.1,45.,1.8));
#4998 = VECTOR('',#4999,1.);
#4999 = DIRECTION('',(1.,0.,-0.));
#5000 = PCURVE('',#1507,#5001);
#5001 = DEFINITIONAL_REPRESENTATION('',(#5002),#5006);
#5002 = LINE('',#5003,#5004);
#5003 = CARTESIAN_POINT('',(13.100000000584,44.989310105262));
#5004 = VECTOR('',#5005,1.);
#5005 = DIRECTION('',(1.,0.));
#5006 = ( GEOMETRIC_REPRESENTATION_CONTEXT(2) 
PARAMETRIC_REPRESENTATION_CONTEXT() REPRESENTATION_CONTEXT('2D SPACE',''
  ) );
#5007 = PCURVE('',#5008,#5013);
#5008 = PLANE('',#5009);
#5009 = AXIS2_PLACEMENT_3D('',#5010,#5011,#5012);
#5010 = CARTESIAN_POINT('',(13.1,45.,1.8));
#5011 = DIRECTION('',(-0.,1.,0.));
#5012 = DIRECTION('',(0.,0.,1.));
#5013 = DEFINITIONAL_REPRESENTATION('',(#5014),#5018);
#5014 = LINE('',#5015,#5016);
#5015 = CARTESIAN_POINT('',(0.,0.));
#5016 = VECTOR('',#5017,1.);
#5017 = DIRECTION('',(0.,1.));
#5018 = ( GEOMETRIC_REPRESENTATION_CONTEXT(2) 
PARAMETRIC_REPRESENTATION_CONTEXT() REPRESENTATION_CONTEXT('2D SPACE',''
  ) );
#5019 = ORIENTED_EDGE('',*,*,#5020,.F.);
#5020 = EDGE_CURVE('',#5021,#4993,#5023,.T.);
#5021 = VERTEX_POINT('',#5022);
#5022 = CARTESIAN_POINT('',(15.7,31.1,1.8));
#5023 = SURFACE_CURVE('',#5024,(#5028,#5035),.PCURVE_S1.);
#5024 = LINE('',#5025,#5026);
#5025 = CARTESIAN_POINT('',(15.7,-6.5,1.8));
#5026 = VECTOR('',#5027,1.);
#5027 = DIRECTION('',(-0.,1.,0.));
#5028 = PCURVE('',#1507,#5029);
#5029 = DEFINITIONAL_REPRESENTATION('',(#5030),#5034);
#5030 = LINE('',#5031,#5032);
#5031 = CARTESIAN_POINT('',(15.700000000584,-6.510689894738));
#5032 = VECTOR('',#5033,1.);
#5033 = DIRECTION('',(0.,1.));
#5034 = ( GEOMETRIC_REPRESENTATION_CONTEXT(2) 
PARAMETRIC_REPRESENTATION_CONTEXT() REPRESENTATION_CONTEXT('2D SPACE',''
  ) );
#5035 = PCURVE('',#5036,#5041);
#5036 = PLANE('',#5037);
#5037 = AXIS2_PLACEMENT_3D('',#5038,#5039,#5040);
#5038 = CARTESIAN_POINT('',(15.7,-6.5,1.8));
#5039 = DIRECTION('',(1.,0.,-0.));
#5040 = DIRECTION('',(0.,0.,1.));
#5041 = DEFINITIONAL_REPRESENTATION('',(#5042),#5046);
#5042 = LINE('',#5043,#5044);
#5043 = CARTESIAN_POINT('',(0.,0.));
#5044 = VECTOR('',#5045,1.);
#5045 = DIRECTION('',(0.,-1.));
#5046 = ( GEOMETRIC_REPRESENTATION_CONTEXT(2) 
PARAMETRIC_REPRESENTATION_CONTEXT() REPRESENTATION_CONTEXT('2D SPACE',''
  ) );
#5047 = ORIENTED_EDGE('',*,*,#5048,.F.);
#5048 = EDGE_CURVE('',#4963,#5021,#5049,.T.);
#5049 = SURFACE_CURVE('',#5050,(#5054,#5061),.PCURVE_S1.);
#5050 = LINE('',#5051,#5052);
#5051 = CARTESIAN_POINT('',(13.1,31.1,1.8));
#5052 = VECTOR('',#5053,1.);
#5053 = DIRECTION('',(1.,0.,-0.));
#5054 = PCURVE('',#1507,#5055);
#5055 = DEFINITIONAL_REPRESENTATION('',(#5056),#5060);
#5056 = LINE('',#5057,#5058);
#5057 = CARTESIAN_POINT('',(13.100000000584,31.089310105262));
#5058 = VECTOR('',#5059,1.);
#5059 = DIRECTION('',(1.,0.));
#5060 = ( GEOMETRIC_REPRESENTATION_CONTEXT(2) 
PARAMETRIC_REPRESENTATION_CONTEXT() REPRESENTATION_CONTEXT('2D SPACE',''
  ) );
#5061 = PCURVE('',#5062,#5067);
#5062 = PLANE('',#5063);
#5063 = AXIS2_PLACEMENT_3D('',#5064,#5065,#5066);
#5064 = CARTESIAN_POINT('',(13.1,31.1,1.8));
#5065 = DIRECTION('',(-0.,1.,0.));
#5066 = DIRECTION('',(0.,0.,1.));
#5067 = DEFINITIONAL_REPRESENTATION('',(#5068),#5072);
#5068 = LINE('',#5069,#5070);
#5069 = CARTESIAN_POINT('',(0.,0.));
#5070 = VECTOR('',#5071,1.);
#5071 = DIRECTION('',(0.,1.));
#5072 = ( GEOMETRIC_REPRESENTATION_CONTEXT(2) 
PARAMETRIC_REPRESENTATION_CONTEXT() REPRESENTATION_CONTEXT('2D SPACE',''
  ) );
#5073 = ADVANCED_FACE('',(#5074),#5036,.T.);
#5074 = FACE_BOUND('',#5075,.T.);
#5075 = EDGE_LOOP('',(#5076,#5106,#5125,#5126));
#5076 = ORIENTED_EDGE('',*,*,#5077,.F.);
#5077 = EDGE_CURVE('',#5078,#5080,#5082,.T.);
#5078 = VERTEX_POINT('',#5079);
#5079 = CARTESIAN_POINT('',(15.7,31.1,6.45));
#5080 = VERTEX_POINT('',#5081);
#5081 = CARTESIAN_POINT('',(15.7,45.,6.45));
#5082 = SURFACE_CURVE('',#5083,(#5087,#5094),.PCURVE_S1.);
#5083 = LINE('',#5084,#5085);
#5084 = CARTESIAN_POINT('',(15.7,-6.5,6.45));
#5085 = VECTOR('',#5086,1.);
#5086 = DIRECTION('',(-0.,1.,0.));
#5087 = PCURVE('',#5036,#5088);
#5088 = DEFINITIONAL_REPRESENTATION('',(#5089),#5093);
#5089 = LINE('',#5090,#5091);
#5090 = CARTESIAN_POINT('',(4.65,0.));
#5091 = VECTOR('',#5092,1.);
#5092 = DIRECTION('',(0.,-1.));
#5093 = ( GEOMETRIC_REPRESENTATION_CONTEXT(2) 
PARAMETRIC_REPRESENTATION_CONTEXT() REPRESENTATION_CONTEXT('2D SPACE',''
  ) );
#5094 = PCURVE('',#5095,#5100);
#5095 = PLANE('',#5096);
#5096 = AXIS2_PLACEMENT_3D('',#5097,#5098,#5099);
#5097 = CARTESIAN_POINT('',(14.1,-6.5,6.45));
#5098 = DIRECTION('',(0.,0.,1.));
#5099 = DIRECTION('',(1.,0.,-0.));
#5100 = DEFINITIONAL_REPRESENTATION('',(#5101),#5105);
#5101 = LINE('',#5102,#5103);
#5102 = CARTESIAN_POINT('',(1.6,0.));
#5103 = VECTOR('',#5104,1.);
#5104 = DIRECTION('',(0.,1.));
#5105 = ( GEOMETRIC_REPRESENTATION_CONTEXT(2) 
PARAMETRIC_REPRESENTATION_CONTEXT() REPRESENTATION_CONTEXT('2D SPACE',''
  ) );
#5106 = ORIENTED_EDGE('',*,*,#5107,.F.);
#5107 = EDGE_CURVE('',#5021,#5078,#5108,.T.);
#5108 = SURFACE_CURVE('',#5109,(#5113,#5119),.PCURVE_S1.);
#5109 = LINE('',#5110,#5111);
#5110 = CARTESIAN_POINT('',(15.7,31.1,1.8));
#5111 = VECTOR('',#5112,1.);
#5112 = DIRECTION('',(0.,0.,1.));
#5113 = PCURVE('',#5036,#5114);
#5114 = DEFINITIONAL_REPRESENTATION('',(#5115),#5118);
#5115 = B_SPLINE_CURVE_WITH_KNOTS('',1,(#5116,#5117),.UNSPECIFIED.,.F.,
  .F.,(2,2),(2.22044604925E-16,4.65),.PIECEWISE_BEZIER_KNOTS.);
#5116 = CARTESIAN_POINT('',(4.440892098501E-16,-37.6));
#5117 = CARTESIAN_POINT('',(4.65,-37.6));
#5118 = ( GEOMETRIC_REPRESENTATION_CONTEXT(2) 
PARAMETRIC_REPRESENTATION_CONTEXT() REPRESENTATION_CONTEXT('2D SPACE',''
  ) );
#5119 = PCURVE('',#5062,#5120);
#5120 = DEFINITIONAL_REPRESENTATION('',(#5121),#5124);
#5121 = B_SPLINE_CURVE_WITH_KNOTS('',1,(#5122,#5123),.UNSPECIFIED.,.F.,
  .F.,(2,2),(2.22044604925E-16,4.65),.PIECEWISE_BEZIER_KNOTS.);
#5122 = CARTESIAN_POINT('',(0.,2.6));
#5123 = CARTESIAN_POINT('',(4.65,2.6));
#5124 = ( GEOMETRIC_REPRESENTATION_CONTEXT(2) 
PARAMETRIC_REPRESENTATION_CONTEXT() REPRESENTATION_CONTEXT('2D SPACE',''
  ) );
#5125 = ORIENTED_EDGE('',*,*,#5020,.T.);
#5126 = ORIENTED_EDGE('',*,*,#5127,.T.);
#5127 = EDGE_CURVE('',#4993,#5080,#5128,.T.);
#5128 = SURFACE_CURVE('',#5129,(#5133,#5139),.PCURVE_S1.);
#5129 = LINE('',#5130,#5131);
#5130 = CARTESIAN_POINT('',(15.7,45.,1.8));
#5131 = VECTOR('',#5132,1.);
#5132 = DIRECTION('',(0.,0.,1.));
#5133 = PCURVE('',#5036,#5134);
#5134 = DEFINITIONAL_REPRESENTATION('',(#5135),#5138);
#5135 = B_SPLINE_CURVE_WITH_KNOTS('',1,(#5136,#5137),.UNSPECIFIED.,.F.,
  .F.,(2,2),(2.22044604925E-16,4.65),.PIECEWISE_BEZIER_KNOTS.);
#5136 = CARTESIAN_POINT('',(4.440892098501E-16,-51.5));
#5137 = CARTESIAN_POINT('',(4.65,-51.5));
#5138 = ( GEOMETRIC_REPRESENTATION_CONTEXT(2) 
PARAMETRIC_REPRESENTATION_CONTEXT() REPRESENTATION_CONTEXT('2D SPACE',''
  ) );
#5139 = PCURVE('',#5008,#5140);
#5140 = DEFINITIONAL_REPRESENTATION('',(#5141),#5144);
#5141 = B_SPLINE_CURVE_WITH_KNOTS('',1,(#5142,#5143),.UNSPECIFIED.,.F.,
  .F.,(2,2),(2.22044604925E-16,4.65),.PIECEWISE_BEZIER_KNOTS.);
#5142 = CARTESIAN_POINT('',(0.,2.6));
#5143 = CARTESIAN_POINT('',(4.65,2.6));
#5144 = ( GEOMETRIC_REPRESENTATION_CONTEXT(2) 
PARAMETRIC_REPRESENTATION_CONTEXT() REPRESENTATION_CONTEXT('2D SPACE',''
  ) );
#5145 = ADVANCED_FACE('',(#5146),#5095,.T.);
#5146 = FACE_BOUND('',#5147,.T.);
#5147 = EDGE_LOOP('',(#5148,#5173,#5192,#5193));
#5148 = ORIENTED_EDGE('',*,*,#5149,.F.);
#5149 = EDGE_CURVE('',#5150,#5152,#5154,.T.);
#5150 = VERTEX_POINT('',#5151);
#5151 = CARTESIAN_POINT('',(14.1,31.1,6.45));
#5152 = VERTEX_POINT('',#5153);
#5153 = CARTESIAN_POINT('',(14.1,45.,6.45));
#5154 = SURFACE_CURVE('',#5155,(#5159,#5166),.PCURVE_S1.);
#5155 = LINE('',#5156,#5157);
#5156 = CARTESIAN_POINT('',(14.1,-6.5,6.45));
#5157 = VECTOR('',#5158,1.);
#5158 = DIRECTION('',(-0.,1.,0.));
#5159 = PCURVE('',#5095,#5160);
#5160 = DEFINITIONAL_REPRESENTATION('',(#5161),#5165);
#5161 = LINE('',#5162,#5163);
#5162 = CARTESIAN_POINT('',(0.,0.));
#5163 = VECTOR('',#5164,1.);
#5164 = DIRECTION('',(0.,1.));
#5165 = ( GEOMETRIC_REPRESENTATION_CONTEXT(2) 
PARAMETRIC_REPRESENTATION_CONTEXT() REPRESENTATION_CONTEXT('2D SPACE',''
  ) );
#5166 = PCURVE('',#4980,#5167);
#5167 = DEFINITIONAL_REPRESENTATION('',(#5168),#5172);
#5168 = LINE('',#5169,#5170);
#5169 = CARTESIAN_POINT('',(4.65,0.));
#5170 = VECTOR('',#5171,1.);
#5171 = DIRECTION('',(0.,-1.));
#5172 = ( GEOMETRIC_REPRESENTATION_CONTEXT(2) 
PARAMETRIC_REPRESENTATION_CONTEXT() REPRESENTATION_CONTEXT('2D SPACE',''
  ) );
#5173 = ORIENTED_EDGE('',*,*,#5174,.F.);
#5174 = EDGE_CURVE('',#5078,#5150,#5175,.T.);
#5175 = SURFACE_CURVE('',#5176,(#5180,#5186),.PCURVE_S1.);
#5176 = LINE('',#5177,#5178);
#5177 = CARTESIAN_POINT('',(13.6,31.1,6.45));
#5178 = VECTOR('',#5179,1.);
#5179 = DIRECTION('',(-1.,-0.,0.));
#5180 = PCURVE('',#5095,#5181);
#5181 = DEFINITIONAL_REPRESENTATION('',(#5182),#5185);
#5182 = B_SPLINE_CURVE_WITH_KNOTS('',1,(#5183,#5184),.UNSPECIFIED.,.F.,
  .F.,(2,2),(-2.1,-0.5),.PIECEWISE_BEZIER_KNOTS.);
#5183 = CARTESIAN_POINT('',(1.6,37.6));
#5184 = CARTESIAN_POINT('',(0.,37.6));
#5185 = ( GEOMETRIC_REPRESENTATION_CONTEXT(2) 
PARAMETRIC_REPRESENTATION_CONTEXT() REPRESENTATION_CONTEXT('2D SPACE',''
  ) );
#5186 = PCURVE('',#5062,#5187);
#5187 = DEFINITIONAL_REPRESENTATION('',(#5188),#5191);
#5188 = B_SPLINE_CURVE_WITH_KNOTS('',1,(#5189,#5190),.UNSPECIFIED.,.F.,
  .F.,(2,2),(-2.1,-0.5),.PIECEWISE_BEZIER_KNOTS.);
#5189 = CARTESIAN_POINT('',(4.65,2.6));
#5190 = CARTESIAN_POINT('',(4.65,1.));
#5191 = ( GEOMETRIC_REPRESENTATION_CONTEXT(2) 
PARAMETRIC_REPRESENTATION_CONTEXT() REPRESENTATION_CONTEXT('2D SPACE',''
  ) );
#5192 = ORIENTED_EDGE('',*,*,#5077,.T.);
#5193 = ORIENTED_EDGE('',*,*,#5194,.T.);
#5194 = EDGE_CURVE('',#5080,#5152,#5195,.T.);
#5195 = SURFACE_CURVE('',#5196,(#5200,#5206),.PCURVE_S1.);
#5196 = LINE('',#5197,#5198);
#5197 = CARTESIAN_POINT('',(13.6,45.,6.45));
#5198 = VECTOR('',#5199,1.);
#5199 = DIRECTION('',(-1.,-0.,0.));
#5200 = PCURVE('',#5095,#5201);
#5201 = DEFINITIONAL_REPRESENTATION('',(#5202),#5205);
#5202 = B_SPLINE_CURVE_WITH_KNOTS('',1,(#5203,#5204),.UNSPECIFIED.,.F.,
  .F.,(2,2),(-2.1,-0.5),.PIECEWISE_BEZIER_KNOTS.);
#5203 = CARTESIAN_POINT('',(1.6,51.5));
#5204 = CARTESIAN_POINT('',(0.,51.5));
#5205 = ( GEOMETRIC_REPRESENTATION_CONTEXT(2) 
PARAMETRIC_REPRESENTATION_CONTEXT() REPRESENTATION_CONTEXT('2D SPACE',''
  ) );
#5206 = PCURVE('',#5008,#5207);
#5207 = DEFINITIONAL_REPRESENTATION('',(#5208),#5211);
#5208 = B_SPLINE_CURVE_WITH_KNOTS('',1,(#5209,#5210),.UNSPECIFIED.,.F.,
  .F.,(2,2),(-2.1,-0.5),.PIECEWISE_BEZIER_KNOTS.);
#5209 = CARTESIAN_POINT('',(4.65,2.6));
#5210 = CARTESIAN_POINT('',(4.65,1.));
#5211 = ( GEOMETRIC_REPRESENTATION_CONTEXT(2) 
PARAMETRIC_REPRESENTATION_CONTEXT() REPRESENTATION_CONTEXT('2D SPACE',''
  ) );
#5212 = ADVANCED_FACE('',(#5213),#5008,.T.);
#5213 = FACE_BOUND('',#5214,.T.);
#5214 = EDGE_LOOP('',(#5215,#5216,#5235,#5236));
#5215 = ORIENTED_EDGE('',*,*,#4992,.F.);
#5216 = ORIENTED_EDGE('',*,*,#5217,.T.);
#5217 = EDGE_CURVE('',#4965,#5152,#5218,.T.);
#5218 = SURFACE_CURVE('',#5219,(#5223,#5229),.PCURVE_S1.);
#5219 = LINE('',#5220,#5221);
#5220 = CARTESIAN_POINT('',(14.1,45.,1.8));
#5221 = VECTOR('',#5222,1.);
#5222 = DIRECTION('',(0.,0.,1.));
#5223 = PCURVE('',#5008,#5224);
#5224 = DEFINITIONAL_REPRESENTATION('',(#5225),#5228);
#5225 = B_SPLINE_CURVE_WITH_KNOTS('',1,(#5226,#5227),.UNSPECIFIED.,.F.,
  .F.,(2,2),(2.22044604925E-16,4.65),.PIECEWISE_BEZIER_KNOTS.);
#5226 = CARTESIAN_POINT('',(0.,1.));
#5227 = CARTESIAN_POINT('',(4.65,1.));
#5228 = ( GEOMETRIC_REPRESENTATION_CONTEXT(2) 
PARAMETRIC_REPRESENTATION_CONTEXT() REPRESENTATION_CONTEXT('2D SPACE',''
  ) );
#5229 = PCURVE('',#4980,#5230);
#5230 = DEFINITIONAL_REPRESENTATION('',(#5231),#5234);
#5231 = B_SPLINE_CURVE_WITH_KNOTS('',1,(#5232,#5233),.UNSPECIFIED.,.F.,
  .F.,(2,2),(2.22044604925E-16,4.65),.PIECEWISE_BEZIER_KNOTS.);
#5232 = CARTESIAN_POINT('',(4.440892098501E-16,-51.5));
#5233 = CARTESIAN_POINT('',(4.65,-51.5));
#5234 = ( GEOMETRIC_REPRESENTATION_CONTEXT(2) 
PARAMETRIC_REPRESENTATION_CONTEXT() REPRESENTATION_CONTEXT('2D SPACE',''
  ) );
#5235 = ORIENTED_EDGE('',*,*,#5194,.F.);
#5236 = ORIENTED_EDGE('',*,*,#5127,.F.);
#5237 = ADVANCED_FACE('',(#5238),#5062,.F.);
#5238 = FACE_BOUND('',#5239,.F.);
#5239 = EDGE_LOOP('',(#5240,#5241,#5260,#5261));
#5240 = ORIENTED_EDGE('',*,*,#5048,.F.);
#5241 = ORIENTED_EDGE('',*,*,#5242,.T.);
#5242 = EDGE_CURVE('',#4963,#5150,#5243,.T.);
#5243 = SURFACE_CURVE('',#5244,(#5248,#5254),.PCURVE_S1.);
#5244 = LINE('',#5245,#5246);
#5245 = CARTESIAN_POINT('',(14.1,31.1,1.8));
#5246 = VECTOR('',#5247,1.);
#5247 = DIRECTION('',(0.,0.,1.));
#5248 = PCURVE('',#5062,#5249);
#5249 = DEFINITIONAL_REPRESENTATION('',(#5250),#5253);
#5250 = B_SPLINE_CURVE_WITH_KNOTS('',1,(#5251,#5252),.UNSPECIFIED.,.F.,
  .F.,(2,2),(2.22044604925E-16,4.65),.PIECEWISE_BEZIER_KNOTS.);
#5251 = CARTESIAN_POINT('',(0.,1.));
#5252 = CARTESIAN_POINT('',(4.65,1.));
#5253 = ( GEOMETRIC_REPRESENTATION_CONTEXT(2) 
PARAMETRIC_REPRESENTATION_CONTEXT() REPRESENTATION_CONTEXT('2D SPACE',''
  ) );
#5254 = PCURVE('',#4980,#5255);
#5255 = DEFINITIONAL_REPRESENTATION('',(#5256),#5259);
#5256 = B_SPLINE_CURVE_WITH_KNOTS('',1,(#5257,#5258),.UNSPECIFIED.,.F.,
  .F.,(2,2),(2.22044604925E-16,4.65),.PIECEWISE_BEZIER_KNOTS.);
#5257 = CARTESIAN_POINT('',(4.440892098501E-16,-37.6));
#5258 = CARTESIAN_POINT('',(4.65,-37.6));
#5259 = ( GEOMETRIC_REPRESENTATION_CONTEXT(2) 
PARAMETRIC_REPRESENTATION_CONTEXT() REPRESENTATION_CONTEXT('2D SPACE',''
  ) );
#5260 = ORIENTED_EDGE('',*,*,#5174,.F.);
#5261 = ORIENTED_EDGE('',*,*,#5107,.F.);
#5262 = ADVANCED_FACE('',(#5263),#4980,.F.);
#5263 = FACE_BOUND('',#5264,.F.);
#5264 = EDGE_LOOP('',(#5265,#5266,#5267,#5268));
#5265 = ORIENTED_EDGE('',*,*,#5149,.F.);
#5266 = ORIENTED_EDGE('',*,*,#5242,.F.);
#5267 = ORIENTED_EDGE('',*,*,#4962,.T.);
#5268 = ORIENTED_EDGE('',*,*,#5217,.T.);
#5269 = ADVANCED_FACE('',(#5270),#4922,.T.);
#5270 = FACE_BOUND('',#5271,.T.);
#5271 = EDGE_LOOP('',(#5272,#5302,#5321,#5322));
#5272 = ORIENTED_EDGE('',*,*,#5273,.F.);
#5273 = EDGE_CURVE('',#5274,#5276,#5278,.T.);
#5274 = VERTEX_POINT('',#5275);
#5275 = CARTESIAN_POINT('',(15.7,-4.2,6.45));
#5276 = VERTEX_POINT('',#5277);
#5277 = CARTESIAN_POINT('',(15.7,16.1,6.45));
#5278 = SURFACE_CURVE('',#5279,(#5283,#5290),.PCURVE_S1.);
#5279 = LINE('',#5280,#5281);
#5280 = CARTESIAN_POINT('',(15.7,-6.5,6.45));
#5281 = VECTOR('',#5282,1.);
#5282 = DIRECTION('',(-0.,1.,0.));
#5283 = PCURVE('',#4922,#5284);
#5284 = DEFINITIONAL_REPRESENTATION('',(#5285),#5289);
#5285 = LINE('',#5286,#5287);
#5286 = CARTESIAN_POINT('',(4.65,0.));
#5287 = VECTOR('',#5288,1.);
#5288 = DIRECTION('',(0.,-1.));
#5289 = ( GEOMETRIC_REPRESENTATION_CONTEXT(2) 
PARAMETRIC_REPRESENTATION_CONTEXT() REPRESENTATION_CONTEXT('2D SPACE',''
  ) );
#5290 = PCURVE('',#5291,#5296);
#5291 = PLANE('',#5292);
#5292 = AXIS2_PLACEMENT_3D('',#5293,#5294,#5295);
#5293 = CARTESIAN_POINT('',(14.1,-6.5,6.45));
#5294 = DIRECTION('',(0.,0.,1.));
#5295 = DIRECTION('',(1.,0.,-0.));
#5296 = DEFINITIONAL_REPRESENTATION('',(#5297),#5301);
#5297 = LINE('',#5298,#5299);
#5298 = CARTESIAN_POINT('',(1.6,0.));
#5299 = VECTOR('',#5300,1.);
#5300 = DIRECTION('',(0.,1.));
#5301 = ( GEOMETRIC_REPRESENTATION_CONTEXT(2) 
PARAMETRIC_REPRESENTATION_CONTEXT() REPRESENTATION_CONTEXT('2D SPACE',''
  ) );
#5302 = ORIENTED_EDGE('',*,*,#5303,.F.);
#5303 = EDGE_CURVE('',#4907,#5274,#5304,.T.);
#5304 = SURFACE_CURVE('',#5305,(#5309,#5315),.PCURVE_S1.);
#5305 = LINE('',#5306,#5307);
#5306 = CARTESIAN_POINT('',(15.7,-4.2,1.8));
#5307 = VECTOR('',#5308,1.);
#5308 = DIRECTION('',(0.,0.,1.));
#5309 = PCURVE('',#4922,#5310);
#5310 = DEFINITIONAL_REPRESENTATION('',(#5311),#5314);
#5311 = B_SPLINE_CURVE_WITH_KNOTS('',1,(#5312,#5313),.UNSPECIFIED.,.F.,
  .F.,(2,2),(0.,4.65),.PIECEWISE_BEZIER_KNOTS.);
#5312 = CARTESIAN_POINT('',(0.,-2.3));
#5313 = CARTESIAN_POINT('',(4.65,-2.3));
#5314 = ( GEOMETRIC_REPRESENTATION_CONTEXT(2) 
PARAMETRIC_REPRESENTATION_CONTEXT() REPRESENTATION_CONTEXT('2D SPACE',''
  ) );
#5315 = PCURVE('',#4948,#5316);
#5316 = DEFINITIONAL_REPRESENTATION('',(#5317),#5320);
#5317 = B_SPLINE_CURVE_WITH_KNOTS('',1,(#5318,#5319),.UNSPECIFIED.,.F.,
  .F.,(2,2),(0.,4.65),.PIECEWISE_BEZIER_KNOTS.);
#5318 = CARTESIAN_POINT('',(0.,32.9));
#5319 = CARTESIAN_POINT('',(4.65,32.9));
#5320 = ( GEOMETRIC_REPRESENTATION_CONTEXT(2) 
PARAMETRIC_REPRESENTATION_CONTEXT() REPRESENTATION_CONTEXT('2D SPACE',''
  ) );
#5321 = ORIENTED_EDGE('',*,*,#4906,.T.);
#5322 = ORIENTED_EDGE('',*,*,#5323,.T.);
#5323 = EDGE_CURVE('',#4879,#5276,#5324,.T.);
#5324 = SURFACE_CURVE('',#5325,(#5329,#5335),.PCURVE_S1.);
#5325 = LINE('',#5326,#5327);
#5326 = CARTESIAN_POINT('',(15.7,16.1,1.8));
#5327 = VECTOR('',#5328,1.);
#5328 = DIRECTION('',(0.,0.,1.));
#5329 = PCURVE('',#4922,#5330);
#5330 = DEFINITIONAL_REPRESENTATION('',(#5331),#5334);
#5331 = B_SPLINE_CURVE_WITH_KNOTS('',1,(#5332,#5333),.UNSPECIFIED.,.F.,
  .F.,(2,2),(2.22044604925E-16,4.65),.PIECEWISE_BEZIER_KNOTS.);
#5332 = CARTESIAN_POINT('',(4.440892098501E-16,-22.6));
#5333 = CARTESIAN_POINT('',(4.65,-22.6));
#5334 = ( GEOMETRIC_REPRESENTATION_CONTEXT(2) 
PARAMETRIC_REPRESENTATION_CONTEXT() REPRESENTATION_CONTEXT('2D SPACE',''
  ) );
#5335 = PCURVE('',#4894,#5336);
#5336 = DEFINITIONAL_REPRESENTATION('',(#5337),#5340);
#5337 = B_SPLINE_CURVE_WITH_KNOTS('',1,(#5338,#5339),.UNSPECIFIED.,.F.,
  .F.,(2,2),(2.22044604925E-16,4.65),.PIECEWISE_BEZIER_KNOTS.);
#5338 = CARTESIAN_POINT('',(0.,2.6));
#5339 = CARTESIAN_POINT('',(4.65,2.6));
#5340 = ( GEOMETRIC_REPRESENTATION_CONTEXT(2) 
PARAMETRIC_REPRESENTATION_CONTEXT() REPRESENTATION_CONTEXT('2D SPACE',''
  ) );
#5341 = ADVANCED_FACE('',(#5342),#5291,.T.);
#5342 = FACE_BOUND('',#5343,.T.);
#5343 = EDGE_LOOP('',(#5344,#5369,#5390,#5391));
#5344 = ORIENTED_EDGE('',*,*,#5345,.F.);
#5345 = EDGE_CURVE('',#5346,#5348,#5350,.T.);
#5346 = VERTEX_POINT('',#5347);
#5347 = CARTESIAN_POINT('',(14.1,-4.2,6.45));
#5348 = VERTEX_POINT('',#5349);
#5349 = CARTESIAN_POINT('',(14.1,16.1,6.45));
#5350 = SURFACE_CURVE('',#5351,(#5355,#5362),.PCURVE_S1.);
#5351 = LINE('',#5352,#5353);
#5352 = CARTESIAN_POINT('',(14.1,-6.5,6.45));
#5353 = VECTOR('',#5354,1.);
#5354 = DIRECTION('',(-0.,1.,0.));
#5355 = PCURVE('',#5291,#5356);
#5356 = DEFINITIONAL_REPRESENTATION('',(#5357),#5361);
#5357 = LINE('',#5358,#5359);
#5358 = CARTESIAN_POINT('',(0.,0.));
#5359 = VECTOR('',#5360,1.);
#5360 = DIRECTION('',(0.,1.));
#5361 = ( GEOMETRIC_REPRESENTATION_CONTEXT(2) 
PARAMETRIC_REPRESENTATION_CONTEXT() REPRESENTATION_CONTEXT('2D SPACE',''
  ) );
#5362 = PCURVE('',#4866,#5363);
#5363 = DEFINITIONAL_REPRESENTATION('',(#5364),#5368);
#5364 = LINE('',#5365,#5366);
#5365 = CARTESIAN_POINT('',(4.65,0.));
#5366 = VECTOR('',#5367,1.);
#5367 = DIRECTION('',(0.,-1.));
#5368 = ( GEOMETRIC_REPRESENTATION_CONTEXT(2) 
PARAMETRIC_REPRESENTATION_CONTEXT() REPRESENTATION_CONTEXT('2D SPACE',''
  ) );
#5369 = ORIENTED_EDGE('',*,*,#5370,.T.);
#5370 = EDGE_CURVE('',#5346,#5274,#5371,.T.);
#5371 = SURFACE_CURVE('',#5372,(#5376,#5383),.PCURVE_S1.);
#5372 = LINE('',#5373,#5374);
#5373 = CARTESIAN_POINT('',(-17.2,-4.2,6.45));
#5374 = VECTOR('',#5375,1.);
#5375 = DIRECTION('',(1.,0.,-0.));
#5376 = PCURVE('',#5291,#5377);
#5377 = DEFINITIONAL_REPRESENTATION('',(#5378),#5382);
#5378 = LINE('',#5379,#5380);
#5379 = CARTESIAN_POINT('',(-31.3,2.3));
#5380 = VECTOR('',#5381,1.);
#5381 = DIRECTION('',(1.,0.));
#5382 = ( GEOMETRIC_REPRESENTATION_CONTEXT(2) 
PARAMETRIC_REPRESENTATION_CONTEXT() REPRESENTATION_CONTEXT('2D SPACE',''
  ) );
#5383 = PCURVE('',#4948,#5384);
#5384 = DEFINITIONAL_REPRESENTATION('',(#5385),#5389);
#5385 = LINE('',#5386,#5387);
#5386 = CARTESIAN_POINT('',(4.65,0.));
#5387 = VECTOR('',#5388,1.);
#5388 = DIRECTION('',(0.,1.));
#5389 = ( GEOMETRIC_REPRESENTATION_CONTEXT(2) 
PARAMETRIC_REPRESENTATION_CONTEXT() REPRESENTATION_CONTEXT('2D SPACE',''
  ) );
#5390 = ORIENTED_EDGE('',*,*,#5273,.T.);
#5391 = ORIENTED_EDGE('',*,*,#5392,.T.);
#5392 = EDGE_CURVE('',#5276,#5348,#5393,.T.);
#5393 = SURFACE_CURVE('',#5394,(#5398,#5404),.PCURVE_S1.);
#5394 = LINE('',#5395,#5396);
#5395 = CARTESIAN_POINT('',(13.6,16.1,6.45));
#5396 = VECTOR('',#5397,1.);
#5397 = DIRECTION('',(-1.,-0.,0.));
#5398 = PCURVE('',#5291,#5399);
#5399 = DEFINITIONAL_REPRESENTATION('',(#5400),#5403);
#5400 = B_SPLINE_CURVE_WITH_KNOTS('',1,(#5401,#5402),.UNSPECIFIED.,.F.,
  .F.,(2,2),(-2.1,-0.5),.PIECEWISE_BEZIER_KNOTS.);
#5401 = CARTESIAN_POINT('',(1.6,22.6));
#5402 = CARTESIAN_POINT('',(0.,22.6));
#5403 = ( GEOMETRIC_REPRESENTATION_CONTEXT(2) 
PARAMETRIC_REPRESENTATION_CONTEXT() REPRESENTATION_CONTEXT('2D SPACE',''
  ) );
#5404 = PCURVE('',#4894,#5405);
#5405 = DEFINITIONAL_REPRESENTATION('',(#5406),#5409);
#5406 = B_SPLINE_CURVE_WITH_KNOTS('',1,(#5407,#5408),.UNSPECIFIED.,.F.,
  .F.,(2,2),(-2.1,-0.5),.PIECEWISE_BEZIER_KNOTS.);
#5407 = CARTESIAN_POINT('',(4.65,2.6));
#5408 = CARTESIAN_POINT('',(4.65,1.));
#5409 = ( GEOMETRIC_REPRESENTATION_CONTEXT(2) 
PARAMETRIC_REPRESENTATION_CONTEXT() REPRESENTATION_CONTEXT('2D SPACE',''
  ) );
#5410 = ADVANCED_FACE('',(#5411),#4894,.T.);
#5411 = FACE_BOUND('',#5412,.T.);
#5412 = EDGE_LOOP('',(#5413,#5414,#5433,#5434));
#5413 = ORIENTED_EDGE('',*,*,#4878,.F.);
#5414 = ORIENTED_EDGE('',*,*,#5415,.T.);
#5415 = EDGE_CURVE('',#4851,#5348,#5416,.T.);
#5416 = SURFACE_CURVE('',#5417,(#5421,#5427),.PCURVE_S1.);
#5417 = LINE('',#5418,#5419);
#5418 = CARTESIAN_POINT('',(14.1,16.1,1.8));
#5419 = VECTOR('',#5420,1.);
#5420 = DIRECTION('',(0.,0.,1.));
#5421 = PCURVE('',#4894,#5422);
#5422 = DEFINITIONAL_REPRESENTATION('',(#5423),#5426);
#5423 = B_SPLINE_CURVE_WITH_KNOTS('',1,(#5424,#5425),.UNSPECIFIED.,.F.,
  .F.,(2,2),(2.22044604925E-16,4.65),.PIECEWISE_BEZIER_KNOTS.);
#5424 = CARTESIAN_POINT('',(0.,1.));
#5425 = CARTESIAN_POINT('',(4.65,1.));
#5426 = ( GEOMETRIC_REPRESENTATION_CONTEXT(2) 
PARAMETRIC_REPRESENTATION_CONTEXT() REPRESENTATION_CONTEXT('2D SPACE',''
  ) );
#5427 = PCURVE('',#4866,#5428);
#5428 = DEFINITIONAL_REPRESENTATION('',(#5429),#5432);
#5429 = B_SPLINE_CURVE_WITH_KNOTS('',1,(#5430,#5431),.UNSPECIFIED.,.F.,
  .F.,(2,2),(2.22044604925E-16,4.65),.PIECEWISE_BEZIER_KNOTS.);
#5430 = CARTESIAN_POINT('',(4.440892098501E-16,-22.6));
#5431 = CARTESIAN_POINT('',(4.65,-22.6));
#5432 = ( GEOMETRIC_REPRESENTATION_CONTEXT(2) 
PARAMETRIC_REPRESENTATION_CONTEXT() REPRESENTATION_CONTEXT('2D SPACE',''
  ) );
#5433 = ORIENTED_EDGE('',*,*,#5392,.F.);
#5434 = ORIENTED_EDGE('',*,*,#5323,.F.);
#5435 = ADVANCED_FACE('',(#5436),#4948,.F.);
#5436 = FACE_BOUND('',#5437,.F.);
#5437 = EDGE_LOOP('',(#5438,#5439,#5458,#5459));
#5438 = ORIENTED_EDGE('',*,*,#4934,.F.);
#5439 = ORIENTED_EDGE('',*,*,#5440,.T.);
#5440 = EDGE_CURVE('',#4849,#5346,#5441,.T.);
#5441 = SURFACE_CURVE('',#5442,(#5446,#5452),.PCURVE_S1.);
#5442 = LINE('',#5443,#5444);
#5443 = CARTESIAN_POINT('',(14.1,-4.2,1.8));
#5444 = VECTOR('',#5445,1.);
#5445 = DIRECTION('',(0.,0.,1.));
#5446 = PCURVE('',#4948,#5447);
#5447 = DEFINITIONAL_REPRESENTATION('',(#5448),#5451);
#5448 = B_SPLINE_CURVE_WITH_KNOTS('',1,(#5449,#5450),.UNSPECIFIED.,.F.,
  .F.,(2,2),(0.,4.65),.PIECEWISE_BEZIER_KNOTS.);
#5449 = CARTESIAN_POINT('',(0.,31.3));
#5450 = CARTESIAN_POINT('',(4.65,31.3));
#5451 = ( GEOMETRIC_REPRESENTATION_CONTEXT(2) 
PARAMETRIC_REPRESENTATION_CONTEXT() REPRESENTATION_CONTEXT('2D SPACE',''
  ) );
#5452 = PCURVE('',#4866,#5453);
#5453 = DEFINITIONAL_REPRESENTATION('',(#5454),#5457);
#5454 = B_SPLINE_CURVE_WITH_KNOTS('',1,(#5455,#5456),.UNSPECIFIED.,.F.,
  .F.,(2,2),(0.,4.65),.PIECEWISE_BEZIER_KNOTS.);
#5455 = CARTESIAN_POINT('',(0.,-2.3));
#5456 = CARTESIAN_POINT('',(4.65,-2.3));
#5457 = ( GEOMETRIC_REPRESENTATION_CONTEXT(2) 
PARAMETRIC_REPRESENTATION_CONTEXT() REPRESENTATION_CONTEXT('2D SPACE',''
  ) );
#5458 = ORIENTED_EDGE('',*,*,#5370,.T.);
#5459 = ORIENTED_EDGE('',*,*,#5303,.F.);
#5460 = ADVANCED_FACE('',(#5461),#4866,.F.);
#5461 = FACE_BOUND('',#5462,.F.);
#5462 = EDGE_LOOP('',(#5463,#5464,#5465,#5466));
#5463 = ORIENTED_EDGE('',*,*,#5345,.F.);
#5464 = ORIENTED_EDGE('',*,*,#5440,.F.);
#5465 = ORIENTED_EDGE('',*,*,#4848,.T.);
#5466 = ORIENTED_EDGE('',*,*,#5415,.T.);
#5467 = ADVANCED_FACE('',(#5468),#4659,.F.);
#5468 = FACE_BOUND('',#5469,.T.);
#5469 = EDGE_LOOP('',(#5470,#5501,#5522,#5523));
#5470 = ORIENTED_EDGE('',*,*,#5471,.F.);
#5471 = EDGE_CURVE('',#5472,#5474,#5476,.T.);
#5472 = VERTEX_POINT('',#5473);
#5473 = CARTESIAN_POINT('',(-21.70000000196,49.95,1.3));
#5474 = VERTEX_POINT('',#5475);
#5475 = CARTESIAN_POINT('',(-25.7,45.95,1.3));
#5476 = SURFACE_CURVE('',#5477,(#5482,#5489),.PCURVE_S1.);
#5477 = CIRCLE('',#5478,4.);
#5478 = AXIS2_PLACEMENT_3D('',#5479,#5480,#5481);
#5479 = CARTESIAN_POINT('',(-21.70000000196,45.95,1.3));
#5480 = DIRECTION('',(0.,0.,1.));
#5481 = DIRECTION('',(1.,0.,0.));
#5482 = PCURVE('',#4659,#5483);
#5483 = DEFINITIONAL_REPRESENTATION('',(#5484),#5488);
#5484 = LINE('',#5485,#5486);
#5485 = CARTESIAN_POINT('',(-0.,0.));
#5486 = VECTOR('',#5487,1.);
#5487 = DIRECTION('',(-1.,0.));
#5488 = ( GEOMETRIC_REPRESENTATION_CONTEXT(2) 
PARAMETRIC_REPRESENTATION_CONTEXT() REPRESENTATION_CONTEXT('2D SPACE',''
  ) );
#5489 = PCURVE('',#5490,#5495);
#5490 = PLANE('',#5491);
#5491 = AXIS2_PLACEMENT_3D('',#5492,#5493,#5494);
#5492 = CARTESIAN_POINT('',(-21.50000001161,40.,1.3));
#5493 = DIRECTION('',(0.,0.,1.));
#5494 = DIRECTION('',(1.,0.,-0.));
#5495 = DEFINITIONAL_REPRESENTATION('',(#5496),#5500);
#5496 = CIRCLE('',#5497,4.);
#5497 = AXIS2_PLACEMENT_2D('',#5498,#5499);
#5498 = CARTESIAN_POINT('',(-0.199999990357,5.95));
#5499 = DIRECTION('',(1.,0.));
#5500 = ( GEOMETRIC_REPRESENTATION_CONTEXT(2) 
PARAMETRIC_REPRESENTATION_CONTEXT() REPRESENTATION_CONTEXT('2D SPACE',''
  ) );
#5501 = ORIENTED_EDGE('',*,*,#5502,.T.);
#5502 = EDGE_CURVE('',#5472,#4639,#5503,.T.);
#5503 = SURFACE_CURVE('',#5504,(#5508,#5515),.PCURVE_S1.);
#5504 = LINE('',#5505,#5506);
#5505 = CARTESIAN_POINT('',(-21.70000000196,49.95,1.3));
#5506 = VECTOR('',#5507,1.);
#5507 = DIRECTION('',(0.,0.,1.));
#5508 = PCURVE('',#4659,#5509);
#5509 = DEFINITIONAL_REPRESENTATION('',(#5510),#5514);
#5510 = LINE('',#5511,#5512);
#5511 = CARTESIAN_POINT('',(-1.570796326795,0.));
#5512 = VECTOR('',#5513,1.);
#5513 = DIRECTION('',(-0.,-1.));
#5514 = ( GEOMETRIC_REPRESENTATION_CONTEXT(2) 
PARAMETRIC_REPRESENTATION_CONTEXT() REPRESENTATION_CONTEXT('2D SPACE',''
  ) );
#5515 = PCURVE('',#4686,#5516);
#5516 = DEFINITIONAL_REPRESENTATION('',(#5517),#5521);
#5517 = LINE('',#5518,#5519);
#5518 = CARTESIAN_POINT('',(8.326672684689E-17,0.));
#5519 = VECTOR('',#5520,1.);
#5520 = DIRECTION('',(0.,-1.));
#5521 = ( GEOMETRIC_REPRESENTATION_CONTEXT(2) 
PARAMETRIC_REPRESENTATION_CONTEXT() REPRESENTATION_CONTEXT('2D SPACE',''
  ) );
#5522 = ORIENTED_EDGE('',*,*,#4638,.F.);
#5523 = ORIENTED_EDGE('',*,*,#5524,.F.);
#5524 = EDGE_CURVE('',#5474,#4611,#5525,.T.);
#5525 = SURFACE_CURVE('',#5526,(#5530,#5537),.PCURVE_S1.);
#5526 = LINE('',#5527,#5528);
#5527 = CARTESIAN_POINT('',(-25.7,45.95,1.3));
#5528 = VECTOR('',#5529,1.);
#5529 = DIRECTION('',(0.,0.,1.));
#5530 = PCURVE('',#4659,#5531);
#5531 = DEFINITIONAL_REPRESENTATION('',(#5532),#5536);
#5532 = LINE('',#5533,#5534);
#5533 = CARTESIAN_POINT('',(-3.14159265359,0.));
#5534 = VECTOR('',#5535,1.);
#5535 = DIRECTION('',(-0.,-1.));
#5536 = ( GEOMETRIC_REPRESENTATION_CONTEXT(2) 
PARAMETRIC_REPRESENTATION_CONTEXT() REPRESENTATION_CONTEXT('2D SPACE',''
  ) );
#5537 = PCURVE('',#4627,#5538);
#5538 = DEFINITIONAL_REPRESENTATION('',(#5539),#5543);
#5539 = LINE('',#5540,#5541);
#5540 = CARTESIAN_POINT('',(11.9,0.));
#5541 = VECTOR('',#5542,1.);
#5542 = DIRECTION('',(0.,-1.));
#5543 = ( GEOMETRIC_REPRESENTATION_CONTEXT(2) 
PARAMETRIC_REPRESENTATION_CONTEXT() REPRESENTATION_CONTEXT('2D SPACE',''
  ) );
#5544 = ADVANCED_FACE('',(#5545,#5710,#5741,#5979),#5490,.T.);
#5545 = FACE_BOUND('',#5546,.T.);
#5546 = EDGE_LOOP('',(#5547,#5570,#5594,#5617,#5641,#5664,#5688,#5709));
#5547 = ORIENTED_EDGE('',*,*,#5548,.F.);
#5548 = EDGE_CURVE('',#5549,#5474,#5551,.T.);
#5549 = VERTEX_POINT('',#5550);
#5550 = CARTESIAN_POINT('',(-25.7,34.05,1.3));
#5551 = SURFACE_CURVE('',#5552,(#5556,#5563),.PCURVE_S1.);
#5552 = LINE('',#5553,#5554);
#5553 = CARTESIAN_POINT('',(-25.69999999803,40.,1.3));
#5554 = VECTOR('',#5555,1.);
#5555 = DIRECTION('',(0.,1.,0.));
#5556 = PCURVE('',#5490,#5557);
#5557 = DEFINITIONAL_REPRESENTATION('',(#5558),#5562);
#5558 = LINE('',#5559,#5560);
#5559 = CARTESIAN_POINT('',(-4.19999998642,1.43698925698E-16));
#5560 = VECTOR('',#5561,1.);
#5561 = DIRECTION('',(0.,1.));
#5562 = ( GEOMETRIC_REPRESENTATION_CONTEXT(2) 
PARAMETRIC_REPRESENTATION_CONTEXT() REPRESENTATION_CONTEXT('2D SPACE',''
  ) );
#5563 = PCURVE('',#4627,#5564);
#5564 = DEFINITIONAL_REPRESENTATION('',(#5565),#5569);
#5565 = LINE('',#5566,#5567);
#5566 = CARTESIAN_POINT('',(5.95,0.));
#5567 = VECTOR('',#5568,1.);
#5568 = DIRECTION('',(1.,0.));
#5569 = ( GEOMETRIC_REPRESENTATION_CONTEXT(2) 
PARAMETRIC_REPRESENTATION_CONTEXT() REPRESENTATION_CONTEXT('2D SPACE',''
  ) );
#5570 = ORIENTED_EDGE('',*,*,#5571,.T.);
#5571 = EDGE_CURVE('',#5549,#5572,#5574,.T.);
#5572 = VERTEX_POINT('',#5573);
#5573 = CARTESIAN_POINT('',(-21.70000000196,30.05,1.3));
#5574 = SURFACE_CURVE('',#5575,(#5580,#5587),.PCURVE_S1.);
#5575 = CIRCLE('',#5576,4.);
#5576 = AXIS2_PLACEMENT_3D('',#5577,#5578,#5579);
#5577 = CARTESIAN_POINT('',(-21.70000000196,34.05,1.3));
#5578 = DIRECTION('',(0.,0.,1.));
#5579 = DIRECTION('',(1.,0.,0.));
#5580 = PCURVE('',#5490,#5581);
#5581 = DEFINITIONAL_REPRESENTATION('',(#5582),#5586);
#5582 = CIRCLE('',#5583,4.);
#5583 = AXIS2_PLACEMENT_2D('',#5584,#5585);
#5584 = CARTESIAN_POINT('',(-0.199999990357,-5.95));
#5585 = DIRECTION('',(1.,0.));
#5586 = ( GEOMETRIC_REPRESENTATION_CONTEXT(2) 
PARAMETRIC_REPRESENTATION_CONTEXT() REPRESENTATION_CONTEXT('2D SPACE',''
  ) );
#5587 = PCURVE('',#4834,#5588);
#5588 = DEFINITIONAL_REPRESENTATION('',(#5589),#5593);
#5589 = LINE('',#5590,#5591);
#5590 = CARTESIAN_POINT('',(-0.,0.));
#5591 = VECTOR('',#5592,1.);
#5592 = DIRECTION('',(-1.,0.));
#5593 = ( GEOMETRIC_REPRESENTATION_CONTEXT(2) 
PARAMETRIC_REPRESENTATION_CONTEXT() REPRESENTATION_CONTEXT('2D SPACE',''
  ) );
#5594 = ORIENTED_EDGE('',*,*,#5595,.T.);
#5595 = EDGE_CURVE('',#5572,#5596,#5598,.T.);
#5596 = VERTEX_POINT('',#5597);
#5597 = CARTESIAN_POINT('',(-21.30000004646,30.05,1.3));
#5598 = SURFACE_CURVE('',#5599,(#5603,#5610),.PCURVE_S1.);
#5599 = LINE('',#5600,#5601);
#5600 = CARTESIAN_POINT('',(-21.49999999803,30.05,1.3));
#5601 = VECTOR('',#5602,1.);
#5602 = DIRECTION('',(1.,0.,0.));
#5603 = PCURVE('',#5490,#5604);
#5604 = DEFINITIONAL_REPRESENTATION('',(#5605),#5609);
#5605 = LINE('',#5606,#5607);
#5606 = CARTESIAN_POINT('',(1.358043862146E-08,-9.95));
#5607 = VECTOR('',#5608,1.);
#5608 = DIRECTION('',(1.,0.));
#5609 = ( GEOMETRIC_REPRESENTATION_CONTEXT(2) 
PARAMETRIC_REPRESENTATION_CONTEXT() REPRESENTATION_CONTEXT('2D SPACE',''
  ) );
#5610 = PCURVE('',#4804,#5611);
#5611 = DEFINITIONAL_REPRESENTATION('',(#5612),#5616);
#5612 = LINE('',#5613,#5614);
#5613 = CARTESIAN_POINT('',(0.200000003937,0.));
#5614 = VECTOR('',#5615,1.);
#5615 = DIRECTION('',(1.,0.));
#5616 = ( GEOMETRIC_REPRESENTATION_CONTEXT(2) 
PARAMETRIC_REPRESENTATION_CONTEXT() REPRESENTATION_CONTEXT('2D SPACE',''
  ) );
#5617 = ORIENTED_EDGE('',*,*,#5618,.T.);
#5618 = EDGE_CURVE('',#5596,#5619,#5621,.T.);
#5619 = VERTEX_POINT('',#5620);
#5620 = CARTESIAN_POINT('',(-17.30000002224,34.05,1.3));
#5621 = SURFACE_CURVE('',#5622,(#5627,#5634),.PCURVE_S1.);
#5622 = CIRCLE('',#5623,4.);
#5623 = AXIS2_PLACEMENT_3D('',#5624,#5625,#5626);
#5624 = CARTESIAN_POINT('',(-21.30000004646,34.05,1.3));
#5625 = DIRECTION('',(0.,0.,1.));
#5626 = DIRECTION('',(1.,0.,0.));
#5627 = PCURVE('',#5490,#5628);
#5628 = DEFINITIONAL_REPRESENTATION('',(#5629),#5633);
#5629 = CIRCLE('',#5630,4.);
#5630 = AXIS2_PLACEMENT_2D('',#5631,#5632);
#5631 = CARTESIAN_POINT('',(0.199999965152,-5.95));
#5632 = DIRECTION('',(1.,0.));
#5633 = ( GEOMETRIC_REPRESENTATION_CONTEXT(2) 
PARAMETRIC_REPRESENTATION_CONTEXT() REPRESENTATION_CONTEXT('2D SPACE',''
  ) );
#5634 = PCURVE('',#4777,#5635);
#5635 = DEFINITIONAL_REPRESENTATION('',(#5636),#5640);
#5636 = LINE('',#5637,#5638);
#5637 = CARTESIAN_POINT('',(-0.,0.));
#5638 = VECTOR('',#5639,1.);
#5639 = DIRECTION('',(-1.,0.));
#5640 = ( GEOMETRIC_REPRESENTATION_CONTEXT(2) 
PARAMETRIC_REPRESENTATION_CONTEXT() REPRESENTATION_CONTEXT('2D SPACE',''
  ) );
#5641 = ORIENTED_EDGE('',*,*,#5642,.T.);
#5642 = EDGE_CURVE('',#5619,#5643,#5645,.T.);
#5643 = VERTEX_POINT('',#5644);
#5644 = CARTESIAN_POINT('',(-17.30000002224,45.95,1.3));
#5645 = SURFACE_CURVE('',#5646,(#5650,#5657),.PCURVE_S1.);
#5646 = LINE('',#5647,#5648);
#5647 = CARTESIAN_POINT('',(-17.29999999803,40.,1.3));
#5648 = VECTOR('',#5649,1.);
#5649 = DIRECTION('',(0.,1.,0.));
#5650 = PCURVE('',#5490,#5651);
#5651 = DEFINITIONAL_REPRESENTATION('',(#5652),#5656);
#5652 = LINE('',#5653,#5654);
#5653 = CARTESIAN_POINT('',(4.20000001358,1.43698925698E-16));
#5654 = VECTOR('',#5655,1.);
#5655 = DIRECTION('',(0.,1.));
#5656 = ( GEOMETRIC_REPRESENTATION_CONTEXT(2) 
PARAMETRIC_REPRESENTATION_CONTEXT() REPRESENTATION_CONTEXT('2D SPACE',''
  ) );
#5657 = PCURVE('',#4745,#5658);
#5658 = DEFINITIONAL_REPRESENTATION('',(#5659),#5663);
#5659 = LINE('',#5660,#5661);
#5660 = CARTESIAN_POINT('',(5.95,0.));
#5661 = VECTOR('',#5662,1.);
#5662 = DIRECTION('',(1.,0.));
#5663 = ( GEOMETRIC_REPRESENTATION_CONTEXT(2) 
PARAMETRIC_REPRESENTATION_CONTEXT() REPRESENTATION_CONTEXT('2D SPACE',''
  ) );
#5664 = ORIENTED_EDGE('',*,*,#5665,.T.);
#5665 = EDGE_CURVE('',#5643,#5666,#5668,.T.);
#5666 = VERTEX_POINT('',#5667);
#5667 = CARTESIAN_POINT('',(-21.30000004646,49.95,1.3));
#5668 = SURFACE_CURVE('',#5669,(#5674,#5681),.PCURVE_S1.);
#5669 = CIRCLE('',#5670,4.);
#5670 = AXIS2_PLACEMENT_3D('',#5671,#5672,#5673);
#5671 = CARTESIAN_POINT('',(-21.30000004646,45.95,1.3));
#5672 = DIRECTION('',(0.,0.,1.));
#5673 = DIRECTION('',(1.,0.,0.));
#5674 = PCURVE('',#5490,#5675);
#5675 = DEFINITIONAL_REPRESENTATION('',(#5676),#5680);
#5676 = CIRCLE('',#5677,4.);
#5677 = AXIS2_PLACEMENT_2D('',#5678,#5679);
#5678 = CARTESIAN_POINT('',(0.199999965152,5.95));
#5679 = DIRECTION('',(1.,0.));
#5680 = ( GEOMETRIC_REPRESENTATION_CONTEXT(2) 
PARAMETRIC_REPRESENTATION_CONTEXT() REPRESENTATION_CONTEXT('2D SPACE',''
  ) );
#5681 = PCURVE('',#4718,#5682);
#5682 = DEFINITIONAL_REPRESENTATION('',(#5683),#5687);
#5683 = LINE('',#5684,#5685);
#5684 = CARTESIAN_POINT('',(-0.,0.));
#5685 = VECTOR('',#5686,1.);
#5686 = DIRECTION('',(-1.,0.));
#5687 = ( GEOMETRIC_REPRESENTATION_CONTEXT(2) 
PARAMETRIC_REPRESENTATION_CONTEXT() REPRESENTATION_CONTEXT('2D SPACE',''
  ) );
#5688 = ORIENTED_EDGE('',*,*,#5689,.F.);
#5689 = EDGE_CURVE('',#5472,#5666,#5690,.T.);
#5690 = SURFACE_CURVE('',#5691,(#5695,#5702),.PCURVE_S1.);
#5691 = LINE('',#5692,#5693);
#5692 = CARTESIAN_POINT('',(-21.49999999803,49.95,1.3));
#5693 = VECTOR('',#5694,1.);
#5694 = DIRECTION('',(1.,0.,0.));
#5695 = PCURVE('',#5490,#5696);
#5696 = DEFINITIONAL_REPRESENTATION('',(#5697),#5701);
#5697 = LINE('',#5698,#5699);
#5698 = CARTESIAN_POINT('',(1.358043862146E-08,9.95));
#5699 = VECTOR('',#5700,1.);
#5700 = DIRECTION('',(1.,0.));
#5701 = ( GEOMETRIC_REPRESENTATION_CONTEXT(2) 
PARAMETRIC_REPRESENTATION_CONTEXT() REPRESENTATION_CONTEXT('2D SPACE',''
  ) );
#5702 = PCURVE('',#4686,#5703);
#5703 = DEFINITIONAL_REPRESENTATION('',(#5704),#5708);
#5704 = LINE('',#5705,#5706);
#5705 = CARTESIAN_POINT('',(0.200000003937,0.));
#5706 = VECTOR('',#5707,1.);
#5707 = DIRECTION('',(1.,0.));
#5708 = ( GEOMETRIC_REPRESENTATION_CONTEXT(2) 
PARAMETRIC_REPRESENTATION_CONTEXT() REPRESENTATION_CONTEXT('2D SPACE',''
  ) );
#5709 = ORIENTED_EDGE('',*,*,#5471,.T.);
#5710 = FACE_BOUND('',#5711,.T.);
#5711 = EDGE_LOOP('',(#5712));
#5712 = ORIENTED_EDGE('',*,*,#5713,.F.);
#5713 = EDGE_CURVE('',#5714,#5714,#5716,.T.);
#5714 = VERTEX_POINT('',#5715);
#5715 = CARTESIAN_POINT('',(-20.5,32.85,1.3));
#5716 = SURFACE_CURVE('',#5717,(#5722,#5729),.PCURVE_S1.);
#5717 = CIRCLE('',#5718,1.);
#5718 = AXIS2_PLACEMENT_3D('',#5719,#5720,#5721);
#5719 = CARTESIAN_POINT('',(-21.5,32.85,1.3));
#5720 = DIRECTION('',(0.,0.,1.));
#5721 = DIRECTION('',(1.,0.,-0.));
#5722 = PCURVE('',#5490,#5723);
#5723 = DEFINITIONAL_REPRESENTATION('',(#5724),#5728);
#5724 = CIRCLE('',#5725,1.);
#5725 = AXIS2_PLACEMENT_2D('',#5726,#5727);
#5726 = CARTESIAN_POINT('',(1.161179470691E-08,-7.15));
#5727 = DIRECTION('',(1.,0.));
#5728 = ( GEOMETRIC_REPRESENTATION_CONTEXT(2) 
PARAMETRIC_REPRESENTATION_CONTEXT() REPRESENTATION_CONTEXT('2D SPACE',''
  ) );
#5729 = PCURVE('',#5730,#5735);
#5730 = CYLINDRICAL_SURFACE('',#5731,1.);
#5731 = AXIS2_PLACEMENT_3D('',#5732,#5733,#5734);
#5732 = CARTESIAN_POINT('',(-21.5,32.85,1.3));
#5733 = DIRECTION('',(-0.,-0.,-1.));
#5734 = DIRECTION('',(1.,0.,-0.));
#5735 = DEFINITIONAL_REPRESENTATION('',(#5736),#5740);
#5736 = LINE('',#5737,#5738);
#5737 = CARTESIAN_POINT('',(-0.,0.));
#5738 = VECTOR('',#5739,1.);
#5739 = DIRECTION('',(-1.,0.));
#5740 = ( GEOMETRIC_REPRESENTATION_CONTEXT(2) 
PARAMETRIC_REPRESENTATION_CONTEXT() REPRESENTATION_CONTEXT('2D SPACE',''
  ) );
#5741 = FACE_BOUND('',#5742,.T.);
#5742 = EDGE_LOOP('',(#5743,#5771,#5804,#5830,#5863,#5889,#5922,#5948));
#5743 = ORIENTED_EDGE('',*,*,#5744,.F.);
#5744 = EDGE_CURVE('',#5745,#5747,#5749,.T.);
#5745 = VERTEX_POINT('',#5746);
#5746 = CARTESIAN_POINT('',(-23.35,41.45,1.3));
#5747 = VERTEX_POINT('',#5748);
#5748 = CARTESIAN_POINT('',(-23.35,38.55,1.3));
#5749 = SURFACE_CURVE('',#5750,(#5754,#5760),.PCURVE_S1.);
#5750 = LINE('',#5751,#5752);
#5751 = CARTESIAN_POINT('',(-23.34999999789,39.275,1.3));
#5752 = VECTOR('',#5753,1.);
#5753 = DIRECTION('',(0.,-1.,0.));
#5754 = PCURVE('',#5490,#5755);
#5755 = DEFINITIONAL_REPRESENTATION('',(#5756),#5759);
#5756 = B_SPLINE_CURVE_WITH_KNOTS('',1,(#5757,#5758),.UNSPECIFIED.,.F.,
  .F.,(2,2),(-2.175,0.725),.PIECEWISE_BEZIER_KNOTS.);
#5757 = CARTESIAN_POINT('',(-1.849999986286,1.45));
#5758 = CARTESIAN_POINT('',(-1.849999986286,-1.45));
#5759 = ( GEOMETRIC_REPRESENTATION_CONTEXT(2) 
PARAMETRIC_REPRESENTATION_CONTEXT() REPRESENTATION_CONTEXT('2D SPACE',''
  ) );
#5760 = PCURVE('',#5761,#5766);
#5761 = PLANE('',#5762);
#5762 = AXIS2_PLACEMENT_3D('',#5763,#5764,#5765);
#5763 = CARTESIAN_POINT('',(-23.34999999789,38.55,-5.E-02));
#5764 = DIRECTION('',(-1.,0.,0.));
#5765 = DIRECTION('',(0.,1.,0.));
#5766 = DEFINITIONAL_REPRESENTATION('',(#5767),#5770);
#5767 = B_SPLINE_CURVE_WITH_KNOTS('',1,(#5768,#5769),.UNSPECIFIED.,.F.,
  .F.,(2,2),(-2.175,0.725),.PIECEWISE_BEZIER_KNOTS.);
#5768 = CARTESIAN_POINT('',(2.9,-1.35));
#5769 = CARTESIAN_POINT('',(-2.22044604925E-16,-1.35));
#5770 = ( GEOMETRIC_REPRESENTATION_CONTEXT(2) 
PARAMETRIC_REPRESENTATION_CONTEXT() REPRESENTATION_CONTEXT('2D SPACE',''
  ) );
#5771 = ORIENTED_EDGE('',*,*,#5772,.T.);
#5772 = EDGE_CURVE('',#5745,#5773,#5775,.T.);
#5773 = VERTEX_POINT('',#5774);
#5774 = CARTESIAN_POINT('',(-21.7000000021,43.1,1.3));
#5775 = SURFACE_CURVE('',#5776,(#5781,#5792),.PCURVE_S1.);
#5776 = CIRCLE('',#5777,1.65);
#5777 = AXIS2_PLACEMENT_3D('',#5778,#5779,#5780);
#5778 = CARTESIAN_POINT('',(-21.7000000021,41.45,1.3));
#5779 = DIRECTION('',(0.,0.,-1.));
#5780 = DIRECTION('',(-1.,0.,0.));
#5781 = PCURVE('',#5490,#5782);
#5782 = DEFINITIONAL_REPRESENTATION('',(#5783),#5791);
#5783 = ( BOUNDED_CURVE() B_SPLINE_CURVE(2,(#5784,#5785,#5786,#5787,
#5788,#5789,#5790),.UNSPECIFIED.,.T.,.F.) B_SPLINE_CURVE_WITH_KNOTS((1,2
    ,2,2,2,1),(-2.094395102393,0.,2.094395102393,4.188790204786,
6.28318530718,8.377580409573),.UNSPECIFIED.) CURVE() 
GEOMETRIC_REPRESENTATION_ITEM() RATIONAL_B_SPLINE_CURVE((1.,0.5,1.,0.5,
1.,0.5,1.)) REPRESENTATION_ITEM('') );
#5784 = CARTESIAN_POINT('',(-1.849999990491,1.45));
#5785 = CARTESIAN_POINT('',(-1.849999990491,4.307883832489));
#5786 = CARTESIAN_POINT('',(0.625000009509,2.878941916244));
#5787 = CARTESIAN_POINT('',(3.100000009509,1.45));
#5788 = CARTESIAN_POINT('',(0.625000009509,2.105808375568E-02));
#5789 = CARTESIAN_POINT('',(-1.849999990491,-1.407883832489));
#5790 = CARTESIAN_POINT('',(-1.849999990491,1.45));
#5791 = ( GEOMETRIC_REPRESENTATION_CONTEXT(2) 
PARAMETRIC_REPRESENTATION_CONTEXT() REPRESENTATION_CONTEXT('2D SPACE',''
  ) );
#5792 = PCURVE('',#5793,#5798);
#5793 = CYLINDRICAL_SURFACE('',#5794,1.65);
#5794 = AXIS2_PLACEMENT_3D('',#5795,#5796,#5797);
#5795 = CARTESIAN_POINT('',(-21.7000000021,41.45,-5.E-02));
#5796 = DIRECTION('',(0.,0.,-1.));
#5797 = DIRECTION('',(-1.,0.,0.));
#5798 = DEFINITIONAL_REPRESENTATION('',(#5799),#5803);
#5799 = LINE('',#5800,#5801);
#5800 = CARTESIAN_POINT('',(0.,-1.35));
#5801 = VECTOR('',#5802,1.);
#5802 = DIRECTION('',(1.,0.));
#5803 = ( GEOMETRIC_REPRESENTATION_CONTEXT(2) 
PARAMETRIC_REPRESENTATION_CONTEXT() REPRESENTATION_CONTEXT('2D SPACE',''
  ) );
#5804 = ORIENTED_EDGE('',*,*,#5805,.F.);
#5805 = EDGE_CURVE('',#5806,#5773,#5808,.T.);
#5806 = VERTEX_POINT('',#5807);
#5807 = CARTESIAN_POINT('',(-21.30000002176,43.1,1.3));
#5808 = SURFACE_CURVE('',#5809,(#5813,#5819),.PCURVE_S1.);
#5809 = LINE('',#5810,#5811);
#5810 = CARTESIAN_POINT('',(-21.60000000685,43.1,1.3));
#5811 = VECTOR('',#5812,1.);
#5812 = DIRECTION('',(-1.,0.,0.));
#5813 = PCURVE('',#5490,#5814);
#5814 = DEFINITIONAL_REPRESENTATION('',(#5815),#5818);
#5815 = B_SPLINE_CURVE_WITH_KNOTS('',1,(#5816,#5817),.UNSPECIFIED.,.F.,
  .F.,(2,2),(-0.299999985088,9.999999524537E-02),
  .PIECEWISE_BEZIER_KNOTS.);
#5816 = CARTESIAN_POINT('',(0.199999989843,3.1));
#5817 = CARTESIAN_POINT('',(-0.199999990491,3.1));
#5818 = ( GEOMETRIC_REPRESENTATION_CONTEXT(2) 
PARAMETRIC_REPRESENTATION_CONTEXT() REPRESENTATION_CONTEXT('2D SPACE',''
  ) );
#5819 = PCURVE('',#5820,#5825);
#5820 = PLANE('',#5821);
#5821 = AXIS2_PLACEMENT_3D('',#5822,#5823,#5824);
#5822 = CARTESIAN_POINT('',(-21.7000000021,43.1,-5.E-02));
#5823 = DIRECTION('',(0.,1.,0.));
#5824 = DIRECTION('',(1.,0.,0.));
#5825 = DEFINITIONAL_REPRESENTATION('',(#5826),#5829);
#5826 = B_SPLINE_CURVE_WITH_KNOTS('',1,(#5827,#5828),.UNSPECIFIED.,.F.,
  .F.,(2,2),(-0.299999985088,9.999999524537E-02),
  .PIECEWISE_BEZIER_KNOTS.);
#5827 = CARTESIAN_POINT('',(0.399999980333,-1.35));
#5828 = CARTESIAN_POINT('',(-1.110223024625E-16,-1.35));
#5829 = ( GEOMETRIC_REPRESENTATION_CONTEXT(2) 
PARAMETRIC_REPRESENTATION_CONTEXT() REPRESENTATION_CONTEXT('2D SPACE',''
  ) );
#5830 = ORIENTED_EDGE('',*,*,#5831,.T.);
#5831 = EDGE_CURVE('',#5806,#5832,#5834,.T.);
#5832 = VERTEX_POINT('',#5833);
#5833 = CARTESIAN_POINT('',(-19.65000000983,41.45,1.3));
#5834 = SURFACE_CURVE('',#5835,(#5840,#5851),.PCURVE_S1.);
#5835 = CIRCLE('',#5836,1.65);
#5836 = AXIS2_PLACEMENT_3D('',#5837,#5838,#5839);
#5837 = CARTESIAN_POINT('',(-21.30000002176,41.45,1.3));
#5838 = DIRECTION('',(0.,0.,-1.));
#5839 = DIRECTION('',(-1.,0.,0.));
#5840 = PCURVE('',#5490,#5841);
#5841 = DEFINITIONAL_REPRESENTATION('',(#5842),#5850);
#5842 = ( BOUNDED_CURVE() B_SPLINE_CURVE(2,(#5843,#5844,#5845,#5846,
#5847,#5848,#5849),.UNSPECIFIED.,.T.,.F.) B_SPLINE_CURVE_WITH_KNOTS((1,2
    ,2,2,2,1),(-2.094395102393,0.,2.094395102393,4.188790204786,
6.28318530718,8.377580409573),.UNSPECIFIED.) CURVE() 
GEOMETRIC_REPRESENTATION_ITEM() RATIONAL_B_SPLINE_CURVE((1.,0.5,1.,0.5,
1.,0.5,1.)) REPRESENTATION_ITEM('') );
#5843 = CARTESIAN_POINT('',(-1.450000010157,1.45));
#5844 = CARTESIAN_POINT('',(-1.450000010157,4.307883832489));
#5845 = CARTESIAN_POINT('',(1.024999989843,2.878941916244));
#5846 = CARTESIAN_POINT('',(3.499999989843,1.45));
#5847 = CARTESIAN_POINT('',(1.024999989843,2.105808375568E-02));
#5848 = CARTESIAN_POINT('',(-1.450000010157,-1.407883832489));
#5849 = CARTESIAN_POINT('',(-1.450000010157,1.45));
#5850 = ( GEOMETRIC_REPRESENTATION_CONTEXT(2) 
PARAMETRIC_REPRESENTATION_CONTEXT() REPRESENTATION_CONTEXT('2D SPACE',''
  ) );
#5851 = PCURVE('',#5852,#5857);
#5852 = CYLINDRICAL_SURFACE('',#5853,1.65);
#5853 = AXIS2_PLACEMENT_3D('',#5854,#5855,#5856);
#5854 = CARTESIAN_POINT('',(-21.30000002176,41.45,-5.E-02));
#5855 = DIRECTION('',(0.,0.,-1.));
#5856 = DIRECTION('',(-1.,0.,0.));
#5857 = DEFINITIONAL_REPRESENTATION('',(#5858),#5862);
#5858 = LINE('',#5859,#5860);
#5859 = CARTESIAN_POINT('',(0.,-1.35));
#5860 = VECTOR('',#5861,1.);
#5861 = DIRECTION('',(1.,0.));
#5862 = ( GEOMETRIC_REPRESENTATION_CONTEXT(2) 
PARAMETRIC_REPRESENTATION_CONTEXT() REPRESENTATION_CONTEXT('2D SPACE',''
  ) );
#5863 = ORIENTED_EDGE('',*,*,#5864,.T.);
#5864 = EDGE_CURVE('',#5832,#5865,#5867,.T.);
#5865 = VERTEX_POINT('',#5866);
#5866 = CARTESIAN_POINT('',(-19.65000000983,38.55,1.3));
#5867 = SURFACE_CURVE('',#5868,(#5872,#5878),.PCURVE_S1.);
#5868 = LINE('',#5869,#5870);
#5869 = CARTESIAN_POINT('',(-19.64999999789,39.275,1.3));
#5870 = VECTOR('',#5871,1.);
#5871 = DIRECTION('',(0.,-1.,0.));
#5872 = PCURVE('',#5490,#5873);
#5873 = DEFINITIONAL_REPRESENTATION('',(#5874),#5877);
#5874 = B_SPLINE_CURVE_WITH_KNOTS('',1,(#5875,#5876),.UNSPECIFIED.,.F.,
  .F.,(2,2),(-2.175,0.725),.PIECEWISE_BEZIER_KNOTS.);
#5875 = CARTESIAN_POINT('',(1.850000013714,1.45));
#5876 = CARTESIAN_POINT('',(1.850000013714,-1.45));
#5877 = ( GEOMETRIC_REPRESENTATION_CONTEXT(2) 
PARAMETRIC_REPRESENTATION_CONTEXT() REPRESENTATION_CONTEXT('2D SPACE',''
  ) );
#5878 = PCURVE('',#5879,#5884);
#5879 = PLANE('',#5880);
#5880 = AXIS2_PLACEMENT_3D('',#5881,#5882,#5883);
#5881 = CARTESIAN_POINT('',(-19.64999999789,38.55,-5.E-02));
#5882 = DIRECTION('',(-1.,0.,0.));
#5883 = DIRECTION('',(0.,1.,0.));
#5884 = DEFINITIONAL_REPRESENTATION('',(#5885),#5888);
#5885 = B_SPLINE_CURVE_WITH_KNOTS('',1,(#5886,#5887),.UNSPECIFIED.,.F.,
  .F.,(2,2),(-2.175,0.725),.PIECEWISE_BEZIER_KNOTS.);
#5886 = CARTESIAN_POINT('',(2.9,-1.35));
#5887 = CARTESIAN_POINT('',(0.,-1.35));
#5888 = ( GEOMETRIC_REPRESENTATION_CONTEXT(2) 
PARAMETRIC_REPRESENTATION_CONTEXT() REPRESENTATION_CONTEXT('2D SPACE',''
  ) );
#5889 = ORIENTED_EDGE('',*,*,#5890,.T.);
#5890 = EDGE_CURVE('',#5865,#5891,#5893,.T.);
#5891 = VERTEX_POINT('',#5892);
#5892 = CARTESIAN_POINT('',(-21.30000002176,36.9,1.3));
#5893 = SURFACE_CURVE('',#5894,(#5899,#5910),.PCURVE_S1.);
#5894 = CIRCLE('',#5895,1.65);
#5895 = AXIS2_PLACEMENT_3D('',#5896,#5897,#5898);
#5896 = CARTESIAN_POINT('',(-21.30000002176,38.55,1.3));
#5897 = DIRECTION('',(0.,0.,-1.));
#5898 = DIRECTION('',(-1.,0.,0.));
#5899 = PCURVE('',#5490,#5900);
#5900 = DEFINITIONAL_REPRESENTATION('',(#5901),#5909);
#5901 = ( BOUNDED_CURVE() B_SPLINE_CURVE(2,(#5902,#5903,#5904,#5905,
#5906,#5907,#5908),.UNSPECIFIED.,.T.,.F.) B_SPLINE_CURVE_WITH_KNOTS((1,2
    ,2,2,2,1),(-2.094395102393,0.,2.094395102393,4.188790204786,
6.28318530718,8.377580409573),.UNSPECIFIED.) CURVE() 
GEOMETRIC_REPRESENTATION_ITEM() RATIONAL_B_SPLINE_CURVE((1.,0.5,1.,0.5,
1.,0.5,1.)) REPRESENTATION_ITEM('') );
#5902 = CARTESIAN_POINT('',(-1.450000010157,-1.45));
#5903 = CARTESIAN_POINT('',(-1.450000010157,1.407883832489));
#5904 = CARTESIAN_POINT('',(1.024999989843,-2.105808375568E-02));
#5905 = CARTESIAN_POINT('',(3.499999989843,-1.45));
#5906 = CARTESIAN_POINT('',(1.024999989843,-2.878941916244));
#5907 = CARTESIAN_POINT('',(-1.450000010157,-4.307883832489));
#5908 = CARTESIAN_POINT('',(-1.450000010157,-1.45));
#5909 = ( GEOMETRIC_REPRESENTATION_CONTEXT(2) 
PARAMETRIC_REPRESENTATION_CONTEXT() REPRESENTATION_CONTEXT('2D SPACE',''
  ) );
#5910 = PCURVE('',#5911,#5916);
#5911 = CYLINDRICAL_SURFACE('',#5912,1.65);
#5912 = AXIS2_PLACEMENT_3D('',#5913,#5914,#5915);
#5913 = CARTESIAN_POINT('',(-21.30000002176,38.55,-5.E-02));
#5914 = DIRECTION('',(0.,0.,-1.));
#5915 = DIRECTION('',(-1.,0.,0.));
#5916 = DEFINITIONAL_REPRESENTATION('',(#5917),#5921);
#5917 = LINE('',#5918,#5919);
#5918 = CARTESIAN_POINT('',(0.,-1.35));
#5919 = VECTOR('',#5920,1.);
#5920 = DIRECTION('',(1.,0.));
#5921 = ( GEOMETRIC_REPRESENTATION_CONTEXT(2) 
PARAMETRIC_REPRESENTATION_CONTEXT() REPRESENTATION_CONTEXT('2D SPACE',''
  ) );
#5922 = ORIENTED_EDGE('',*,*,#5923,.T.);
#5923 = EDGE_CURVE('',#5891,#5924,#5926,.T.);
#5924 = VERTEX_POINT('',#5925);
#5925 = CARTESIAN_POINT('',(-21.7000000021,36.9,1.3));
#5926 = SURFACE_CURVE('',#5927,(#5931,#5937),.PCURVE_S1.);
#5927 = LINE('',#5928,#5929);
#5928 = CARTESIAN_POINT('',(-21.60000000685,36.9,1.3));
#5929 = VECTOR('',#5930,1.);
#5930 = DIRECTION('',(-1.,0.,0.));
#5931 = PCURVE('',#5490,#5932);
#5932 = DEFINITIONAL_REPRESENTATION('',(#5933),#5936);
#5933 = B_SPLINE_CURVE_WITH_KNOTS('',1,(#5934,#5935),.UNSPECIFIED.,.F.,
  .F.,(2,2),(-0.299999985088,9.999999524537E-02),
  .PIECEWISE_BEZIER_KNOTS.);
#5934 = CARTESIAN_POINT('',(0.199999989843,-3.1));
#5935 = CARTESIAN_POINT('',(-0.199999990491,-3.1));
#5936 = ( GEOMETRIC_REPRESENTATION_CONTEXT(2) 
PARAMETRIC_REPRESENTATION_CONTEXT() REPRESENTATION_CONTEXT('2D SPACE',''
  ) );
#5937 = PCURVE('',#5938,#5943);
#5938 = PLANE('',#5939);
#5939 = AXIS2_PLACEMENT_3D('',#5940,#5941,#5942);
#5940 = CARTESIAN_POINT('',(-21.7000000021,36.9,-5.E-02));
#5941 = DIRECTION('',(0.,1.,0.));
#5942 = DIRECTION('',(1.,0.,0.));
#5943 = DEFINITIONAL_REPRESENTATION('',(#5944),#5947);
#5944 = B_SPLINE_CURVE_WITH_KNOTS('',1,(#5945,#5946),.UNSPECIFIED.,.F.,
  .F.,(2,2),(-0.299999985088,9.999999524537E-02),
  .PIECEWISE_BEZIER_KNOTS.);
#5945 = CARTESIAN_POINT('',(0.399999980333,-1.35));
#5946 = CARTESIAN_POINT('',(0.,-1.35));
#5947 = ( GEOMETRIC_REPRESENTATION_CONTEXT(2) 
PARAMETRIC_REPRESENTATION_CONTEXT() REPRESENTATION_CONTEXT('2D SPACE',''
  ) );
#5948 = ORIENTED_EDGE('',*,*,#5949,.T.);
#5949 = EDGE_CURVE('',#5924,#5747,#5950,.T.);
#5950 = SURFACE_CURVE('',#5951,(#5956,#5967),.PCURVE_S1.);
#5951 = CIRCLE('',#5952,1.65);
#5952 = AXIS2_PLACEMENT_3D('',#5953,#5954,#5955);
#5953 = CARTESIAN_POINT('',(-21.7000000021,38.55,1.3));
#5954 = DIRECTION('',(0.,0.,-1.));
#5955 = DIRECTION('',(-1.,0.,0.));
#5956 = PCURVE('',#5490,#5957);
#5957 = DEFINITIONAL_REPRESENTATION('',(#5958),#5966);
#5958 = ( BOUNDED_CURVE() B_SPLINE_CURVE(2,(#5959,#5960,#5961,#5962,
#5963,#5964,#5965),.UNSPECIFIED.,.T.,.F.) B_SPLINE_CURVE_WITH_KNOTS((1,2
    ,2,2,2,1),(-2.094395102393,0.,2.094395102393,4.188790204786,
6.28318530718,8.377580409573),.UNSPECIFIED.) CURVE() 
GEOMETRIC_REPRESENTATION_ITEM() RATIONAL_B_SPLINE_CURVE((1.,0.5,1.,0.5,
1.,0.5,1.)) REPRESENTATION_ITEM('') );
#5959 = CARTESIAN_POINT('',(-1.849999990491,-1.45));
#5960 = CARTESIAN_POINT('',(-1.849999990491,1.407883832489));
#5961 = CARTESIAN_POINT('',(0.625000009509,-2.105808375568E-02));
#5962 = CARTESIAN_POINT('',(3.100000009509,-1.45));
#5963 = CARTESIAN_POINT('',(0.625000009509,-2.878941916244));
#5964 = CARTESIAN_POINT('',(-1.849999990491,-4.307883832489));
#5965 = CARTESIAN_POINT('',(-1.849999990491,-1.45));
#5966 = ( GEOMETRIC_REPRESENTATION_CONTEXT(2) 
PARAMETRIC_REPRESENTATION_CONTEXT() REPRESENTATION_CONTEXT('2D SPACE',''
  ) );
#5967 = PCURVE('',#5968,#5973);
#5968 = CYLINDRICAL_SURFACE('',#5969,1.65);
#5969 = AXIS2_PLACEMENT_3D('',#5970,#5971,#5972);
#5970 = CARTESIAN_POINT('',(-21.7000000021,38.55,-5.E-02));
#5971 = DIRECTION('',(0.,0.,-1.));
#5972 = DIRECTION('',(-1.,0.,0.));
#5973 = DEFINITIONAL_REPRESENTATION('',(#5974),#5978);
#5974 = LINE('',#5975,#5976);
#5975 = CARTESIAN_POINT('',(0.,-1.35));
#5976 = VECTOR('',#5977,1.);
#5977 = DIRECTION('',(1.,0.));
#5978 = ( GEOMETRIC_REPRESENTATION_CONTEXT(2) 
PARAMETRIC_REPRESENTATION_CONTEXT() REPRESENTATION_CONTEXT('2D SPACE',''
  ) );
#5979 = FACE_BOUND('',#5980,.T.);
#5980 = EDGE_LOOP('',(#5981));
#5981 = ORIENTED_EDGE('',*,*,#5982,.F.);
#5982 = EDGE_CURVE('',#5983,#5983,#5985,.T.);
#5983 = VERTEX_POINT('',#5984);
#5984 = CARTESIAN_POINT('',(-20.5,47.15,1.3));
#5985 = SURFACE_CURVE('',#5986,(#5991,#5998),.PCURVE_S1.);
#5986 = CIRCLE('',#5987,1.);
#5987 = AXIS2_PLACEMENT_3D('',#5988,#5989,#5990);
#5988 = CARTESIAN_POINT('',(-21.5,47.15,1.3));
#5989 = DIRECTION('',(0.,0.,1.));
#5990 = DIRECTION('',(1.,0.,-0.));
#5991 = PCURVE('',#5490,#5992);
#5992 = DEFINITIONAL_REPRESENTATION('',(#5993),#5997);
#5993 = CIRCLE('',#5994,1.);
#5994 = AXIS2_PLACEMENT_2D('',#5995,#5996);
#5995 = CARTESIAN_POINT('',(1.161179470691E-08,7.15));
#5996 = DIRECTION('',(1.,0.));
#5997 = ( GEOMETRIC_REPRESENTATION_CONTEXT(2) 
PARAMETRIC_REPRESENTATION_CONTEXT() REPRESENTATION_CONTEXT('2D SPACE',''
  ) );
#5998 = PCURVE('',#5999,#6004);
#5999 = CYLINDRICAL_SURFACE('',#6000,1.);
#6000 = AXIS2_PLACEMENT_3D('',#6001,#6002,#6003);
#6001 = CARTESIAN_POINT('',(-21.5,47.15,1.3));
#6002 = DIRECTION('',(-0.,-0.,-1.));
#6003 = DIRECTION('',(1.,0.,-0.));
#6004 = DEFINITIONAL_REPRESENTATION('',(#6005),#6009);
#6005 = LINE('',#6006,#6007);
#6006 = CARTESIAN_POINT('',(-0.,0.));
#6007 = VECTOR('',#6008,1.);
#6008 = DIRECTION('',(-1.,0.));
#6009 = ( GEOMETRIC_REPRESENTATION_CONTEXT(2) 
PARAMETRIC_REPRESENTATION_CONTEXT() REPRESENTATION_CONTEXT('2D SPACE',''
  ) );
#6010 = ADVANCED_FACE('',(#6011),#5999,.T.);
#6011 = FACE_BOUND('',#6012,.F.);
#6012 = EDGE_LOOP('',(#6013,#6036,#6063,#6064));
#6013 = ORIENTED_EDGE('',*,*,#6014,.T.);
#6014 = EDGE_CURVE('',#5983,#6015,#6017,.T.);
#6015 = VERTEX_POINT('',#6016);
#6016 = CARTESIAN_POINT('',(-20.5,47.15,3.3));
#6017 = SEAM_CURVE('',#6018,(#6022,#6029),.PCURVE_S1.);
#6018 = LINE('',#6019,#6020);
#6019 = CARTESIAN_POINT('',(-20.5,47.15,1.3));
#6020 = VECTOR('',#6021,1.);
#6021 = DIRECTION('',(0.,0.,1.));
#6022 = PCURVE('',#5999,#6023);
#6023 = DEFINITIONAL_REPRESENTATION('',(#6024),#6028);
#6024 = LINE('',#6025,#6026);
#6025 = CARTESIAN_POINT('',(-0.,0.));
#6026 = VECTOR('',#6027,1.);
#6027 = DIRECTION('',(-0.,-1.));
#6028 = ( GEOMETRIC_REPRESENTATION_CONTEXT(2) 
PARAMETRIC_REPRESENTATION_CONTEXT() REPRESENTATION_CONTEXT('2D SPACE',''
  ) );
#6029 = PCURVE('',#5999,#6030);
#6030 = DEFINITIONAL_REPRESENTATION('',(#6031),#6035);
#6031 = LINE('',#6032,#6033);
#6032 = CARTESIAN_POINT('',(-6.28318530718,0.));
#6033 = VECTOR('',#6034,1.);
#6034 = DIRECTION('',(-0.,-1.));
#6035 = ( GEOMETRIC_REPRESENTATION_CONTEXT(2) 
PARAMETRIC_REPRESENTATION_CONTEXT() REPRESENTATION_CONTEXT('2D SPACE',''
  ) );
#6036 = ORIENTED_EDGE('',*,*,#6037,.T.);
#6037 = EDGE_CURVE('',#6015,#6015,#6038,.T.);
#6038 = SURFACE_CURVE('',#6039,(#6044,#6051),.PCURVE_S1.);
#6039 = CIRCLE('',#6040,1.);
#6040 = AXIS2_PLACEMENT_3D('',#6041,#6042,#6043);
#6041 = CARTESIAN_POINT('',(-21.5,47.15,3.3));
#6042 = DIRECTION('',(0.,0.,1.));
#6043 = DIRECTION('',(1.,0.,-0.));
#6044 = PCURVE('',#5999,#6045);
#6045 = DEFINITIONAL_REPRESENTATION('',(#6046),#6050);
#6046 = LINE('',#6047,#6048);
#6047 = CARTESIAN_POINT('',(-0.,-2.));
#6048 = VECTOR('',#6049,1.);
#6049 = DIRECTION('',(-1.,0.));
#6050 = ( GEOMETRIC_REPRESENTATION_CONTEXT(2) 
PARAMETRIC_REPRESENTATION_CONTEXT() REPRESENTATION_CONTEXT('2D SPACE',''
  ) );
#6051 = PCURVE('',#6052,#6057);
#6052 = PLANE('',#6053);
#6053 = AXIS2_PLACEMENT_3D('',#6054,#6055,#6056);
#6054 = CARTESIAN_POINT('',(-21.5,47.15,3.3));
#6055 = DIRECTION('',(0.,0.,1.));
#6056 = DIRECTION('',(1.,0.,-0.));
#6057 = DEFINITIONAL_REPRESENTATION('',(#6058),#6062);
#6058 = CIRCLE('',#6059,1.);
#6059 = AXIS2_PLACEMENT_2D('',#6060,#6061);
#6060 = CARTESIAN_POINT('',(6.409875621279E-17,-8.737595245399E-17));
#6061 = DIRECTION('',(1.,0.));
#6062 = ( GEOMETRIC_REPRESENTATION_CONTEXT(2) 
PARAMETRIC_REPRESENTATION_CONTEXT() REPRESENTATION_CONTEXT('2D SPACE',''
  ) );
#6063 = ORIENTED_EDGE('',*,*,#6014,.F.);
#6064 = ORIENTED_EDGE('',*,*,#5982,.F.);
#6065 = ADVANCED_FACE('',(#6066),#6052,.T.);
#6066 = FACE_BOUND('',#6067,.T.);
#6067 = EDGE_LOOP('',(#6068));
#6068 = ORIENTED_EDGE('',*,*,#6037,.T.);
#6069 = ADVANCED_FACE('',(#6070),#5879,.T.);
#6070 = FACE_BOUND('',#6071,.T.);
#6071 = EDGE_LOOP('',(#6072,#6095,#6121,#6142));
#6072 = ORIENTED_EDGE('',*,*,#6073,.F.);
#6073 = EDGE_CURVE('',#6074,#5832,#6076,.T.);
#6074 = VERTEX_POINT('',#6075);
#6075 = CARTESIAN_POINT('',(-19.65000000983,41.45,0.6));
#6076 = SURFACE_CURVE('',#6077,(#6081,#6088),.PCURVE_S1.);
#6077 = LINE('',#6078,#6079);
#6078 = CARTESIAN_POINT('',(-19.65000000983,41.45,-5.E-02));
#6079 = VECTOR('',#6080,1.);
#6080 = DIRECTION('',(0.,0.,1.));
#6081 = PCURVE('',#5879,#6082);
#6082 = DEFINITIONAL_REPRESENTATION('',(#6083),#6087);
#6083 = LINE('',#6084,#6085);
#6084 = CARTESIAN_POINT('',(2.9,0.));
#6085 = VECTOR('',#6086,1.);
#6086 = DIRECTION('',(0.,-1.));
#6087 = ( GEOMETRIC_REPRESENTATION_CONTEXT(2) 
PARAMETRIC_REPRESENTATION_CONTEXT() REPRESENTATION_CONTEXT('2D SPACE',''
  ) );
#6088 = PCURVE('',#5852,#6089);
#6089 = DEFINITIONAL_REPRESENTATION('',(#6090),#6094);
#6090 = LINE('',#6091,#6092);
#6091 = CARTESIAN_POINT('',(3.14159265359,0.));
#6092 = VECTOR('',#6093,1.);
#6093 = DIRECTION('',(0.,-1.));
#6094 = ( GEOMETRIC_REPRESENTATION_CONTEXT(2) 
PARAMETRIC_REPRESENTATION_CONTEXT() REPRESENTATION_CONTEXT('2D SPACE',''
  ) );
#6095 = ORIENTED_EDGE('',*,*,#6096,.F.);
#6096 = EDGE_CURVE('',#6097,#6074,#6099,.T.);
#6097 = VERTEX_POINT('',#6098);
#6098 = CARTESIAN_POINT('',(-19.65000000983,38.55,0.6));
#6099 = SURFACE_CURVE('',#6100,(#6104,#6110),.PCURVE_S1.);
#6100 = LINE('',#6101,#6102);
#6101 = CARTESIAN_POINT('',(-19.64999999789,39.275,0.6));
#6102 = VECTOR('',#6103,1.);
#6103 = DIRECTION('',(0.,1.,-0.));
#6104 = PCURVE('',#5879,#6105);
#6105 = DEFINITIONAL_REPRESENTATION('',(#6106),#6109);
#6106 = B_SPLINE_CURVE_WITH_KNOTS('',1,(#6107,#6108),.UNSPECIFIED.,.F.,
  .F.,(2,2),(-0.725,2.175),.PIECEWISE_BEZIER_KNOTS.);
#6107 = CARTESIAN_POINT('',(0.,-0.65));
#6108 = CARTESIAN_POINT('',(2.9,-0.65));
#6109 = ( GEOMETRIC_REPRESENTATION_CONTEXT(2) 
PARAMETRIC_REPRESENTATION_CONTEXT() REPRESENTATION_CONTEXT('2D SPACE',''
  ) );
#6110 = PCURVE('',#6111,#6116);
#6111 = PLANE('',#6112);
#6112 = AXIS2_PLACEMENT_3D('',#6113,#6114,#6115);
#6113 = CARTESIAN_POINT('',(-21.50000000433,40.,0.6));
#6114 = DIRECTION('',(0.,0.,1.));
#6115 = DIRECTION('',(1.,0.,-0.));
#6116 = DEFINITIONAL_REPRESENTATION('',(#6117),#6120);
#6117 = B_SPLINE_CURVE_WITH_KNOTS('',1,(#6118,#6119),.UNSPECIFIED.,.F.,
  .F.,(2,2),(-0.725,2.175),.PIECEWISE_BEZIER_KNOTS.);
#6118 = CARTESIAN_POINT('',(1.850000006437,-1.45));
#6119 = CARTESIAN_POINT('',(1.850000006437,1.45));
#6120 = ( GEOMETRIC_REPRESENTATION_CONTEXT(2) 
PARAMETRIC_REPRESENTATION_CONTEXT() REPRESENTATION_CONTEXT('2D SPACE',''
  ) );
#6121 = ORIENTED_EDGE('',*,*,#6122,.T.);
#6122 = EDGE_CURVE('',#6097,#5865,#6123,.T.);
#6123 = SURFACE_CURVE('',#6124,(#6128,#6135),.PCURVE_S1.);
#6124 = LINE('',#6125,#6126);
#6125 = CARTESIAN_POINT('',(-19.65000000983,38.55,-5.E-02));
#6126 = VECTOR('',#6127,1.);
#6127 = DIRECTION('',(0.,0.,1.));
#6128 = PCURVE('',#5879,#6129);
#6129 = DEFINITIONAL_REPRESENTATION('',(#6130),#6134);
#6130 = LINE('',#6131,#6132);
#6131 = CARTESIAN_POINT('',(2.22044604925E-16,0.));
#6132 = VECTOR('',#6133,1.);
#6133 = DIRECTION('',(0.,-1.));
#6134 = ( GEOMETRIC_REPRESENTATION_CONTEXT(2) 
PARAMETRIC_REPRESENTATION_CONTEXT() REPRESENTATION_CONTEXT('2D SPACE',''
  ) );
#6135 = PCURVE('',#5911,#6136);
#6136 = DEFINITIONAL_REPRESENTATION('',(#6137),#6141);
#6137 = LINE('',#6138,#6139);
#6138 = CARTESIAN_POINT('',(3.14159265359,0.));
#6139 = VECTOR('',#6140,1.);
#6140 = DIRECTION('',(0.,-1.));
#6141 = ( GEOMETRIC_REPRESENTATION_CONTEXT(2) 
PARAMETRIC_REPRESENTATION_CONTEXT() REPRESENTATION_CONTEXT('2D SPACE',''
  ) );
#6142 = ORIENTED_EDGE('',*,*,#5864,.F.);
#6143 = ADVANCED_FACE('',(#6144,#6390),#6111,.F.);
#6144 = FACE_BOUND('',#6145,.F.);
#6145 = EDGE_LOOP('',(#6146,#6176,#6209,#6237,#6270,#6298,#6331,#6359));
#6146 = ORIENTED_EDGE('',*,*,#6147,.F.);
#6147 = EDGE_CURVE('',#6148,#6150,#6152,.T.);
#6148 = VERTEX_POINT('',#6149);
#6149 = CARTESIAN_POINT('',(-24.35,37.9,0.6));
#6150 = VERTEX_POINT('',#6151);
#6151 = CARTESIAN_POINT('',(-24.35,42.1,0.6));
#6152 = SURFACE_CURVE('',#6153,(#6157,#6164),.PCURVE_S1.);
#6153 = LINE('',#6154,#6155);
#6154 = CARTESIAN_POINT('',(-24.34999998863,40.,0.6));
#6155 = VECTOR('',#6156,1.);
#6156 = DIRECTION('',(0.,1.,0.));
#6157 = PCURVE('',#6111,#6158);
#6158 = DEFINITIONAL_REPRESENTATION('',(#6159),#6163);
#6159 = LINE('',#6160,#6161);
#6160 = CARTESIAN_POINT('',(-2.849999984302,5.49993952424E-17));
#6161 = VECTOR('',#6162,1.);
#6162 = DIRECTION('',(0.,1.));
#6163 = ( GEOMETRIC_REPRESENTATION_CONTEXT(2) 
PARAMETRIC_REPRESENTATION_CONTEXT() REPRESENTATION_CONTEXT('2D SPACE',''
  ) );
#6164 = PCURVE('',#6165,#6170);
#6165 = PLANE('',#6166);
#6166 = AXIS2_PLACEMENT_3D('',#6167,#6168,#6169);
#6167 = CARTESIAN_POINT('',(-24.34999998863,37.9,-5.E-02));
#6168 = DIRECTION('',(-1.,0.,0.));
#6169 = DIRECTION('',(0.,1.,0.));
#6170 = DEFINITIONAL_REPRESENTATION('',(#6171),#6175);
#6171 = LINE('',#6172,#6173);
#6172 = CARTESIAN_POINT('',(2.1,-0.65));
#6173 = VECTOR('',#6174,1.);
#6174 = DIRECTION('',(1.,0.));
#6175 = ( GEOMETRIC_REPRESENTATION_CONTEXT(2) 
PARAMETRIC_REPRESENTATION_CONTEXT() REPRESENTATION_CONTEXT('2D SPACE',''
  ) );
#6176 = ORIENTED_EDGE('',*,*,#6177,.F.);
#6177 = EDGE_CURVE('',#6178,#6148,#6180,.T.);
#6178 = VERTEX_POINT('',#6179);
#6179 = CARTESIAN_POINT('',(-22.35000001136,35.9,0.6));
#6180 = SURFACE_CURVE('',#6181,(#6186,#6197),.PCURVE_S1.);
#6181 = CIRCLE('',#6182,2.);
#6182 = AXIS2_PLACEMENT_3D('',#6183,#6184,#6185);
#6183 = CARTESIAN_POINT('',(-22.35000001136,37.9,0.6));
#6184 = DIRECTION('',(0.,0.,-1.));
#6185 = DIRECTION('',(-1.,0.,0.));
#6186 = PCURVE('',#6111,#6187);
#6187 = DEFINITIONAL_REPRESENTATION('',(#6188),#6196);
#6188 = ( BOUNDED_CURVE() B_SPLINE_CURVE(2,(#6189,#6190,#6191,#6192,
#6193,#6194,#6195),.UNSPECIFIED.,.T.,.F.) B_SPLINE_CURVE_WITH_KNOTS((1,2
    ,2,2,2,1),(-2.094395102393,0.,2.094395102393,4.188790204786,
6.28318530718,8.377580409573),.UNSPECIFIED.) CURVE() 
GEOMETRIC_REPRESENTATION_ITEM() RATIONAL_B_SPLINE_CURVE((1.,0.5,1.,0.5,
1.,0.5,1.)) REPRESENTATION_ITEM('') );
#6189 = CARTESIAN_POINT('',(-2.850000007028,-2.1));
#6190 = CARTESIAN_POINT('',(-2.850000007028,1.364101615138));
#6191 = CARTESIAN_POINT('',(0.149999992972,-0.367949192431));
#6192 = CARTESIAN_POINT('',(3.149999992972,-2.1));
#6193 = CARTESIAN_POINT('',(0.149999992972,-3.832050807569));
#6194 = CARTESIAN_POINT('',(-2.850000007028,-5.564101615138));
#6195 = CARTESIAN_POINT('',(-2.850000007028,-2.1));
#6196 = ( GEOMETRIC_REPRESENTATION_CONTEXT(2) 
PARAMETRIC_REPRESENTATION_CONTEXT() REPRESENTATION_CONTEXT('2D SPACE',''
  ) );
#6197 = PCURVE('',#6198,#6203);
#6198 = CYLINDRICAL_SURFACE('',#6199,2.);
#6199 = AXIS2_PLACEMENT_3D('',#6200,#6201,#6202);
#6200 = CARTESIAN_POINT('',(-22.35000001136,37.9,-5.E-02));
#6201 = DIRECTION('',(0.,0.,-1.));
#6202 = DIRECTION('',(-1.,0.,0.));
#6203 = DEFINITIONAL_REPRESENTATION('',(#6204),#6208);
#6204 = LINE('',#6205,#6206);
#6205 = CARTESIAN_POINT('',(0.,-0.65));
#6206 = VECTOR('',#6207,1.);
#6207 = DIRECTION('',(1.,0.));
#6208 = ( GEOMETRIC_REPRESENTATION_CONTEXT(2) 
PARAMETRIC_REPRESENTATION_CONTEXT() REPRESENTATION_CONTEXT('2D SPACE',''
  ) );
#6209 = ORIENTED_EDGE('',*,*,#6210,.T.);
#6210 = EDGE_CURVE('',#6178,#6211,#6213,.T.);
#6211 = VERTEX_POINT('',#6212);
#6212 = CARTESIAN_POINT('',(-20.65000001397,35.9,0.6));
#6213 = SURFACE_CURVE('',#6214,(#6218,#6225),.PCURVE_S1.);
#6214 = LINE('',#6215,#6216);
#6215 = CARTESIAN_POINT('',(-21.49999998863,35.9,0.6));
#6216 = VECTOR('',#6217,1.);
#6217 = DIRECTION('',(1.,0.,0.));
#6218 = PCURVE('',#6111,#6219);
#6219 = DEFINITIONAL_REPRESENTATION('',(#6220),#6224);
#6220 = LINE('',#6221,#6222);
#6221 = CARTESIAN_POINT('',(1.569803416225E-08,-4.1));
#6222 = VECTOR('',#6223,1.);
#6223 = DIRECTION('',(1.,0.));
#6224 = ( GEOMETRIC_REPRESENTATION_CONTEXT(2) 
PARAMETRIC_REPRESENTATION_CONTEXT() REPRESENTATION_CONTEXT('2D SPACE',''
  ) );
#6225 = PCURVE('',#6226,#6231);
#6226 = PLANE('',#6227);
#6227 = AXIS2_PLACEMENT_3D('',#6228,#6229,#6230);
#6228 = CARTESIAN_POINT('',(-22.35000001136,35.9,-5.E-02));
#6229 = DIRECTION('',(0.,1.,0.));
#6230 = DIRECTION('',(1.,0.,0.));
#6231 = DEFINITIONAL_REPRESENTATION('',(#6232),#6236);
#6232 = LINE('',#6233,#6234);
#6233 = CARTESIAN_POINT('',(0.850000022726,-0.65));
#6234 = VECTOR('',#6235,1.);
#6235 = DIRECTION('',(1.,0.));
#6236 = ( GEOMETRIC_REPRESENTATION_CONTEXT(2) 
PARAMETRIC_REPRESENTATION_CONTEXT() REPRESENTATION_CONTEXT('2D SPACE',''
  ) );
#6237 = ORIENTED_EDGE('',*,*,#6238,.F.);
#6238 = EDGE_CURVE('',#6239,#6211,#6241,.T.);
#6239 = VERTEX_POINT('',#6240);
#6240 = CARTESIAN_POINT('',(-18.6500000013,37.9,0.6));
#6241 = SURFACE_CURVE('',#6242,(#6247,#6258),.PCURVE_S1.);
#6242 = CIRCLE('',#6243,2.);
#6243 = AXIS2_PLACEMENT_3D('',#6244,#6245,#6246);
#6244 = CARTESIAN_POINT('',(-20.65000001397,37.9,0.6));
#6245 = DIRECTION('',(0.,0.,-1.));
#6246 = DIRECTION('',(-1.,0.,0.));
#6247 = PCURVE('',#6111,#6248);
#6248 = DEFINITIONAL_REPRESENTATION('',(#6249),#6257);
#6249 = ( BOUNDED_CURVE() B_SPLINE_CURVE(2,(#6250,#6251,#6252,#6253,
#6254,#6255,#6256),.UNSPECIFIED.,.T.,.F.) B_SPLINE_CURVE_WITH_KNOTS((1,2
    ,2,2,2,1),(-2.094395102393,0.,2.094395102393,4.188790204786,
6.28318530718,8.377580409573),.UNSPECIFIED.) CURVE() 
GEOMETRIC_REPRESENTATION_ITEM() RATIONAL_B_SPLINE_CURVE((1.,0.5,1.,0.5,
1.,0.5,1.)) REPRESENTATION_ITEM('') );
#6250 = CARTESIAN_POINT('',(-1.150000009639,-2.1));
#6251 = CARTESIAN_POINT('',(-1.150000009639,1.364101615138));
#6252 = CARTESIAN_POINT('',(1.849999990361,-0.367949192431));
#6253 = CARTESIAN_POINT('',(4.849999990361,-2.1));
#6254 = CARTESIAN_POINT('',(1.849999990361,-3.832050807569));
#6255 = CARTESIAN_POINT('',(-1.150000009639,-5.564101615138));
#6256 = CARTESIAN_POINT('',(-1.150000009639,-2.1));
#6257 = ( GEOMETRIC_REPRESENTATION_CONTEXT(2) 
PARAMETRIC_REPRESENTATION_CONTEXT() REPRESENTATION_CONTEXT('2D SPACE',''
  ) );
#6258 = PCURVE('',#6259,#6264);
#6259 = CYLINDRICAL_SURFACE('',#6260,2.);
#6260 = AXIS2_PLACEMENT_3D('',#6261,#6262,#6263);
#6261 = CARTESIAN_POINT('',(-20.65000001397,37.9,-5.E-02));
#6262 = DIRECTION('',(0.,0.,-1.));
#6263 = DIRECTION('',(-1.,0.,0.));
#6264 = DEFINITIONAL_REPRESENTATION('',(#6265),#6269);
#6265 = LINE('',#6266,#6267);
#6266 = CARTESIAN_POINT('',(0.,-0.65));
#6267 = VECTOR('',#6268,1.);
#6268 = DIRECTION('',(1.,0.));
#6269 = ( GEOMETRIC_REPRESENTATION_CONTEXT(2) 
PARAMETRIC_REPRESENTATION_CONTEXT() REPRESENTATION_CONTEXT('2D SPACE',''
  ) );
#6270 = ORIENTED_EDGE('',*,*,#6271,.T.);
#6271 = EDGE_CURVE('',#6239,#6272,#6274,.T.);
#6272 = VERTEX_POINT('',#6273);
#6273 = CARTESIAN_POINT('',(-18.6500000013,42.1,0.6));
#6274 = SURFACE_CURVE('',#6275,(#6279,#6286),.PCURVE_S1.);
#6275 = LINE('',#6276,#6277);
#6276 = CARTESIAN_POINT('',(-18.64999998863,40.,0.6));
#6277 = VECTOR('',#6278,1.);
#6278 = DIRECTION('',(0.,1.,0.));
#6279 = PCURVE('',#6111,#6280);
#6280 = DEFINITIONAL_REPRESENTATION('',(#6281),#6285);
#6281 = LINE('',#6282,#6283);
#6282 = CARTESIAN_POINT('',(2.850000015698,5.49993952424E-17));
#6283 = VECTOR('',#6284,1.);
#6284 = DIRECTION('',(0.,1.));
#6285 = ( GEOMETRIC_REPRESENTATION_CONTEXT(2) 
PARAMETRIC_REPRESENTATION_CONTEXT() REPRESENTATION_CONTEXT('2D SPACE',''
  ) );
#6286 = PCURVE('',#6287,#6292);
#6287 = PLANE('',#6288);
#6288 = AXIS2_PLACEMENT_3D('',#6289,#6290,#6291);
#6289 = CARTESIAN_POINT('',(-18.64999998863,37.9,-5.E-02));
#6290 = DIRECTION('',(-1.,0.,0.));
#6291 = DIRECTION('',(0.,1.,0.));
#6292 = DEFINITIONAL_REPRESENTATION('',(#6293),#6297);
#6293 = LINE('',#6294,#6295);
#6294 = CARTESIAN_POINT('',(2.1,-0.65));
#6295 = VECTOR('',#6296,1.);
#6296 = DIRECTION('',(1.,0.));
#6297 = ( GEOMETRIC_REPRESENTATION_CONTEXT(2) 
PARAMETRIC_REPRESENTATION_CONTEXT() REPRESENTATION_CONTEXT('2D SPACE',''
  ) );
#6298 = ORIENTED_EDGE('',*,*,#6299,.F.);
#6299 = EDGE_CURVE('',#6300,#6272,#6302,.T.);
#6300 = VERTEX_POINT('',#6301);
#6301 = CARTESIAN_POINT('',(-20.65000001397,44.1,0.6));
#6302 = SURFACE_CURVE('',#6303,(#6308,#6319),.PCURVE_S1.);
#6303 = CIRCLE('',#6304,2.);
#6304 = AXIS2_PLACEMENT_3D('',#6305,#6306,#6307);
#6305 = CARTESIAN_POINT('',(-20.65000001397,42.1,0.6));
#6306 = DIRECTION('',(0.,0.,-1.));
#6307 = DIRECTION('',(-1.,0.,0.));
#6308 = PCURVE('',#6111,#6309);
#6309 = DEFINITIONAL_REPRESENTATION('',(#6310),#6318);
#6310 = ( BOUNDED_CURVE() B_SPLINE_CURVE(2,(#6311,#6312,#6313,#6314,
#6315,#6316,#6317),.UNSPECIFIED.,.T.,.F.) B_SPLINE_CURVE_WITH_KNOTS((1,2
    ,2,2,2,1),(-2.094395102393,0.,2.094395102393,4.188790204786,
6.28318530718,8.377580409573),.UNSPECIFIED.) CURVE() 
GEOMETRIC_REPRESENTATION_ITEM() RATIONAL_B_SPLINE_CURVE((1.,0.5,1.,0.5,
1.,0.5,1.)) REPRESENTATION_ITEM('') );
#6311 = CARTESIAN_POINT('',(-1.150000009639,2.1));
#6312 = CARTESIAN_POINT('',(-1.150000009639,5.564101615138));
#6313 = CARTESIAN_POINT('',(1.849999990361,3.832050807569));
#6314 = CARTESIAN_POINT('',(4.849999990361,2.1));
#6315 = CARTESIAN_POINT('',(1.849999990361,0.367949192431));
#6316 = CARTESIAN_POINT('',(-1.150000009639,-1.364101615138));
#6317 = CARTESIAN_POINT('',(-1.150000009639,2.1));
#6318 = ( GEOMETRIC_REPRESENTATION_CONTEXT(2) 
PARAMETRIC_REPRESENTATION_CONTEXT() REPRESENTATION_CONTEXT('2D SPACE',''
  ) );
#6319 = PCURVE('',#6320,#6325);
#6320 = CYLINDRICAL_SURFACE('',#6321,2.);
#6321 = AXIS2_PLACEMENT_3D('',#6322,#6323,#6324);
#6322 = CARTESIAN_POINT('',(-20.65000001397,42.1,-5.E-02));
#6323 = DIRECTION('',(0.,0.,-1.));
#6324 = DIRECTION('',(-1.,0.,0.));
#6325 = DEFINITIONAL_REPRESENTATION('',(#6326),#6330);
#6326 = LINE('',#6327,#6328);
#6327 = CARTESIAN_POINT('',(0.,-0.65));
#6328 = VECTOR('',#6329,1.);
#6329 = DIRECTION('',(1.,0.));
#6330 = ( GEOMETRIC_REPRESENTATION_CONTEXT(2) 
PARAMETRIC_REPRESENTATION_CONTEXT() REPRESENTATION_CONTEXT('2D SPACE',''
  ) );
#6331 = ORIENTED_EDGE('',*,*,#6332,.F.);
#6332 = EDGE_CURVE('',#6333,#6300,#6335,.T.);
#6333 = VERTEX_POINT('',#6334);
#6334 = CARTESIAN_POINT('',(-22.35000001136,44.1,0.6));
#6335 = SURFACE_CURVE('',#6336,(#6340,#6347),.PCURVE_S1.);
#6336 = LINE('',#6337,#6338);
#6337 = CARTESIAN_POINT('',(-21.49999998863,44.1,0.6));
#6338 = VECTOR('',#6339,1.);
#6339 = DIRECTION('',(1.,0.,0.));
#6340 = PCURVE('',#6111,#6341);
#6341 = DEFINITIONAL_REPRESENTATION('',(#6342),#6346);
#6342 = LINE('',#6343,#6344);
#6343 = CARTESIAN_POINT('',(1.569803416225E-08,4.1));
#6344 = VECTOR('',#6345,1.);
#6345 = DIRECTION('',(1.,0.));
#6346 = ( GEOMETRIC_REPRESENTATION_CONTEXT(2) 
PARAMETRIC_REPRESENTATION_CONTEXT() REPRESENTATION_CONTEXT('2D SPACE',''
  ) );
#6347 = PCURVE('',#6348,#6353);
#6348 = PLANE('',#6349);
#6349 = AXIS2_PLACEMENT_3D('',#6350,#6351,#6352);
#6350 = CARTESIAN_POINT('',(-22.35000001136,44.1,-5.E-02));
#6351 = DIRECTION('',(0.,1.,0.));
#6352 = DIRECTION('',(1.,0.,0.));
#6353 = DEFINITIONAL_REPRESENTATION('',(#6354),#6358);
#6354 = LINE('',#6355,#6356);
#6355 = CARTESIAN_POINT('',(0.850000022726,-0.65));
#6356 = VECTOR('',#6357,1.);
#6357 = DIRECTION('',(1.,0.));
#6358 = ( GEOMETRIC_REPRESENTATION_CONTEXT(2) 
PARAMETRIC_REPRESENTATION_CONTEXT() REPRESENTATION_CONTEXT('2D SPACE',''
  ) );
#6359 = ORIENTED_EDGE('',*,*,#6360,.F.);
#6360 = EDGE_CURVE('',#6150,#6333,#6361,.T.);
#6361 = SURFACE_CURVE('',#6362,(#6367,#6378),.PCURVE_S1.);
#6362 = CIRCLE('',#6363,2.);
#6363 = AXIS2_PLACEMENT_3D('',#6364,#6365,#6366);
#6364 = CARTESIAN_POINT('',(-22.35000001136,42.1,0.6));
#6365 = DIRECTION('',(0.,0.,-1.));
#6366 = DIRECTION('',(-1.,0.,0.));
#6367 = PCURVE('',#6111,#6368);
#6368 = DEFINITIONAL_REPRESENTATION('',(#6369),#6377);
#6369 = ( BOUNDED_CURVE() B_SPLINE_CURVE(2,(#6370,#6371,#6372,#6373,
#6374,#6375,#6376),.UNSPECIFIED.,.T.,.F.) B_SPLINE_CURVE_WITH_KNOTS((1,2
    ,2,2,2,1),(-2.094395102393,0.,2.094395102393,4.188790204786,
6.28318530718,8.377580409573),.UNSPECIFIED.) CURVE() 
GEOMETRIC_REPRESENTATION_ITEM() RATIONAL_B_SPLINE_CURVE((1.,0.5,1.,0.5,
1.,0.5,1.)) REPRESENTATION_ITEM('') );
#6370 = CARTESIAN_POINT('',(-2.850000007028,2.1));
#6371 = CARTESIAN_POINT('',(-2.850000007028,5.564101615138));
#6372 = CARTESIAN_POINT('',(0.149999992972,3.832050807569));
#6373 = CARTESIAN_POINT('',(3.149999992972,2.1));
#6374 = CARTESIAN_POINT('',(0.149999992972,0.367949192431));
#6375 = CARTESIAN_POINT('',(-2.850000007028,-1.364101615138));
#6376 = CARTESIAN_POINT('',(-2.850000007028,2.1));
#6377 = ( GEOMETRIC_REPRESENTATION_CONTEXT(2) 
PARAMETRIC_REPRESENTATION_CONTEXT() REPRESENTATION_CONTEXT('2D SPACE',''
  ) );
#6378 = PCURVE('',#6379,#6384);
#6379 = CYLINDRICAL_SURFACE('',#6380,2.);
#6380 = AXIS2_PLACEMENT_3D('',#6381,#6382,#6383);
#6381 = CARTESIAN_POINT('',(-22.35000001136,42.1,-5.E-02));
#6382 = DIRECTION('',(0.,0.,-1.));
#6383 = DIRECTION('',(-1.,0.,0.));
#6384 = DEFINITIONAL_REPRESENTATION('',(#6385),#6389);
#6385 = LINE('',#6386,#6387);
#6386 = CARTESIAN_POINT('',(0.,-0.65));
#6387 = VECTOR('',#6388,1.);
#6388 = DIRECTION('',(1.,0.));
#6389 = ( GEOMETRIC_REPRESENTATION_CONTEXT(2) 
PARAMETRIC_REPRESENTATION_CONTEXT() REPRESENTATION_CONTEXT('2D SPACE',''
  ) );
#6390 = FACE_BOUND('',#6391,.F.);
#6391 = EDGE_LOOP('',(#6392,#6422,#6443,#6471,#6492,#6518,#6519,#6547));
#6392 = ORIENTED_EDGE('',*,*,#6393,.T.);
#6393 = EDGE_CURVE('',#6394,#6396,#6398,.T.);
#6394 = VERTEX_POINT('',#6395);
#6395 = CARTESIAN_POINT('',(-21.7000000021,36.9,0.6));
#6396 = VERTEX_POINT('',#6397);
#6397 = CARTESIAN_POINT('',(-23.35,38.55,0.6));
#6398 = SURFACE_CURVE('',#6399,(#6404,#6415),.PCURVE_S1.);
#6399 = CIRCLE('',#6400,1.65);
#6400 = AXIS2_PLACEMENT_3D('',#6401,#6402,#6403);
#6401 = CARTESIAN_POINT('',(-21.7000000021,38.55,0.6));
#6402 = DIRECTION('',(0.,0.,-1.));
#6403 = DIRECTION('',(-1.,0.,0.));
#6404 = PCURVE('',#6111,#6405);
#6405 = DEFINITIONAL_REPRESENTATION('',(#6406),#6414);
#6406 = ( BOUNDED_CURVE() B_SPLINE_CURVE(2,(#6407,#6408,#6409,#6410,
#6411,#6412,#6413),.UNSPECIFIED.,.T.,.F.) B_SPLINE_CURVE_WITH_KNOTS((1,2
    ,2,2,2,1),(-2.094395102393,0.,2.094395102393,4.188790204786,
6.28318530718,8.377580409573),.UNSPECIFIED.) CURVE() 
GEOMETRIC_REPRESENTATION_ITEM() RATIONAL_B_SPLINE_CURVE((1.,0.5,1.,0.5,
1.,0.5,1.)) REPRESENTATION_ITEM('') );
#6407 = CARTESIAN_POINT('',(-1.849999997768,-1.45));
#6408 = CARTESIAN_POINT('',(-1.849999997768,1.407883832489));
#6409 = CARTESIAN_POINT('',(0.625000002232,-2.105808375568E-02));
#6410 = CARTESIAN_POINT('',(3.100000002232,-1.45));
#6411 = CARTESIAN_POINT('',(0.625000002232,-2.878941916244));
#6412 = CARTESIAN_POINT('',(-1.849999997768,-4.307883832489));
#6413 = CARTESIAN_POINT('',(-1.849999997768,-1.45));
#6414 = ( GEOMETRIC_REPRESENTATION_CONTEXT(2) 
PARAMETRIC_REPRESENTATION_CONTEXT() REPRESENTATION_CONTEXT('2D SPACE',''
  ) );
#6415 = PCURVE('',#5968,#6416);
#6416 = DEFINITIONAL_REPRESENTATION('',(#6417),#6421);
#6417 = LINE('',#6418,#6419);
#6418 = CARTESIAN_POINT('',(0.,-0.65));
#6419 = VECTOR('',#6420,1.);
#6420 = DIRECTION('',(1.,0.));
#6421 = ( GEOMETRIC_REPRESENTATION_CONTEXT(2) 
PARAMETRIC_REPRESENTATION_CONTEXT() REPRESENTATION_CONTEXT('2D SPACE',''
  ) );
#6422 = ORIENTED_EDGE('',*,*,#6423,.T.);
#6423 = EDGE_CURVE('',#6396,#6424,#6426,.T.);
#6424 = VERTEX_POINT('',#6425);
#6425 = CARTESIAN_POINT('',(-23.35,41.45,0.6));
#6426 = SURFACE_CURVE('',#6427,(#6431,#6437),.PCURVE_S1.);
#6427 = LINE('',#6428,#6429);
#6428 = CARTESIAN_POINT('',(-23.34999999789,39.275,0.6));
#6429 = VECTOR('',#6430,1.);
#6430 = DIRECTION('',(0.,1.,-0.));
#6431 = PCURVE('',#6111,#6432);
#6432 = DEFINITIONAL_REPRESENTATION('',(#6433),#6436);
#6433 = B_SPLINE_CURVE_WITH_KNOTS('',1,(#6434,#6435),.UNSPECIFIED.,.F.,
  .F.,(2,2),(-0.725,2.175),.PIECEWISE_BEZIER_KNOTS.);
#6434 = CARTESIAN_POINT('',(-1.849999993563,-1.45));
#6435 = CARTESIAN_POINT('',(-1.849999993563,1.45));
#6436 = ( GEOMETRIC_REPRESENTATION_CONTEXT(2) 
PARAMETRIC_REPRESENTATION_CONTEXT() REPRESENTATION_CONTEXT('2D SPACE',''
  ) );
#6437 = PCURVE('',#5761,#6438);
#6438 = DEFINITIONAL_REPRESENTATION('',(#6439),#6442);
#6439 = B_SPLINE_CURVE_WITH_KNOTS('',1,(#6440,#6441),.UNSPECIFIED.,.F.,
  .F.,(2,2),(-0.725,2.175),.PIECEWISE_BEZIER_KNOTS.);
#6440 = CARTESIAN_POINT('',(-2.22044604925E-16,-0.65));
#6441 = CARTESIAN_POINT('',(2.9,-0.65));
#6442 = ( GEOMETRIC_REPRESENTATION_CONTEXT(2) 
PARAMETRIC_REPRESENTATION_CONTEXT() REPRESENTATION_CONTEXT('2D SPACE',''
  ) );
#6443 = ORIENTED_EDGE('',*,*,#6444,.T.);
#6444 = EDGE_CURVE('',#6424,#6445,#6447,.T.);
#6445 = VERTEX_POINT('',#6446);
#6446 = CARTESIAN_POINT('',(-21.7000000021,43.1,0.6));
#6447 = SURFACE_CURVE('',#6448,(#6453,#6464),.PCURVE_S1.);
#6448 = CIRCLE('',#6449,1.65);
#6449 = AXIS2_PLACEMENT_3D('',#6450,#6451,#6452);
#6450 = CARTESIAN_POINT('',(-21.7000000021,41.45,0.6));
#6451 = DIRECTION('',(0.,0.,-1.));
#6452 = DIRECTION('',(-1.,0.,0.));
#6453 = PCURVE('',#6111,#6454);
#6454 = DEFINITIONAL_REPRESENTATION('',(#6455),#6463);
#6455 = ( BOUNDED_CURVE() B_SPLINE_CURVE(2,(#6456,#6457,#6458,#6459,
#6460,#6461,#6462),.UNSPECIFIED.,.T.,.F.) B_SPLINE_CURVE_WITH_KNOTS((1,2
    ,2,2,2,1),(-2.094395102393,0.,2.094395102393,4.188790204786,
6.28318530718,8.377580409573),.UNSPECIFIED.) CURVE() 
GEOMETRIC_REPRESENTATION_ITEM() RATIONAL_B_SPLINE_CURVE((1.,0.5,1.,0.5,
1.,0.5,1.)) REPRESENTATION_ITEM('') );
#6456 = CARTESIAN_POINT('',(-1.849999997768,1.45));
#6457 = CARTESIAN_POINT('',(-1.849999997768,4.307883832489));
#6458 = CARTESIAN_POINT('',(0.625000002232,2.878941916244));
#6459 = CARTESIAN_POINT('',(3.100000002232,1.45));
#6460 = CARTESIAN_POINT('',(0.625000002232,2.105808375568E-02));
#6461 = CARTESIAN_POINT('',(-1.849999997768,-1.407883832489));
#6462 = CARTESIAN_POINT('',(-1.849999997768,1.45));
#6463 = ( GEOMETRIC_REPRESENTATION_CONTEXT(2) 
PARAMETRIC_REPRESENTATION_CONTEXT() REPRESENTATION_CONTEXT('2D SPACE',''
  ) );
#6464 = PCURVE('',#5793,#6465);
#6465 = DEFINITIONAL_REPRESENTATION('',(#6466),#6470);
#6466 = LINE('',#6467,#6468);
#6467 = CARTESIAN_POINT('',(0.,-0.65));
#6468 = VECTOR('',#6469,1.);
#6469 = DIRECTION('',(1.,0.));
#6470 = ( GEOMETRIC_REPRESENTATION_CONTEXT(2) 
PARAMETRIC_REPRESENTATION_CONTEXT() REPRESENTATION_CONTEXT('2D SPACE',''
  ) );
#6471 = ORIENTED_EDGE('',*,*,#6472,.T.);
#6472 = EDGE_CURVE('',#6445,#6473,#6475,.T.);
#6473 = VERTEX_POINT('',#6474);
#6474 = CARTESIAN_POINT('',(-21.30000002176,43.1,0.6));
#6475 = SURFACE_CURVE('',#6476,(#6480,#6486),.PCURVE_S1.);
#6476 = LINE('',#6477,#6478);
#6477 = CARTESIAN_POINT('',(-21.60000000321,43.1,0.6));
#6478 = VECTOR('',#6479,1.);
#6479 = DIRECTION('',(1.,0.,0.));
#6480 = PCURVE('',#6111,#6481);
#6481 = DEFINITIONAL_REPRESENTATION('',(#6482),#6485);
#6482 = B_SPLINE_CURVE_WITH_KNOTS('',1,(#6483,#6484),.UNSPECIFIED.,.F.,
  .F.,(2,2),(-9.999999888385E-02,0.299999981449),
  .PIECEWISE_BEZIER_KNOTS.);
#6483 = CARTESIAN_POINT('',(-0.199999997768,3.1));
#6484 = CARTESIAN_POINT('',(0.199999982566,3.1));
#6485 = ( GEOMETRIC_REPRESENTATION_CONTEXT(2) 
PARAMETRIC_REPRESENTATION_CONTEXT() REPRESENTATION_CONTEXT('2D SPACE',''
  ) );
#6486 = PCURVE('',#5820,#6487);
#6487 = DEFINITIONAL_REPRESENTATION('',(#6488),#6491);
#6488 = B_SPLINE_CURVE_WITH_KNOTS('',1,(#6489,#6490),.UNSPECIFIED.,.F.,
  .F.,(2,2),(-9.999999888385E-02,0.299999981449),
  .PIECEWISE_BEZIER_KNOTS.);
#6489 = CARTESIAN_POINT('',(-1.110223024625E-16,-0.65));
#6490 = CARTESIAN_POINT('',(0.399999980333,-0.65));
#6491 = ( GEOMETRIC_REPRESENTATION_CONTEXT(2) 
PARAMETRIC_REPRESENTATION_CONTEXT() REPRESENTATION_CONTEXT('2D SPACE',''
  ) );
#6492 = ORIENTED_EDGE('',*,*,#6493,.T.);
#6493 = EDGE_CURVE('',#6473,#6074,#6494,.T.);
#6494 = SURFACE_CURVE('',#6495,(#6500,#6511),.PCURVE_S1.);
#6495 = CIRCLE('',#6496,1.65);
#6496 = AXIS2_PLACEMENT_3D('',#6497,#6498,#6499);
#6497 = CARTESIAN_POINT('',(-21.30000002176,41.45,0.6));
#6498 = DIRECTION('',(0.,0.,-1.));
#6499 = DIRECTION('',(-1.,0.,0.));
#6500 = PCURVE('',#6111,#6501);
#6501 = DEFINITIONAL_REPRESENTATION('',(#6502),#6510);
#6502 = ( BOUNDED_CURVE() B_SPLINE_CURVE(2,(#6503,#6504,#6505,#6506,
#6507,#6508,#6509),.UNSPECIFIED.,.T.,.F.) B_SPLINE_CURVE_WITH_KNOTS((1,2
    ,2,2,2,1),(-2.094395102393,0.,2.094395102393,4.188790204786,
6.28318530718,8.377580409573),.UNSPECIFIED.) CURVE() 
GEOMETRIC_REPRESENTATION_ITEM() RATIONAL_B_SPLINE_CURVE((1.,0.5,1.,0.5,
1.,0.5,1.)) REPRESENTATION_ITEM('') );
#6503 = CARTESIAN_POINT('',(-1.450000017434,1.45));
#6504 = CARTESIAN_POINT('',(-1.450000017434,4.307883832489));
#6505 = CARTESIAN_POINT('',(1.024999982566,2.878941916244));
#6506 = CARTESIAN_POINT('',(3.499999982566,1.45));
#6507 = CARTESIAN_POINT('',(1.024999982566,2.105808375568E-02));
#6508 = CARTESIAN_POINT('',(-1.450000017434,-1.407883832489));
#6509 = CARTESIAN_POINT('',(-1.450000017434,1.45));
#6510 = ( GEOMETRIC_REPRESENTATION_CONTEXT(2) 
PARAMETRIC_REPRESENTATION_CONTEXT() REPRESENTATION_CONTEXT('2D SPACE',''
  ) );
#6511 = PCURVE('',#5852,#6512);
#6512 = DEFINITIONAL_REPRESENTATION('',(#6513),#6517);
#6513 = LINE('',#6514,#6515);
#6514 = CARTESIAN_POINT('',(0.,-0.65));
#6515 = VECTOR('',#6516,1.);
#6516 = DIRECTION('',(1.,0.));
#6517 = ( GEOMETRIC_REPRESENTATION_CONTEXT(2) 
PARAMETRIC_REPRESENTATION_CONTEXT() REPRESENTATION_CONTEXT('2D SPACE',''
  ) );
#6518 = ORIENTED_EDGE('',*,*,#6096,.F.);
#6519 = ORIENTED_EDGE('',*,*,#6520,.T.);
#6520 = EDGE_CURVE('',#6097,#6521,#6523,.T.);
#6521 = VERTEX_POINT('',#6522);
#6522 = CARTESIAN_POINT('',(-21.30000002176,36.9,0.6));
#6523 = SURFACE_CURVE('',#6524,(#6529,#6540),.PCURVE_S1.);
#6524 = CIRCLE('',#6525,1.65);
#6525 = AXIS2_PLACEMENT_3D('',#6526,#6527,#6528);
#6526 = CARTESIAN_POINT('',(-21.30000002176,38.55,0.6));
#6527 = DIRECTION('',(0.,0.,-1.));
#6528 = DIRECTION('',(-1.,0.,0.));
#6529 = PCURVE('',#6111,#6530);
#6530 = DEFINITIONAL_REPRESENTATION('',(#6531),#6539);
#6531 = ( BOUNDED_CURVE() B_SPLINE_CURVE(2,(#6532,#6533,#6534,#6535,
#6536,#6537,#6538),.UNSPECIFIED.,.T.,.F.) B_SPLINE_CURVE_WITH_KNOTS((1,2
    ,2,2,2,1),(-2.094395102393,0.,2.094395102393,4.188790204786,
6.28318530718,8.377580409573),.UNSPECIFIED.) CURVE() 
GEOMETRIC_REPRESENTATION_ITEM() RATIONAL_B_SPLINE_CURVE((1.,0.5,1.,0.5,
1.,0.5,1.)) REPRESENTATION_ITEM('') );
#6532 = CARTESIAN_POINT('',(-1.450000017434,-1.45));
#6533 = CARTESIAN_POINT('',(-1.450000017434,1.407883832489));
#6534 = CARTESIAN_POINT('',(1.024999982566,-2.105808375568E-02));
#6535 = CARTESIAN_POINT('',(3.499999982566,-1.45));
#6536 = CARTESIAN_POINT('',(1.024999982566,-2.878941916244));
#6537 = CARTESIAN_POINT('',(-1.450000017434,-4.307883832489));
#6538 = CARTESIAN_POINT('',(-1.450000017434,-1.45));
#6539 = ( GEOMETRIC_REPRESENTATION_CONTEXT(2) 
PARAMETRIC_REPRESENTATION_CONTEXT() REPRESENTATION_CONTEXT('2D SPACE',''
  ) );
#6540 = PCURVE('',#5911,#6541);
#6541 = DEFINITIONAL_REPRESENTATION('',(#6542),#6546);
#6542 = LINE('',#6543,#6544);
#6543 = CARTESIAN_POINT('',(0.,-0.65));
#6544 = VECTOR('',#6545,1.);
#6545 = DIRECTION('',(1.,0.));
#6546 = ( GEOMETRIC_REPRESENTATION_CONTEXT(2) 
PARAMETRIC_REPRESENTATION_CONTEXT() REPRESENTATION_CONTEXT('2D SPACE',''
  ) );
#6547 = ORIENTED_EDGE('',*,*,#6548,.F.);
#6548 = EDGE_CURVE('',#6394,#6521,#6549,.T.);
#6549 = SURFACE_CURVE('',#6550,(#6554,#6560),.PCURVE_S1.);
#6550 = LINE('',#6551,#6552);
#6551 = CARTESIAN_POINT('',(-21.60000000321,36.9,0.6));
#6552 = VECTOR('',#6553,1.);
#6553 = DIRECTION('',(1.,0.,0.));
#6554 = PCURVE('',#6111,#6555);
#6555 = DEFINITIONAL_REPRESENTATION('',(#6556),#6559);
#6556 = B_SPLINE_CURVE_WITH_KNOTS('',1,(#6557,#6558),.UNSPECIFIED.,.F.,
  .F.,(2,2),(-9.999999888385E-02,0.299999981449),
  .PIECEWISE_BEZIER_KNOTS.);
#6557 = CARTESIAN_POINT('',(-0.199999997768,-3.1));
#6558 = CARTESIAN_POINT('',(0.199999982566,-3.1));
#6559 = ( GEOMETRIC_REPRESENTATION_CONTEXT(2) 
PARAMETRIC_REPRESENTATION_CONTEXT() REPRESENTATION_CONTEXT('2D SPACE',''
  ) );
#6560 = PCURVE('',#5938,#6561);
#6561 = DEFINITIONAL_REPRESENTATION('',(#6562),#6565);
#6562 = B_SPLINE_CURVE_WITH_KNOTS('',1,(#6563,#6564),.UNSPECIFIED.,.F.,
  .F.,(2,2),(-9.999999888385E-02,0.299999981449),
  .PIECEWISE_BEZIER_KNOTS.);
#6563 = CARTESIAN_POINT('',(0.,-0.65));
#6564 = CARTESIAN_POINT('',(0.399999980333,-0.65));
#6565 = ( GEOMETRIC_REPRESENTATION_CONTEXT(2) 
PARAMETRIC_REPRESENTATION_CONTEXT() REPRESENTATION_CONTEXT('2D SPACE',''
  ) );
#6566 = ADVANCED_FACE('',(#6567),#6287,.T.);
#6567 = FACE_BOUND('',#6568,.T.);
#6568 = EDGE_LOOP('',(#6569,#6597,#6618,#6619));
#6569 = ORIENTED_EDGE('',*,*,#6570,.T.);
#6570 = EDGE_CURVE('',#6571,#6573,#6575,.T.);
#6571 = VERTEX_POINT('',#6572);
#6572 = CARTESIAN_POINT('',(-18.6500000013,42.1,0.));
#6573 = VERTEX_POINT('',#6574);
#6574 = CARTESIAN_POINT('',(-18.6500000013,37.9,0.));
#6575 = SURFACE_CURVE('',#6576,(#6580,#6586),.PCURVE_S1.);
#6576 = LINE('',#6577,#6578);
#6577 = CARTESIAN_POINT('',(-18.64999998863,18.955344947369,0.));
#6578 = VECTOR('',#6579,1.);
#6579 = DIRECTION('',(0.,-1.,0.));
#6580 = PCURVE('',#6287,#6581);
#6581 = DEFINITIONAL_REPRESENTATION('',(#6582),#6585);
#6582 = B_SPLINE_CURVE_WITH_KNOTS('',1,(#6583,#6584),.UNSPECIFIED.,.F.,
  .F.,(2,2),(-23.14465505263,-18.94465505263),.PIECEWISE_BEZIER_KNOTS.);
#6583 = CARTESIAN_POINT('',(4.2,-5.E-02));
#6584 = CARTESIAN_POINT('',(0.,-5.E-02));
#6585 = ( GEOMETRIC_REPRESENTATION_CONTEXT(2) 
PARAMETRIC_REPRESENTATION_CONTEXT() REPRESENTATION_CONTEXT('2D SPACE',''
  ) );
#6586 = PCURVE('',#6587,#6592);
#6587 = PLANE('',#6588);
#6588 = AXIS2_PLACEMENT_3D('',#6589,#6590,#6591);
#6589 = CARTESIAN_POINT('',(-5.835800400434E-10,1.068989473817E-02,0.));
#6590 = DIRECTION('',(0.,0.,1.));
#6591 = DIRECTION('',(1.,0.,-0.));
#6592 = DEFINITIONAL_REPRESENTATION('',(#6593),#6596);
#6593 = B_SPLINE_CURVE_WITH_KNOTS('',1,(#6594,#6595),.UNSPECIFIED.,.F.,
  .F.,(2,2),(-23.14465505263,-18.94465505263),.PIECEWISE_BEZIER_KNOTS.);
#6594 = CARTESIAN_POINT('',(-18.64999998805,42.089310105262));
#6595 = CARTESIAN_POINT('',(-18.64999998805,37.889310105262));
#6596 = ( GEOMETRIC_REPRESENTATION_CONTEXT(2) 
PARAMETRIC_REPRESENTATION_CONTEXT() REPRESENTATION_CONTEXT('2D SPACE',''
  ) );
#6597 = ORIENTED_EDGE('',*,*,#6598,.T.);
#6598 = EDGE_CURVE('',#6573,#6239,#6599,.T.);
#6599 = SURFACE_CURVE('',#6600,(#6604,#6611),.PCURVE_S1.);
#6600 = LINE('',#6601,#6602);
#6601 = CARTESIAN_POINT('',(-18.6500000013,37.9,-5.E-02));
#6602 = VECTOR('',#6603,1.);
#6603 = DIRECTION('',(0.,0.,1.));
#6604 = PCURVE('',#6287,#6605);
#6605 = DEFINITIONAL_REPRESENTATION('',(#6606),#6610);
#6606 = LINE('',#6607,#6608);
#6607 = CARTESIAN_POINT('',(0.,0.));
#6608 = VECTOR('',#6609,1.);
#6609 = DIRECTION('',(0.,-1.));
#6610 = ( GEOMETRIC_REPRESENTATION_CONTEXT(2) 
PARAMETRIC_REPRESENTATION_CONTEXT() REPRESENTATION_CONTEXT('2D SPACE',''
  ) );
#6611 = PCURVE('',#6259,#6612);
#6612 = DEFINITIONAL_REPRESENTATION('',(#6613),#6617);
#6613 = LINE('',#6614,#6615);
#6614 = CARTESIAN_POINT('',(3.14159265359,0.));
#6615 = VECTOR('',#6616,1.);
#6616 = DIRECTION('',(0.,-1.));
#6617 = ( GEOMETRIC_REPRESENTATION_CONTEXT(2) 
PARAMETRIC_REPRESENTATION_CONTEXT() REPRESENTATION_CONTEXT('2D SPACE',''
  ) );
#6618 = ORIENTED_EDGE('',*,*,#6271,.T.);
#6619 = ORIENTED_EDGE('',*,*,#6620,.F.);
#6620 = EDGE_CURVE('',#6571,#6272,#6621,.T.);
#6621 = SURFACE_CURVE('',#6622,(#6626,#6633),.PCURVE_S1.);
#6622 = LINE('',#6623,#6624);
#6623 = CARTESIAN_POINT('',(-18.6500000013,42.1,-5.E-02));
#6624 = VECTOR('',#6625,1.);
#6625 = DIRECTION('',(0.,0.,1.));
#6626 = PCURVE('',#6287,#6627);
#6627 = DEFINITIONAL_REPRESENTATION('',(#6628),#6632);
#6628 = LINE('',#6629,#6630);
#6629 = CARTESIAN_POINT('',(4.2,0.));
#6630 = VECTOR('',#6631,1.);
#6631 = DIRECTION('',(0.,-1.));
#6632 = ( GEOMETRIC_REPRESENTATION_CONTEXT(2) 
PARAMETRIC_REPRESENTATION_CONTEXT() REPRESENTATION_CONTEXT('2D SPACE',''
  ) );
#6633 = PCURVE('',#6320,#6634);
#6634 = DEFINITIONAL_REPRESENTATION('',(#6635),#6639);
#6635 = LINE('',#6636,#6637);
#6636 = CARTESIAN_POINT('',(3.14159265359,0.));
#6637 = VECTOR('',#6638,1.);
#6638 = DIRECTION('',(0.,-1.));
#6639 = ( GEOMETRIC_REPRESENTATION_CONTEXT(2) 
PARAMETRIC_REPRESENTATION_CONTEXT() REPRESENTATION_CONTEXT('2D SPACE',''
  ) );
#6640 = ADVANCED_FACE('',(#6641,#7125),#6587,.F.);
#6641 = FACE_BOUND('',#6642,.F.);
#6642 = EDGE_LOOP('',(#6643,#6673,#6706,#6734,#6767,#6795,#6824,#6857,
    #6886,#6914,#6947,#6975,#7008,#7036,#7065,#7098));
#6643 = ORIENTED_EDGE('',*,*,#6644,.F.);
#6644 = EDGE_CURVE('',#6645,#6647,#6649,.T.);
#6645 = VERTEX_POINT('',#6646);
#6646 = CARTESIAN_POINT('',(-31.5,-63.,-2.22044604925E-16));
#6647 = VERTEX_POINT('',#6648);
#6648 = CARTESIAN_POINT('',(-31.5,-12.19868415047,-2.22044604925E-16));
#6649 = SURFACE_CURVE('',#6650,(#6654,#6661),.PCURVE_S1.);
#6650 = LINE('',#6651,#6652);
#6651 = CARTESIAN_POINT('',(-31.5,-63.,-2.22044604925E-16));
#6652 = VECTOR('',#6653,1.);
#6653 = DIRECTION('',(0.,1.,0.));
#6654 = PCURVE('',#6587,#6655);
#6655 = DEFINITIONAL_REPRESENTATION('',(#6656),#6660);
#6656 = LINE('',#6657,#6658);
#6657 = CARTESIAN_POINT('',(-31.49999999941,-63.01068989473));
#6658 = VECTOR('',#6659,1.);
#6659 = DIRECTION('',(0.,1.));
#6660 = ( GEOMETRIC_REPRESENTATION_CONTEXT(2) 
PARAMETRIC_REPRESENTATION_CONTEXT() REPRESENTATION_CONTEXT('2D SPACE',''
  ) );
#6661 = PCURVE('',#6662,#6667);
#6662 = CYLINDRICAL_SURFACE('',#6663,1.5);
#6663 = AXIS2_PLACEMENT_3D('',#6664,#6665,#6666);
#6664 = CARTESIAN_POINT('',(-31.5,-63.,1.5));
#6665 = DIRECTION('',(0.,1.,0.));
#6666 = DIRECTION('',(-1.,0.,0.));
#6667 = DEFINITIONAL_REPRESENTATION('',(#6668),#6672);
#6668 = LINE('',#6669,#6670);
#6669 = CARTESIAN_POINT('',(-1.570796326795,0.));
#6670 = VECTOR('',#6671,1.);
#6671 = DIRECTION('',(-0.,1.));
#6672 = ( GEOMETRIC_REPRESENTATION_CONTEXT(2) 
PARAMETRIC_REPRESENTATION_CONTEXT() REPRESENTATION_CONTEXT('2D SPACE',''
  ) );
#6673 = ORIENTED_EDGE('',*,*,#6674,.F.);
#6674 = EDGE_CURVE('',#6675,#6645,#6677,.T.);
#6675 = VERTEX_POINT('',#6676);
#6676 = CARTESIAN_POINT('',(-29.,-65.5,-2.22044604925E-16));
#6677 = SURFACE_CURVE('',#6678,(#6683,#6694),.PCURVE_S1.);
#6678 = CIRCLE('',#6679,2.5);
#6679 = AXIS2_PLACEMENT_3D('',#6680,#6681,#6682);
#6680 = CARTESIAN_POINT('',(-29.,-63.,0.));
#6681 = DIRECTION('',(-0.,-0.,-1.));
#6682 = DIRECTION('',(0.,-1.,0.));
#6683 = PCURVE('',#6587,#6684);
#6684 = DEFINITIONAL_REPRESENTATION('',(#6685),#6693);
#6685 = ( BOUNDED_CURVE() B_SPLINE_CURVE(2,(#6686,#6687,#6688,#6689,
#6690,#6691,#6692),.UNSPECIFIED.,.T.,.F.) B_SPLINE_CURVE_WITH_KNOTS((1,2
    ,2,2,2,1),(-2.094395102393,0.,2.094395102393,4.188790204786,
6.28318530718,8.377580409573),.UNSPECIFIED.) CURVE() 
GEOMETRIC_REPRESENTATION_ITEM() RATIONAL_B_SPLINE_CURVE((1.,0.5,1.,0.5,
1.,0.5,1.)) REPRESENTATION_ITEM('') );
#6686 = CARTESIAN_POINT('',(-28.99999999941,-65.51068989473));
#6687 = CARTESIAN_POINT('',(-33.33012701833,-65.51068989473));
#6688 = CARTESIAN_POINT('',(-31.16506350887,-61.76068989473));
#6689 = CARTESIAN_POINT('',(-28.99999999941,-58.01068989473));
#6690 = CARTESIAN_POINT('',(-26.83493648995,-61.76068989473));
#6691 = CARTESIAN_POINT('',(-24.66987298049,-65.51068989473));
#6692 = CARTESIAN_POINT('',(-28.99999999941,-65.51068989473));
#6693 = ( GEOMETRIC_REPRESENTATION_CONTEXT(2) 
PARAMETRIC_REPRESENTATION_CONTEXT() REPRESENTATION_CONTEXT('2D SPACE',''
  ) );
#6694 = PCURVE('',#6695,#6700);
#6695 = TOROIDAL_SURFACE('',#6696,2.5,1.5);
#6696 = AXIS2_PLACEMENT_3D('',#6697,#6698,#6699);
#6697 = CARTESIAN_POINT('',(-29.,-63.,1.5));
#6698 = DIRECTION('',(-0.,-0.,-1.));
#6699 = DIRECTION('',(0.,-1.,0.));
#6700 = DEFINITIONAL_REPRESENTATION('',(#6701),#6705);
#6701 = LINE('',#6702,#6703);
#6702 = CARTESIAN_POINT('',(0.,1.570796326795));
#6703 = VECTOR('',#6704,1.);
#6704 = DIRECTION('',(1.,0.));
#6705 = ( GEOMETRIC_REPRESENTATION_CONTEXT(2) 
PARAMETRIC_REPRESENTATION_CONTEXT() REPRESENTATION_CONTEXT('2D SPACE',''
  ) );
#6706 = ORIENTED_EDGE('',*,*,#6707,.F.);
#6707 = EDGE_CURVE('',#6708,#6675,#6710,.T.);
#6708 = VERTEX_POINT('',#6709);
#6709 = CARTESIAN_POINT('',(29.,-65.5,0.));
#6710 = SURFACE_CURVE('',#6711,(#6715,#6722),.PCURVE_S1.);
#6711 = LINE('',#6712,#6713);
#6712 = CARTESIAN_POINT('',(29.,-65.5,-2.22044604925E-16));
#6713 = VECTOR('',#6714,1.);
#6714 = DIRECTION('',(-1.,-0.,-0.));
#6715 = PCURVE('',#6587,#6716);
#6716 = DEFINITIONAL_REPRESENTATION('',(#6717),#6721);
#6717 = LINE('',#6718,#6719);
#6718 = CARTESIAN_POINT('',(29.000000000584,-65.51068989473));
#6719 = VECTOR('',#6720,1.);
#6720 = DIRECTION('',(-1.,0.));
#6721 = ( GEOMETRIC_REPRESENTATION_CONTEXT(2) 
PARAMETRIC_REPRESENTATION_CONTEXT() REPRESENTATION_CONTEXT('2D SPACE',''
  ) );
#6722 = PCURVE('',#6723,#6728);
#6723 = CYLINDRICAL_SURFACE('',#6724,1.5);
#6724 = AXIS2_PLACEMENT_3D('',#6725,#6726,#6727);
#6725 = CARTESIAN_POINT('',(29.,-65.5,1.5));
#6726 = DIRECTION('',(-1.,-0.,-0.));
#6727 = DIRECTION('',(0.,-1.,0.));
#6728 = DEFINITIONAL_REPRESENTATION('',(#6729),#6733);
#6729 = LINE('',#6730,#6731);
#6730 = CARTESIAN_POINT('',(-1.570796326795,0.));
#6731 = VECTOR('',#6732,1.);
#6732 = DIRECTION('',(-0.,1.));
#6733 = ( GEOMETRIC_REPRESENTATION_CONTEXT(2) 
PARAMETRIC_REPRESENTATION_CONTEXT() REPRESENTATION_CONTEXT('2D SPACE',''
  ) );
#6734 = ORIENTED_EDGE('',*,*,#6735,.F.);
#6735 = EDGE_CURVE('',#6736,#6708,#6738,.T.);
#6736 = VERTEX_POINT('',#6737);
#6737 = CARTESIAN_POINT('',(31.5,-63.,-2.22044604925E-16));
#6738 = SURFACE_CURVE('',#6739,(#6744,#6755),.PCURVE_S1.);
#6739 = CIRCLE('',#6740,2.5);
#6740 = AXIS2_PLACEMENT_3D('',#6741,#6742,#6743);
#6741 = CARTESIAN_POINT('',(29.,-63.,0.));
#6742 = DIRECTION('',(0.,-0.,-1.));
#6743 = DIRECTION('',(1.,0.,-0.));
#6744 = PCURVE('',#6587,#6745);
#6745 = DEFINITIONAL_REPRESENTATION('',(#6746),#6754);
#6746 = ( BOUNDED_CURVE() B_SPLINE_CURVE(2,(#6747,#6748,#6749,#6750,
#6751,#6752,#6753),.UNSPECIFIED.,.T.,.F.) B_SPLINE_CURVE_WITH_KNOTS((1,2
    ,2,2,2,1),(-2.094395102393,0.,2.094395102393,4.188790204786,
6.28318530718,8.377580409573),.UNSPECIFIED.) CURVE() 
GEOMETRIC_REPRESENTATION_ITEM() RATIONAL_B_SPLINE_CURVE((1.,0.5,1.,0.5,
1.,0.5,1.)) REPRESENTATION_ITEM('') );
#6747 = CARTESIAN_POINT('',(31.500000000584,-63.01068989473));
#6748 = CARTESIAN_POINT('',(31.500000000584,-67.34081691366));
#6749 = CARTESIAN_POINT('',(27.750000000584,-65.1757534042));
#6750 = CARTESIAN_POINT('',(24.000000000584,-63.01068989473));
#6751 = CARTESIAN_POINT('',(27.750000000584,-60.84562638527));
#6752 = CARTESIAN_POINT('',(31.500000000584,-58.68056287581));
#6753 = CARTESIAN_POINT('',(31.500000000584,-63.01068989473));
#6754 = ( GEOMETRIC_REPRESENTATION_CONTEXT(2) 
PARAMETRIC_REPRESENTATION_CONTEXT() REPRESENTATION_CONTEXT('2D SPACE',''
  ) );
#6755 = PCURVE('',#6756,#6761);
#6756 = TOROIDAL_SURFACE('',#6757,2.5,1.5);
#6757 = AXIS2_PLACEMENT_3D('',#6758,#6759,#6760);
#6758 = CARTESIAN_POINT('',(29.,-63.,1.5));
#6759 = DIRECTION('',(-0.,-0.,-1.));
#6760 = DIRECTION('',(1.,0.,-0.));
#6761 = DEFINITIONAL_REPRESENTATION('',(#6762),#6766);
#6762 = LINE('',#6763,#6764);
#6763 = CARTESIAN_POINT('',(0.,1.570796326795));
#6764 = VECTOR('',#6765,1.);
#6765 = DIRECTION('',(1.,0.));
#6766 = ( GEOMETRIC_REPRESENTATION_CONTEXT(2) 
PARAMETRIC_REPRESENTATION_CONTEXT() REPRESENTATION_CONTEXT('2D SPACE',''
  ) );
#6767 = ORIENTED_EDGE('',*,*,#6768,.F.);
#6768 = EDGE_CURVE('',#6769,#6736,#6771,.T.);
#6769 = VERTEX_POINT('',#6770);
#6770 = CARTESIAN_POINT('',(31.499999957622,-12.19868425673,0.));
#6771 = SURFACE_CURVE('',#6772,(#6776,#6783),.PCURVE_S1.);
#6772 = LINE('',#6773,#6774);
#6773 = CARTESIAN_POINT('',(31.5,-12.19868425673,-2.22044604925E-16));
#6774 = VECTOR('',#6775,1.);
#6775 = DIRECTION('',(-0.,-1.,-0.));
#6776 = PCURVE('',#6587,#6777);
#6777 = DEFINITIONAL_REPRESENTATION('',(#6778),#6782);
#6778 = LINE('',#6779,#6780);
#6779 = CARTESIAN_POINT('',(31.500000000584,-12.20937415147));
#6780 = VECTOR('',#6781,1.);
#6781 = DIRECTION('',(0.,-1.));
#6782 = ( GEOMETRIC_REPRESENTATION_CONTEXT(2) 
PARAMETRIC_REPRESENTATION_CONTEXT() REPRESENTATION_CONTEXT('2D SPACE',''
  ) );
#6783 = PCURVE('',#6784,#6789);
#6784 = CYLINDRICAL_SURFACE('',#6785,1.5);
#6785 = AXIS2_PLACEMENT_3D('',#6786,#6787,#6788);
#6786 = CARTESIAN_POINT('',(31.5,-12.19868425673,1.5));
#6787 = DIRECTION('',(-0.,-1.,-0.));
#6788 = DIRECTION('',(1.,-0.,0.));
#6789 = DEFINITIONAL_REPRESENTATION('',(#6790),#6794);
#6790 = LINE('',#6791,#6792);
#6791 = CARTESIAN_POINT('',(-1.570796326795,0.));
#6792 = VECTOR('',#6793,1.);
#6793 = DIRECTION('',(-0.,1.));
#6794 = ( GEOMETRIC_REPRESENTATION_CONTEXT(2) 
PARAMETRIC_REPRESENTATION_CONTEXT() REPRESENTATION_CONTEXT('2D SPACE',''
  ) );
#6795 = ORIENTED_EDGE('',*,*,#6796,.F.);
#6796 = EDGE_CURVE('',#6797,#6769,#6799,.T.);
#6797 = VERTEX_POINT('',#6798);
#6798 = CARTESIAN_POINT('',(31.912499963449,-10.10886517143,0.));
#6799 = SURFACE_CURVE('',#6800,(#6805,#6812),.PCURVE_S1.);
#6800 = CIRCLE('',#6801,5.5);
#6801 = AXIS2_PLACEMENT_3D('',#6802,#6803,#6804);
#6802 = CARTESIAN_POINT('',(36.999999957622,-12.19868425673,0.));
#6803 = DIRECTION('',(0.,0.,1.));
#6804 = DIRECTION('',(-0.924999998941,0.379967106418,0.));
#6805 = PCURVE('',#6587,#6806);
#6806 = DEFINITIONAL_REPRESENTATION('',(#6807),#6811);
#6807 = CIRCLE('',#6808,5.5);
#6808 = AXIS2_PLACEMENT_2D('',#6809,#6810);
#6809 = CARTESIAN_POINT('',(36.999999958206,-12.20937415147));
#6810 = DIRECTION('',(-0.924999998941,0.379967106418));
#6811 = ( GEOMETRIC_REPRESENTATION_CONTEXT(2) 
PARAMETRIC_REPRESENTATION_CONTEXT() REPRESENTATION_CONTEXT('2D SPACE',''
  ) );
#6812 = PCURVE('',#6813,#6818);
#6813 = TOROIDAL_SURFACE('',#6814,5.5,1.5);
#6814 = AXIS2_PLACEMENT_3D('',#6815,#6816,#6817);
#6815 = CARTESIAN_POINT('',(36.999999957622,-12.19868425673,1.5));
#6816 = DIRECTION('',(0.,0.,1.));
#6817 = DIRECTION('',(-0.924999998941,0.379967106418,0.));
#6818 = DEFINITIONAL_REPRESENTATION('',(#6819),#6823);
#6819 = LINE('',#6820,#6821);
#6820 = CARTESIAN_POINT('',(0.,4.712388980385));
#6821 = VECTOR('',#6822,1.);
#6822 = DIRECTION('',(1.,0.));
#6823 = ( GEOMETRIC_REPRESENTATION_CONTEXT(2) 
PARAMETRIC_REPRESENTATION_CONTEXT() REPRESENTATION_CONTEXT('2D SPACE',''
  ) );
#6824 = ORIENTED_EDGE('',*,*,#6825,.F.);
#6825 = EDGE_CURVE('',#6826,#6797,#6828,.T.);
#6826 = VERTEX_POINT('',#6827);
#6827 = CARTESIAN_POINT('',(31.912500056266,16.108864945478,0.));
#6828 = SURFACE_CURVE('',#6829,(#6834,#6845),.PCURVE_S1.);
#6829 = CIRCLE('',#6830,34.5);
#6830 = AXIS2_PLACEMENT_3D('',#6831,#6832,#6833);
#6831 = CARTESIAN_POINT('',(0.,3.,0.));
#6832 = DIRECTION('',(0.,-0.,-1.));
#6833 = DIRECTION('',(0.925000001631,0.379967099869,-0.));
#6834 = PCURVE('',#6587,#6835);
#6835 = DEFINITIONAL_REPRESENTATION('',(#6836),#6844);
#6836 = ( BOUNDED_CURVE() B_SPLINE_CURVE(2,(#6837,#6838,#6839,#6840,
#6841,#6842,#6843),.UNSPECIFIED.,.T.,.F.) B_SPLINE_CURVE_WITH_KNOTS((1,2
    ,2,2,2,1),(-2.094395102393,0.,2.094395102393,4.188790204786,
6.28318530718,8.377580409573),.UNSPECIFIED.) CURVE() 
GEOMETRIC_REPRESENTATION_ITEM() RATIONAL_B_SPLINE_CURVE((1.,0.5,1.,0.5,
1.,0.5,1.)) REPRESENTATION_ITEM('') );
#6837 = CARTESIAN_POINT('',(31.91250005685,16.09817505074));
#6838 = CARTESIAN_POINT('',(54.617720171977,-39.17589644325));
#6839 = CARTESIAN_POINT('',(-4.603639969986,-31.20215811447));
#6840 = CARTESIAN_POINT('',(-63.82500011194,-23.22841978569));
#6841 = CARTESIAN_POINT('',(-27.30886008511,24.071913379522));
#6842 = CARTESIAN_POINT('',(9.207279941723,71.372246544738));
#6843 = CARTESIAN_POINT('',(31.91250005685,16.09817505074));
#6844 = ( GEOMETRIC_REPRESENTATION_CONTEXT(2) 
PARAMETRIC_REPRESENTATION_CONTEXT() REPRESENTATION_CONTEXT('2D SPACE',''
  ) );
#6845 = PCURVE('',#6846,#6851);
#6846 = TOROIDAL_SURFACE('',#6847,34.5,1.5);
#6847 = AXIS2_PLACEMENT_3D('',#6848,#6849,#6850);
#6848 = CARTESIAN_POINT('',(0.,3.,1.5));
#6849 = DIRECTION('',(-0.,-0.,-1.));
#6850 = DIRECTION('',(0.925000001631,0.379967099869,-0.));
#6851 = DEFINITIONAL_REPRESENTATION('',(#6852),#6856);
#6852 = LINE('',#6853,#6854);
#6853 = CARTESIAN_POINT('',(0.,1.570796326795));
#6854 = VECTOR('',#6855,1.);
#6855 = DIRECTION('',(1.,0.));
#6856 = ( GEOMETRIC_REPRESENTATION_CONTEXT(2) 
PARAMETRIC_REPRESENTATION_CONTEXT() REPRESENTATION_CONTEXT('2D SPACE',''
  ) );
#6857 = ORIENTED_EDGE('',*,*,#6858,.F.);
#6858 = EDGE_CURVE('',#6859,#6826,#6861,.T.);
#6859 = VERTEX_POINT('',#6860);
#6860 = CARTESIAN_POINT('',(31.5,18.198683994758,-2.22044604925E-16));
#6861 = SURFACE_CURVE('',#6862,(#6867,#6874),.PCURVE_S1.);
#6862 = CIRCLE('',#6863,5.5);
#6863 = AXIS2_PLACEMENT_3D('',#6864,#6865,#6866);
#6864 = CARTESIAN_POINT('',(37.000000065237,18.198683994758,0.));
#6865 = DIRECTION('',(0.,0.,1.));
#6866 = DIRECTION('',(-1.,0.,0.));
#6867 = PCURVE('',#6587,#6868);
#6868 = DEFINITIONAL_REPRESENTATION('',(#6869),#6873);
#6869 = CIRCLE('',#6870,5.5);
#6870 = AXIS2_PLACEMENT_2D('',#6871,#6872);
#6871 = CARTESIAN_POINT('',(37.00000006582,18.187994100019));
#6872 = DIRECTION('',(-1.,0.));
#6873 = ( GEOMETRIC_REPRESENTATION_CONTEXT(2) 
PARAMETRIC_REPRESENTATION_CONTEXT() REPRESENTATION_CONTEXT('2D SPACE',''
  ) );
#6874 = PCURVE('',#6875,#6880);
#6875 = TOROIDAL_SURFACE('',#6876,5.5,1.5);
#6876 = AXIS2_PLACEMENT_3D('',#6877,#6878,#6879);
#6877 = CARTESIAN_POINT('',(37.000000065237,18.198683994758,1.5));
#6878 = DIRECTION('',(0.,0.,1.));
#6879 = DIRECTION('',(-1.,0.,0.));
#6880 = DEFINITIONAL_REPRESENTATION('',(#6881),#6885);
#6881 = LINE('',#6882,#6883);
#6882 = CARTESIAN_POINT('',(0.,4.712388980385));
#6883 = VECTOR('',#6884,1.);
#6884 = DIRECTION('',(1.,0.));
#6885 = ( GEOMETRIC_REPRESENTATION_CONTEXT(2) 
PARAMETRIC_REPRESENTATION_CONTEXT() REPRESENTATION_CONTEXT('2D SPACE',''
  ) );
#6886 = ORIENTED_EDGE('',*,*,#6887,.F.);
#6887 = EDGE_CURVE('',#6888,#6859,#6890,.T.);
#6888 = VERTEX_POINT('',#6889);
#6889 = CARTESIAN_POINT('',(31.5,62.999999995646,0.));
#6890 = SURFACE_CURVE('',#6891,(#6895,#6902),.PCURVE_S1.);
#6891 = LINE('',#6892,#6893);
#6892 = CARTESIAN_POINT('',(31.5,62.999999995646,-2.22044604925E-16));
#6893 = VECTOR('',#6894,1.);
#6894 = DIRECTION('',(-0.,-1.,-0.));
#6895 = PCURVE('',#6587,#6896);
#6896 = DEFINITIONAL_REPRESENTATION('',(#6897),#6901);
#6897 = LINE('',#6898,#6899);
#6898 = CARTESIAN_POINT('',(31.500000000584,62.989310100908));
#6899 = VECTOR('',#6900,1.);
#6900 = DIRECTION('',(0.,-1.));
#6901 = ( GEOMETRIC_REPRESENTATION_CONTEXT(2) 
PARAMETRIC_REPRESENTATION_CONTEXT() REPRESENTATION_CONTEXT('2D SPACE',''
  ) );
#6902 = PCURVE('',#6903,#6908);
#6903 = CYLINDRICAL_SURFACE('',#6904,1.5);
#6904 = AXIS2_PLACEMENT_3D('',#6905,#6906,#6907);
#6905 = CARTESIAN_POINT('',(31.5,62.999999995646,1.5));
#6906 = DIRECTION('',(-0.,-1.,-0.));
#6907 = DIRECTION('',(1.,-0.,0.));
#6908 = DEFINITIONAL_REPRESENTATION('',(#6909),#6913);
#6909 = LINE('',#6910,#6911);
#6910 = CARTESIAN_POINT('',(-1.570796326795,0.));
#6911 = VECTOR('',#6912,1.);
#6912 = DIRECTION('',(-0.,1.));
#6913 = ( GEOMETRIC_REPRESENTATION_CONTEXT(2) 
PARAMETRIC_REPRESENTATION_CONTEXT() REPRESENTATION_CONTEXT('2D SPACE',''
  ) );
#6914 = ORIENTED_EDGE('',*,*,#6915,.F.);
#6915 = EDGE_CURVE('',#6916,#6888,#6918,.T.);
#6916 = VERTEX_POINT('',#6917);
#6917 = CARTESIAN_POINT('',(29.,65.5,-2.22044604925E-16));
#6918 = SURFACE_CURVE('',#6919,(#6924,#6935),.PCURVE_S1.);
#6919 = CIRCLE('',#6920,2.5);
#6920 = AXIS2_PLACEMENT_3D('',#6921,#6922,#6923);
#6921 = CARTESIAN_POINT('',(29.,62.999999995646,0.));
#6922 = DIRECTION('',(0.,-0.,-1.));
#6923 = DIRECTION('',(0.,1.,-0.));
#6924 = PCURVE('',#6587,#6925);
#6925 = DEFINITIONAL_REPRESENTATION('',(#6926),#6934);
#6926 = ( BOUNDED_CURVE() B_SPLINE_CURVE(2,(#6927,#6928,#6929,#6930,
#6931,#6932,#6933),.UNSPECIFIED.,.T.,.F.) B_SPLINE_CURVE_WITH_KNOTS((1,2
    ,2,2,2,1),(-2.094395102393,0.,2.094395102393,4.188790204786,
6.28318530718,8.377580409573),.UNSPECIFIED.) CURVE() 
GEOMETRIC_REPRESENTATION_ITEM() RATIONAL_B_SPLINE_CURVE((1.,0.5,1.,0.5,
1.,0.5,1.)) REPRESENTATION_ITEM('') );
#6927 = CARTESIAN_POINT('',(29.000000000584,65.489310100908));
#6928 = CARTESIAN_POINT('',(33.330127019506,65.489310100908));
#6929 = CARTESIAN_POINT('',(31.165063510045,61.739310100908));
#6930 = CARTESIAN_POINT('',(29.000000000584,57.989310100908));
#6931 = CARTESIAN_POINT('',(26.834936491122,61.739310100908));
#6932 = CARTESIAN_POINT('',(24.669872981661,65.489310100908));
#6933 = CARTESIAN_POINT('',(29.000000000584,65.489310100908));
#6934 = ( GEOMETRIC_REPRESENTATION_CONTEXT(2) 
PARAMETRIC_REPRESENTATION_CONTEXT() REPRESENTATION_CONTEXT('2D SPACE',''
  ) );
#6935 = PCURVE('',#6936,#6941);
#6936 = TOROIDAL_SURFACE('',#6937,2.5,1.5);
#6937 = AXIS2_PLACEMENT_3D('',#6938,#6939,#6940);
#6938 = CARTESIAN_POINT('',(29.,62.999999995646,1.5));
#6939 = DIRECTION('',(-0.,-0.,-1.));
#6940 = DIRECTION('',(0.,1.,-0.));
#6941 = DEFINITIONAL_REPRESENTATION('',(#6942),#6946);
#6942 = LINE('',#6943,#6944);
#6943 = CARTESIAN_POINT('',(0.,1.570796326795));
#6944 = VECTOR('',#6945,1.);
#6945 = DIRECTION('',(1.,0.));
#6946 = ( GEOMETRIC_REPRESENTATION_CONTEXT(2) 
PARAMETRIC_REPRESENTATION_CONTEXT() REPRESENTATION_CONTEXT('2D SPACE',''
  ) );
#6947 = ORIENTED_EDGE('',*,*,#6948,.F.);
#6948 = EDGE_CURVE('',#6949,#6916,#6951,.T.);
#6949 = VERTEX_POINT('',#6950);
#6950 = CARTESIAN_POINT('',(-29.,65.499999995511,0.));
#6951 = SURFACE_CURVE('',#6952,(#6956,#6963),.PCURVE_S1.);
#6952 = LINE('',#6953,#6954);
#6953 = CARTESIAN_POINT('',(-29.,65.5,-2.22044604925E-16));
#6954 = VECTOR('',#6955,1.);
#6955 = DIRECTION('',(1.,0.,0.));
#6956 = PCURVE('',#6587,#6957);
#6957 = DEFINITIONAL_REPRESENTATION('',(#6958),#6962);
#6958 = LINE('',#6959,#6960);
#6959 = CARTESIAN_POINT('',(-28.99999999941,65.489310105262));
#6960 = VECTOR('',#6961,1.);
#6961 = DIRECTION('',(1.,0.));
#6962 = ( GEOMETRIC_REPRESENTATION_CONTEXT(2) 
PARAMETRIC_REPRESENTATION_CONTEXT() REPRESENTATION_CONTEXT('2D SPACE',''
  ) );
#6963 = PCURVE('',#6964,#6969);
#6964 = CYLINDRICAL_SURFACE('',#6965,1.5);
#6965 = AXIS2_PLACEMENT_3D('',#6966,#6967,#6968);
#6966 = CARTESIAN_POINT('',(-29.,65.5,1.5));
#6967 = DIRECTION('',(1.,0.,0.));
#6968 = DIRECTION('',(-0.,1.,0.));
#6969 = DEFINITIONAL_REPRESENTATION('',(#6970),#6974);
#6970 = LINE('',#6971,#6972);
#6971 = CARTESIAN_POINT('',(-1.570796326795,0.));
#6972 = VECTOR('',#6973,1.);
#6973 = DIRECTION('',(-0.,1.));
#6974 = ( GEOMETRIC_REPRESENTATION_CONTEXT(2) 
PARAMETRIC_REPRESENTATION_CONTEXT() REPRESENTATION_CONTEXT('2D SPACE',''
  ) );
#6975 = ORIENTED_EDGE('',*,*,#6976,.F.);
#6976 = EDGE_CURVE('',#6977,#6949,#6979,.T.);
#6977 = VERTEX_POINT('',#6978);
#6978 = CARTESIAN_POINT('',(-31.5,62.999999995511,-2.22044604925E-16));
#6979 = SURFACE_CURVE('',#6980,(#6985,#6996),.PCURVE_S1.);
#6980 = CIRCLE('',#6981,2.5);
#6981 = AXIS2_PLACEMENT_3D('',#6982,#6983,#6984);
#6982 = CARTESIAN_POINT('',(-29.,62.999999995511,0.));
#6983 = DIRECTION('',(-0.,0.,-1.));
#6984 = DIRECTION('',(-1.,0.,0.));
#6985 = PCURVE('',#6587,#6986);
#6986 = DEFINITIONAL_REPRESENTATION('',(#6987),#6995);
#6987 = ( BOUNDED_CURVE() B_SPLINE_CURVE(2,(#6988,#6989,#6990,#6991,
#6992,#6993,#6994),.UNSPECIFIED.,.T.,.F.) B_SPLINE_CURVE_WITH_KNOTS((1,2
    ,2,2,2,1),(-2.094395102393,0.,2.094395102393,4.188790204786,
6.28318530718,8.377580409573),.UNSPECIFIED.) CURVE() 
GEOMETRIC_REPRESENTATION_ITEM() RATIONAL_B_SPLINE_CURVE((1.,0.5,1.,0.5,
1.,0.5,1.)) REPRESENTATION_ITEM('') );
#6988 = CARTESIAN_POINT('',(-31.49999999941,62.989310100773));
#6989 = CARTESIAN_POINT('',(-31.49999999941,67.319437119695));
#6990 = CARTESIAN_POINT('',(-27.74999999941,65.154373610234));
#6991 = CARTESIAN_POINT('',(-23.99999999941,62.989310100773));
#6992 = CARTESIAN_POINT('',(-27.74999999941,60.824246591312));
#6993 = CARTESIAN_POINT('',(-31.49999999941,58.659183081851));
#6994 = CARTESIAN_POINT('',(-31.49999999941,62.989310100773));
#6995 = ( GEOMETRIC_REPRESENTATION_CONTEXT(2) 
PARAMETRIC_REPRESENTATION_CONTEXT() REPRESENTATION_CONTEXT('2D SPACE',''
  ) );
#6996 = PCURVE('',#6997,#7002);
#6997 = TOROIDAL_SURFACE('',#6998,2.5,1.5);
#6998 = AXIS2_PLACEMENT_3D('',#6999,#7000,#7001);
#6999 = CARTESIAN_POINT('',(-29.,62.999999995511,1.5));
#7000 = DIRECTION('',(-0.,-0.,-1.));
#7001 = DIRECTION('',(-1.,0.,0.));
#7002 = DEFINITIONAL_REPRESENTATION('',(#7003),#7007);
#7003 = LINE('',#7004,#7005);
#7004 = CARTESIAN_POINT('',(0.,1.570796326795));
#7005 = VECTOR('',#7006,1.);
#7006 = DIRECTION('',(1.,0.));
#7007 = ( GEOMETRIC_REPRESENTATION_CONTEXT(2) 
PARAMETRIC_REPRESENTATION_CONTEXT() REPRESENTATION_CONTEXT('2D SPACE',''
  ) );
#7008 = ORIENTED_EDGE('',*,*,#7009,.F.);
#7009 = EDGE_CURVE('',#7010,#6977,#7012,.T.);
#7010 = VERTEX_POINT('',#7011);
#7011 = CARTESIAN_POINT('',(-31.49999995763,18.198684256709,0.));
#7012 = SURFACE_CURVE('',#7013,(#7017,#7024),.PCURVE_S1.);
#7013 = LINE('',#7014,#7015);
#7014 = CARTESIAN_POINT('',(-31.5,18.198684256709,-2.22044604925E-16));
#7015 = VECTOR('',#7016,1.);
#7016 = DIRECTION('',(0.,1.,0.));
#7017 = PCURVE('',#6587,#7018);
#7018 = DEFINITIONAL_REPRESENTATION('',(#7019),#7023);
#7019 = LINE('',#7020,#7021);
#7020 = CARTESIAN_POINT('',(-31.49999999941,18.18799436197));
#7021 = VECTOR('',#7022,1.);
#7022 = DIRECTION('',(0.,1.));
#7023 = ( GEOMETRIC_REPRESENTATION_CONTEXT(2) 
PARAMETRIC_REPRESENTATION_CONTEXT() REPRESENTATION_CONTEXT('2D SPACE',''
  ) );
#7024 = PCURVE('',#7025,#7030);
#7025 = CYLINDRICAL_SURFACE('',#7026,1.5);
#7026 = AXIS2_PLACEMENT_3D('',#7027,#7028,#7029);
#7027 = CARTESIAN_POINT('',(-31.5,18.198684256709,1.5));
#7028 = DIRECTION('',(0.,1.,0.));
#7029 = DIRECTION('',(-1.,0.,0.));
#7030 = DEFINITIONAL_REPRESENTATION('',(#7031),#7035);
#7031 = LINE('',#7032,#7033);
#7032 = CARTESIAN_POINT('',(-1.570796326795,0.));
#7033 = VECTOR('',#7034,1.);
#7034 = DIRECTION('',(-0.,1.));
#7035 = ( GEOMETRIC_REPRESENTATION_CONTEXT(2) 
PARAMETRIC_REPRESENTATION_CONTEXT() REPRESENTATION_CONTEXT('2D SPACE',''
  ) );
#7036 = ORIENTED_EDGE('',*,*,#7037,.F.);
#7037 = EDGE_CURVE('',#7038,#7010,#7040,.T.);
#7038 = VERTEX_POINT('',#7039);
#7039 = CARTESIAN_POINT('',(-31.91249996345,16.108865171411,0.));
#7040 = SURFACE_CURVE('',#7041,(#7046,#7053),.PCURVE_S1.);
#7041 = CIRCLE('',#7042,5.5);
#7042 = AXIS2_PLACEMENT_3D('',#7043,#7044,#7045);
#7043 = CARTESIAN_POINT('',(-36.99999995763,18.198684256709,0.));
#7044 = DIRECTION('',(0.,0.,1.));
#7045 = DIRECTION('',(0.924999998941,-0.379967106418,0.));
#7046 = PCURVE('',#6587,#7047);
#7047 = DEFINITIONAL_REPRESENTATION('',(#7048),#7052);
#7048 = CIRCLE('',#7049,5.5);
#7049 = AXIS2_PLACEMENT_2D('',#7050,#7051);
#7050 = CARTESIAN_POINT('',(-36.99999995705,18.18799436197));
#7051 = DIRECTION('',(0.924999998941,-0.379967106418));
#7052 = ( GEOMETRIC_REPRESENTATION_CONTEXT(2) 
PARAMETRIC_REPRESENTATION_CONTEXT() REPRESENTATION_CONTEXT('2D SPACE',''
  ) );
#7053 = PCURVE('',#7054,#7059);
#7054 = TOROIDAL_SURFACE('',#7055,5.5,1.5);
#7055 = AXIS2_PLACEMENT_3D('',#7056,#7057,#7058);
#7056 = CARTESIAN_POINT('',(-36.99999995763,18.198684256709,1.5));
#7057 = DIRECTION('',(0.,0.,1.));
#7058 = DIRECTION('',(0.924999998941,-0.379967106418,0.));
#7059 = DEFINITIONAL_REPRESENTATION('',(#7060),#7064);
#7060 = LINE('',#7061,#7062);
#7061 = CARTESIAN_POINT('',(0.,4.712388980385));
#7062 = VECTOR('',#7063,1.);
#7063 = DIRECTION('',(1.,0.));
#7064 = ( GEOMETRIC_REPRESENTATION_CONTEXT(2) 
PARAMETRIC_REPRESENTATION_CONTEXT() REPRESENTATION_CONTEXT('2D SPACE',''
  ) );
#7065 = ORIENTED_EDGE('',*,*,#7066,.F.);
#7066 = EDGE_CURVE('',#7067,#7038,#7069,.T.);
#7067 = VERTEX_POINT('',#7068);
#7068 = CARTESIAN_POINT('',(-31.91250000109,-10.10886507978,0.));
#7069 = SURFACE_CURVE('',#7070,(#7075,#7086),.PCURVE_S1.);
#7070 = CIRCLE('',#7071,34.5);
#7071 = AXIS2_PLACEMENT_3D('',#7072,#7073,#7074);
#7072 = CARTESIAN_POINT('',(0.,3.,0.));
#7073 = DIRECTION('',(-0.,0.,-1.));
#7074 = DIRECTION('',(-0.925000000032,-0.379967103762,0.));
#7075 = PCURVE('',#6587,#7076);
#7076 = DEFINITIONAL_REPRESENTATION('',(#7077),#7085);
#7077 = ( BOUNDED_CURVE() B_SPLINE_CURVE(2,(#7078,#7079,#7080,#7081,
#7082,#7083,#7084),.UNSPECIFIED.,.T.,.F.) B_SPLINE_CURVE_WITH_KNOTS((1,2
    ,2,2,2,1),(-2.094395102393,0.,2.094395102393,4.188790204786,
6.28318530718,8.377580409573),.UNSPECIFIED.) CURVE() 
GEOMETRIC_REPRESENTATION_ITEM() RATIONAL_B_SPLINE_CURVE((1.,0.5,1.,0.5,
1.,0.5,1.)) REPRESENTATION_ITEM('') );
#7078 = CARTESIAN_POINT('',(-31.91250000051,-10.11955497452));
#7079 = CARTESIAN_POINT('',(-54.61772034826,45.154516423914));
#7080 = CARTESIAN_POINT('',(4.603639827253,37.180778344375));
#7081 = CARTESIAN_POINT('',(63.825000002775,29.207040264836));
#7082 = CARTESIAN_POINT('',(27.30886017501,-18.09329305406));
#7083 = CARTESIAN_POINT('',(-9.207279652755,-65.39362637296));
#7084 = CARTESIAN_POINT('',(-31.91250000051,-10.11955497452));
#7085 = ( GEOMETRIC_REPRESENTATION_CONTEXT(2) 
PARAMETRIC_REPRESENTATION_CONTEXT() REPRESENTATION_CONTEXT('2D SPACE',''
  ) );
#7086 = PCURVE('',#7087,#7092);
#7087 = TOROIDAL_SURFACE('',#7088,34.5,1.5);
#7088 = AXIS2_PLACEMENT_3D('',#7089,#7090,#7091);
#7089 = CARTESIAN_POINT('',(0.,3.,1.5));
#7090 = DIRECTION('',(-0.,-0.,-1.));
#7091 = DIRECTION('',(-0.925000000032,-0.379967103762,0.));
#7092 = DEFINITIONAL_REPRESENTATION('',(#7093),#7097);
#7093 = LINE('',#7094,#7095);
#7094 = CARTESIAN_POINT('',(0.,1.570796326795));
#7095 = VECTOR('',#7096,1.);
#7096 = DIRECTION('',(1.,0.));
#7097 = ( GEOMETRIC_REPRESENTATION_CONTEXT(2) 
PARAMETRIC_REPRESENTATION_CONTEXT() REPRESENTATION_CONTEXT('2D SPACE',''
  ) );
#7098 = ORIENTED_EDGE('',*,*,#7099,.F.);
#7099 = EDGE_CURVE('',#6647,#7067,#7100,.T.);
#7100 = SURFACE_CURVE('',#7101,(#7106,#7113),.PCURVE_S1.);
#7101 = CIRCLE('',#7102,5.5);
#7102 = AXIS2_PLACEMENT_3D('',#7103,#7104,#7105);
#7103 = CARTESIAN_POINT('',(-37.00000000127,-12.19868415047,0.));
#7104 = DIRECTION('',(0.,0.,1.));
#7105 = DIRECTION('',(1.,0.,-0.));
#7106 = PCURVE('',#6587,#7107);
#7107 = DEFINITIONAL_REPRESENTATION('',(#7108),#7112);
#7108 = CIRCLE('',#7109,5.5);
#7109 = AXIS2_PLACEMENT_2D('',#7110,#7111);
#7110 = CARTESIAN_POINT('',(-37.00000000068,-12.20937404521));
#7111 = DIRECTION('',(1.,0.));
#7112 = ( GEOMETRIC_REPRESENTATION_CONTEXT(2) 
PARAMETRIC_REPRESENTATION_CONTEXT() REPRESENTATION_CONTEXT('2D SPACE',''
  ) );
#7113 = PCURVE('',#7114,#7119);
#7114 = TOROIDAL_SURFACE('',#7115,5.5,1.5);
#7115 = AXIS2_PLACEMENT_3D('',#7116,#7117,#7118);
#7116 = CARTESIAN_POINT('',(-37.00000000127,-12.19868415047,1.5));
#7117 = DIRECTION('',(0.,0.,1.));
#7118 = DIRECTION('',(1.,0.,-0.));
#7119 = DEFINITIONAL_REPRESENTATION('',(#7120),#7124);
#7120 = LINE('',#7121,#7122);
#7121 = CARTESIAN_POINT('',(0.,4.712388980385));
#7122 = VECTOR('',#7123,1.);
#7123 = DIRECTION('',(1.,0.));
#7124 = ( GEOMETRIC_REPRESENTATION_CONTEXT(2) 
PARAMETRIC_REPRESENTATION_CONTEXT() REPRESENTATION_CONTEXT('2D SPACE',''
  ) );
#7125 = FACE_BOUND('',#7126,.F.);
#7126 = EDGE_LOOP('',(#7127,#7150,#7178,#7199,#7225,#7226,#7254,#7275));
#7127 = ORIENTED_EDGE('',*,*,#7128,.F.);
#7128 = EDGE_CURVE('',#7129,#7131,#7133,.T.);
#7129 = VERTEX_POINT('',#7130);
#7130 = CARTESIAN_POINT('',(-24.35,42.1,0.));
#7131 = VERTEX_POINT('',#7132);
#7132 = CARTESIAN_POINT('',(-24.35,37.9,0.));
#7133 = SURFACE_CURVE('',#7134,(#7138,#7144),.PCURVE_S1.);
#7134 = LINE('',#7135,#7136);
#7135 = CARTESIAN_POINT('',(-24.34999998863,18.955344947369,0.));
#7136 = VECTOR('',#7137,1.);
#7137 = DIRECTION('',(0.,-1.,0.));
#7138 = PCURVE('',#6587,#7139);
#7139 = DEFINITIONAL_REPRESENTATION('',(#7140),#7143);
#7140 = B_SPLINE_CURVE_WITH_KNOTS('',1,(#7141,#7142),.UNSPECIFIED.,.F.,
  .F.,(2,2),(-23.14465505263,-18.94465505263),.PIECEWISE_BEZIER_KNOTS.);
#7141 = CARTESIAN_POINT('',(-24.34999998805,42.089310105262));
#7142 = CARTESIAN_POINT('',(-24.34999998805,37.889310105262));
#7143 = ( GEOMETRIC_REPRESENTATION_CONTEXT(2) 
PARAMETRIC_REPRESENTATION_CONTEXT() REPRESENTATION_CONTEXT('2D SPACE',''
  ) );
#7144 = PCURVE('',#6165,#7145);
#7145 = DEFINITIONAL_REPRESENTATION('',(#7146),#7149);
#7146 = B_SPLINE_CURVE_WITH_KNOTS('',1,(#7147,#7148),.UNSPECIFIED.,.F.,
  .F.,(2,2),(-23.14465505263,-18.94465505263),.PIECEWISE_BEZIER_KNOTS.);
#7147 = CARTESIAN_POINT('',(4.2,-5.E-02));
#7148 = CARTESIAN_POINT('',(0.,-5.E-02));
#7149 = ( GEOMETRIC_REPRESENTATION_CONTEXT(2) 
PARAMETRIC_REPRESENTATION_CONTEXT() REPRESENTATION_CONTEXT('2D SPACE',''
  ) );
#7150 = ORIENTED_EDGE('',*,*,#7151,.T.);
#7151 = EDGE_CURVE('',#7129,#7152,#7154,.T.);
#7152 = VERTEX_POINT('',#7153);
#7153 = CARTESIAN_POINT('',(-22.35000001136,44.1,0.));
#7154 = SURFACE_CURVE('',#7155,(#7160,#7171),.PCURVE_S1.);
#7155 = CIRCLE('',#7156,2.);
#7156 = AXIS2_PLACEMENT_3D('',#7157,#7158,#7159);
#7157 = CARTESIAN_POINT('',(-22.35000001136,42.1,0.));
#7158 = DIRECTION('',(0.,0.,-1.));
#7159 = DIRECTION('',(-1.,0.,0.));
#7160 = PCURVE('',#6587,#7161);
#7161 = DEFINITIONAL_REPRESENTATION('',(#7162),#7170);
#7162 = ( BOUNDED_CURVE() B_SPLINE_CURVE(2,(#7163,#7164,#7165,#7166,
#7167,#7168,#7169),.UNSPECIFIED.,.T.,.F.) B_SPLINE_CURVE_WITH_KNOTS((1,2
    ,2,2,2,1),(-2.094395102393,0.,2.094395102393,4.188790204786,
6.28318530718,8.377580409573),.UNSPECIFIED.) CURVE() 
GEOMETRIC_REPRESENTATION_ITEM() RATIONAL_B_SPLINE_CURVE((1.,0.5,1.,0.5,
1.,0.5,1.)) REPRESENTATION_ITEM('') );
#7163 = CARTESIAN_POINT('',(-24.35000001078,42.089310105262));
#7164 = CARTESIAN_POINT('',(-24.35000001078,45.5534117204));
#7165 = CARTESIAN_POINT('',(-21.35000001078,43.821360912831));
#7166 = CARTESIAN_POINT('',(-18.35000001078,42.089310105262));
#7167 = CARTESIAN_POINT('',(-21.35000001078,40.357259297693));
#7168 = CARTESIAN_POINT('',(-24.35000001078,38.625208490124));
#7169 = CARTESIAN_POINT('',(-24.35000001078,42.089310105262));
#7170 = ( GEOMETRIC_REPRESENTATION_CONTEXT(2) 
PARAMETRIC_REPRESENTATION_CONTEXT() REPRESENTATION_CONTEXT('2D SPACE',''
  ) );
#7171 = PCURVE('',#6379,#7172);
#7172 = DEFINITIONAL_REPRESENTATION('',(#7173),#7177);
#7173 = LINE('',#7174,#7175);
#7174 = CARTESIAN_POINT('',(0.,-5.E-02));
#7175 = VECTOR('',#7176,1.);
#7176 = DIRECTION('',(1.,0.));
#7177 = ( GEOMETRIC_REPRESENTATION_CONTEXT(2) 
PARAMETRIC_REPRESENTATION_CONTEXT() REPRESENTATION_CONTEXT('2D SPACE',''
  ) );
#7178 = ORIENTED_EDGE('',*,*,#7179,.F.);
#7179 = EDGE_CURVE('',#7180,#7152,#7182,.T.);
#7180 = VERTEX_POINT('',#7181);
#7181 = CARTESIAN_POINT('',(-20.65000001397,44.1,0.));
#7182 = SURFACE_CURVE('',#7183,(#7187,#7193),.PCURVE_S1.);
#7183 = LINE('',#7184,#7185);
#7184 = CARTESIAN_POINT('',(-11.17500000597,44.1,0.));
#7185 = VECTOR('',#7186,1.);
#7186 = DIRECTION('',(-1.,0.,0.));
#7187 = PCURVE('',#6587,#7188);
#7188 = DEFINITIONAL_REPRESENTATION('',(#7189),#7192);
#7189 = B_SPLINE_CURVE_WITH_KNOTS('',1,(#7190,#7191),.UNSPECIFIED.,.F.,
  .F.,(2,2),(9.475000008,11.17500000539),.PIECEWISE_BEZIER_KNOTS.);
#7190 = CARTESIAN_POINT('',(-20.65000001339,44.089310105262));
#7191 = CARTESIAN_POINT('',(-22.35000001078,44.089310105262));
#7192 = ( GEOMETRIC_REPRESENTATION_CONTEXT(2) 
PARAMETRIC_REPRESENTATION_CONTEXT() REPRESENTATION_CONTEXT('2D SPACE',''
  ) );
#7193 = PCURVE('',#6348,#7194);
#7194 = DEFINITIONAL_REPRESENTATION('',(#7195),#7198);
#7195 = B_SPLINE_CURVE_WITH_KNOTS('',1,(#7196,#7197),.UNSPECIFIED.,.F.,
  .F.,(2,2),(9.475000008,11.17500000539),.PIECEWISE_BEZIER_KNOTS.);
#7196 = CARTESIAN_POINT('',(1.69999999739,-5.E-02));
#7197 = CARTESIAN_POINT('',(0.,-5.E-02));
#7198 = ( GEOMETRIC_REPRESENTATION_CONTEXT(2) 
PARAMETRIC_REPRESENTATION_CONTEXT() REPRESENTATION_CONTEXT('2D SPACE',''
  ) );
#7199 = ORIENTED_EDGE('',*,*,#7200,.T.);
#7200 = EDGE_CURVE('',#7180,#6571,#7201,.T.);
#7201 = SURFACE_CURVE('',#7202,(#7207,#7218),.PCURVE_S1.);
#7202 = CIRCLE('',#7203,2.);
#7203 = AXIS2_PLACEMENT_3D('',#7204,#7205,#7206);
#7204 = CARTESIAN_POINT('',(-20.65000001397,42.1,0.));
#7205 = DIRECTION('',(0.,0.,-1.));
#7206 = DIRECTION('',(-1.,0.,0.));
#7207 = PCURVE('',#6587,#7208);
#7208 = DEFINITIONAL_REPRESENTATION('',(#7209),#7217);
#7209 = ( BOUNDED_CURVE() B_SPLINE_CURVE(2,(#7210,#7211,#7212,#7213,
#7214,#7215,#7216),.UNSPECIFIED.,.T.,.F.) B_SPLINE_CURVE_WITH_KNOTS((1,2
    ,2,2,2,1),(-2.094395102393,0.,2.094395102393,4.188790204786,
6.28318530718,8.377580409573),.UNSPECIFIED.) CURVE() 
GEOMETRIC_REPRESENTATION_ITEM() RATIONAL_B_SPLINE_CURVE((1.,0.5,1.,0.5,
1.,0.5,1.)) REPRESENTATION_ITEM('') );
#7210 = CARTESIAN_POINT('',(-22.65000001339,42.089310105262));
#7211 = CARTESIAN_POINT('',(-22.65000001339,45.5534117204));
#7212 = CARTESIAN_POINT('',(-19.65000001339,43.821360912831));
#7213 = CARTESIAN_POINT('',(-16.65000001339,42.089310105262));
#7214 = CARTESIAN_POINT('',(-19.65000001339,40.357259297693));
#7215 = CARTESIAN_POINT('',(-22.65000001339,38.625208490124));
#7216 = CARTESIAN_POINT('',(-22.65000001339,42.089310105262));
#7217 = ( GEOMETRIC_REPRESENTATION_CONTEXT(2) 
PARAMETRIC_REPRESENTATION_CONTEXT() REPRESENTATION_CONTEXT('2D SPACE',''
  ) );
#7218 = PCURVE('',#6320,#7219);
#7219 = DEFINITIONAL_REPRESENTATION('',(#7220),#7224);
#7220 = LINE('',#7221,#7222);
#7221 = CARTESIAN_POINT('',(0.,-5.E-02));
#7222 = VECTOR('',#7223,1.);
#7223 = DIRECTION('',(1.,0.));
#7224 = ( GEOMETRIC_REPRESENTATION_CONTEXT(2) 
PARAMETRIC_REPRESENTATION_CONTEXT() REPRESENTATION_CONTEXT('2D SPACE',''
  ) );
#7225 = ORIENTED_EDGE('',*,*,#6570,.T.);
#7226 = ORIENTED_EDGE('',*,*,#7227,.T.);
#7227 = EDGE_CURVE('',#6573,#7228,#7230,.T.);
#7228 = VERTEX_POINT('',#7229);
#7229 = CARTESIAN_POINT('',(-20.65000001397,35.9,0.));
#7230 = SURFACE_CURVE('',#7231,(#7236,#7247),.PCURVE_S1.);
#7231 = CIRCLE('',#7232,2.);
#7232 = AXIS2_PLACEMENT_3D('',#7233,#7234,#7235);
#7233 = CARTESIAN_POINT('',(-20.65000001397,37.9,0.));
#7234 = DIRECTION('',(0.,0.,-1.));
#7235 = DIRECTION('',(-1.,0.,0.));
#7236 = PCURVE('',#6587,#7237);
#7237 = DEFINITIONAL_REPRESENTATION('',(#7238),#7246);
#7238 = ( BOUNDED_CURVE() B_SPLINE_CURVE(2,(#7239,#7240,#7241,#7242,
#7243,#7244,#7245),.UNSPECIFIED.,.T.,.F.) B_SPLINE_CURVE_WITH_KNOTS((1,2
    ,2,2,2,1),(-2.094395102393,0.,2.094395102393,4.188790204786,
6.28318530718,8.377580409573),.UNSPECIFIED.) CURVE() 
GEOMETRIC_REPRESENTATION_ITEM() RATIONAL_B_SPLINE_CURVE((1.,0.5,1.,0.5,
1.,0.5,1.)) REPRESENTATION_ITEM('') );
#7239 = CARTESIAN_POINT('',(-22.65000001339,37.889310105262));
#7240 = CARTESIAN_POINT('',(-22.65000001339,41.3534117204));
#7241 = CARTESIAN_POINT('',(-19.65000001339,39.621360912831));
#7242 = CARTESIAN_POINT('',(-16.65000001339,37.889310105262));
#7243 = CARTESIAN_POINT('',(-19.65000001339,36.157259297693));
#7244 = CARTESIAN_POINT('',(-22.65000001339,34.425208490124));
#7245 = CARTESIAN_POINT('',(-22.65000001339,37.889310105262));
#7246 = ( GEOMETRIC_REPRESENTATION_CONTEXT(2) 
PARAMETRIC_REPRESENTATION_CONTEXT() REPRESENTATION_CONTEXT('2D SPACE',''
  ) );
#7247 = PCURVE('',#6259,#7248);
#7248 = DEFINITIONAL_REPRESENTATION('',(#7249),#7253);
#7249 = LINE('',#7250,#7251);
#7250 = CARTESIAN_POINT('',(0.,-5.E-02));
#7251 = VECTOR('',#7252,1.);
#7252 = DIRECTION('',(1.,0.));
#7253 = ( GEOMETRIC_REPRESENTATION_CONTEXT(2) 
PARAMETRIC_REPRESENTATION_CONTEXT() REPRESENTATION_CONTEXT('2D SPACE',''
  ) );
#7254 = ORIENTED_EDGE('',*,*,#7255,.T.);
#7255 = EDGE_CURVE('',#7228,#7256,#7258,.T.);
#7256 = VERTEX_POINT('',#7257);
#7257 = CARTESIAN_POINT('',(-22.35000001136,35.9,0.));
#7258 = SURFACE_CURVE('',#7259,(#7263,#7269),.PCURVE_S1.);
#7259 = LINE('',#7260,#7261);
#7260 = CARTESIAN_POINT('',(-11.17500000597,35.9,0.));
#7261 = VECTOR('',#7262,1.);
#7262 = DIRECTION('',(-1.,0.,0.));
#7263 = PCURVE('',#6587,#7264);
#7264 = DEFINITIONAL_REPRESENTATION('',(#7265),#7268);
#7265 = B_SPLINE_CURVE_WITH_KNOTS('',1,(#7266,#7267),.UNSPECIFIED.,.F.,
  .F.,(2,2),(9.475000008,11.17500000539),.PIECEWISE_BEZIER_KNOTS.);
#7266 = CARTESIAN_POINT('',(-20.65000001339,35.889310105262));
#7267 = CARTESIAN_POINT('',(-22.35000001078,35.889310105262));
#7268 = ( GEOMETRIC_REPRESENTATION_CONTEXT(2) 
PARAMETRIC_REPRESENTATION_CONTEXT() REPRESENTATION_CONTEXT('2D SPACE',''
  ) );
#7269 = PCURVE('',#6226,#7270);
#7270 = DEFINITIONAL_REPRESENTATION('',(#7271),#7274);
#7271 = B_SPLINE_CURVE_WITH_KNOTS('',1,(#7272,#7273),.UNSPECIFIED.,.F.,
  .F.,(2,2),(9.475000008,11.17500000539),.PIECEWISE_BEZIER_KNOTS.);
#7272 = CARTESIAN_POINT('',(1.69999999739,-5.E-02));
#7273 = CARTESIAN_POINT('',(0.,-5.E-02));
#7274 = ( GEOMETRIC_REPRESENTATION_CONTEXT(2) 
PARAMETRIC_REPRESENTATION_CONTEXT() REPRESENTATION_CONTEXT('2D SPACE',''
  ) );
#7275 = ORIENTED_EDGE('',*,*,#7276,.T.);
#7276 = EDGE_CURVE('',#7256,#7131,#7277,.T.);
#7277 = SURFACE_CURVE('',#7278,(#7283,#7294),.PCURVE_S1.);
#7278 = CIRCLE('',#7279,2.);
#7279 = AXIS2_PLACEMENT_3D('',#7280,#7281,#7282);
#7280 = CARTESIAN_POINT('',(-22.35000001136,37.9,0.));
#7281 = DIRECTION('',(0.,0.,-1.));
#7282 = DIRECTION('',(-1.,0.,0.));
#7283 = PCURVE('',#6587,#7284);
#7284 = DEFINITIONAL_REPRESENTATION('',(#7285),#7293);
#7285 = ( BOUNDED_CURVE() B_SPLINE_CURVE(2,(#7286,#7287,#7288,#7289,
#7290,#7291,#7292),.UNSPECIFIED.,.T.,.F.) B_SPLINE_CURVE_WITH_KNOTS((1,2
    ,2,2,2,1),(-2.094395102393,0.,2.094395102393,4.188790204786,
6.28318530718,8.377580409573),.UNSPECIFIED.) CURVE() 
GEOMETRIC_REPRESENTATION_ITEM() RATIONAL_B_SPLINE_CURVE((1.,0.5,1.,0.5,
1.,0.5,1.)) REPRESENTATION_ITEM('') );
#7286 = CARTESIAN_POINT('',(-24.35000001078,37.889310105262));
#7287 = CARTESIAN_POINT('',(-24.35000001078,41.3534117204));
#7288 = CARTESIAN_POINT('',(-21.35000001078,39.621360912831));
#7289 = CARTESIAN_POINT('',(-18.35000001078,37.889310105262));
#7290 = CARTESIAN_POINT('',(-21.35000001078,36.157259297693));
#7291 = CARTESIAN_POINT('',(-24.35000001078,34.425208490124));
#7292 = CARTESIAN_POINT('',(-24.35000001078,37.889310105262));
#7293 = ( GEOMETRIC_REPRESENTATION_CONTEXT(2) 
PARAMETRIC_REPRESENTATION_CONTEXT() REPRESENTATION_CONTEXT('2D SPACE',''
  ) );
#7294 = PCURVE('',#6198,#7295);
#7295 = DEFINITIONAL_REPRESENTATION('',(#7296),#7300);
#7296 = LINE('',#7297,#7298);
#7297 = CARTESIAN_POINT('',(0.,-5.E-02));
#7298 = VECTOR('',#7299,1.);
#7299 = DIRECTION('',(1.,0.));
#7300 = ( GEOMETRIC_REPRESENTATION_CONTEXT(2) 
PARAMETRIC_REPRESENTATION_CONTEXT() REPRESENTATION_CONTEXT('2D SPACE',''
  ) );
#7301 = ADVANCED_FACE('',(#7302),#6903,.T.);
#7302 = FACE_BOUND('',#7303,.F.);
#7303 = EDGE_LOOP('',(#7304,#7326,#7327,#7349));
#7304 = ORIENTED_EDGE('',*,*,#7305,.T.);
#7305 = EDGE_CURVE('',#7306,#6888,#7308,.T.);
#7306 = VERTEX_POINT('',#7307);
#7307 = CARTESIAN_POINT('',(33.,62.999999995646,1.5));
#7308 = SURFACE_CURVE('',#7309,(#7314,#7320),.PCURVE_S1.);
#7309 = CIRCLE('',#7310,1.5);
#7310 = AXIS2_PLACEMENT_3D('',#7311,#7312,#7313);
#7311 = CARTESIAN_POINT('',(31.5,62.999999995646,1.5));
#7312 = DIRECTION('',(-6.123233995737E-17,1.,0.));
#7313 = DIRECTION('',(1.,6.123233995737E-17,0.));
#7314 = PCURVE('',#6903,#7315);
#7315 = DEFINITIONAL_REPRESENTATION('',(#7316),#7319);
#7316 = B_SPLINE_CURVE_WITH_KNOTS('',1,(#7317,#7318),.UNSPECIFIED.,.F.,
  .F.,(2,2),(0.,1.570796326795),.PIECEWISE_BEZIER_KNOTS.);
#7317 = CARTESIAN_POINT('',(0.,0.));
#7318 = CARTESIAN_POINT('',(-1.570796326795,0.));
#7319 = ( GEOMETRIC_REPRESENTATION_CONTEXT(2) 
PARAMETRIC_REPRESENTATION_CONTEXT() REPRESENTATION_CONTEXT('2D SPACE',''
  ) );
#7320 = PCURVE('',#6936,#7321);
#7321 = DEFINITIONAL_REPRESENTATION('',(#7322),#7325);
#7322 = B_SPLINE_CURVE_WITH_KNOTS('',1,(#7323,#7324),.UNSPECIFIED.,.F.,
  .F.,(2,2),(0.,1.570796326795),.PIECEWISE_BEZIER_KNOTS.);
#7323 = CARTESIAN_POINT('',(1.570796326795,0.));
#7324 = CARTESIAN_POINT('',(1.570796326795,1.570796326795));
#7325 = ( GEOMETRIC_REPRESENTATION_CONTEXT(2) 
PARAMETRIC_REPRESENTATION_CONTEXT() REPRESENTATION_CONTEXT('2D SPACE',''
  ) );
#7326 = ORIENTED_EDGE('',*,*,#6887,.T.);
#7327 = ORIENTED_EDGE('',*,*,#7328,.F.);
#7328 = EDGE_CURVE('',#7329,#6859,#7331,.T.);
#7329 = VERTEX_POINT('',#7330);
#7330 = CARTESIAN_POINT('',(33.,18.198683994758,1.5));
#7331 = SURFACE_CURVE('',#7332,(#7337,#7343),.PCURVE_S1.);
#7332 = CIRCLE('',#7333,1.5);
#7333 = AXIS2_PLACEMENT_3D('',#7334,#7335,#7336);
#7334 = CARTESIAN_POINT('',(31.5,18.198683994758,1.5));
#7335 = DIRECTION('',(0.,1.,0.));
#7336 = DIRECTION('',(1.,-0.,0.));
#7337 = PCURVE('',#6903,#7338);
#7338 = DEFINITIONAL_REPRESENTATION('',(#7339),#7342);
#7339 = B_SPLINE_CURVE_WITH_KNOTS('',1,(#7340,#7341),.UNSPECIFIED.,.F.,
  .F.,(2,2),(0.,1.570796326795),.PIECEWISE_BEZIER_KNOTS.);
#7340 = CARTESIAN_POINT('',(0.,44.801316000889));
#7341 = CARTESIAN_POINT('',(-1.570796326795,44.801316000889));
#7342 = ( GEOMETRIC_REPRESENTATION_CONTEXT(2) 
PARAMETRIC_REPRESENTATION_CONTEXT() REPRESENTATION_CONTEXT('2D SPACE',''
  ) );
#7343 = PCURVE('',#6875,#7344);
#7344 = DEFINITIONAL_REPRESENTATION('',(#7345),#7348);
#7345 = B_SPLINE_CURVE_WITH_KNOTS('',1,(#7346,#7347),.UNSPECIFIED.,.F.,
  .F.,(2,2),(0.,1.570796326795),.PIECEWISE_BEZIER_KNOTS.);
#7346 = CARTESIAN_POINT('',(8.881784197001E-16,3.14159265359));
#7347 = CARTESIAN_POINT('',(8.881784197001E-16,4.712388980385));
#7348 = ( GEOMETRIC_REPRESENTATION_CONTEXT(2) 
PARAMETRIC_REPRESENTATION_CONTEXT() REPRESENTATION_CONTEXT('2D SPACE',''
  ) );
#7349 = ORIENTED_EDGE('',*,*,#7350,.F.);
#7350 = EDGE_CURVE('',#7306,#7329,#7351,.T.);
#7351 = SURFACE_CURVE('',#7352,(#7356,#7363),.PCURVE_S1.);
#7352 = LINE('',#7353,#7354);
#7353 = CARTESIAN_POINT('',(33.,62.999999995646,1.5));
#7354 = VECTOR('',#7355,1.);
#7355 = DIRECTION('',(-0.,-1.,-0.));
#7356 = PCURVE('',#6903,#7357);
#7357 = DEFINITIONAL_REPRESENTATION('',(#7358),#7362);
#7358 = LINE('',#7359,#7360);
#7359 = CARTESIAN_POINT('',(-0.,0.));
#7360 = VECTOR('',#7361,1.);
#7361 = DIRECTION('',(-0.,1.));
#7362 = ( GEOMETRIC_REPRESENTATION_CONTEXT(2) 
PARAMETRIC_REPRESENTATION_CONTEXT() REPRESENTATION_CONTEXT('2D SPACE',''
  ) );
#7363 = PCURVE('',#523,#7364);
#7364 = DEFINITIONAL_REPRESENTATION('',(#7365),#7369);
#7365 = LINE('',#7366,#7367);
#7366 = CARTESIAN_POINT('',(44.801316000889,-1.5));
#7367 = VECTOR('',#7368,1.);
#7368 = DIRECTION('',(-1.,0.));
#7369 = ( GEOMETRIC_REPRESENTATION_CONTEXT(2) 
PARAMETRIC_REPRESENTATION_CONTEXT() REPRESENTATION_CONTEXT('2D SPACE',''
  ) );
#7370 = ADVANCED_FACE('',(#7371),#6936,.T.);
#7371 = FACE_BOUND('',#7372,.T.);
#7372 = EDGE_LOOP('',(#7373,#7395,#7417,#7418));
#7373 = ORIENTED_EDGE('',*,*,#7374,.F.);
#7374 = EDGE_CURVE('',#7375,#6916,#7377,.T.);
#7375 = VERTEX_POINT('',#7376);
#7376 = CARTESIAN_POINT('',(29.,67.,1.5));
#7377 = SURFACE_CURVE('',#7378,(#7383,#7389),.PCURVE_S1.);
#7378 = CIRCLE('',#7379,1.5);
#7379 = AXIS2_PLACEMENT_3D('',#7380,#7381,#7382);
#7380 = CARTESIAN_POINT('',(29.,65.5,1.5));
#7381 = DIRECTION('',(-1.,0.,-0.));
#7382 = DIRECTION('',(-0.,1.,0.));
#7383 = PCURVE('',#6936,#7384);
#7384 = DEFINITIONAL_REPRESENTATION('',(#7385),#7388);
#7385 = B_SPLINE_CURVE_WITH_KNOTS('',1,(#7386,#7387),.UNSPECIFIED.,.F.,
  .F.,(2,2),(0.,1.570796326795),.PIECEWISE_BEZIER_KNOTS.);
#7386 = CARTESIAN_POINT('',(0.,0.));
#7387 = CARTESIAN_POINT('',(0.,1.570796326795));
#7388 = ( GEOMETRIC_REPRESENTATION_CONTEXT(2) 
PARAMETRIC_REPRESENTATION_CONTEXT() REPRESENTATION_CONTEXT('2D SPACE',''
  ) );
#7389 = PCURVE('',#6964,#7390);
#7390 = DEFINITIONAL_REPRESENTATION('',(#7391),#7394);
#7391 = B_SPLINE_CURVE_WITH_KNOTS('',1,(#7392,#7393),.UNSPECIFIED.,.F.,
  .F.,(2,2),(0.,1.570796326795),.PIECEWISE_BEZIER_KNOTS.);
#7392 = CARTESIAN_POINT('',(0.,58.));
#7393 = CARTESIAN_POINT('',(-1.570796326795,58.));
#7394 = ( GEOMETRIC_REPRESENTATION_CONTEXT(2) 
PARAMETRIC_REPRESENTATION_CONTEXT() REPRESENTATION_CONTEXT('2D SPACE',''
  ) );
#7395 = ORIENTED_EDGE('',*,*,#7396,.T.);
#7396 = EDGE_CURVE('',#7375,#7306,#7397,.T.);
#7397 = SURFACE_CURVE('',#7398,(#7403,#7410),.PCURVE_S1.);
#7398 = CIRCLE('',#7399,4.);
#7399 = AXIS2_PLACEMENT_3D('',#7400,#7401,#7402);
#7400 = CARTESIAN_POINT('',(29.,62.999999995646,1.5));
#7401 = DIRECTION('',(0.,-0.,-1.));
#7402 = DIRECTION('',(0.,1.,-0.));
#7403 = PCURVE('',#6936,#7404);
#7404 = DEFINITIONAL_REPRESENTATION('',(#7405),#7409);
#7405 = LINE('',#7406,#7407);
#7406 = CARTESIAN_POINT('',(0.,0.));
#7407 = VECTOR('',#7408,1.);
#7408 = DIRECTION('',(1.,0.));
#7409 = ( GEOMETRIC_REPRESENTATION_CONTEXT(2) 
PARAMETRIC_REPRESENTATION_CONTEXT() REPRESENTATION_CONTEXT('2D SPACE',''
  ) );
#7410 = PCURVE('',#556,#7411);
#7411 = DEFINITIONAL_REPRESENTATION('',(#7412),#7416);
#7412 = LINE('',#7413,#7414);
#7413 = CARTESIAN_POINT('',(1.570796326795,-1.5));
#7414 = VECTOR('',#7415,1.);
#7415 = DIRECTION('',(1.,0.));
#7416 = ( GEOMETRIC_REPRESENTATION_CONTEXT(2) 
PARAMETRIC_REPRESENTATION_CONTEXT() REPRESENTATION_CONTEXT('2D SPACE',''
  ) );
#7417 = ORIENTED_EDGE('',*,*,#7305,.T.);
#7418 = ORIENTED_EDGE('',*,*,#6915,.F.);
#7419 = ADVANCED_FACE('',(#7420),#6875,.T.);
#7420 = FACE_BOUND('',#7421,.T.);
#7421 = EDGE_LOOP('',(#7422,#7423,#7447,#7467));
#7422 = ORIENTED_EDGE('',*,*,#7328,.F.);
#7423 = ORIENTED_EDGE('',*,*,#7424,.T.);
#7424 = EDGE_CURVE('',#7329,#7425,#7427,.T.);
#7425 = VERTEX_POINT('',#7426);
#7426 = CARTESIAN_POINT('',(33.300000058713,16.678815595282,1.5));
#7427 = SURFACE_CURVE('',#7428,(#7433,#7440),.PCURVE_S1.);
#7428 = CIRCLE('',#7429,4.);
#7429 = AXIS2_PLACEMENT_3D('',#7430,#7431,#7432);
#7430 = CARTESIAN_POINT('',(37.000000065237,18.198683994758,1.5));
#7431 = DIRECTION('',(0.,0.,1.));
#7432 = DIRECTION('',(-1.,0.,0.));
#7433 = PCURVE('',#6875,#7434);
#7434 = DEFINITIONAL_REPRESENTATION('',(#7435),#7439);
#7435 = LINE('',#7436,#7437);
#7436 = CARTESIAN_POINT('',(0.,3.14159265359));
#7437 = VECTOR('',#7438,1.);
#7438 = DIRECTION('',(1.,0.));
#7439 = ( GEOMETRIC_REPRESENTATION_CONTEXT(2) 
PARAMETRIC_REPRESENTATION_CONTEXT() REPRESENTATION_CONTEXT('2D SPACE',''
  ) );
#7440 = PCURVE('',#495,#7441);
#7441 = DEFINITIONAL_REPRESENTATION('',(#7442),#7446);
#7442 = LINE('',#7443,#7444);
#7443 = CARTESIAN_POINT('',(6.28318530718,-1.5));
#7444 = VECTOR('',#7445,1.);
#7445 = DIRECTION('',(-1.,-0.));
#7446 = ( GEOMETRIC_REPRESENTATION_CONTEXT(2) 
PARAMETRIC_REPRESENTATION_CONTEXT() REPRESENTATION_CONTEXT('2D SPACE',''
  ) );
#7447 = ORIENTED_EDGE('',*,*,#7448,.T.);
#7448 = EDGE_CURVE('',#7425,#6826,#7449,.T.);
#7449 = SURFACE_CURVE('',#7450,(#7455,#7461),.PCURVE_S1.);
#7450 = CIRCLE('',#7451,1.5);
#7451 = AXIS2_PLACEMENT_3D('',#7452,#7453,#7454);
#7452 = CARTESIAN_POINT('',(31.912500056266,16.108864945478,1.5));
#7453 = DIRECTION('',(-0.379967099869,0.925000001631,0.));
#7454 = DIRECTION('',(-0.925000001631,-0.379967099869,0.));
#7455 = PCURVE('',#6875,#7456);
#7456 = DEFINITIONAL_REPRESENTATION('',(#7457),#7460);
#7457 = B_SPLINE_CURVE_WITH_KNOTS('',1,(#7458,#7459),.UNSPECIFIED.,.F.,
  .F.,(2,2),(3.14159265359,4.712388980385),.PIECEWISE_BEZIER_KNOTS.);
#7458 = CARTESIAN_POINT('',(0.389760728505,3.14159265359));
#7459 = CARTESIAN_POINT('',(0.389760728505,4.712388980385));
#7460 = ( GEOMETRIC_REPRESENTATION_CONTEXT(2) 
PARAMETRIC_REPRESENTATION_CONTEXT() REPRESENTATION_CONTEXT('2D SPACE',''
  ) );
#7461 = PCURVE('',#6846,#7462);
#7462 = DEFINITIONAL_REPRESENTATION('',(#7463),#7466);
#7463 = B_SPLINE_CURVE_WITH_KNOTS('',1,(#7464,#7465),.UNSPECIFIED.,.F.,
  .F.,(2,2),(3.14159265359,4.712388980385),.PIECEWISE_BEZIER_KNOTS.);
#7464 = CARTESIAN_POINT('',(0.,0.));
#7465 = CARTESIAN_POINT('',(0.,1.570796326795));
#7466 = ( GEOMETRIC_REPRESENTATION_CONTEXT(2) 
PARAMETRIC_REPRESENTATION_CONTEXT() REPRESENTATION_CONTEXT('2D SPACE',''
  ) );
#7467 = ORIENTED_EDGE('',*,*,#6858,.F.);
#7468 = ADVANCED_FACE('',(#7469),#6964,.T.);
#7469 = FACE_BOUND('',#7470,.F.);
#7470 = EDGE_LOOP('',(#7471,#7493,#7494,#7495));
#7471 = ORIENTED_EDGE('',*,*,#7472,.T.);
#7472 = EDGE_CURVE('',#7473,#6949,#7475,.T.);
#7473 = VERTEX_POINT('',#7474);
#7474 = CARTESIAN_POINT('',(-29.,66.999999995511,1.5));
#7475 = SURFACE_CURVE('',#7476,(#7481,#7487),.PCURVE_S1.);
#7476 = CIRCLE('',#7477,1.5);
#7477 = AXIS2_PLACEMENT_3D('',#7478,#7479,#7480);
#7478 = CARTESIAN_POINT('',(-29.,65.499999995511,1.5));
#7479 = DIRECTION('',(-1.,-6.123233995737E-17,0.));
#7480 = DIRECTION('',(-6.123233995737E-17,1.,0.));
#7481 = PCURVE('',#6964,#7482);
#7482 = DEFINITIONAL_REPRESENTATION('',(#7483),#7486);
#7483 = B_SPLINE_CURVE_WITH_KNOTS('',1,(#7484,#7485),.UNSPECIFIED.,.F.,
  .F.,(2,2),(0.,1.570796326795),.PIECEWISE_BEZIER_KNOTS.);
#7484 = CARTESIAN_POINT('',(0.,0.));
#7485 = CARTESIAN_POINT('',(-1.570796326795,0.));
#7486 = ( GEOMETRIC_REPRESENTATION_CONTEXT(2) 
PARAMETRIC_REPRESENTATION_CONTEXT() REPRESENTATION_CONTEXT('2D SPACE',''
  ) );
#7487 = PCURVE('',#6997,#7488);
#7488 = DEFINITIONAL_REPRESENTATION('',(#7489),#7492);
#7489 = B_SPLINE_CURVE_WITH_KNOTS('',1,(#7490,#7491),.UNSPECIFIED.,.F.,
  .F.,(2,2),(0.,1.570796326795),.PIECEWISE_BEZIER_KNOTS.);
#7490 = CARTESIAN_POINT('',(1.570796326795,0.));
#7491 = CARTESIAN_POINT('',(1.570796326795,1.570796326795));
#7492 = ( GEOMETRIC_REPRESENTATION_CONTEXT(2) 
PARAMETRIC_REPRESENTATION_CONTEXT() REPRESENTATION_CONTEXT('2D SPACE',''
  ) );
#7493 = ORIENTED_EDGE('',*,*,#6948,.T.);
#7494 = ORIENTED_EDGE('',*,*,#7374,.F.);
#7495 = ORIENTED_EDGE('',*,*,#7496,.F.);
#7496 = EDGE_CURVE('',#7473,#7375,#7497,.T.);
#7497 = SURFACE_CURVE('',#7498,(#7502,#7509),.PCURVE_S1.);
#7498 = LINE('',#7499,#7500);
#7499 = CARTESIAN_POINT('',(-29.,67.,1.5));
#7500 = VECTOR('',#7501,1.);
#7501 = DIRECTION('',(1.,0.,0.));
#7502 = PCURVE('',#6964,#7503);
#7503 = DEFINITIONAL_REPRESENTATION('',(#7504),#7508);
#7504 = LINE('',#7505,#7506);
#7505 = CARTESIAN_POINT('',(-0.,0.));
#7506 = VECTOR('',#7507,1.);
#7507 = DIRECTION('',(-0.,1.));
#7508 = ( GEOMETRIC_REPRESENTATION_CONTEXT(2) 
PARAMETRIC_REPRESENTATION_CONTEXT() REPRESENTATION_CONTEXT('2D SPACE',''
  ) );
#7509 = PCURVE('',#94,#7510);
#7510 = DEFINITIONAL_REPRESENTATION('',(#7511),#7515);
#7511 = LINE('',#7512,#7513);
#7512 = CARTESIAN_POINT('',(0.,-1.5));
#7513 = VECTOR('',#7514,1.);
#7514 = DIRECTION('',(1.,0.));
#7515 = ( GEOMETRIC_REPRESENTATION_CONTEXT(2) 
PARAMETRIC_REPRESENTATION_CONTEXT() REPRESENTATION_CONTEXT('2D SPACE',''
  ) );
#7516 = ADVANCED_FACE('',(#7517),#6846,.T.);
#7517 = FACE_BOUND('',#7518,.T.);
#7518 = EDGE_LOOP('',(#7519,#7520,#7544,#7564));
#7519 = ORIENTED_EDGE('',*,*,#7448,.F.);
#7520 = ORIENTED_EDGE('',*,*,#7521,.T.);
#7521 = EDGE_CURVE('',#7425,#7522,#7524,.T.);
#7522 = VERTEX_POINT('',#7523);
#7523 = CARTESIAN_POINT('',(33.29999996186,-10.67881583106,1.5));
#7524 = SURFACE_CURVE('',#7525,(#7530,#7537),.PCURVE_S1.);
#7525 = CIRCLE('',#7526,36.);
#7526 = AXIS2_PLACEMENT_3D('',#7527,#7528,#7529);
#7527 = CARTESIAN_POINT('',(0.,3.,1.5));
#7528 = DIRECTION('',(0.,-0.,-1.));
#7529 = DIRECTION('',(0.925000001631,0.379967099869,-0.));
#7530 = PCURVE('',#6846,#7531);
#7531 = DEFINITIONAL_REPRESENTATION('',(#7532),#7536);
#7532 = LINE('',#7533,#7534);
#7533 = CARTESIAN_POINT('',(0.,0.));
#7534 = VECTOR('',#7535,1.);
#7535 = DIRECTION('',(1.,0.));
#7536 = ( GEOMETRIC_REPRESENTATION_CONTEXT(2) 
PARAMETRIC_REPRESENTATION_CONTEXT() REPRESENTATION_CONTEXT('2D SPACE',''
  ) );
#7537 = PCURVE('',#462,#7538);
#7538 = DEFINITIONAL_REPRESENTATION('',(#7539),#7543);
#7539 = LINE('',#7540,#7541);
#7540 = CARTESIAN_POINT('',(-0.800898590828,-1.5));
#7541 = VECTOR('',#7542,1.);
#7542 = DIRECTION('',(1.,-0.));
#7543 = ( GEOMETRIC_REPRESENTATION_CONTEXT(2) 
PARAMETRIC_REPRESENTATION_CONTEXT() REPRESENTATION_CONTEXT('2D SPACE',''
  ) );
#7544 = ORIENTED_EDGE('',*,*,#7545,.T.);
#7545 = EDGE_CURVE('',#7522,#6797,#7546,.T.);
#7546 = SURFACE_CURVE('',#7547,(#7552,#7558),.PCURVE_S1.);
#7547 = CIRCLE('',#7548,1.5);
#7548 = AXIS2_PLACEMENT_3D('',#7549,#7550,#7551);
#7549 = CARTESIAN_POINT('',(31.912499963449,-10.10886517143,1.5));
#7550 = DIRECTION('',(0.379967106418,0.924999998941,0.));
#7551 = DIRECTION('',(0.924999998941,-0.379967106418,0.));
#7552 = PCURVE('',#6846,#7553);
#7553 = DEFINITIONAL_REPRESENTATION('',(#7554),#7557);
#7554 = B_SPLINE_CURVE_WITH_KNOTS('',1,(#7555,#7556),.UNSPECIFIED.,.F.,
  .F.,(2,2),(0.,1.570796326795),.PIECEWISE_BEZIER_KNOTS.);
#7555 = CARTESIAN_POINT('',(0.779521464091,0.));
#7556 = CARTESIAN_POINT('',(0.779521464091,1.570796326795));
#7557 = ( GEOMETRIC_REPRESENTATION_CONTEXT(2) 
PARAMETRIC_REPRESENTATION_CONTEXT() REPRESENTATION_CONTEXT('2D SPACE',''
  ) );
#7558 = PCURVE('',#6813,#7559);
#7559 = DEFINITIONAL_REPRESENTATION('',(#7560),#7563);
#7560 = B_SPLINE_CURVE_WITH_KNOTS('',1,(#7561,#7562),.UNSPECIFIED.,.F.,
  .F.,(2,2),(0.,1.570796326795),.PIECEWISE_BEZIER_KNOTS.);
#7561 = CARTESIAN_POINT('',(-6.661338147751E-16,3.14159265359));
#7562 = CARTESIAN_POINT('',(-6.661338147751E-16,4.712388980385));
#7563 = ( GEOMETRIC_REPRESENTATION_CONTEXT(2) 
PARAMETRIC_REPRESENTATION_CONTEXT() REPRESENTATION_CONTEXT('2D SPACE',''
  ) );
#7564 = ORIENTED_EDGE('',*,*,#6825,.F.);
#7565 = ADVANCED_FACE('',(#7566),#6997,.T.);
#7566 = FACE_BOUND('',#7567,.T.);
#7567 = EDGE_LOOP('',(#7568,#7590,#7612,#7613));
#7568 = ORIENTED_EDGE('',*,*,#7569,.F.);
#7569 = EDGE_CURVE('',#7570,#6977,#7572,.T.);
#7570 = VERTEX_POINT('',#7571);
#7571 = CARTESIAN_POINT('',(-33.,62.999999995511,1.5));
#7572 = SURFACE_CURVE('',#7573,(#7578,#7584),.PCURVE_S1.);
#7573 = CIRCLE('',#7574,1.5);
#7574 = AXIS2_PLACEMENT_3D('',#7575,#7576,#7577);
#7575 = CARTESIAN_POINT('',(-31.5,62.999999995511,1.5));
#7576 = DIRECTION('',(-0.,-1.,-0.));
#7577 = DIRECTION('',(-1.,0.,0.));
#7578 = PCURVE('',#6997,#7579);
#7579 = DEFINITIONAL_REPRESENTATION('',(#7580),#7583);
#7580 = B_SPLINE_CURVE_WITH_KNOTS('',1,(#7581,#7582),.UNSPECIFIED.,.F.,
  .F.,(2,2),(0.,1.570796326795),.PIECEWISE_BEZIER_KNOTS.);
#7581 = CARTESIAN_POINT('',(0.,0.));
#7582 = CARTESIAN_POINT('',(0.,1.570796326795));
#7583 = ( GEOMETRIC_REPRESENTATION_CONTEXT(2) 
PARAMETRIC_REPRESENTATION_CONTEXT() REPRESENTATION_CONTEXT('2D SPACE',''
  ) );
#7584 = PCURVE('',#7025,#7585);
#7585 = DEFINITIONAL_REPRESENTATION('',(#7586),#7589);
#7586 = B_SPLINE_CURVE_WITH_KNOTS('',1,(#7587,#7588),.UNSPECIFIED.,.F.,
  .F.,(2,2),(0.,1.570796326795),.PIECEWISE_BEZIER_KNOTS.);
#7587 = CARTESIAN_POINT('',(0.,44.801315738802));
#7588 = CARTESIAN_POINT('',(-1.570796326795,44.801315738802));
#7589 = ( GEOMETRIC_REPRESENTATION_CONTEXT(2) 
PARAMETRIC_REPRESENTATION_CONTEXT() REPRESENTATION_CONTEXT('2D SPACE',''
  ) );
#7590 = ORIENTED_EDGE('',*,*,#7591,.T.);
#7591 = EDGE_CURVE('',#7570,#7473,#7592,.T.);
#7592 = SURFACE_CURVE('',#7593,(#7598,#7605),.PCURVE_S1.);
#7593 = CIRCLE('',#7594,4.);
#7594 = AXIS2_PLACEMENT_3D('',#7595,#7596,#7597);
#7595 = CARTESIAN_POINT('',(-29.,62.999999995511,1.5));
#7596 = DIRECTION('',(-0.,0.,-1.));
#7597 = DIRECTION('',(-1.,0.,0.));
#7598 = PCURVE('',#6997,#7599);
#7599 = DEFINITIONAL_REPRESENTATION('',(#7600),#7604);
#7600 = LINE('',#7601,#7602);
#7601 = CARTESIAN_POINT('',(0.,0.));
#7602 = VECTOR('',#7603,1.);
#7603 = DIRECTION('',(1.,0.));
#7604 = ( GEOMETRIC_REPRESENTATION_CONTEXT(2) 
PARAMETRIC_REPRESENTATION_CONTEXT() REPRESENTATION_CONTEXT('2D SPACE',''
  ) );
#7605 = PCURVE('',#127,#7606);
#7606 = DEFINITIONAL_REPRESENTATION('',(#7607),#7611);
#7607 = LINE('',#7608,#7609);
#7608 = CARTESIAN_POINT('',(0.,-1.5));
#7609 = VECTOR('',#7610,1.);
#7610 = DIRECTION('',(1.,0.));
#7611 = ( GEOMETRIC_REPRESENTATION_CONTEXT(2) 
PARAMETRIC_REPRESENTATION_CONTEXT() REPRESENTATION_CONTEXT('2D SPACE',''
  ) );
#7612 = ORIENTED_EDGE('',*,*,#7472,.T.);
#7613 = ORIENTED_EDGE('',*,*,#6976,.F.);
#7614 = ADVANCED_FACE('',(#7615),#6813,.T.);
#7615 = FACE_BOUND('',#7616,.T.);
#7616 = EDGE_LOOP('',(#7617,#7618,#7642,#7662));
#7617 = ORIENTED_EDGE('',*,*,#7545,.F.);
#7618 = ORIENTED_EDGE('',*,*,#7619,.T.);
#7619 = EDGE_CURVE('',#7522,#7620,#7622,.T.);
#7620 = VERTEX_POINT('',#7621);
#7621 = CARTESIAN_POINT('',(32.999999957622,-12.19868425673,1.5));
#7622 = SURFACE_CURVE('',#7623,(#7628,#7635),.PCURVE_S1.);
#7623 = CIRCLE('',#7624,4.);
#7624 = AXIS2_PLACEMENT_3D('',#7625,#7626,#7627);
#7625 = CARTESIAN_POINT('',(36.999999957622,-12.19868425673,1.5));
#7626 = DIRECTION('',(0.,0.,1.));
#7627 = DIRECTION('',(-0.924999998941,0.379967106418,0.));
#7628 = PCURVE('',#6813,#7629);
#7629 = DEFINITIONAL_REPRESENTATION('',(#7630),#7634);
#7630 = LINE('',#7631,#7632);
#7631 = CARTESIAN_POINT('',(0.,3.14159265359));
#7632 = VECTOR('',#7633,1.);
#7633 = DIRECTION('',(1.,0.));
#7634 = ( GEOMETRIC_REPRESENTATION_CONTEXT(2) 
PARAMETRIC_REPRESENTATION_CONTEXT() REPRESENTATION_CONTEXT('2D SPACE',''
  ) );
#7635 = PCURVE('',#433,#7636);
#7636 = DEFINITIONAL_REPRESENTATION('',(#7637),#7641);
#7637 = LINE('',#7638,#7639);
#7638 = CARTESIAN_POINT('',(0.389760735586,-1.5));
#7639 = VECTOR('',#7640,1.);
#7640 = DIRECTION('',(-1.,-0.));
#7641 = ( GEOMETRIC_REPRESENTATION_CONTEXT(2) 
PARAMETRIC_REPRESENTATION_CONTEXT() REPRESENTATION_CONTEXT('2D SPACE',''
  ) );
#7642 = ORIENTED_EDGE('',*,*,#7643,.T.);
#7643 = EDGE_CURVE('',#7620,#6769,#7644,.T.);
#7644 = SURFACE_CURVE('',#7645,(#7650,#7656),.PCURVE_S1.);
#7645 = CIRCLE('',#7646,1.5);
#7646 = AXIS2_PLACEMENT_3D('',#7647,#7648,#7649);
#7647 = CARTESIAN_POINT('',(31.499999957622,-12.19868425673,1.5));
#7648 = DIRECTION('',(-5.551115123126E-17,1.,0.));
#7649 = DIRECTION('',(-1.,-5.551115123126E-17,0.));
#7650 = PCURVE('',#6813,#7651);
#7651 = DEFINITIONAL_REPRESENTATION('',(#7652),#7655);
#7652 = B_SPLINE_CURVE_WITH_KNOTS('',1,(#7653,#7654),.UNSPECIFIED.,.F.,
  .F.,(2,2),(3.14159265359,4.712388980385),.PIECEWISE_BEZIER_KNOTS.);
#7653 = CARTESIAN_POINT('',(0.389760735586,3.14159265359));
#7654 = CARTESIAN_POINT('',(0.389760735586,4.712388980385));
#7655 = ( GEOMETRIC_REPRESENTATION_CONTEXT(2) 
PARAMETRIC_REPRESENTATION_CONTEXT() REPRESENTATION_CONTEXT('2D SPACE',''
  ) );
#7656 = PCURVE('',#6784,#7657);
#7657 = DEFINITIONAL_REPRESENTATION('',(#7658),#7661);
#7658 = B_SPLINE_CURVE_WITH_KNOTS('',1,(#7659,#7660),.UNSPECIFIED.,.F.,
  .F.,(2,2),(3.14159265359,4.712388980385),.PIECEWISE_BEZIER_KNOTS.);
#7659 = CARTESIAN_POINT('',(0.,0.));
#7660 = CARTESIAN_POINT('',(-1.570796326795,0.));
#7661 = ( GEOMETRIC_REPRESENTATION_CONTEXT(2) 
PARAMETRIC_REPRESENTATION_CONTEXT() REPRESENTATION_CONTEXT('2D SPACE',''
  ) );
#7662 = ORIENTED_EDGE('',*,*,#6796,.F.);
#7663 = ADVANCED_FACE('',(#7664),#7025,.T.);
#7664 = FACE_BOUND('',#7665,.F.);
#7665 = EDGE_LOOP('',(#7666,#7688,#7689,#7690));
#7666 = ORIENTED_EDGE('',*,*,#7667,.T.);
#7667 = EDGE_CURVE('',#7668,#7010,#7670,.T.);
#7668 = VERTEX_POINT('',#7669);
#7669 = CARTESIAN_POINT('',(-32.99999995763,18.198684256709,1.5));
#7670 = SURFACE_CURVE('',#7671,(#7676,#7682),.PCURVE_S1.);
#7671 = CIRCLE('',#7672,1.5);
#7672 = AXIS2_PLACEMENT_3D('',#7673,#7674,#7675);
#7673 = CARTESIAN_POINT('',(-31.49999995763,18.198684256709,1.5));
#7674 = DIRECTION('',(-1.665334536938E-16,-1.,0.));
#7675 = DIRECTION('',(1.,-1.665334536938E-16,0.));
#7676 = PCURVE('',#7025,#7677);
#7677 = DEFINITIONAL_REPRESENTATION('',(#7678),#7681);
#7678 = B_SPLINE_CURVE_WITH_KNOTS('',1,(#7679,#7680),.UNSPECIFIED.,.F.,
  .F.,(2,2),(3.14159265359,4.712388980385),.PIECEWISE_BEZIER_KNOTS.);
#7679 = CARTESIAN_POINT('',(0.,0.));
#7680 = CARTESIAN_POINT('',(-1.570796326795,0.));
#7681 = ( GEOMETRIC_REPRESENTATION_CONTEXT(2) 
PARAMETRIC_REPRESENTATION_CONTEXT() REPRESENTATION_CONTEXT('2D SPACE',''
  ) );
#7682 = PCURVE('',#7054,#7683);
#7683 = DEFINITIONAL_REPRESENTATION('',(#7684),#7687);
#7684 = B_SPLINE_CURVE_WITH_KNOTS('',1,(#7685,#7686),.UNSPECIFIED.,.F.,
  .F.,(2,2),(3.14159265359,4.712388980385),.PIECEWISE_BEZIER_KNOTS.);
#7685 = CARTESIAN_POINT('',(0.389760735585,3.14159265359));
#7686 = CARTESIAN_POINT('',(0.389760735585,4.712388980385));
#7687 = ( GEOMETRIC_REPRESENTATION_CONTEXT(2) 
PARAMETRIC_REPRESENTATION_CONTEXT() REPRESENTATION_CONTEXT('2D SPACE',''
  ) );
#7688 = ORIENTED_EDGE('',*,*,#7009,.T.);
#7689 = ORIENTED_EDGE('',*,*,#7569,.F.);
#7690 = ORIENTED_EDGE('',*,*,#7691,.F.);
#7691 = EDGE_CURVE('',#7668,#7570,#7692,.T.);
#7692 = SURFACE_CURVE('',#7693,(#7697,#7704),.PCURVE_S1.);
#7693 = LINE('',#7694,#7695);
#7694 = CARTESIAN_POINT('',(-33.,18.198684256709,1.5));
#7695 = VECTOR('',#7696,1.);
#7696 = DIRECTION('',(0.,1.,0.));
#7697 = PCURVE('',#7025,#7698);
#7698 = DEFINITIONAL_REPRESENTATION('',(#7699),#7703);
#7699 = LINE('',#7700,#7701);
#7700 = CARTESIAN_POINT('',(-0.,0.));
#7701 = VECTOR('',#7702,1.);
#7702 = DIRECTION('',(-0.,1.));
#7703 = ( GEOMETRIC_REPRESENTATION_CONTEXT(2) 
PARAMETRIC_REPRESENTATION_CONTEXT() REPRESENTATION_CONTEXT('2D SPACE',''
  ) );
#7704 = PCURVE('',#155,#7705);
#7705 = DEFINITIONAL_REPRESENTATION('',(#7706),#7710);
#7706 = LINE('',#7707,#7708);
#7707 = CARTESIAN_POINT('',(0.,-1.5));
#7708 = VECTOR('',#7709,1.);
#7709 = DIRECTION('',(1.,0.));
#7710 = ( GEOMETRIC_REPRESENTATION_CONTEXT(2) 
PARAMETRIC_REPRESENTATION_CONTEXT() REPRESENTATION_CONTEXT('2D SPACE',''
  ) );
#7711 = ADVANCED_FACE('',(#7712),#6784,.T.);
#7712 = FACE_BOUND('',#7713,.F.);
#7713 = EDGE_LOOP('',(#7714,#7715,#7716,#7738));
#7714 = ORIENTED_EDGE('',*,*,#7643,.T.);
#7715 = ORIENTED_EDGE('',*,*,#6768,.T.);
#7716 = ORIENTED_EDGE('',*,*,#7717,.F.);
#7717 = EDGE_CURVE('',#7718,#6736,#7720,.T.);
#7718 = VERTEX_POINT('',#7719);
#7719 = CARTESIAN_POINT('',(33.,-63.,1.5));
#7720 = SURFACE_CURVE('',#7721,(#7726,#7732),.PCURVE_S1.);
#7721 = CIRCLE('',#7722,1.5);
#7722 = AXIS2_PLACEMENT_3D('',#7723,#7724,#7725);
#7723 = CARTESIAN_POINT('',(31.5,-63.,1.5));
#7724 = DIRECTION('',(0.,1.,0.));
#7725 = DIRECTION('',(1.,-0.,0.));
#7726 = PCURVE('',#6784,#7727);
#7727 = DEFINITIONAL_REPRESENTATION('',(#7728),#7731);
#7728 = B_SPLINE_CURVE_WITH_KNOTS('',1,(#7729,#7730),.UNSPECIFIED.,.F.,
  .F.,(2,2),(0.,1.570796326795),.PIECEWISE_BEZIER_KNOTS.);
#7729 = CARTESIAN_POINT('',(0.,50.801315743265));
#7730 = CARTESIAN_POINT('',(-1.570796326795,50.801315743265));
#7731 = ( GEOMETRIC_REPRESENTATION_CONTEXT(2) 
PARAMETRIC_REPRESENTATION_CONTEXT() REPRESENTATION_CONTEXT('2D SPACE',''
  ) );
#7732 = PCURVE('',#6756,#7733);
#7733 = DEFINITIONAL_REPRESENTATION('',(#7734),#7737);
#7734 = B_SPLINE_CURVE_WITH_KNOTS('',1,(#7735,#7736),.UNSPECIFIED.,.F.,
  .F.,(2,2),(0.,1.570796326795),.PIECEWISE_BEZIER_KNOTS.);
#7735 = CARTESIAN_POINT('',(0.,0.));
#7736 = CARTESIAN_POINT('',(0.,1.570796326795));
#7737 = ( GEOMETRIC_REPRESENTATION_CONTEXT(2) 
PARAMETRIC_REPRESENTATION_CONTEXT() REPRESENTATION_CONTEXT('2D SPACE',''
  ) );
#7738 = ORIENTED_EDGE('',*,*,#7739,.F.);
#7739 = EDGE_CURVE('',#7620,#7718,#7740,.T.);
#7740 = SURFACE_CURVE('',#7741,(#7745,#7752),.PCURVE_S1.);
#7741 = LINE('',#7742,#7743);
#7742 = CARTESIAN_POINT('',(33.,-12.19868425673,1.5));
#7743 = VECTOR('',#7744,1.);
#7744 = DIRECTION('',(-0.,-1.,-0.));
#7745 = PCURVE('',#6784,#7746);
#7746 = DEFINITIONAL_REPRESENTATION('',(#7747),#7751);
#7747 = LINE('',#7748,#7749);
#7748 = CARTESIAN_POINT('',(-0.,0.));
#7749 = VECTOR('',#7750,1.);
#7750 = DIRECTION('',(-0.,1.));
#7751 = ( GEOMETRIC_REPRESENTATION_CONTEXT(2) 
PARAMETRIC_REPRESENTATION_CONTEXT() REPRESENTATION_CONTEXT('2D SPACE',''
  ) );
#7752 = PCURVE('',#400,#7753);
#7753 = DEFINITIONAL_REPRESENTATION('',(#7754),#7758);
#7754 = LINE('',#7755,#7756);
#7755 = CARTESIAN_POINT('',(50.801315743265,-1.5));
#7756 = VECTOR('',#7757,1.);
#7757 = DIRECTION('',(-1.,0.));
#7758 = ( GEOMETRIC_REPRESENTATION_CONTEXT(2) 
PARAMETRIC_REPRESENTATION_CONTEXT() REPRESENTATION_CONTEXT('2D SPACE',''
  ) );
#7759 = ADVANCED_FACE('',(#7760),#7054,.T.);
#7760 = FACE_BOUND('',#7761,.T.);
#7761 = EDGE_LOOP('',(#7762,#7784,#7806,#7807));
#7762 = ORIENTED_EDGE('',*,*,#7763,.F.);
#7763 = EDGE_CURVE('',#7764,#7038,#7766,.T.);
#7764 = VERTEX_POINT('',#7765);
#7765 = CARTESIAN_POINT('',(-33.29999996187,16.678815831038,1.5));
#7766 = SURFACE_CURVE('',#7767,(#7772,#7778),.PCURVE_S1.);
#7767 = CIRCLE('',#7768,1.5);
#7768 = AXIS2_PLACEMENT_3D('',#7769,#7770,#7771);
#7769 = CARTESIAN_POINT('',(-31.91249996345,16.108865171411,1.5));
#7770 = DIRECTION('',(-0.379967106418,-0.924999998941,0.));
#7771 = DIRECTION('',(-0.924999998941,0.379967106418,0.));
#7772 = PCURVE('',#7054,#7773);
#7773 = DEFINITIONAL_REPRESENTATION('',(#7774),#7777);
#7774 = B_SPLINE_CURVE_WITH_KNOTS('',1,(#7775,#7776),.UNSPECIFIED.,.F.,
  .F.,(2,2),(0.,1.570796326795),.PIECEWISE_BEZIER_KNOTS.);
#7775 = CARTESIAN_POINT('',(-4.440892098501E-16,3.14159265359));
#7776 = CARTESIAN_POINT('',(-4.440892098501E-16,4.712388980385));
#7777 = ( GEOMETRIC_REPRESENTATION_CONTEXT(2) 
PARAMETRIC_REPRESENTATION_CONTEXT() REPRESENTATION_CONTEXT('2D SPACE',''
  ) );
#7778 = PCURVE('',#7087,#7779);
#7779 = DEFINITIONAL_REPRESENTATION('',(#7780),#7783);
#7780 = B_SPLINE_CURVE_WITH_KNOTS('',1,(#7781,#7782),.UNSPECIFIED.,.F.,
  .F.,(2,2),(0.,1.570796326795),.PIECEWISE_BEZIER_KNOTS.);
#7781 = CARTESIAN_POINT('',(0.779521468299,0.));
#7782 = CARTESIAN_POINT('',(0.779521468299,1.570796326795));
#7783 = ( GEOMETRIC_REPRESENTATION_CONTEXT(2) 
PARAMETRIC_REPRESENTATION_CONTEXT() REPRESENTATION_CONTEXT('2D SPACE',''
  ) );
#7784 = ORIENTED_EDGE('',*,*,#7785,.T.);
#7785 = EDGE_CURVE('',#7764,#7668,#7786,.T.);
#7786 = SURFACE_CURVE('',#7787,(#7792,#7799),.PCURVE_S1.);
#7787 = CIRCLE('',#7788,4.);
#7788 = AXIS2_PLACEMENT_3D('',#7789,#7790,#7791);
#7789 = CARTESIAN_POINT('',(-36.99999995763,18.198684256709,1.5));
#7790 = DIRECTION('',(0.,0.,1.));
#7791 = DIRECTION('',(0.924999998941,-0.379967106418,0.));
#7792 = PCURVE('',#7054,#7793);
#7793 = DEFINITIONAL_REPRESENTATION('',(#7794),#7798);
#7794 = LINE('',#7795,#7796);
#7795 = CARTESIAN_POINT('',(0.,3.14159265359));
#7796 = VECTOR('',#7797,1.);
#7797 = DIRECTION('',(1.,0.));
#7798 = ( GEOMETRIC_REPRESENTATION_CONTEXT(2) 
PARAMETRIC_REPRESENTATION_CONTEXT() REPRESENTATION_CONTEXT('2D SPACE',''
  ) );
#7799 = PCURVE('',#188,#7800);
#7800 = DEFINITIONAL_REPRESENTATION('',(#7801),#7805);
#7801 = LINE('',#7802,#7803);
#7802 = CARTESIAN_POINT('',(3.531353389175,-1.5));
#7803 = VECTOR('',#7804,1.);
#7804 = DIRECTION('',(-1.,-0.));
#7805 = ( GEOMETRIC_REPRESENTATION_CONTEXT(2) 
PARAMETRIC_REPRESENTATION_CONTEXT() REPRESENTATION_CONTEXT('2D SPACE',''
  ) );
#7806 = ORIENTED_EDGE('',*,*,#7667,.T.);
#7807 = ORIENTED_EDGE('',*,*,#7037,.F.);
#7808 = ADVANCED_FACE('',(#7809),#6756,.T.);
#7809 = FACE_BOUND('',#7810,.T.);
#7810 = EDGE_LOOP('',(#7811,#7812,#7836,#7856));
#7811 = ORIENTED_EDGE('',*,*,#7717,.F.);
#7812 = ORIENTED_EDGE('',*,*,#7813,.T.);
#7813 = EDGE_CURVE('',#7718,#7814,#7816,.T.);
#7814 = VERTEX_POINT('',#7815);
#7815 = CARTESIAN_POINT('',(29.,-67.,1.5));
#7816 = SURFACE_CURVE('',#7817,(#7822,#7829),.PCURVE_S1.);
#7817 = CIRCLE('',#7818,4.);
#7818 = AXIS2_PLACEMENT_3D('',#7819,#7820,#7821);
#7819 = CARTESIAN_POINT('',(29.,-63.,1.5));
#7820 = DIRECTION('',(0.,-0.,-1.));
#7821 = DIRECTION('',(1.,0.,-0.));
#7822 = PCURVE('',#6756,#7823);
#7823 = DEFINITIONAL_REPRESENTATION('',(#7824),#7828);
#7824 = LINE('',#7825,#7826);
#7825 = CARTESIAN_POINT('',(0.,0.));
#7826 = VECTOR('',#7827,1.);
#7827 = DIRECTION('',(1.,0.));
#7828 = ( GEOMETRIC_REPRESENTATION_CONTEXT(2) 
PARAMETRIC_REPRESENTATION_CONTEXT() REPRESENTATION_CONTEXT('2D SPACE',''
  ) );
#7829 = PCURVE('',#372,#7830);
#7830 = DEFINITIONAL_REPRESENTATION('',(#7831),#7835);
#7831 = LINE('',#7832,#7833);
#7832 = CARTESIAN_POINT('',(3.14159265359,-1.5));
#7833 = VECTOR('',#7834,1.);
#7834 = DIRECTION('',(1.,0.));
#7835 = ( GEOMETRIC_REPRESENTATION_CONTEXT(2) 
PARAMETRIC_REPRESENTATION_CONTEXT() REPRESENTATION_CONTEXT('2D SPACE',''
  ) );
#7836 = ORIENTED_EDGE('',*,*,#7837,.T.);
#7837 = EDGE_CURVE('',#7814,#6708,#7838,.T.);
#7838 = SURFACE_CURVE('',#7839,(#7844,#7850),.PCURVE_S1.);
#7839 = CIRCLE('',#7840,1.5);
#7840 = AXIS2_PLACEMENT_3D('',#7841,#7842,#7843);
#7841 = CARTESIAN_POINT('',(29.,-65.5,1.5));
#7842 = DIRECTION('',(1.,6.123233995737E-17,0.));
#7843 = DIRECTION('',(6.123233995737E-17,-1.,0.));
#7844 = PCURVE('',#6756,#7845);
#7845 = DEFINITIONAL_REPRESENTATION('',(#7846),#7849);
#7846 = B_SPLINE_CURVE_WITH_KNOTS('',1,(#7847,#7848),.UNSPECIFIED.,.F.,
  .F.,(2,2),(0.,1.570796326795),.PIECEWISE_BEZIER_KNOTS.);
#7847 = CARTESIAN_POINT('',(1.570796326795,0.));
#7848 = CARTESIAN_POINT('',(1.570796326795,1.570796326795));
#7849 = ( GEOMETRIC_REPRESENTATION_CONTEXT(2) 
PARAMETRIC_REPRESENTATION_CONTEXT() REPRESENTATION_CONTEXT('2D SPACE',''
  ) );
#7850 = PCURVE('',#6723,#7851);
#7851 = DEFINITIONAL_REPRESENTATION('',(#7852),#7855);
#7852 = B_SPLINE_CURVE_WITH_KNOTS('',1,(#7853,#7854),.UNSPECIFIED.,.F.,
  .F.,(2,2),(0.,1.570796326795),.PIECEWISE_BEZIER_KNOTS.);
#7853 = CARTESIAN_POINT('',(0.,0.));
#7854 = CARTESIAN_POINT('',(-1.570796326795,0.));
#7855 = ( GEOMETRIC_REPRESENTATION_CONTEXT(2) 
PARAMETRIC_REPRESENTATION_CONTEXT() REPRESENTATION_CONTEXT('2D SPACE',''
  ) );
#7856 = ORIENTED_EDGE('',*,*,#6735,.F.);
#7857 = ADVANCED_FACE('',(#7858),#7087,.T.);
#7858 = FACE_BOUND('',#7859,.T.);
#7859 = EDGE_LOOP('',(#7860,#7882,#7904,#7905));
#7860 = ORIENTED_EDGE('',*,*,#7861,.F.);
#7861 = EDGE_CURVE('',#7862,#7067,#7864,.T.);
#7862 = VERTEX_POINT('',#7863);
#7863 = CARTESIAN_POINT('',(-33.30000000114,-10.67881573543,1.5));
#7864 = SURFACE_CURVE('',#7865,(#7870,#7876),.PCURVE_S1.);
#7865 = CIRCLE('',#7866,1.5);
#7866 = AXIS2_PLACEMENT_3D('',#7867,#7868,#7869);
#7867 = CARTESIAN_POINT('',(-31.91250000109,-10.10886507978,1.5));
#7868 = DIRECTION('',(0.379967103762,-0.925000000032,0.));
#7869 = DIRECTION('',(0.925000000032,0.379967103762,0.));
#7870 = PCURVE('',#7087,#7871);
#7871 = DEFINITIONAL_REPRESENTATION('',(#7872),#7875);
#7872 = B_SPLINE_CURVE_WITH_KNOTS('',1,(#7873,#7874),.UNSPECIFIED.,.F.,
  .F.,(2,2),(3.14159265359,4.712388980385),.PIECEWISE_BEZIER_KNOTS.);
#7873 = CARTESIAN_POINT('',(-4.440892098501E-16,0.));
#7874 = CARTESIAN_POINT('',(-4.440892098501E-16,1.570796326795));
#7875 = ( GEOMETRIC_REPRESENTATION_CONTEXT(2) 
PARAMETRIC_REPRESENTATION_CONTEXT() REPRESENTATION_CONTEXT('2D SPACE',''
  ) );
#7876 = PCURVE('',#7114,#7877);
#7877 = DEFINITIONAL_REPRESENTATION('',(#7878),#7881);
#7878 = B_SPLINE_CURVE_WITH_KNOTS('',1,(#7879,#7880),.UNSPECIFIED.,.F.,
  .F.,(2,2),(3.14159265359,4.712388980385),.PIECEWISE_BEZIER_KNOTS.);
#7879 = CARTESIAN_POINT('',(0.389760732714,3.14159265359));
#7880 = CARTESIAN_POINT('',(0.389760732714,4.712388980385));
#7881 = ( GEOMETRIC_REPRESENTATION_CONTEXT(2) 
PARAMETRIC_REPRESENTATION_CONTEXT() REPRESENTATION_CONTEXT('2D SPACE',''
  ) );
#7882 = ORIENTED_EDGE('',*,*,#7883,.T.);
#7883 = EDGE_CURVE('',#7862,#7764,#7884,.T.);
#7884 = SURFACE_CURVE('',#7885,(#7890,#7897),.PCURVE_S1.);
#7885 = CIRCLE('',#7886,36.);
#7886 = AXIS2_PLACEMENT_3D('',#7887,#7888,#7889);
#7887 = CARTESIAN_POINT('',(0.,3.,1.5));
#7888 = DIRECTION('',(-0.,0.,-1.));
#7889 = DIRECTION('',(-0.925000000032,-0.379967103762,0.));
#7890 = PCURVE('',#7087,#7891);
#7891 = DEFINITIONAL_REPRESENTATION('',(#7892),#7896);
#7892 = LINE('',#7893,#7894);
#7893 = CARTESIAN_POINT('',(0.,0.));
#7894 = VECTOR('',#7895,1.);
#7895 = DIRECTION('',(1.,0.));
#7896 = ( GEOMETRIC_REPRESENTATION_CONTEXT(2) 
PARAMETRIC_REPRESENTATION_CONTEXT() REPRESENTATION_CONTEXT('2D SPACE',''
  ) );
#7897 = PCURVE('',#217,#7898);
#7898 = DEFINITIONAL_REPRESENTATION('',(#7899),#7903);
#7899 = LINE('',#7900,#7901);
#7900 = CARTESIAN_POINT('',(-3.531353386304,-1.5));
#7901 = VECTOR('',#7902,1.);
#7902 = DIRECTION('',(1.,-0.));
#7903 = ( GEOMETRIC_REPRESENTATION_CONTEXT(2) 
PARAMETRIC_REPRESENTATION_CONTEXT() REPRESENTATION_CONTEXT('2D SPACE',''
  ) );
#7904 = ORIENTED_EDGE('',*,*,#7763,.T.);
#7905 = ORIENTED_EDGE('',*,*,#7066,.F.);
#7906 = ADVANCED_FACE('',(#7907),#6723,.T.);
#7907 = FACE_BOUND('',#7908,.F.);
#7908 = EDGE_LOOP('',(#7909,#7910,#7911,#7933));
#7909 = ORIENTED_EDGE('',*,*,#7837,.T.);
#7910 = ORIENTED_EDGE('',*,*,#6707,.T.);
#7911 = ORIENTED_EDGE('',*,*,#7912,.F.);
#7912 = EDGE_CURVE('',#7913,#6675,#7915,.T.);
#7913 = VERTEX_POINT('',#7914);
#7914 = CARTESIAN_POINT('',(-29.,-67.,1.5));
#7915 = SURFACE_CURVE('',#7916,(#7921,#7927),.PCURVE_S1.);
#7916 = CIRCLE('',#7917,1.5);
#7917 = AXIS2_PLACEMENT_3D('',#7918,#7919,#7920);
#7918 = CARTESIAN_POINT('',(-29.,-65.5,1.5));
#7919 = DIRECTION('',(1.,0.,0.));
#7920 = DIRECTION('',(0.,-1.,0.));
#7921 = PCURVE('',#6723,#7922);
#7922 = DEFINITIONAL_REPRESENTATION('',(#7923),#7926);
#7923 = B_SPLINE_CURVE_WITH_KNOTS('',1,(#7924,#7925),.UNSPECIFIED.,.F.,
  .F.,(2,2),(0.,1.570796326795),.PIECEWISE_BEZIER_KNOTS.);
#7924 = CARTESIAN_POINT('',(0.,58.));
#7925 = CARTESIAN_POINT('',(-1.570796326795,58.));
#7926 = ( GEOMETRIC_REPRESENTATION_CONTEXT(2) 
PARAMETRIC_REPRESENTATION_CONTEXT() REPRESENTATION_CONTEXT('2D SPACE',''
  ) );
#7927 = PCURVE('',#6695,#7928);
#7928 = DEFINITIONAL_REPRESENTATION('',(#7929),#7932);
#7929 = B_SPLINE_CURVE_WITH_KNOTS('',1,(#7930,#7931),.UNSPECIFIED.,.F.,
  .F.,(2,2),(0.,1.570796326795),.PIECEWISE_BEZIER_KNOTS.);
#7930 = CARTESIAN_POINT('',(0.,0.));
#7931 = CARTESIAN_POINT('',(0.,1.570796326795));
#7932 = ( GEOMETRIC_REPRESENTATION_CONTEXT(2) 
PARAMETRIC_REPRESENTATION_CONTEXT() REPRESENTATION_CONTEXT('2D SPACE',''
  ) );
#7933 = ORIENTED_EDGE('',*,*,#7934,.F.);
#7934 = EDGE_CURVE('',#7814,#7913,#7935,.T.);
#7935 = SURFACE_CURVE('',#7936,(#7940,#7947),.PCURVE_S1.);
#7936 = LINE('',#7937,#7938);
#7937 = CARTESIAN_POINT('',(29.,-67.,1.5));
#7938 = VECTOR('',#7939,1.);
#7939 = DIRECTION('',(-1.,-0.,-0.));
#7940 = PCURVE('',#6723,#7941);
#7941 = DEFINITIONAL_REPRESENTATION('',(#7942),#7946);
#7942 = LINE('',#7943,#7944);
#7943 = CARTESIAN_POINT('',(-0.,0.));
#7944 = VECTOR('',#7945,1.);
#7945 = DIRECTION('',(-0.,1.));
#7946 = ( GEOMETRIC_REPRESENTATION_CONTEXT(2) 
PARAMETRIC_REPRESENTATION_CONTEXT() REPRESENTATION_CONTEXT('2D SPACE',''
  ) );
#7947 = PCURVE('',#339,#7948);
#7948 = DEFINITIONAL_REPRESENTATION('',(#7949),#7953);
#7949 = LINE('',#7950,#7951);
#7950 = CARTESIAN_POINT('',(58.,-1.5));
#7951 = VECTOR('',#7952,1.);
#7952 = DIRECTION('',(-1.,0.));
#7953 = ( GEOMETRIC_REPRESENTATION_CONTEXT(2) 
PARAMETRIC_REPRESENTATION_CONTEXT() REPRESENTATION_CONTEXT('2D SPACE',''
  ) );
#7954 = ADVANCED_FACE('',(#7955),#7114,.T.);
#7955 = FACE_BOUND('',#7956,.T.);
#7956 = EDGE_LOOP('',(#7957,#7979,#8001,#8002));
#7957 = ORIENTED_EDGE('',*,*,#7958,.F.);
#7958 = EDGE_CURVE('',#7959,#6647,#7961,.T.);
#7959 = VERTEX_POINT('',#7960);
#7960 = CARTESIAN_POINT('',(-33.,-12.19868415047,1.5));
#7961 = SURFACE_CURVE('',#7962,(#7967,#7973),.PCURVE_S1.);
#7962 = CIRCLE('',#7963,1.5);
#7963 = AXIS2_PLACEMENT_3D('',#7964,#7965,#7966);
#7964 = CARTESIAN_POINT('',(-31.5,-12.19868415047,1.5));
#7965 = DIRECTION('',(-0.,-1.,-0.));
#7966 = DIRECTION('',(-1.,0.,0.));
#7967 = PCURVE('',#7114,#7968);
#7968 = DEFINITIONAL_REPRESENTATION('',(#7969),#7972);
#7969 = B_SPLINE_CURVE_WITH_KNOTS('',1,(#7970,#7971),.UNSPECIFIED.,.F.,
  .F.,(2,2),(0.,1.570796326795),.PIECEWISE_BEZIER_KNOTS.);
#7970 = CARTESIAN_POINT('',(0.,3.14159265359));
#7971 = CARTESIAN_POINT('',(0.,4.712388980385));
#7972 = ( GEOMETRIC_REPRESENTATION_CONTEXT(2) 
PARAMETRIC_REPRESENTATION_CONTEXT() REPRESENTATION_CONTEXT('2D SPACE',''
  ) );
#7973 = PCURVE('',#6662,#7974);
#7974 = DEFINITIONAL_REPRESENTATION('',(#7975),#7978);
#7975 = B_SPLINE_CURVE_WITH_KNOTS('',1,(#7976,#7977),.UNSPECIFIED.,.F.,
  .F.,(2,2),(0.,1.570796326795),.PIECEWISE_BEZIER_KNOTS.);
#7976 = CARTESIAN_POINT('',(0.,50.801315849523));
#7977 = CARTESIAN_POINT('',(-1.570796326795,50.801315849523));
#7978 = ( GEOMETRIC_REPRESENTATION_CONTEXT(2) 
PARAMETRIC_REPRESENTATION_CONTEXT() REPRESENTATION_CONTEXT('2D SPACE',''
  ) );
#7979 = ORIENTED_EDGE('',*,*,#7980,.T.);
#7980 = EDGE_CURVE('',#7959,#7862,#7981,.T.);
#7981 = SURFACE_CURVE('',#7982,(#7987,#7994),.PCURVE_S1.);
#7982 = CIRCLE('',#7983,4.);
#7983 = AXIS2_PLACEMENT_3D('',#7984,#7985,#7986);
#7984 = CARTESIAN_POINT('',(-37.00000000127,-12.19868415047,1.5));
#7985 = DIRECTION('',(0.,0.,1.));
#7986 = DIRECTION('',(1.,0.,-0.));
#7987 = PCURVE('',#7114,#7988);
#7988 = DEFINITIONAL_REPRESENTATION('',(#7989),#7993);
#7989 = LINE('',#7990,#7991);
#7990 = CARTESIAN_POINT('',(0.,3.14159265359));
#7991 = VECTOR('',#7992,1.);
#7992 = DIRECTION('',(1.,0.));
#7993 = ( GEOMETRIC_REPRESENTATION_CONTEXT(2) 
PARAMETRIC_REPRESENTATION_CONTEXT() REPRESENTATION_CONTEXT('2D SPACE',''
  ) );
#7994 = PCURVE('',#250,#7995);
#7995 = DEFINITIONAL_REPRESENTATION('',(#7996),#8000);
#7996 = LINE('',#7997,#7998);
#7997 = CARTESIAN_POINT('',(3.14159265359,-1.5));
#7998 = VECTOR('',#7999,1.);
#7999 = DIRECTION('',(-1.,-0.));
#8000 = ( GEOMETRIC_REPRESENTATION_CONTEXT(2) 
PARAMETRIC_REPRESENTATION_CONTEXT() REPRESENTATION_CONTEXT('2D SPACE',''
  ) );
#8001 = ORIENTED_EDGE('',*,*,#7861,.T.);
#8002 = ORIENTED_EDGE('',*,*,#7099,.F.);
#8003 = ADVANCED_FACE('',(#8004),#6695,.T.);
#8004 = FACE_BOUND('',#8005,.T.);
#8005 = EDGE_LOOP('',(#8006,#8007,#8031,#8051));
#8006 = ORIENTED_EDGE('',*,*,#7912,.F.);
#8007 = ORIENTED_EDGE('',*,*,#8008,.T.);
#8008 = EDGE_CURVE('',#7913,#8009,#8011,.T.);
#8009 = VERTEX_POINT('',#8010);
#8010 = CARTESIAN_POINT('',(-33.,-63.,1.5));
#8011 = SURFACE_CURVE('',#8012,(#8017,#8024),.PCURVE_S1.);
#8012 = CIRCLE('',#8013,4.);
#8013 = AXIS2_PLACEMENT_3D('',#8014,#8015,#8016);
#8014 = CARTESIAN_POINT('',(-29.,-63.,1.5));
#8015 = DIRECTION('',(-0.,-0.,-1.));
#8016 = DIRECTION('',(0.,-1.,0.));
#8017 = PCURVE('',#6695,#8018);
#8018 = DEFINITIONAL_REPRESENTATION('',(#8019),#8023);
#8019 = LINE('',#8020,#8021);
#8020 = CARTESIAN_POINT('',(0.,0.));
#8021 = VECTOR('',#8022,1.);
#8022 = DIRECTION('',(1.,0.));
#8023 = ( GEOMETRIC_REPRESENTATION_CONTEXT(2) 
PARAMETRIC_REPRESENTATION_CONTEXT() REPRESENTATION_CONTEXT('2D SPACE',''
  ) );
#8024 = PCURVE('',#311,#8025);
#8025 = DEFINITIONAL_REPRESENTATION('',(#8026),#8030);
#8026 = LINE('',#8027,#8028);
#8027 = CARTESIAN_POINT('',(4.712388980385,-1.5));
#8028 = VECTOR('',#8029,1.);
#8029 = DIRECTION('',(1.,0.));
#8030 = ( GEOMETRIC_REPRESENTATION_CONTEXT(2) 
PARAMETRIC_REPRESENTATION_CONTEXT() REPRESENTATION_CONTEXT('2D SPACE',''
  ) );
#8031 = ORIENTED_EDGE('',*,*,#8032,.T.);
#8032 = EDGE_CURVE('',#8009,#6645,#8033,.T.);
#8033 = SURFACE_CURVE('',#8034,(#8039,#8045),.PCURVE_S1.);
#8034 = CIRCLE('',#8035,1.5);
#8035 = AXIS2_PLACEMENT_3D('',#8036,#8037,#8038);
#8036 = CARTESIAN_POINT('',(-31.5,-63.,1.5));
#8037 = DIRECTION('',(-0.,-1.,-0.));
#8038 = DIRECTION('',(-1.,0.,0.));
#8039 = PCURVE('',#6695,#8040);
#8040 = DEFINITIONAL_REPRESENTATION('',(#8041),#8044);
#8041 = B_SPLINE_CURVE_WITH_KNOTS('',1,(#8042,#8043),.UNSPECIFIED.,.F.,
  .F.,(2,2),(0.,1.570796326795),.PIECEWISE_BEZIER_KNOTS.);
#8042 = CARTESIAN_POINT('',(1.570796326795,0.));
#8043 = CARTESIAN_POINT('',(1.570796326795,1.570796326795));
#8044 = ( GEOMETRIC_REPRESENTATION_CONTEXT(2) 
PARAMETRIC_REPRESENTATION_CONTEXT() REPRESENTATION_CONTEXT('2D SPACE',''
  ) );
#8045 = PCURVE('',#6662,#8046);
#8046 = DEFINITIONAL_REPRESENTATION('',(#8047),#8050);
#8047 = B_SPLINE_CURVE_WITH_KNOTS('',1,(#8048,#8049),.UNSPECIFIED.,.F.,
  .F.,(2,2),(0.,1.570796326795),.PIECEWISE_BEZIER_KNOTS.);
#8048 = CARTESIAN_POINT('',(0.,7.105427357601E-15));
#8049 = CARTESIAN_POINT('',(-1.570796326795,7.105427357601E-15));
#8050 = ( GEOMETRIC_REPRESENTATION_CONTEXT(2) 
PARAMETRIC_REPRESENTATION_CONTEXT() REPRESENTATION_CONTEXT('2D SPACE',''
  ) );
#8051 = ORIENTED_EDGE('',*,*,#6674,.F.);
#8052 = ADVANCED_FACE('',(#8053),#6662,.T.);
#8053 = FACE_BOUND('',#8054,.F.);
#8054 = EDGE_LOOP('',(#8055,#8056,#8057,#8058));
#8055 = ORIENTED_EDGE('',*,*,#8032,.T.);
#8056 = ORIENTED_EDGE('',*,*,#6644,.T.);
#8057 = ORIENTED_EDGE('',*,*,#7958,.F.);
#8058 = ORIENTED_EDGE('',*,*,#8059,.F.);
#8059 = EDGE_CURVE('',#8009,#7959,#8060,.T.);
#8060 = SURFACE_CURVE('',#8061,(#8065,#8072),.PCURVE_S1.);
#8061 = LINE('',#8062,#8063);
#8062 = CARTESIAN_POINT('',(-33.,-63.,1.5));
#8063 = VECTOR('',#8064,1.);
#8064 = DIRECTION('',(0.,1.,0.));
#8065 = PCURVE('',#6662,#8066);
#8066 = DEFINITIONAL_REPRESENTATION('',(#8067),#8071);
#8067 = LINE('',#8068,#8069);
#8068 = CARTESIAN_POINT('',(-0.,0.));
#8069 = VECTOR('',#8070,1.);
#8070 = DIRECTION('',(-0.,1.));
#8071 = ( GEOMETRIC_REPRESENTATION_CONTEXT(2) 
PARAMETRIC_REPRESENTATION_CONTEXT() REPRESENTATION_CONTEXT('2D SPACE',''
  ) );
#8072 = PCURVE('',#278,#8073);
#8073 = DEFINITIONAL_REPRESENTATION('',(#8074),#8078);
#8074 = LINE('',#8075,#8076);
#8075 = CARTESIAN_POINT('',(0.,-1.5));
#8076 = VECTOR('',#8077,1.);
#8077 = DIRECTION('',(1.,0.));
#8078 = ( GEOMETRIC_REPRESENTATION_CONTEXT(2) 
PARAMETRIC_REPRESENTATION_CONTEXT() REPRESENTATION_CONTEXT('2D SPACE',''
  ) );
#8079 = ADVANCED_FACE('',(#8080),#6320,.F.);
#8080 = FACE_BOUND('',#8081,.F.);
#8081 = EDGE_LOOP('',(#8082,#8083,#8104,#8105));
#8082 = ORIENTED_EDGE('',*,*,#7200,.F.);
#8083 = ORIENTED_EDGE('',*,*,#8084,.T.);
#8084 = EDGE_CURVE('',#7180,#6300,#8085,.T.);
#8085 = SURFACE_CURVE('',#8086,(#8090,#8097),.PCURVE_S1.);
#8086 = LINE('',#8087,#8088);
#8087 = CARTESIAN_POINT('',(-20.65000001397,44.1,-5.E-02));
#8088 = VECTOR('',#8089,1.);
#8089 = DIRECTION('',(0.,0.,1.));
#8090 = PCURVE('',#6320,#8091);
#8091 = DEFINITIONAL_REPRESENTATION('',(#8092),#8096);
#8092 = LINE('',#8093,#8094);
#8093 = CARTESIAN_POINT('',(1.570796326795,0.));
#8094 = VECTOR('',#8095,1.);
#8095 = DIRECTION('',(0.,-1.));
#8096 = ( GEOMETRIC_REPRESENTATION_CONTEXT(2) 
PARAMETRIC_REPRESENTATION_CONTEXT() REPRESENTATION_CONTEXT('2D SPACE',''
  ) );
#8097 = PCURVE('',#6348,#8098);
#8098 = DEFINITIONAL_REPRESENTATION('',(#8099),#8103);
#8099 = LINE('',#8100,#8101);
#8100 = CARTESIAN_POINT('',(1.69999999739,0.));
#8101 = VECTOR('',#8102,1.);
#8102 = DIRECTION('',(0.,-1.));
#8103 = ( GEOMETRIC_REPRESENTATION_CONTEXT(2) 
PARAMETRIC_REPRESENTATION_CONTEXT() REPRESENTATION_CONTEXT('2D SPACE',''
  ) );
#8104 = ORIENTED_EDGE('',*,*,#6299,.T.);
#8105 = ORIENTED_EDGE('',*,*,#6620,.F.);
#8106 = ADVANCED_FACE('',(#8107),#6259,.F.);
#8107 = FACE_BOUND('',#8108,.F.);
#8108 = EDGE_LOOP('',(#8109,#8110,#8111,#8112));
#8109 = ORIENTED_EDGE('',*,*,#7227,.F.);
#8110 = ORIENTED_EDGE('',*,*,#6598,.T.);
#8111 = ORIENTED_EDGE('',*,*,#6238,.T.);
#8112 = ORIENTED_EDGE('',*,*,#8113,.F.);
#8113 = EDGE_CURVE('',#7228,#6211,#8114,.T.);
#8114 = SURFACE_CURVE('',#8115,(#8119,#8126),.PCURVE_S1.);
#8115 = LINE('',#8116,#8117);
#8116 = CARTESIAN_POINT('',(-20.65000001397,35.9,-5.E-02));
#8117 = VECTOR('',#8118,1.);
#8118 = DIRECTION('',(0.,0.,1.));
#8119 = PCURVE('',#6259,#8120);
#8120 = DEFINITIONAL_REPRESENTATION('',(#8121),#8125);
#8121 = LINE('',#8122,#8123);
#8122 = CARTESIAN_POINT('',(4.712388980385,0.));
#8123 = VECTOR('',#8124,1.);
#8124 = DIRECTION('',(0.,-1.));
#8125 = ( GEOMETRIC_REPRESENTATION_CONTEXT(2) 
PARAMETRIC_REPRESENTATION_CONTEXT() REPRESENTATION_CONTEXT('2D SPACE',''
  ) );
#8126 = PCURVE('',#6226,#8127);
#8127 = DEFINITIONAL_REPRESENTATION('',(#8128),#8132);
#8128 = LINE('',#8129,#8130);
#8129 = CARTESIAN_POINT('',(1.69999999739,0.));
#8130 = VECTOR('',#8131,1.);
#8131 = DIRECTION('',(0.,-1.));
#8132 = ( GEOMETRIC_REPRESENTATION_CONTEXT(2) 
PARAMETRIC_REPRESENTATION_CONTEXT() REPRESENTATION_CONTEXT('2D SPACE',''
  ) );
#8133 = ADVANCED_FACE('',(#8134),#6348,.F.);
#8134 = FACE_BOUND('',#8135,.F.);
#8135 = EDGE_LOOP('',(#8136,#8137,#8158,#8159));
#8136 = ORIENTED_EDGE('',*,*,#7179,.T.);
#8137 = ORIENTED_EDGE('',*,*,#8138,.T.);
#8138 = EDGE_CURVE('',#7152,#6333,#8139,.T.);
#8139 = SURFACE_CURVE('',#8140,(#8144,#8151),.PCURVE_S1.);
#8140 = LINE('',#8141,#8142);
#8141 = CARTESIAN_POINT('',(-22.35000001136,44.1,-5.E-02));
#8142 = VECTOR('',#8143,1.);
#8143 = DIRECTION('',(0.,0.,1.));
#8144 = PCURVE('',#6348,#8145);
#8145 = DEFINITIONAL_REPRESENTATION('',(#8146),#8150);
#8146 = LINE('',#8147,#8148);
#8147 = CARTESIAN_POINT('',(-2.22044604925E-16,0.));
#8148 = VECTOR('',#8149,1.);
#8149 = DIRECTION('',(0.,-1.));
#8150 = ( GEOMETRIC_REPRESENTATION_CONTEXT(2) 
PARAMETRIC_REPRESENTATION_CONTEXT() REPRESENTATION_CONTEXT('2D SPACE',''
  ) );
#8151 = PCURVE('',#6379,#8152);
#8152 = DEFINITIONAL_REPRESENTATION('',(#8153),#8157);
#8153 = LINE('',#8154,#8155);
#8154 = CARTESIAN_POINT('',(1.570796326795,0.));
#8155 = VECTOR('',#8156,1.);
#8156 = DIRECTION('',(0.,-1.));
#8157 = ( GEOMETRIC_REPRESENTATION_CONTEXT(2) 
PARAMETRIC_REPRESENTATION_CONTEXT() REPRESENTATION_CONTEXT('2D SPACE',''
  ) );
#8158 = ORIENTED_EDGE('',*,*,#6332,.T.);
#8159 = ORIENTED_EDGE('',*,*,#8084,.F.);
#8160 = ADVANCED_FACE('',(#8161),#6226,.T.);
#8161 = FACE_BOUND('',#8162,.T.);
#8162 = EDGE_LOOP('',(#8163,#8164,#8185,#8186));
#8163 = ORIENTED_EDGE('',*,*,#7255,.T.);
#8164 = ORIENTED_EDGE('',*,*,#8165,.T.);
#8165 = EDGE_CURVE('',#7256,#6178,#8166,.T.);
#8166 = SURFACE_CURVE('',#8167,(#8171,#8178),.PCURVE_S1.);
#8167 = LINE('',#8168,#8169);
#8168 = CARTESIAN_POINT('',(-22.35000001136,35.9,-5.E-02));
#8169 = VECTOR('',#8170,1.);
#8170 = DIRECTION('',(0.,0.,1.));
#8171 = PCURVE('',#6226,#8172);
#8172 = DEFINITIONAL_REPRESENTATION('',(#8173),#8177);
#8173 = LINE('',#8174,#8175);
#8174 = CARTESIAN_POINT('',(-2.22044604925E-16,0.));
#8175 = VECTOR('',#8176,1.);
#8176 = DIRECTION('',(0.,-1.));
#8177 = ( GEOMETRIC_REPRESENTATION_CONTEXT(2) 
PARAMETRIC_REPRESENTATION_CONTEXT() REPRESENTATION_CONTEXT('2D SPACE',''
  ) );
#8178 = PCURVE('',#6198,#8179);
#8179 = DEFINITIONAL_REPRESENTATION('',(#8180),#8184);
#8180 = LINE('',#8181,#8182);
#8181 = CARTESIAN_POINT('',(4.712388980385,0.));
#8182 = VECTOR('',#8183,1.);
#8183 = DIRECTION('',(0.,-1.));
#8184 = ( GEOMETRIC_REPRESENTATION_CONTEXT(2) 
PARAMETRIC_REPRESENTATION_CONTEXT() REPRESENTATION_CONTEXT('2D SPACE',''
  ) );
#8185 = ORIENTED_EDGE('',*,*,#6210,.T.);
#8186 = ORIENTED_EDGE('',*,*,#8113,.F.);
#8187 = ADVANCED_FACE('',(#8188),#6379,.F.);
#8188 = FACE_BOUND('',#8189,.F.);
#8189 = EDGE_LOOP('',(#8190,#8191,#8212,#8213));
#8190 = ORIENTED_EDGE('',*,*,#7151,.F.);
#8191 = ORIENTED_EDGE('',*,*,#8192,.T.);
#8192 = EDGE_CURVE('',#7129,#6150,#8193,.T.);
#8193 = SURFACE_CURVE('',#8194,(#8198,#8205),.PCURVE_S1.);
#8194 = LINE('',#8195,#8196);
#8195 = CARTESIAN_POINT('',(-24.35,42.1,-5.E-02));
#8196 = VECTOR('',#8197,1.);
#8197 = DIRECTION('',(0.,0.,1.));
#8198 = PCURVE('',#6379,#8199);
#8199 = DEFINITIONAL_REPRESENTATION('',(#8200),#8204);
#8200 = LINE('',#8201,#8202);
#8201 = CARTESIAN_POINT('',(0.,0.));
#8202 = VECTOR('',#8203,1.);
#8203 = DIRECTION('',(0.,-1.));
#8204 = ( GEOMETRIC_REPRESENTATION_CONTEXT(2) 
PARAMETRIC_REPRESENTATION_CONTEXT() REPRESENTATION_CONTEXT('2D SPACE',''
  ) );
#8205 = PCURVE('',#6165,#8206);
#8206 = DEFINITIONAL_REPRESENTATION('',(#8207),#8211);
#8207 = LINE('',#8208,#8209);
#8208 = CARTESIAN_POINT('',(4.2,0.));
#8209 = VECTOR('',#8210,1.);
#8210 = DIRECTION('',(0.,-1.));
#8211 = ( GEOMETRIC_REPRESENTATION_CONTEXT(2) 
PARAMETRIC_REPRESENTATION_CONTEXT() REPRESENTATION_CONTEXT('2D SPACE',''
  ) );
#8212 = ORIENTED_EDGE('',*,*,#6360,.T.);
#8213 = ORIENTED_EDGE('',*,*,#8138,.F.);
#8214 = ADVANCED_FACE('',(#8215),#6198,.F.);
#8215 = FACE_BOUND('',#8216,.F.);
#8216 = EDGE_LOOP('',(#8217,#8218,#8219,#8220));
#8217 = ORIENTED_EDGE('',*,*,#7276,.F.);
#8218 = ORIENTED_EDGE('',*,*,#8165,.T.);
#8219 = ORIENTED_EDGE('',*,*,#6177,.T.);
#8220 = ORIENTED_EDGE('',*,*,#8221,.F.);
#8221 = EDGE_CURVE('',#7131,#6148,#8222,.T.);
#8222 = SURFACE_CURVE('',#8223,(#8227,#8234),.PCURVE_S1.);
#8223 = LINE('',#8224,#8225);
#8224 = CARTESIAN_POINT('',(-24.35,37.9,-5.E-02));
#8225 = VECTOR('',#8226,1.);
#8226 = DIRECTION('',(0.,0.,1.));
#8227 = PCURVE('',#6198,#8228);
#8228 = DEFINITIONAL_REPRESENTATION('',(#8229),#8233);
#8229 = LINE('',#8230,#8231);
#8230 = CARTESIAN_POINT('',(6.28318530718,0.));
#8231 = VECTOR('',#8232,1.);
#8232 = DIRECTION('',(0.,-1.));
#8233 = ( GEOMETRIC_REPRESENTATION_CONTEXT(2) 
PARAMETRIC_REPRESENTATION_CONTEXT() REPRESENTATION_CONTEXT('2D SPACE',''
  ) );
#8234 = PCURVE('',#6165,#8235);
#8235 = DEFINITIONAL_REPRESENTATION('',(#8236),#8240);
#8236 = LINE('',#8237,#8238);
#8237 = CARTESIAN_POINT('',(0.,0.));
#8238 = VECTOR('',#8239,1.);
#8239 = DIRECTION('',(0.,-1.));
#8240 = ( GEOMETRIC_REPRESENTATION_CONTEXT(2) 
PARAMETRIC_REPRESENTATION_CONTEXT() REPRESENTATION_CONTEXT('2D SPACE',''
  ) );
#8241 = ADVANCED_FACE('',(#8242),#6165,.F.);
#8242 = FACE_BOUND('',#8243,.F.);
#8243 = EDGE_LOOP('',(#8244,#8245,#8246,#8247));
#8244 = ORIENTED_EDGE('',*,*,#7128,.T.);
#8245 = ORIENTED_EDGE('',*,*,#8221,.T.);
#8246 = ORIENTED_EDGE('',*,*,#6147,.T.);
#8247 = ORIENTED_EDGE('',*,*,#8192,.F.);
#8248 = ADVANCED_FACE('',(#8249),#5911,.F.);
#8249 = FACE_BOUND('',#8250,.F.);
#8250 = EDGE_LOOP('',(#8251,#8252,#8253,#8254));
#8251 = ORIENTED_EDGE('',*,*,#6520,.F.);
#8252 = ORIENTED_EDGE('',*,*,#6122,.T.);
#8253 = ORIENTED_EDGE('',*,*,#5890,.T.);
#8254 = ORIENTED_EDGE('',*,*,#8255,.F.);
#8255 = EDGE_CURVE('',#6521,#5891,#8256,.T.);
#8256 = SURFACE_CURVE('',#8257,(#8261,#8268),.PCURVE_S1.);
#8257 = LINE('',#8258,#8259);
#8258 = CARTESIAN_POINT('',(-21.30000002176,36.9,-5.E-02));
#8259 = VECTOR('',#8260,1.);
#8260 = DIRECTION('',(0.,0.,1.));
#8261 = PCURVE('',#5911,#8262);
#8262 = DEFINITIONAL_REPRESENTATION('',(#8263),#8267);
#8263 = LINE('',#8264,#8265);
#8264 = CARTESIAN_POINT('',(4.712388980385,0.));
#8265 = VECTOR('',#8266,1.);
#8266 = DIRECTION('',(0.,-1.));
#8267 = ( GEOMETRIC_REPRESENTATION_CONTEXT(2) 
PARAMETRIC_REPRESENTATION_CONTEXT() REPRESENTATION_CONTEXT('2D SPACE',''
  ) );
#8268 = PCURVE('',#5938,#8269);
#8269 = DEFINITIONAL_REPRESENTATION('',(#8270),#8274);
#8270 = LINE('',#8271,#8272);
#8271 = CARTESIAN_POINT('',(0.399999980333,0.));
#8272 = VECTOR('',#8273,1.);
#8273 = DIRECTION('',(0.,-1.));
#8274 = ( GEOMETRIC_REPRESENTATION_CONTEXT(2) 
PARAMETRIC_REPRESENTATION_CONTEXT() REPRESENTATION_CONTEXT('2D SPACE',''
  ) );
#8275 = ADVANCED_FACE('',(#8276),#5852,.F.);
#8276 = FACE_BOUND('',#8277,.F.);
#8277 = EDGE_LOOP('',(#8278,#8279,#8300,#8301));
#8278 = ORIENTED_EDGE('',*,*,#6493,.F.);
#8279 = ORIENTED_EDGE('',*,*,#8280,.T.);
#8280 = EDGE_CURVE('',#6473,#5806,#8281,.T.);
#8281 = SURFACE_CURVE('',#8282,(#8286,#8293),.PCURVE_S1.);
#8282 = LINE('',#8283,#8284);
#8283 = CARTESIAN_POINT('',(-21.30000002176,43.1,-5.E-02));
#8284 = VECTOR('',#8285,1.);
#8285 = DIRECTION('',(0.,0.,1.));
#8286 = PCURVE('',#5852,#8287);
#8287 = DEFINITIONAL_REPRESENTATION('',(#8288),#8292);
#8288 = LINE('',#8289,#8290);
#8289 = CARTESIAN_POINT('',(1.570796326795,0.));
#8290 = VECTOR('',#8291,1.);
#8291 = DIRECTION('',(0.,-1.));
#8292 = ( GEOMETRIC_REPRESENTATION_CONTEXT(2) 
PARAMETRIC_REPRESENTATION_CONTEXT() REPRESENTATION_CONTEXT('2D SPACE',''
  ) );
#8293 = PCURVE('',#5820,#8294);
#8294 = DEFINITIONAL_REPRESENTATION('',(#8295),#8299);
#8295 = LINE('',#8296,#8297);
#8296 = CARTESIAN_POINT('',(0.399999980333,0.));
#8297 = VECTOR('',#8298,1.);
#8298 = DIRECTION('',(0.,-1.));
#8299 = ( GEOMETRIC_REPRESENTATION_CONTEXT(2) 
PARAMETRIC_REPRESENTATION_CONTEXT() REPRESENTATION_CONTEXT('2D SPACE',''
  ) );
#8300 = ORIENTED_EDGE('',*,*,#5831,.T.);
#8301 = ORIENTED_EDGE('',*,*,#6073,.F.);
#8302 = ADVANCED_FACE('',(#8303),#5938,.T.);
#8303 = FACE_BOUND('',#8304,.T.);
#8304 = EDGE_LOOP('',(#8305,#8306,#8307,#8328));
#8305 = ORIENTED_EDGE('',*,*,#8255,.F.);
#8306 = ORIENTED_EDGE('',*,*,#6548,.F.);
#8307 = ORIENTED_EDGE('',*,*,#8308,.T.);
#8308 = EDGE_CURVE('',#6394,#5924,#8309,.T.);
#8309 = SURFACE_CURVE('',#8310,(#8314,#8321),.PCURVE_S1.);
#8310 = LINE('',#8311,#8312);
#8311 = CARTESIAN_POINT('',(-21.7000000021,36.9,-5.E-02));
#8312 = VECTOR('',#8313,1.);
#8313 = DIRECTION('',(0.,0.,1.));
#8314 = PCURVE('',#5938,#8315);
#8315 = DEFINITIONAL_REPRESENTATION('',(#8316),#8320);
#8316 = LINE('',#8317,#8318);
#8317 = CARTESIAN_POINT('',(3.330669073875E-16,0.));
#8318 = VECTOR('',#8319,1.);
#8319 = DIRECTION('',(0.,-1.));
#8320 = ( GEOMETRIC_REPRESENTATION_CONTEXT(2) 
PARAMETRIC_REPRESENTATION_CONTEXT() REPRESENTATION_CONTEXT('2D SPACE',''
  ) );
#8321 = PCURVE('',#5968,#8322);
#8322 = DEFINITIONAL_REPRESENTATION('',(#8323),#8327);
#8323 = LINE('',#8324,#8325);
#8324 = CARTESIAN_POINT('',(4.712388980385,0.));
#8325 = VECTOR('',#8326,1.);
#8326 = DIRECTION('',(0.,-1.));
#8327 = ( GEOMETRIC_REPRESENTATION_CONTEXT(2) 
PARAMETRIC_REPRESENTATION_CONTEXT() REPRESENTATION_CONTEXT('2D SPACE',''
  ) );
#8328 = ORIENTED_EDGE('',*,*,#5923,.F.);
#8329 = ADVANCED_FACE('',(#8330),#5820,.F.);
#8330 = FACE_BOUND('',#8331,.F.);
#8331 = EDGE_LOOP('',(#8332,#8333,#8334,#8355));
#8332 = ORIENTED_EDGE('',*,*,#8280,.F.);
#8333 = ORIENTED_EDGE('',*,*,#6472,.F.);
#8334 = ORIENTED_EDGE('',*,*,#8335,.T.);
#8335 = EDGE_CURVE('',#6445,#5773,#8336,.T.);
#8336 = SURFACE_CURVE('',#8337,(#8341,#8348),.PCURVE_S1.);
#8337 = LINE('',#8338,#8339);
#8338 = CARTESIAN_POINT('',(-21.7000000021,43.1,-5.E-02));
#8339 = VECTOR('',#8340,1.);
#8340 = DIRECTION('',(0.,0.,1.));
#8341 = PCURVE('',#5820,#8342);
#8342 = DEFINITIONAL_REPRESENTATION('',(#8343),#8347);
#8343 = LINE('',#8344,#8345);
#8344 = CARTESIAN_POINT('',(-1.110223024625E-16,0.));
#8345 = VECTOR('',#8346,1.);
#8346 = DIRECTION('',(0.,-1.));
#8347 = ( GEOMETRIC_REPRESENTATION_CONTEXT(2) 
PARAMETRIC_REPRESENTATION_CONTEXT() REPRESENTATION_CONTEXT('2D SPACE',''
  ) );
#8348 = PCURVE('',#5793,#8349);
#8349 = DEFINITIONAL_REPRESENTATION('',(#8350),#8354);
#8350 = LINE('',#8351,#8352);
#8351 = CARTESIAN_POINT('',(1.570796326795,0.));
#8352 = VECTOR('',#8353,1.);
#8353 = DIRECTION('',(0.,-1.));
#8354 = ( GEOMETRIC_REPRESENTATION_CONTEXT(2) 
PARAMETRIC_REPRESENTATION_CONTEXT() REPRESENTATION_CONTEXT('2D SPACE',''
  ) );
#8355 = ORIENTED_EDGE('',*,*,#5805,.F.);
#8356 = ADVANCED_FACE('',(#8357),#5968,.F.);
#8357 = FACE_BOUND('',#8358,.F.);
#8358 = EDGE_LOOP('',(#8359,#8360,#8361,#8362));
#8359 = ORIENTED_EDGE('',*,*,#6393,.F.);
#8360 = ORIENTED_EDGE('',*,*,#8308,.T.);
#8361 = ORIENTED_EDGE('',*,*,#5949,.T.);
#8362 = ORIENTED_EDGE('',*,*,#8363,.F.);
#8363 = EDGE_CURVE('',#6396,#5747,#8364,.T.);
#8364 = SURFACE_CURVE('',#8365,(#8369,#8376),.PCURVE_S1.);
#8365 = LINE('',#8366,#8367);
#8366 = CARTESIAN_POINT('',(-23.35,38.55,-5.E-02));
#8367 = VECTOR('',#8368,1.);
#8368 = DIRECTION('',(0.,0.,1.));
#8369 = PCURVE('',#5968,#8370);
#8370 = DEFINITIONAL_REPRESENTATION('',(#8371),#8375);
#8371 = LINE('',#8372,#8373);
#8372 = CARTESIAN_POINT('',(6.28318530718,0.));
#8373 = VECTOR('',#8374,1.);
#8374 = DIRECTION('',(0.,-1.));
#8375 = ( GEOMETRIC_REPRESENTATION_CONTEXT(2) 
PARAMETRIC_REPRESENTATION_CONTEXT() REPRESENTATION_CONTEXT('2D SPACE',''
  ) );
#8376 = PCURVE('',#5761,#8377);
#8377 = DEFINITIONAL_REPRESENTATION('',(#8378),#8382);
#8378 = LINE('',#8379,#8380);
#8379 = CARTESIAN_POINT('',(-2.22044604925E-16,0.));
#8380 = VECTOR('',#8381,1.);
#8381 = DIRECTION('',(0.,-1.));
#8382 = ( GEOMETRIC_REPRESENTATION_CONTEXT(2) 
PARAMETRIC_REPRESENTATION_CONTEXT() REPRESENTATION_CONTEXT('2D SPACE',''
  ) );
#8383 = ADVANCED_FACE('',(#8384),#5793,.F.);
#8384 = FACE_BOUND('',#8385,.F.);
#8385 = EDGE_LOOP('',(#8386,#8387,#8408,#8409));
#8386 = ORIENTED_EDGE('',*,*,#6444,.F.);
#8387 = ORIENTED_EDGE('',*,*,#8388,.T.);
#8388 = EDGE_CURVE('',#6424,#5745,#8389,.T.);
#8389 = SURFACE_CURVE('',#8390,(#8394,#8401),.PCURVE_S1.);
#8390 = LINE('',#8391,#8392);
#8391 = CARTESIAN_POINT('',(-23.35,41.45,-5.E-02));
#8392 = VECTOR('',#8393,1.);
#8393 = DIRECTION('',(0.,0.,1.));
#8394 = PCURVE('',#5793,#8395);
#8395 = DEFINITIONAL_REPRESENTATION('',(#8396),#8400);
#8396 = LINE('',#8397,#8398);
#8397 = CARTESIAN_POINT('',(0.,0.));
#8398 = VECTOR('',#8399,1.);
#8399 = DIRECTION('',(0.,-1.));
#8400 = ( GEOMETRIC_REPRESENTATION_CONTEXT(2) 
PARAMETRIC_REPRESENTATION_CONTEXT() REPRESENTATION_CONTEXT('2D SPACE',''
  ) );
#8401 = PCURVE('',#5761,#8402);
#8402 = DEFINITIONAL_REPRESENTATION('',(#8403),#8407);
#8403 = LINE('',#8404,#8405);
#8404 = CARTESIAN_POINT('',(2.9,0.));
#8405 = VECTOR('',#8406,1.);
#8406 = DIRECTION('',(0.,-1.));
#8407 = ( GEOMETRIC_REPRESENTATION_CONTEXT(2) 
PARAMETRIC_REPRESENTATION_CONTEXT() REPRESENTATION_CONTEXT('2D SPACE',''
  ) );
#8408 = ORIENTED_EDGE('',*,*,#5772,.T.);
#8409 = ORIENTED_EDGE('',*,*,#8335,.F.);
#8410 = ADVANCED_FACE('',(#8411),#5761,.F.);
#8411 = FACE_BOUND('',#8412,.F.);
#8412 = EDGE_LOOP('',(#8413,#8414,#8415,#8416));
#8413 = ORIENTED_EDGE('',*,*,#8388,.F.);
#8414 = ORIENTED_EDGE('',*,*,#6423,.F.);
#8415 = ORIENTED_EDGE('',*,*,#8363,.T.);
#8416 = ORIENTED_EDGE('',*,*,#5744,.F.);
#8417 = ADVANCED_FACE('',(#8418),#5730,.T.);
#8418 = FACE_BOUND('',#8419,.F.);
#8419 = EDGE_LOOP('',(#8420,#8443,#8470,#8471));
#8420 = ORIENTED_EDGE('',*,*,#8421,.T.);
#8421 = EDGE_CURVE('',#5714,#8422,#8424,.T.);
#8422 = VERTEX_POINT('',#8423);
#8423 = CARTESIAN_POINT('',(-20.5,32.85,3.3));
#8424 = SEAM_CURVE('',#8425,(#8429,#8436),.PCURVE_S1.);
#8425 = LINE('',#8426,#8427);
#8426 = CARTESIAN_POINT('',(-20.5,32.85,1.3));
#8427 = VECTOR('',#8428,1.);
#8428 = DIRECTION('',(0.,0.,1.));
#8429 = PCURVE('',#5730,#8430);
#8430 = DEFINITIONAL_REPRESENTATION('',(#8431),#8435);
#8431 = LINE('',#8432,#8433);
#8432 = CARTESIAN_POINT('',(-0.,0.));
#8433 = VECTOR('',#8434,1.);
#8434 = DIRECTION('',(-0.,-1.));
#8435 = ( GEOMETRIC_REPRESENTATION_CONTEXT(2) 
PARAMETRIC_REPRESENTATION_CONTEXT() REPRESENTATION_CONTEXT('2D SPACE',''
  ) );
#8436 = PCURVE('',#5730,#8437);
#8437 = DEFINITIONAL_REPRESENTATION('',(#8438),#8442);
#8438 = LINE('',#8439,#8440);
#8439 = CARTESIAN_POINT('',(-6.28318530718,0.));
#8440 = VECTOR('',#8441,1.);
#8441 = DIRECTION('',(-0.,-1.));
#8442 = ( GEOMETRIC_REPRESENTATION_CONTEXT(2) 
PARAMETRIC_REPRESENTATION_CONTEXT() REPRESENTATION_CONTEXT('2D SPACE',''
  ) );
#8443 = ORIENTED_EDGE('',*,*,#8444,.T.);
#8444 = EDGE_CURVE('',#8422,#8422,#8445,.T.);
#8445 = SURFACE_CURVE('',#8446,(#8451,#8458),.PCURVE_S1.);
#8446 = CIRCLE('',#8447,1.);
#8447 = AXIS2_PLACEMENT_3D('',#8448,#8449,#8450);
#8448 = CARTESIAN_POINT('',(-21.5,32.85,3.3));
#8449 = DIRECTION('',(0.,0.,1.));
#8450 = DIRECTION('',(1.,0.,-0.));
#8451 = PCURVE('',#5730,#8452);
#8452 = DEFINITIONAL_REPRESENTATION('',(#8453),#8457);
#8453 = LINE('',#8454,#8455);
#8454 = CARTESIAN_POINT('',(-0.,-2.));
#8455 = VECTOR('',#8456,1.);
#8456 = DIRECTION('',(-1.,0.));
#8457 = ( GEOMETRIC_REPRESENTATION_CONTEXT(2) 
PARAMETRIC_REPRESENTATION_CONTEXT() REPRESENTATION_CONTEXT('2D SPACE',''
  ) );
#8458 = PCURVE('',#8459,#8464);
#8459 = PLANE('',#8460);
#8460 = AXIS2_PLACEMENT_3D('',#8461,#8462,#8463);
#8461 = CARTESIAN_POINT('',(-21.5,32.85,3.3));
#8462 = DIRECTION('',(0.,0.,1.));
#8463 = DIRECTION('',(1.,0.,-0.));
#8464 = DEFINITIONAL_REPRESENTATION('',(#8465),#8469);
#8465 = CIRCLE('',#8466,1.);
#8466 = AXIS2_PLACEMENT_2D('',#8467,#8468);
#8467 = CARTESIAN_POINT('',(6.409875621279E-17,-8.737595245399E-17));
#8468 = DIRECTION('',(1.,0.));
#8469 = ( GEOMETRIC_REPRESENTATION_CONTEXT(2) 
PARAMETRIC_REPRESENTATION_CONTEXT() REPRESENTATION_CONTEXT('2D SPACE',''
  ) );
#8470 = ORIENTED_EDGE('',*,*,#8421,.F.);
#8471 = ORIENTED_EDGE('',*,*,#5713,.F.);
#8472 = ADVANCED_FACE('',(#8473),#8459,.T.);
#8473 = FACE_BOUND('',#8474,.T.);
#8474 = EDGE_LOOP('',(#8475));
#8475 = ORIENTED_EDGE('',*,*,#8444,.T.);
#8476 = ADVANCED_FACE('',(#8477),#4686,.F.);
#8477 = FACE_BOUND('',#8478,.F.);
#8478 = EDGE_LOOP('',(#8479,#8480,#8481,#8482));
#8479 = ORIENTED_EDGE('',*,*,#5689,.F.);
#8480 = ORIENTED_EDGE('',*,*,#5502,.T.);
#8481 = ORIENTED_EDGE('',*,*,#4671,.F.);
#8482 = ORIENTED_EDGE('',*,*,#8483,.F.);
#8483 = EDGE_CURVE('',#5666,#4672,#8484,.T.);
#8484 = SURFACE_CURVE('',#8485,(#8489,#8496),.PCURVE_S1.);
#8485 = LINE('',#8486,#8487);
#8486 = CARTESIAN_POINT('',(-21.30000004646,49.95,1.3));
#8487 = VECTOR('',#8488,1.);
#8488 = DIRECTION('',(0.,0.,1.));
#8489 = PCURVE('',#4686,#8490);
#8490 = DEFINITIONAL_REPRESENTATION('',(#8491),#8495);
#8491 = LINE('',#8492,#8493);
#8492 = CARTESIAN_POINT('',(0.399999955508,0.));
#8493 = VECTOR('',#8494,1.);
#8494 = DIRECTION('',(0.,-1.));
#8495 = ( GEOMETRIC_REPRESENTATION_CONTEXT(2) 
PARAMETRIC_REPRESENTATION_CONTEXT() REPRESENTATION_CONTEXT('2D SPACE',''
  ) );
#8496 = PCURVE('',#4718,#8497);
#8497 = DEFINITIONAL_REPRESENTATION('',(#8498),#8502);
#8498 = LINE('',#8499,#8500);
#8499 = CARTESIAN_POINT('',(-1.570796326795,0.));
#8500 = VECTOR('',#8501,1.);
#8501 = DIRECTION('',(-0.,-1.));
#8502 = ( GEOMETRIC_REPRESENTATION_CONTEXT(2) 
PARAMETRIC_REPRESENTATION_CONTEXT() REPRESENTATION_CONTEXT('2D SPACE',''
  ) );
#8503 = ADVANCED_FACE('',(#8504),#4718,.F.);
#8504 = FACE_BOUND('',#8505,.T.);
#8505 = EDGE_LOOP('',(#8506,#8507,#8528,#8529));
#8506 = ORIENTED_EDGE('',*,*,#5665,.F.);
#8507 = ORIENTED_EDGE('',*,*,#8508,.T.);
#8508 = EDGE_CURVE('',#5643,#4698,#8509,.T.);
#8509 = SURFACE_CURVE('',#8510,(#8514,#8521),.PCURVE_S1.);
#8510 = LINE('',#8511,#8512);
#8511 = CARTESIAN_POINT('',(-17.30000002224,45.95,1.3));
#8512 = VECTOR('',#8513,1.);
#8513 = DIRECTION('',(0.,0.,1.));
#8514 = PCURVE('',#4718,#8515);
#8515 = DEFINITIONAL_REPRESENTATION('',(#8516),#8520);
#8516 = LINE('',#8517,#8518);
#8517 = CARTESIAN_POINT('',(-0.,0.));
#8518 = VECTOR('',#8519,1.);
#8519 = DIRECTION('',(-0.,-1.));
#8520 = ( GEOMETRIC_REPRESENTATION_CONTEXT(2) 
PARAMETRIC_REPRESENTATION_CONTEXT() REPRESENTATION_CONTEXT('2D SPACE',''
  ) );
#8521 = PCURVE('',#4745,#8522);
#8522 = DEFINITIONAL_REPRESENTATION('',(#8523),#8527);
#8523 = LINE('',#8524,#8525);
#8524 = CARTESIAN_POINT('',(11.9,0.));
#8525 = VECTOR('',#8526,1.);
#8526 = DIRECTION('',(0.,-1.));
#8527 = ( GEOMETRIC_REPRESENTATION_CONTEXT(2) 
PARAMETRIC_REPRESENTATION_CONTEXT() REPRESENTATION_CONTEXT('2D SPACE',''
  ) );
#8528 = ORIENTED_EDGE('',*,*,#4697,.F.);
#8529 = ORIENTED_EDGE('',*,*,#8483,.F.);
#8530 = ADVANCED_FACE('',(#8531),#4745,.T.);
#8531 = FACE_BOUND('',#8532,.T.);
#8532 = EDGE_LOOP('',(#8533,#8534,#8555,#8556));
#8533 = ORIENTED_EDGE('',*,*,#5642,.F.);
#8534 = ORIENTED_EDGE('',*,*,#8535,.T.);
#8535 = EDGE_CURVE('',#5619,#4731,#8536,.T.);
#8536 = SURFACE_CURVE('',#8537,(#8541,#8548),.PCURVE_S1.);
#8537 = LINE('',#8538,#8539);
#8538 = CARTESIAN_POINT('',(-17.30000002224,34.05,1.3));
#8539 = VECTOR('',#8540,1.);
#8540 = DIRECTION('',(0.,0.,1.));
#8541 = PCURVE('',#4745,#8542);
#8542 = DEFINITIONAL_REPRESENTATION('',(#8543),#8547);
#8543 = LINE('',#8544,#8545);
#8544 = CARTESIAN_POINT('',(0.,0.));
#8545 = VECTOR('',#8546,1.);
#8546 = DIRECTION('',(0.,-1.));
#8547 = ( GEOMETRIC_REPRESENTATION_CONTEXT(2) 
PARAMETRIC_REPRESENTATION_CONTEXT() REPRESENTATION_CONTEXT('2D SPACE',''
  ) );
#8548 = PCURVE('',#4777,#8549);
#8549 = DEFINITIONAL_REPRESENTATION('',(#8550),#8554);
#8550 = LINE('',#8551,#8552);
#8551 = CARTESIAN_POINT('',(-6.28318530718,0.));
#8552 = VECTOR('',#8553,1.);
#8553 = DIRECTION('',(-0.,-1.));
#8554 = ( GEOMETRIC_REPRESENTATION_CONTEXT(2) 
PARAMETRIC_REPRESENTATION_CONTEXT() REPRESENTATION_CONTEXT('2D SPACE',''
  ) );
#8555 = ORIENTED_EDGE('',*,*,#4730,.F.);
#8556 = ORIENTED_EDGE('',*,*,#8508,.F.);
#8557 = ADVANCED_FACE('',(#8558),#4777,.F.);
#8558 = FACE_BOUND('',#8559,.T.);
#8559 = EDGE_LOOP('',(#8560,#8561,#8582,#8583));
#8560 = ORIENTED_EDGE('',*,*,#5618,.F.);
#8561 = ORIENTED_EDGE('',*,*,#8562,.T.);
#8562 = EDGE_CURVE('',#5596,#4757,#8563,.T.);
#8563 = SURFACE_CURVE('',#8564,(#8568,#8575),.PCURVE_S1.);
#8564 = LINE('',#8565,#8566);
#8565 = CARTESIAN_POINT('',(-21.30000004646,30.05,1.3));
#8566 = VECTOR('',#8567,1.);
#8567 = DIRECTION('',(0.,0.,1.));
#8568 = PCURVE('',#4777,#8569);
#8569 = DEFINITIONAL_REPRESENTATION('',(#8570),#8574);
#8570 = LINE('',#8571,#8572);
#8571 = CARTESIAN_POINT('',(-4.712388980385,0.));
#8572 = VECTOR('',#8573,1.);
#8573 = DIRECTION('',(-0.,-1.));
#8574 = ( GEOMETRIC_REPRESENTATION_CONTEXT(2) 
PARAMETRIC_REPRESENTATION_CONTEXT() REPRESENTATION_CONTEXT('2D SPACE',''
  ) );
#8575 = PCURVE('',#4804,#8576);
#8576 = DEFINITIONAL_REPRESENTATION('',(#8577),#8581);
#8577 = LINE('',#8578,#8579);
#8578 = CARTESIAN_POINT('',(0.399999955508,0.));
#8579 = VECTOR('',#8580,1.);
#8580 = DIRECTION('',(0.,-1.));
#8581 = ( GEOMETRIC_REPRESENTATION_CONTEXT(2) 
PARAMETRIC_REPRESENTATION_CONTEXT() REPRESENTATION_CONTEXT('2D SPACE',''
  ) );
#8582 = ORIENTED_EDGE('',*,*,#4756,.F.);
#8583 = ORIENTED_EDGE('',*,*,#8535,.F.);
#8584 = ADVANCED_FACE('',(#8585),#4804,.T.);
#8585 = FACE_BOUND('',#8586,.T.);
#8586 = EDGE_LOOP('',(#8587,#8588,#8609,#8610));
#8587 = ORIENTED_EDGE('',*,*,#5595,.F.);
#8588 = ORIENTED_EDGE('',*,*,#8589,.T.);
#8589 = EDGE_CURVE('',#5572,#4790,#8590,.T.);
#8590 = SURFACE_CURVE('',#8591,(#8595,#8602),.PCURVE_S1.);
#8591 = LINE('',#8592,#8593);
#8592 = CARTESIAN_POINT('',(-21.70000000196,30.05,1.3));
#8593 = VECTOR('',#8594,1.);
#8594 = DIRECTION('',(0.,0.,1.));
#8595 = PCURVE('',#4804,#8596);
#8596 = DEFINITIONAL_REPRESENTATION('',(#8597),#8601);
#8597 = LINE('',#8598,#8599);
#8598 = CARTESIAN_POINT('',(-8.049116928532E-16,0.));
#8599 = VECTOR('',#8600,1.);
#8600 = DIRECTION('',(0.,-1.));
#8601 = ( GEOMETRIC_REPRESENTATION_CONTEXT(2) 
PARAMETRIC_REPRESENTATION_CONTEXT() REPRESENTATION_CONTEXT('2D SPACE',''
  ) );
#8602 = PCURVE('',#4834,#8603);
#8603 = DEFINITIONAL_REPRESENTATION('',(#8604),#8608);
#8604 = LINE('',#8605,#8606);
#8605 = CARTESIAN_POINT('',(-4.712388980385,0.));
#8606 = VECTOR('',#8607,1.);
#8607 = DIRECTION('',(-0.,-1.));
#8608 = ( GEOMETRIC_REPRESENTATION_CONTEXT(2) 
PARAMETRIC_REPRESENTATION_CONTEXT() REPRESENTATION_CONTEXT('2D SPACE',''
  ) );
#8609 = ORIENTED_EDGE('',*,*,#4789,.F.);
#8610 = ORIENTED_EDGE('',*,*,#8562,.F.);
#8611 = ADVANCED_FACE('',(#8612),#4834,.F.);
#8612 = FACE_BOUND('',#8613,.T.);
#8613 = EDGE_LOOP('',(#8614,#8615,#8636,#8637));
#8614 = ORIENTED_EDGE('',*,*,#5571,.F.);
#8615 = ORIENTED_EDGE('',*,*,#8616,.T.);
#8616 = EDGE_CURVE('',#5549,#4613,#8617,.T.);
#8617 = SURFACE_CURVE('',#8618,(#8622,#8629),.PCURVE_S1.);
#8618 = LINE('',#8619,#8620);
#8619 = CARTESIAN_POINT('',(-25.7,34.05,1.3));
#8620 = VECTOR('',#8621,1.);
#8621 = DIRECTION('',(0.,0.,1.));
#8622 = PCURVE('',#4834,#8623);
#8623 = DEFINITIONAL_REPRESENTATION('',(#8624),#8628);
#8624 = LINE('',#8625,#8626);
#8625 = CARTESIAN_POINT('',(-3.14159265359,0.));
#8626 = VECTOR('',#8627,1.);
#8627 = DIRECTION('',(-0.,-1.));
#8628 = ( GEOMETRIC_REPRESENTATION_CONTEXT(2) 
PARAMETRIC_REPRESENTATION_CONTEXT() REPRESENTATION_CONTEXT('2D SPACE',''
  ) );
#8629 = PCURVE('',#4627,#8630);
#8630 = DEFINITIONAL_REPRESENTATION('',(#8631),#8635);
#8631 = LINE('',#8632,#8633);
#8632 = CARTESIAN_POINT('',(0.,0.));
#8633 = VECTOR('',#8634,1.);
#8634 = DIRECTION('',(0.,-1.));
#8635 = ( GEOMETRIC_REPRESENTATION_CONTEXT(2) 
PARAMETRIC_REPRESENTATION_CONTEXT() REPRESENTATION_CONTEXT('2D SPACE',''
  ) );
#8636 = ORIENTED_EDGE('',*,*,#4815,.F.);
#8637 = ORIENTED_EDGE('',*,*,#8589,.F.);
#8638 = ADVANCED_FACE('',(#8639),#4627,.F.);
#8639 = FACE_BOUND('',#8640,.F.);
#8640 = EDGE_LOOP('',(#8641,#8642,#8643,#8644));
#8641 = ORIENTED_EDGE('',*,*,#5548,.F.);
#8642 = ORIENTED_EDGE('',*,*,#8616,.T.);
#8643 = ORIENTED_EDGE('',*,*,#4610,.F.);
#8644 = ORIENTED_EDGE('',*,*,#5524,.F.);
#8645 = ADVANCED_FACE('',(#8646),#4570,.T.);
#8646 = FACE_BOUND('',#8647,.T.);
#8647 = EDGE_LOOP('',(#8648,#8678,#8697,#8698));
#8648 = ORIENTED_EDGE('',*,*,#8649,.F.);
#8649 = EDGE_CURVE('',#8650,#8652,#8654,.T.);
#8650 = VERTEX_POINT('',#8651);
#8651 = CARTESIAN_POINT('',(-14.1,-4.2,6.45));
#8652 = VERTEX_POINT('',#8653);
#8653 = CARTESIAN_POINT('',(-14.1,45.,6.45));
#8654 = SURFACE_CURVE('',#8655,(#8659,#8666),.PCURVE_S1.);
#8655 = LINE('',#8656,#8657);
#8656 = CARTESIAN_POINT('',(-14.1,-6.5,6.45));
#8657 = VECTOR('',#8658,1.);
#8658 = DIRECTION('',(-0.,1.,0.));
#8659 = PCURVE('',#4570,#8660);
#8660 = DEFINITIONAL_REPRESENTATION('',(#8661),#8665);
#8661 = LINE('',#8662,#8663);
#8662 = CARTESIAN_POINT('',(4.65,0.));
#8663 = VECTOR('',#8664,1.);
#8664 = DIRECTION('',(0.,-1.));
#8665 = ( GEOMETRIC_REPRESENTATION_CONTEXT(2) 
PARAMETRIC_REPRESENTATION_CONTEXT() REPRESENTATION_CONTEXT('2D SPACE',''
  ) );
#8666 = PCURVE('',#8667,#8672);
#8667 = PLANE('',#8668);
#8668 = AXIS2_PLACEMENT_3D('',#8669,#8670,#8671);
#8669 = CARTESIAN_POINT('',(-15.7,-6.5,6.45));
#8670 = DIRECTION('',(0.,0.,1.));
#8671 = DIRECTION('',(1.,0.,-0.));
#8672 = DEFINITIONAL_REPRESENTATION('',(#8673),#8677);
#8673 = LINE('',#8674,#8675);
#8674 = CARTESIAN_POINT('',(1.6,0.));
#8675 = VECTOR('',#8676,1.);
#8676 = DIRECTION('',(0.,1.));
#8677 = ( GEOMETRIC_REPRESENTATION_CONTEXT(2) 
PARAMETRIC_REPRESENTATION_CONTEXT() REPRESENTATION_CONTEXT('2D SPACE',''
  ) );
#8678 = ORIENTED_EDGE('',*,*,#8679,.F.);
#8679 = EDGE_CURVE('',#4555,#8650,#8680,.T.);
#8680 = SURFACE_CURVE('',#8681,(#8685,#8691),.PCURVE_S1.);
#8681 = LINE('',#8682,#8683);
#8682 = CARTESIAN_POINT('',(-14.1,-4.2,1.8));
#8683 = VECTOR('',#8684,1.);
#8684 = DIRECTION('',(0.,0.,1.));
#8685 = PCURVE('',#4570,#8686);
#8686 = DEFINITIONAL_REPRESENTATION('',(#8687),#8690);
#8687 = B_SPLINE_CURVE_WITH_KNOTS('',1,(#8688,#8689),.UNSPECIFIED.,.F.,
  .F.,(2,2),(0.,4.65),.PIECEWISE_BEZIER_KNOTS.);
#8688 = CARTESIAN_POINT('',(0.,-2.3));
#8689 = CARTESIAN_POINT('',(4.65,-2.3));
#8690 = ( GEOMETRIC_REPRESENTATION_CONTEXT(2) 
PARAMETRIC_REPRESENTATION_CONTEXT() REPRESENTATION_CONTEXT('2D SPACE',''
  ) );
#8691 = PCURVE('',#4596,#8692);
#8692 = DEFINITIONAL_REPRESENTATION('',(#8693),#8696);
#8693 = B_SPLINE_CURVE_WITH_KNOTS('',1,(#8694,#8695),.UNSPECIFIED.,.F.,
  .F.,(2,2),(0.,4.65),.PIECEWISE_BEZIER_KNOTS.);
#8694 = CARTESIAN_POINT('',(0.,3.1));
#8695 = CARTESIAN_POINT('',(4.65,3.1));
#8696 = ( GEOMETRIC_REPRESENTATION_CONTEXT(2) 
PARAMETRIC_REPRESENTATION_CONTEXT() REPRESENTATION_CONTEXT('2D SPACE',''
  ) );
#8697 = ORIENTED_EDGE('',*,*,#4554,.T.);
#8698 = ORIENTED_EDGE('',*,*,#8699,.T.);
#8699 = EDGE_CURVE('',#4527,#8652,#8700,.T.);
#8700 = SURFACE_CURVE('',#8701,(#8705,#8711),.PCURVE_S1.);
#8701 = LINE('',#8702,#8703);
#8702 = CARTESIAN_POINT('',(-14.1,45.,1.8));
#8703 = VECTOR('',#8704,1.);
#8704 = DIRECTION('',(0.,0.,1.));
#8705 = PCURVE('',#4570,#8706);
#8706 = DEFINITIONAL_REPRESENTATION('',(#8707),#8710);
#8707 = B_SPLINE_CURVE_WITH_KNOTS('',1,(#8708,#8709),.UNSPECIFIED.,.F.,
  .F.,(2,2),(2.22044604925E-16,4.65),.PIECEWISE_BEZIER_KNOTS.);
#8708 = CARTESIAN_POINT('',(4.440892098501E-16,-51.5));
#8709 = CARTESIAN_POINT('',(4.65,-51.5));
#8710 = ( GEOMETRIC_REPRESENTATION_CONTEXT(2) 
PARAMETRIC_REPRESENTATION_CONTEXT() REPRESENTATION_CONTEXT('2D SPACE',''
  ) );
#8711 = PCURVE('',#4542,#8712);
#8712 = DEFINITIONAL_REPRESENTATION('',(#8713),#8716);
#8713 = B_SPLINE_CURVE_WITH_KNOTS('',1,(#8714,#8715),.UNSPECIFIED.,.F.,
  .F.,(2,2),(2.22044604925E-16,4.65),.PIECEWISE_BEZIER_KNOTS.);
#8714 = CARTESIAN_POINT('',(0.,2.6));
#8715 = CARTESIAN_POINT('',(4.65,2.6));
#8716 = ( GEOMETRIC_REPRESENTATION_CONTEXT(2) 
PARAMETRIC_REPRESENTATION_CONTEXT() REPRESENTATION_CONTEXT('2D SPACE',''
  ) );
#8717 = ADVANCED_FACE('',(#8718),#8667,.T.);
#8718 = FACE_BOUND('',#8719,.T.);
#8719 = EDGE_LOOP('',(#8720,#8745,#8766,#8767));
#8720 = ORIENTED_EDGE('',*,*,#8721,.F.);
#8721 = EDGE_CURVE('',#8722,#8724,#8726,.T.);
#8722 = VERTEX_POINT('',#8723);
#8723 = CARTESIAN_POINT('',(-15.7,-4.2,6.45));
#8724 = VERTEX_POINT('',#8725);
#8725 = CARTESIAN_POINT('',(-15.7,45.,6.45));
#8726 = SURFACE_CURVE('',#8727,(#8731,#8738),.PCURVE_S1.);
#8727 = LINE('',#8728,#8729);
#8728 = CARTESIAN_POINT('',(-15.7,-6.5,6.45));
#8729 = VECTOR('',#8730,1.);
#8730 = DIRECTION('',(-0.,1.,0.));
#8731 = PCURVE('',#8667,#8732);
#8732 = DEFINITIONAL_REPRESENTATION('',(#8733),#8737);
#8733 = LINE('',#8734,#8735);
#8734 = CARTESIAN_POINT('',(0.,0.));
#8735 = VECTOR('',#8736,1.);
#8736 = DIRECTION('',(0.,1.));
#8737 = ( GEOMETRIC_REPRESENTATION_CONTEXT(2) 
PARAMETRIC_REPRESENTATION_CONTEXT() REPRESENTATION_CONTEXT('2D SPACE',''
  ) );
#8738 = PCURVE('',#4514,#8739);
#8739 = DEFINITIONAL_REPRESENTATION('',(#8740),#8744);
#8740 = LINE('',#8741,#8742);
#8741 = CARTESIAN_POINT('',(4.65,0.));
#8742 = VECTOR('',#8743,1.);
#8743 = DIRECTION('',(0.,-1.));
#8744 = ( GEOMETRIC_REPRESENTATION_CONTEXT(2) 
PARAMETRIC_REPRESENTATION_CONTEXT() REPRESENTATION_CONTEXT('2D SPACE',''
  ) );
#8745 = ORIENTED_EDGE('',*,*,#8746,.T.);
#8746 = EDGE_CURVE('',#8722,#8650,#8747,.T.);
#8747 = SURFACE_CURVE('',#8748,(#8752,#8759),.PCURVE_S1.);
#8748 = LINE('',#8749,#8750);
#8749 = CARTESIAN_POINT('',(-17.2,-4.2,6.45));
#8750 = VECTOR('',#8751,1.);
#8751 = DIRECTION('',(1.,0.,-0.));
#8752 = PCURVE('',#8667,#8753);
#8753 = DEFINITIONAL_REPRESENTATION('',(#8754),#8758);
#8754 = LINE('',#8755,#8756);
#8755 = CARTESIAN_POINT('',(-1.5,2.3));
#8756 = VECTOR('',#8757,1.);
#8757 = DIRECTION('',(1.,0.));
#8758 = ( GEOMETRIC_REPRESENTATION_CONTEXT(2) 
PARAMETRIC_REPRESENTATION_CONTEXT() REPRESENTATION_CONTEXT('2D SPACE',''
  ) );
#8759 = PCURVE('',#4596,#8760);
#8760 = DEFINITIONAL_REPRESENTATION('',(#8761),#8765);
#8761 = LINE('',#8762,#8763);
#8762 = CARTESIAN_POINT('',(4.65,0.));
#8763 = VECTOR('',#8764,1.);
#8764 = DIRECTION('',(0.,1.));
#8765 = ( GEOMETRIC_REPRESENTATION_CONTEXT(2) 
PARAMETRIC_REPRESENTATION_CONTEXT() REPRESENTATION_CONTEXT('2D SPACE',''
  ) );
#8766 = ORIENTED_EDGE('',*,*,#8649,.T.);
#8767 = ORIENTED_EDGE('',*,*,#8768,.T.);
#8768 = EDGE_CURVE('',#8652,#8724,#8769,.T.);
#8769 = SURFACE_CURVE('',#8770,(#8774,#8780),.PCURVE_S1.);
#8770 = LINE('',#8771,#8772);
#8771 = CARTESIAN_POINT('',(-16.2,45.,6.45));
#8772 = VECTOR('',#8773,1.);
#8773 = DIRECTION('',(-1.,-0.,0.));
#8774 = PCURVE('',#8667,#8775);
#8775 = DEFINITIONAL_REPRESENTATION('',(#8776),#8779);
#8776 = B_SPLINE_CURVE_WITH_KNOTS('',1,(#8777,#8778),.UNSPECIFIED.,.F.,
  .F.,(2,2),(-2.1,-0.5),.PIECEWISE_BEZIER_KNOTS.);
#8777 = CARTESIAN_POINT('',(1.6,51.5));
#8778 = CARTESIAN_POINT('',(0.,51.5));
#8779 = ( GEOMETRIC_REPRESENTATION_CONTEXT(2) 
PARAMETRIC_REPRESENTATION_CONTEXT() REPRESENTATION_CONTEXT('2D SPACE',''
  ) );
#8780 = PCURVE('',#4542,#8781);
#8781 = DEFINITIONAL_REPRESENTATION('',(#8782),#8785);
#8782 = B_SPLINE_CURVE_WITH_KNOTS('',1,(#8783,#8784),.UNSPECIFIED.,.F.,
  .F.,(2,2),(-2.1,-0.5),.PIECEWISE_BEZIER_KNOTS.);
#8783 = CARTESIAN_POINT('',(4.65,2.6));
#8784 = CARTESIAN_POINT('',(4.65,1.));
#8785 = ( GEOMETRIC_REPRESENTATION_CONTEXT(2) 
PARAMETRIC_REPRESENTATION_CONTEXT() REPRESENTATION_CONTEXT('2D SPACE',''
  ) );
#8786 = ADVANCED_FACE('',(#8787),#4542,.T.);
#8787 = FACE_BOUND('',#8788,.T.);
#8788 = EDGE_LOOP('',(#8789,#8790,#8809,#8810));
#8789 = ORIENTED_EDGE('',*,*,#4526,.F.);
#8790 = ORIENTED_EDGE('',*,*,#8791,.T.);
#8791 = EDGE_CURVE('',#4499,#8724,#8792,.T.);
#8792 = SURFACE_CURVE('',#8793,(#8797,#8803),.PCURVE_S1.);
#8793 = LINE('',#8794,#8795);
#8794 = CARTESIAN_POINT('',(-15.7,45.,1.8));
#8795 = VECTOR('',#8796,1.);
#8796 = DIRECTION('',(0.,0.,1.));
#8797 = PCURVE('',#4542,#8798);
#8798 = DEFINITIONAL_REPRESENTATION('',(#8799),#8802);
#8799 = B_SPLINE_CURVE_WITH_KNOTS('',1,(#8800,#8801),.UNSPECIFIED.,.F.,
  .F.,(2,2),(2.22044604925E-16,4.65),.PIECEWISE_BEZIER_KNOTS.);
#8800 = CARTESIAN_POINT('',(0.,1.));
#8801 = CARTESIAN_POINT('',(4.65,1.));
#8802 = ( GEOMETRIC_REPRESENTATION_CONTEXT(2) 
PARAMETRIC_REPRESENTATION_CONTEXT() REPRESENTATION_CONTEXT('2D SPACE',''
  ) );
#8803 = PCURVE('',#4514,#8804);
#8804 = DEFINITIONAL_REPRESENTATION('',(#8805),#8808);
#8805 = B_SPLINE_CURVE_WITH_KNOTS('',1,(#8806,#8807),.UNSPECIFIED.,.F.,
  .F.,(2,2),(2.22044604925E-16,4.65),.PIECEWISE_BEZIER_KNOTS.);
#8806 = CARTESIAN_POINT('',(4.440892098501E-16,-51.5));
#8807 = CARTESIAN_POINT('',(4.65,-51.5));
#8808 = ( GEOMETRIC_REPRESENTATION_CONTEXT(2) 
PARAMETRIC_REPRESENTATION_CONTEXT() REPRESENTATION_CONTEXT('2D SPACE',''
  ) );
#8809 = ORIENTED_EDGE('',*,*,#8768,.F.);
#8810 = ORIENTED_EDGE('',*,*,#8699,.F.);
#8811 = ADVANCED_FACE('',(#8812),#4596,.F.);
#8812 = FACE_BOUND('',#8813,.F.);
#8813 = EDGE_LOOP('',(#8814,#8815,#8834,#8835));
#8814 = ORIENTED_EDGE('',*,*,#4582,.F.);
#8815 = ORIENTED_EDGE('',*,*,#8816,.T.);
#8816 = EDGE_CURVE('',#4497,#8722,#8817,.T.);
#8817 = SURFACE_CURVE('',#8818,(#8822,#8828),.PCURVE_S1.);
#8818 = LINE('',#8819,#8820);
#8819 = CARTESIAN_POINT('',(-15.7,-4.2,1.8));
#8820 = VECTOR('',#8821,1.);
#8821 = DIRECTION('',(0.,0.,1.));
#8822 = PCURVE('',#4596,#8823);
#8823 = DEFINITIONAL_REPRESENTATION('',(#8824),#8827);
#8824 = B_SPLINE_CURVE_WITH_KNOTS('',1,(#8825,#8826),.UNSPECIFIED.,.F.,
  .F.,(2,2),(0.,4.65),.PIECEWISE_BEZIER_KNOTS.);
#8825 = CARTESIAN_POINT('',(0.,1.5));
#8826 = CARTESIAN_POINT('',(4.65,1.5));
#8827 = ( GEOMETRIC_REPRESENTATION_CONTEXT(2) 
PARAMETRIC_REPRESENTATION_CONTEXT() REPRESENTATION_CONTEXT('2D SPACE',''
  ) );
#8828 = PCURVE('',#4514,#8829);
#8829 = DEFINITIONAL_REPRESENTATION('',(#8830),#8833);
#8830 = B_SPLINE_CURVE_WITH_KNOTS('',1,(#8831,#8832),.UNSPECIFIED.,.F.,
  .F.,(2,2),(0.,4.65),.PIECEWISE_BEZIER_KNOTS.);
#8831 = CARTESIAN_POINT('',(0.,-2.3));
#8832 = CARTESIAN_POINT('',(4.65,-2.3));
#8833 = ( GEOMETRIC_REPRESENTATION_CONTEXT(2) 
PARAMETRIC_REPRESENTATION_CONTEXT() REPRESENTATION_CONTEXT('2D SPACE',''
  ) );
#8834 = ORIENTED_EDGE('',*,*,#8746,.T.);
#8835 = ORIENTED_EDGE('',*,*,#8679,.F.);
#8836 = ADVANCED_FACE('',(#8837),#4514,.F.);
#8837 = FACE_BOUND('',#8838,.F.);
#8838 = EDGE_LOOP('',(#8839,#8840,#8841,#8842));
#8839 = ORIENTED_EDGE('',*,*,#8721,.F.);
#8840 = ORIENTED_EDGE('',*,*,#8816,.F.);
#8841 = ORIENTED_EDGE('',*,*,#4496,.T.);
#8842 = ORIENTED_EDGE('',*,*,#8791,.T.);
#8843 = ADVANCED_FACE('',(#8844),#4456,.T.);
#8844 = FACE_BOUND('',#8845,.T.);
#8845 = EDGE_LOOP('',(#8846,#8869,#8870,#8893));
#8846 = ORIENTED_EDGE('',*,*,#8847,.F.);
#8847 = EDGE_CURVE('',#4441,#8848,#8850,.T.);
#8848 = VERTEX_POINT('',#8849);
#8849 = CARTESIAN_POINT('',(20.,-58.8,6.45));
#8850 = SURFACE_CURVE('',#8851,(#8855,#8862),.PCURVE_S1.);
#8851 = LINE('',#8852,#8853);
#8852 = CARTESIAN_POINT('',(20.,-58.8,1.8));
#8853 = VECTOR('',#8854,1.);
#8854 = DIRECTION('',(0.,0.,1.));
#8855 = PCURVE('',#4456,#8856);
#8856 = DEFINITIONAL_REPRESENTATION('',(#8857),#8861);
#8857 = LINE('',#8858,#8859);
#8858 = CARTESIAN_POINT('',(0.,0.));
#8859 = VECTOR('',#8860,1.);
#8860 = DIRECTION('',(1.,0.));
#8861 = ( GEOMETRIC_REPRESENTATION_CONTEXT(2) 
PARAMETRIC_REPRESENTATION_CONTEXT() REPRESENTATION_CONTEXT('2D SPACE',''
  ) );
#8862 = PCURVE('',#4482,#8863);
#8863 = DEFINITIONAL_REPRESENTATION('',(#8864),#8868);
#8864 = LINE('',#8865,#8866);
#8865 = CARTESIAN_POINT('',(0.,40.));
#8866 = VECTOR('',#8867,1.);
#8867 = DIRECTION('',(1.,0.));
#8868 = ( GEOMETRIC_REPRESENTATION_CONTEXT(2) 
PARAMETRIC_REPRESENTATION_CONTEXT() REPRESENTATION_CONTEXT('2D SPACE',''
  ) );
#8869 = ORIENTED_EDGE('',*,*,#4440,.T.);
#8870 = ORIENTED_EDGE('',*,*,#8871,.T.);
#8871 = EDGE_CURVE('',#4413,#8872,#8874,.T.);
#8872 = VERTEX_POINT('',#8873);
#8873 = CARTESIAN_POINT('',(20.,-57.2,6.45));
#8874 = SURFACE_CURVE('',#8875,(#8879,#8886),.PCURVE_S1.);
#8875 = LINE('',#8876,#8877);
#8876 = CARTESIAN_POINT('',(20.,-57.2,1.8));
#8877 = VECTOR('',#8878,1.);
#8878 = DIRECTION('',(0.,0.,1.));
#8879 = PCURVE('',#4456,#8880);
#8880 = DEFINITIONAL_REPRESENTATION('',(#8881),#8885);
#8881 = LINE('',#8882,#8883);
#8882 = CARTESIAN_POINT('',(0.,-1.6));
#8883 = VECTOR('',#8884,1.);
#8884 = DIRECTION('',(1.,0.));
#8885 = ( GEOMETRIC_REPRESENTATION_CONTEXT(2) 
PARAMETRIC_REPRESENTATION_CONTEXT() REPRESENTATION_CONTEXT('2D SPACE',''
  ) );
#8886 = PCURVE('',#4428,#8887);
#8887 = DEFINITIONAL_REPRESENTATION('',(#8888),#8892);
#8888 = LINE('',#8889,#8890);
#8889 = CARTESIAN_POINT('',(0.,40.));
#8890 = VECTOR('',#8891,1.);
#8891 = DIRECTION('',(1.,0.));
#8892 = ( GEOMETRIC_REPRESENTATION_CONTEXT(2) 
PARAMETRIC_REPRESENTATION_CONTEXT() REPRESENTATION_CONTEXT('2D SPACE',''
  ) );
#8893 = ORIENTED_EDGE('',*,*,#8894,.F.);
#8894 = EDGE_CURVE('',#8848,#8872,#8895,.T.);
#8895 = SURFACE_CURVE('',#8896,(#8900,#8907),.PCURVE_S1.);
#8896 = LINE('',#8897,#8898);
#8897 = CARTESIAN_POINT('',(20.,-58.8,6.45));
#8898 = VECTOR('',#8899,1.);
#8899 = DIRECTION('',(-0.,1.,0.));
#8900 = PCURVE('',#4456,#8901);
#8901 = DEFINITIONAL_REPRESENTATION('',(#8902),#8906);
#8902 = LINE('',#8903,#8904);
#8903 = CARTESIAN_POINT('',(4.65,0.));
#8904 = VECTOR('',#8905,1.);
#8905 = DIRECTION('',(0.,-1.));
#8906 = ( GEOMETRIC_REPRESENTATION_CONTEXT(2) 
PARAMETRIC_REPRESENTATION_CONTEXT() REPRESENTATION_CONTEXT('2D SPACE',''
  ) );
#8907 = PCURVE('',#8908,#8913);
#8908 = PLANE('',#8909);
#8909 = AXIS2_PLACEMENT_3D('',#8910,#8911,#8912);
#8910 = CARTESIAN_POINT('',(-20.,-58.8,6.45));
#8911 = DIRECTION('',(0.,0.,1.));
#8912 = DIRECTION('',(1.,0.,-0.));
#8913 = DEFINITIONAL_REPRESENTATION('',(#8914),#8918);
#8914 = LINE('',#8915,#8916);
#8915 = CARTESIAN_POINT('',(40.,0.));
#8916 = VECTOR('',#8917,1.);
#8917 = DIRECTION('',(0.,1.));
#8918 = ( GEOMETRIC_REPRESENTATION_CONTEXT(2) 
PARAMETRIC_REPRESENTATION_CONTEXT() REPRESENTATION_CONTEXT('2D SPACE',''
  ) );
#8919 = ADVANCED_FACE('',(#8920),#8908,.T.);
#8920 = FACE_BOUND('',#8921,.T.);
#8921 = EDGE_LOOP('',(#8922,#8947,#8968,#8969));
#8922 = ORIENTED_EDGE('',*,*,#8923,.F.);
#8923 = EDGE_CURVE('',#8924,#8926,#8928,.T.);
#8924 = VERTEX_POINT('',#8925);
#8925 = CARTESIAN_POINT('',(-20.,-58.8,6.45));
#8926 = VERTEX_POINT('',#8927);
#8927 = CARTESIAN_POINT('',(-20.,-57.2,6.45));
#8928 = SURFACE_CURVE('',#8929,(#8933,#8940),.PCURVE_S1.);
#8929 = LINE('',#8930,#8931);
#8930 = CARTESIAN_POINT('',(-20.,-58.8,6.45));
#8931 = VECTOR('',#8932,1.);
#8932 = DIRECTION('',(-0.,1.,0.));
#8933 = PCURVE('',#8908,#8934);
#8934 = DEFINITIONAL_REPRESENTATION('',(#8935),#8939);
#8935 = LINE('',#8936,#8937);
#8936 = CARTESIAN_POINT('',(0.,0.));
#8937 = VECTOR('',#8938,1.);
#8938 = DIRECTION('',(0.,1.));
#8939 = ( GEOMETRIC_REPRESENTATION_CONTEXT(2) 
PARAMETRIC_REPRESENTATION_CONTEXT() REPRESENTATION_CONTEXT('2D SPACE',''
  ) );
#8940 = PCURVE('',#4400,#8941);
#8941 = DEFINITIONAL_REPRESENTATION('',(#8942),#8946);
#8942 = LINE('',#8943,#8944);
#8943 = CARTESIAN_POINT('',(4.65,0.));
#8944 = VECTOR('',#8945,1.);
#8945 = DIRECTION('',(0.,-1.));
#8946 = ( GEOMETRIC_REPRESENTATION_CONTEXT(2) 
PARAMETRIC_REPRESENTATION_CONTEXT() REPRESENTATION_CONTEXT('2D SPACE',''
  ) );
#8947 = ORIENTED_EDGE('',*,*,#8948,.T.);
#8948 = EDGE_CURVE('',#8924,#8848,#8949,.T.);
#8949 = SURFACE_CURVE('',#8950,(#8954,#8961),.PCURVE_S1.);
#8950 = LINE('',#8951,#8952);
#8951 = CARTESIAN_POINT('',(-20.,-58.8,6.45));
#8952 = VECTOR('',#8953,1.);
#8953 = DIRECTION('',(1.,0.,-0.));
#8954 = PCURVE('',#8908,#8955);
#8955 = DEFINITIONAL_REPRESENTATION('',(#8956),#8960);
#8956 = LINE('',#8957,#8958);
#8957 = CARTESIAN_POINT('',(0.,0.));
#8958 = VECTOR('',#8959,1.);
#8959 = DIRECTION('',(1.,0.));
#8960 = ( GEOMETRIC_REPRESENTATION_CONTEXT(2) 
PARAMETRIC_REPRESENTATION_CONTEXT() REPRESENTATION_CONTEXT('2D SPACE',''
  ) );
#8961 = PCURVE('',#4482,#8962);
#8962 = DEFINITIONAL_REPRESENTATION('',(#8963),#8967);
#8963 = LINE('',#8964,#8965);
#8964 = CARTESIAN_POINT('',(4.65,0.));
#8965 = VECTOR('',#8966,1.);
#8966 = DIRECTION('',(0.,1.));
#8967 = ( GEOMETRIC_REPRESENTATION_CONTEXT(2) 
PARAMETRIC_REPRESENTATION_CONTEXT() REPRESENTATION_CONTEXT('2D SPACE',''
  ) );
#8968 = ORIENTED_EDGE('',*,*,#8894,.T.);
#8969 = ORIENTED_EDGE('',*,*,#8970,.F.);
#8970 = EDGE_CURVE('',#8926,#8872,#8971,.T.);
#8971 = SURFACE_CURVE('',#8972,(#8976,#8983),.PCURVE_S1.);
#8972 = LINE('',#8973,#8974);
#8973 = CARTESIAN_POINT('',(-20.,-57.2,6.45));
#8974 = VECTOR('',#8975,1.);
#8975 = DIRECTION('',(1.,0.,-0.));
#8976 = PCURVE('',#8908,#8977);
#8977 = DEFINITIONAL_REPRESENTATION('',(#8978),#8982);
#8978 = LINE('',#8979,#8980);
#8979 = CARTESIAN_POINT('',(0.,1.6));
#8980 = VECTOR('',#8981,1.);
#8981 = DIRECTION('',(1.,0.));
#8982 = ( GEOMETRIC_REPRESENTATION_CONTEXT(2) 
PARAMETRIC_REPRESENTATION_CONTEXT() REPRESENTATION_CONTEXT('2D SPACE',''
  ) );
#8983 = PCURVE('',#4428,#8984);
#8984 = DEFINITIONAL_REPRESENTATION('',(#8985),#8989);
#8985 = LINE('',#8986,#8987);
#8986 = CARTESIAN_POINT('',(4.65,0.));
#8987 = VECTOR('',#8988,1.);
#8988 = DIRECTION('',(0.,1.));
#8989 = ( GEOMETRIC_REPRESENTATION_CONTEXT(2) 
PARAMETRIC_REPRESENTATION_CONTEXT() REPRESENTATION_CONTEXT('2D SPACE',''
  ) );
#8990 = ADVANCED_FACE('',(#8991),#4482,.F.);
#8991 = FACE_BOUND('',#8992,.F.);
#8992 = EDGE_LOOP('',(#8993,#8994,#9015,#9016));
#8993 = ORIENTED_EDGE('',*,*,#4468,.F.);
#8994 = ORIENTED_EDGE('',*,*,#8995,.T.);
#8995 = EDGE_CURVE('',#4383,#8924,#8996,.T.);
#8996 = SURFACE_CURVE('',#8997,(#9001,#9008),.PCURVE_S1.);
#8997 = LINE('',#8998,#8999);
#8998 = CARTESIAN_POINT('',(-20.,-58.8,1.8));
#8999 = VECTOR('',#9000,1.);
#9000 = DIRECTION('',(0.,0.,1.));
#9001 = PCURVE('',#4482,#9002);
#9002 = DEFINITIONAL_REPRESENTATION('',(#9003),#9007);
#9003 = LINE('',#9004,#9005);
#9004 = CARTESIAN_POINT('',(0.,0.));
#9005 = VECTOR('',#9006,1.);
#9006 = DIRECTION('',(1.,0.));
#9007 = ( GEOMETRIC_REPRESENTATION_CONTEXT(2) 
PARAMETRIC_REPRESENTATION_CONTEXT() REPRESENTATION_CONTEXT('2D SPACE',''
  ) );
#9008 = PCURVE('',#4400,#9009);
#9009 = DEFINITIONAL_REPRESENTATION('',(#9010),#9014);
#9010 = LINE('',#9011,#9012);
#9011 = CARTESIAN_POINT('',(0.,0.));
#9012 = VECTOR('',#9013,1.);
#9013 = DIRECTION('',(1.,0.));
#9014 = ( GEOMETRIC_REPRESENTATION_CONTEXT(2) 
PARAMETRIC_REPRESENTATION_CONTEXT() REPRESENTATION_CONTEXT('2D SPACE',''
  ) );
#9015 = ORIENTED_EDGE('',*,*,#8948,.T.);
#9016 = ORIENTED_EDGE('',*,*,#8847,.F.);
#9017 = ADVANCED_FACE('',(#9018),#4428,.T.);
#9018 = FACE_BOUND('',#9019,.T.);
#9019 = EDGE_LOOP('',(#9020,#9021,#9042,#9043));
#9020 = ORIENTED_EDGE('',*,*,#4412,.F.);
#9021 = ORIENTED_EDGE('',*,*,#9022,.T.);
#9022 = EDGE_CURVE('',#4385,#8926,#9023,.T.);
#9023 = SURFACE_CURVE('',#9024,(#9028,#9035),.PCURVE_S1.);
#9024 = LINE('',#9025,#9026);
#9025 = CARTESIAN_POINT('',(-20.,-57.2,1.8));
#9026 = VECTOR('',#9027,1.);
#9027 = DIRECTION('',(0.,0.,1.));
#9028 = PCURVE('',#4428,#9029);
#9029 = DEFINITIONAL_REPRESENTATION('',(#9030),#9034);
#9030 = LINE('',#9031,#9032);
#9031 = CARTESIAN_POINT('',(0.,0.));
#9032 = VECTOR('',#9033,1.);
#9033 = DIRECTION('',(1.,0.));
#9034 = ( GEOMETRIC_REPRESENTATION_CONTEXT(2) 
PARAMETRIC_REPRESENTATION_CONTEXT() REPRESENTATION_CONTEXT('2D SPACE',''
  ) );
#9035 = PCURVE('',#4400,#9036);
#9036 = DEFINITIONAL_REPRESENTATION('',(#9037),#9041);
#9037 = LINE('',#9038,#9039);
#9038 = CARTESIAN_POINT('',(0.,-1.6));
#9039 = VECTOR('',#9040,1.);
#9040 = DIRECTION('',(1.,0.));
#9041 = ( GEOMETRIC_REPRESENTATION_CONTEXT(2) 
PARAMETRIC_REPRESENTATION_CONTEXT() REPRESENTATION_CONTEXT('2D SPACE',''
  ) );
#9042 = ORIENTED_EDGE('',*,*,#8970,.T.);
#9043 = ORIENTED_EDGE('',*,*,#8871,.F.);
#9044 = ADVANCED_FACE('',(#9045),#4400,.F.);
#9045 = FACE_BOUND('',#9046,.F.);
#9046 = EDGE_LOOP('',(#9047,#9048,#9049,#9050));
#9047 = ORIENTED_EDGE('',*,*,#8995,.F.);
#9048 = ORIENTED_EDGE('',*,*,#4382,.T.);
#9049 = ORIENTED_EDGE('',*,*,#9022,.T.);
#9050 = ORIENTED_EDGE('',*,*,#8923,.F.);
#9051 = ADVANCED_FACE('',(#9052),#3738,.T.);
#9052 = FACE_BOUND('',#9053,.T.);
#9053 = EDGE_LOOP('',(#9054,#9055,#9076,#9104));
#9054 = ORIENTED_EDGE('',*,*,#3722,.F.);
#9055 = ORIENTED_EDGE('',*,*,#9056,.F.);
#9056 = EDGE_CURVE('',#9057,#3699,#9059,.T.);
#9057 = VERTEX_POINT('',#9058);
#9058 = CARTESIAN_POINT('',(28.449489742783,-59.5,5.2));
#9059 = SURFACE_CURVE('',#9060,(#9064,#9070),.PCURVE_S1.);
#9060 = LINE('',#9061,#9062);
#9061 = CARTESIAN_POINT('',(28.449489742783,-59.5,1.8));
#9062 = VECTOR('',#9063,1.);
#9063 = DIRECTION('',(-0.,-0.,-1.));
#9064 = PCURVE('',#3738,#9065);
#9065 = DEFINITIONAL_REPRESENTATION('',(#9066),#9069);
#9066 = B_SPLINE_CURVE_WITH_KNOTS('',1,(#9067,#9068),.UNSPECIFIED.,.F.,
  .F.,(2,2),(-3.74,2.400000000069E-06),.PIECEWISE_BEZIER_KNOTS.);
#9067 = CARTESIAN_POINT('',(3.74,8.449489742783));
#9068 = CARTESIAN_POINT('',(-2.400000000069E-06,8.449489742783));
#9069 = ( GEOMETRIC_REPRESENTATION_CONTEXT(2) 
PARAMETRIC_REPRESENTATION_CONTEXT() REPRESENTATION_CONTEXT('2D SPACE',''
  ) );
#9070 = PCURVE('',#3494,#9071);
#9071 = DEFINITIONAL_REPRESENTATION('',(#9072),#9075);
#9072 = B_SPLINE_CURVE_WITH_KNOTS('',1,(#9073,#9074),.UNSPECIFIED.,.F.,
  .F.,(2,2),(-3.74,2.400000000069E-06),.PIECEWISE_BEZIER_KNOTS.);
#9073 = CARTESIAN_POINT('',(-0.20135792079,-3.74));
#9074 = CARTESIAN_POINT('',(-0.20135792079,2.400000000069E-06));
#9075 = ( GEOMETRIC_REPRESENTATION_CONTEXT(2) 
PARAMETRIC_REPRESENTATION_CONTEXT() REPRESENTATION_CONTEXT('2D SPACE',''
  ) );
#9076 = ORIENTED_EDGE('',*,*,#9077,.T.);
#9077 = EDGE_CURVE('',#9057,#9078,#9080,.T.);
#9078 = VERTEX_POINT('',#9079);
#9079 = CARTESIAN_POINT('',(31.19999999708,-59.5,5.2));
#9080 = SURFACE_CURVE('',#9081,(#9085,#9092),.PCURVE_S1.);
#9081 = LINE('',#9082,#9083);
#9082 = CARTESIAN_POINT('',(20.,-59.5,5.2));
#9083 = VECTOR('',#9084,1.);
#9084 = DIRECTION('',(1.,0.,-0.));
#9085 = PCURVE('',#3738,#9086);
#9086 = DEFINITIONAL_REPRESENTATION('',(#9087),#9091);
#9087 = LINE('',#9088,#9089);
#9088 = CARTESIAN_POINT('',(3.4,0.));
#9089 = VECTOR('',#9090,1.);
#9090 = DIRECTION('',(0.,1.));
#9091 = ( GEOMETRIC_REPRESENTATION_CONTEXT(2) 
PARAMETRIC_REPRESENTATION_CONTEXT() REPRESENTATION_CONTEXT('2D SPACE',''
  ) );
#9092 = PCURVE('',#9093,#9098);
#9093 = PLANE('',#9094);
#9094 = AXIS2_PLACEMENT_3D('',#9095,#9096,#9097);
#9095 = CARTESIAN_POINT('',(20.,-60.5,5.2));
#9096 = DIRECTION('',(0.,0.,1.));
#9097 = DIRECTION('',(1.,0.,-0.));
#9098 = DEFINITIONAL_REPRESENTATION('',(#9099),#9103);
#9099 = LINE('',#9100,#9101);
#9100 = CARTESIAN_POINT('',(0.,1.));
#9101 = VECTOR('',#9102,1.);
#9102 = DIRECTION('',(1.,0.));
#9103 = ( GEOMETRIC_REPRESENTATION_CONTEXT(2) 
PARAMETRIC_REPRESENTATION_CONTEXT() REPRESENTATION_CONTEXT('2D SPACE',''
  ) );
#9104 = ORIENTED_EDGE('',*,*,#9105,.F.);
#9105 = EDGE_CURVE('',#3723,#9078,#9106,.T.);
#9106 = SURFACE_CURVE('',#9107,(#9111,#9117),.PCURVE_S1.);
#9107 = LINE('',#9108,#9109);
#9108 = CARTESIAN_POINT('',(31.19999999708,-59.5,1.8));
#9109 = VECTOR('',#9110,1.);
#9110 = DIRECTION('',(0.,0.,1.));
#9111 = PCURVE('',#3738,#9112);
#9112 = DEFINITIONAL_REPRESENTATION('',(#9113),#9116);
#9113 = B_SPLINE_CURVE_WITH_KNOTS('',1,(#9114,#9115),.UNSPECIFIED.,.F.,
  .F.,(2,2),(0.,3.4),.PIECEWISE_BEZIER_KNOTS.);
#9114 = CARTESIAN_POINT('',(0.,11.19999999708));
#9115 = CARTESIAN_POINT('',(3.4,11.19999999708));
#9116 = ( GEOMETRIC_REPRESENTATION_CONTEXT(2) 
PARAMETRIC_REPRESENTATION_CONTEXT() REPRESENTATION_CONTEXT('2D SPACE',''
  ) );
#9117 = PCURVE('',#1385,#9118);
#9118 = DEFINITIONAL_REPRESENTATION('',(#9119),#9123);
#9119 = LINE('',#9120,#9121);
#9120 = CARTESIAN_POINT('',(3.499999998166,0.));
#9121 = VECTOR('',#9122,1.);
#9122 = DIRECTION('',(0.,-1.));
#9123 = ( GEOMETRIC_REPRESENTATION_CONTEXT(2) 
PARAMETRIC_REPRESENTATION_CONTEXT() REPRESENTATION_CONTEXT('2D SPACE',''
  ) );
#9124 = ADVANCED_FACE('',(#9125),#9093,.T.);
#9125 = FACE_BOUND('',#9126,.T.);
#9126 = EDGE_LOOP('',(#9127,#9128,#9156,#9184,#9212));
#9127 = ORIENTED_EDGE('',*,*,#9077,.F.);
#9128 = ORIENTED_EDGE('',*,*,#9129,.T.);
#9129 = EDGE_CURVE('',#9057,#9130,#9132,.T.);
#9130 = VERTEX_POINT('',#9131);
#9131 = CARTESIAN_POINT('',(28.5,-60.,5.2));
#9132 = SURFACE_CURVE('',#9133,(#9138,#9149),.PCURVE_S1.);
#9133 = CIRCLE('',#9134,2.5);
#9134 = AXIS2_PLACEMENT_3D('',#9135,#9136,#9137);
#9135 = CARTESIAN_POINT('',(26.,-60.,5.2));
#9136 = DIRECTION('',(0.,-0.,-1.));
#9137 = DIRECTION('',(1.,0.,-0.));
#9138 = PCURVE('',#9093,#9139);
#9139 = DEFINITIONAL_REPRESENTATION('',(#9140),#9148);
#9140 = ( BOUNDED_CURVE() B_SPLINE_CURVE(2,(#9141,#9142,#9143,#9144,
#9145,#9146,#9147),.UNSPECIFIED.,.T.,.F.) B_SPLINE_CURVE_WITH_KNOTS((1,2
    ,2,2,2,1),(-2.094395102393,0.,2.094395102393,4.188790204786,
6.28318530718,8.377580409573),.UNSPECIFIED.) CURVE() 
GEOMETRIC_REPRESENTATION_ITEM() RATIONAL_B_SPLINE_CURVE((1.,0.5,1.,0.5,
1.,0.5,1.)) REPRESENTATION_ITEM('') );
#9141 = CARTESIAN_POINT('',(8.5,0.5));
#9142 = CARTESIAN_POINT('',(8.5,-3.830127018922));
#9143 = CARTESIAN_POINT('',(4.75,-1.665063509461));
#9144 = CARTESIAN_POINT('',(1.,0.5));
#9145 = CARTESIAN_POINT('',(4.75,2.665063509461));
#9146 = CARTESIAN_POINT('',(8.5,4.830127018922));
#9147 = CARTESIAN_POINT('',(8.5,0.5));
#9148 = ( GEOMETRIC_REPRESENTATION_CONTEXT(2) 
PARAMETRIC_REPRESENTATION_CONTEXT() REPRESENTATION_CONTEXT('2D SPACE',''
  ) );
#9149 = PCURVE('',#3494,#9150);
#9150 = DEFINITIONAL_REPRESENTATION('',(#9151),#9155);
#9151 = LINE('',#9152,#9153);
#9152 = CARTESIAN_POINT('',(-6.28318530718,-3.4));
#9153 = VECTOR('',#9154,1.);
#9154 = DIRECTION('',(1.,-0.));
#9155 = ( GEOMETRIC_REPRESENTATION_CONTEXT(2) 
PARAMETRIC_REPRESENTATION_CONTEXT() REPRESENTATION_CONTEXT('2D SPACE',''
  ) );
#9156 = ORIENTED_EDGE('',*,*,#9157,.T.);
#9157 = EDGE_CURVE('',#9130,#9158,#9160,.T.);
#9158 = VERTEX_POINT('',#9159);
#9159 = CARTESIAN_POINT('',(28.449489742783,-60.5,5.2));
#9160 = SURFACE_CURVE('',#9161,(#9166,#9177),.PCURVE_S1.);
#9161 = CIRCLE('',#9162,2.5);
#9162 = AXIS2_PLACEMENT_3D('',#9163,#9164,#9165);
#9163 = CARTESIAN_POINT('',(26.,-60.,5.2));
#9164 = DIRECTION('',(0.,-0.,-1.));
#9165 = DIRECTION('',(1.,0.,-0.));
#9166 = PCURVE('',#9093,#9167);
#9167 = DEFINITIONAL_REPRESENTATION('',(#9168),#9176);
#9168 = ( BOUNDED_CURVE() B_SPLINE_CURVE(2,(#9169,#9170,#9171,#9172,
#9173,#9174,#9175),.UNSPECIFIED.,.T.,.F.) B_SPLINE_CURVE_WITH_KNOTS((1,2
    ,2,2,2,1),(-2.094395102393,0.,2.094395102393,4.188790204786,
6.28318530718,8.377580409573),.UNSPECIFIED.) CURVE() 
GEOMETRIC_REPRESENTATION_ITEM() RATIONAL_B_SPLINE_CURVE((1.,0.5,1.,0.5,
1.,0.5,1.)) REPRESENTATION_ITEM('') );
#9169 = CARTESIAN_POINT('',(8.5,0.5));
#9170 = CARTESIAN_POINT('',(8.5,-3.830127018922));
#9171 = CARTESIAN_POINT('',(4.75,-1.665063509461));
#9172 = CARTESIAN_POINT('',(1.,0.5));
#9173 = CARTESIAN_POINT('',(4.75,2.665063509461));
#9174 = CARTESIAN_POINT('',(8.5,4.830127018922));
#9175 = CARTESIAN_POINT('',(8.5,0.5));
#9176 = ( GEOMETRIC_REPRESENTATION_CONTEXT(2) 
PARAMETRIC_REPRESENTATION_CONTEXT() REPRESENTATION_CONTEXT('2D SPACE',''
  ) );
#9177 = PCURVE('',#3494,#9178);
#9178 = DEFINITIONAL_REPRESENTATION('',(#9179),#9183);
#9179 = LINE('',#9180,#9181);
#9180 = CARTESIAN_POINT('',(-6.28318530718,-3.4));
#9181 = VECTOR('',#9182,1.);
#9182 = DIRECTION('',(1.,-0.));
#9183 = ( GEOMETRIC_REPRESENTATION_CONTEXT(2) 
PARAMETRIC_REPRESENTATION_CONTEXT() REPRESENTATION_CONTEXT('2D SPACE',''
  ) );
#9184 = ORIENTED_EDGE('',*,*,#9185,.T.);
#9185 = EDGE_CURVE('',#9158,#9186,#9188,.T.);
#9186 = VERTEX_POINT('',#9187);
#9187 = CARTESIAN_POINT('',(31.199999997915,-60.5,5.2));
#9188 = SURFACE_CURVE('',#9189,(#9193,#9200),.PCURVE_S1.);
#9189 = LINE('',#9190,#9191);
#9190 = CARTESIAN_POINT('',(20.,-60.5,5.2));
#9191 = VECTOR('',#9192,1.);
#9192 = DIRECTION('',(1.,0.,-0.));
#9193 = PCURVE('',#9093,#9194);
#9194 = DEFINITIONAL_REPRESENTATION('',(#9195),#9199);
#9195 = LINE('',#9196,#9197);
#9196 = CARTESIAN_POINT('',(0.,0.));
#9197 = VECTOR('',#9198,1.);
#9198 = DIRECTION('',(1.,0.));
#9199 = ( GEOMETRIC_REPRESENTATION_CONTEXT(2) 
PARAMETRIC_REPRESENTATION_CONTEXT() REPRESENTATION_CONTEXT('2D SPACE',''
  ) );
#9200 = PCURVE('',#9201,#9206);
#9201 = PLANE('',#9202);
#9202 = AXIS2_PLACEMENT_3D('',#9203,#9204,#9205);
#9203 = CARTESIAN_POINT('',(20.,-60.5,1.8));
#9204 = DIRECTION('',(-0.,1.,0.));
#9205 = DIRECTION('',(0.,0.,1.));
#9206 = DEFINITIONAL_REPRESENTATION('',(#9207),#9211);
#9207 = LINE('',#9208,#9209);
#9208 = CARTESIAN_POINT('',(3.4,0.));
#9209 = VECTOR('',#9210,1.);
#9210 = DIRECTION('',(0.,1.));
#9211 = ( GEOMETRIC_REPRESENTATION_CONTEXT(2) 
PARAMETRIC_REPRESENTATION_CONTEXT() REPRESENTATION_CONTEXT('2D SPACE',''
  ) );
#9212 = ORIENTED_EDGE('',*,*,#9213,.F.);
#9213 = EDGE_CURVE('',#9078,#9186,#9214,.T.);
#9214 = SURFACE_CURVE('',#9215,(#9219,#9225),.PCURVE_S1.);
#9215 = LINE('',#9216,#9217);
#9216 = CARTESIAN_POINT('',(31.199999998957,-61.74999999441,5.2));
#9217 = VECTOR('',#9218,1.);
#9218 = DIRECTION('',(8.3418493884E-10,-1.,0.));
#9219 = PCURVE('',#9093,#9220);
#9220 = DEFINITIONAL_REPRESENTATION('',(#9221),#9224);
#9221 = B_SPLINE_CURVE_WITH_KNOTS('',1,(#9222,#9223),.UNSPECIFIED.,.F.,
  .F.,(2,2),(-4.249999994411,1.250000003754),.PIECEWISE_BEZIER_KNOTS.);
#9222 = CARTESIAN_POINT('',(11.199999995412,3.));
#9223 = CARTESIAN_POINT('',(11.2,-2.499999998166));
#9224 = ( GEOMETRIC_REPRESENTATION_CONTEXT(2) 
PARAMETRIC_REPRESENTATION_CONTEXT() REPRESENTATION_CONTEXT('2D SPACE',''
  ) );
#9225 = PCURVE('',#1385,#9226);
#9226 = DEFINITIONAL_REPRESENTATION('',(#9227),#9231);
#9227 = LINE('',#9228,#9229);
#9228 = CARTESIAN_POINT('',(1.250000003754,-3.4));
#9229 = VECTOR('',#9230,1.);
#9230 = DIRECTION('',(-1.,-0.));
#9231 = ( GEOMETRIC_REPRESENTATION_CONTEXT(2) 
PARAMETRIC_REPRESENTATION_CONTEXT() REPRESENTATION_CONTEXT('2D SPACE',''
  ) );
#9232 = ADVANCED_FACE('',(#9233),#9201,.F.);
#9233 = FACE_BOUND('',#9234,.F.);
#9234 = EDGE_LOOP('',(#9235,#9265,#9284,#9285));
#9235 = ORIENTED_EDGE('',*,*,#9236,.F.);
#9236 = EDGE_CURVE('',#9237,#9239,#9241,.T.);
#9237 = VERTEX_POINT('',#9238);
#9238 = CARTESIAN_POINT('',(28.449489742783,-60.5,1.8));
#9239 = VERTEX_POINT('',#9240);
#9240 = CARTESIAN_POINT('',(31.199999997915,-60.5,1.8));
#9241 = SURFACE_CURVE('',#9242,(#9246,#9253),.PCURVE_S1.);
#9242 = LINE('',#9243,#9244);
#9243 = CARTESIAN_POINT('',(20.,-60.5,1.8));
#9244 = VECTOR('',#9245,1.);
#9245 = DIRECTION('',(1.,0.,-0.));
#9246 = PCURVE('',#9201,#9247);
#9247 = DEFINITIONAL_REPRESENTATION('',(#9248),#9252);
#9248 = LINE('',#9249,#9250);
#9249 = CARTESIAN_POINT('',(0.,0.));
#9250 = VECTOR('',#9251,1.);
#9251 = DIRECTION('',(0.,1.));
#9252 = ( GEOMETRIC_REPRESENTATION_CONTEXT(2) 
PARAMETRIC_REPRESENTATION_CONTEXT() REPRESENTATION_CONTEXT('2D SPACE',''
  ) );
#9253 = PCURVE('',#9254,#9259);
#9254 = PLANE('',#9255);
#9255 = AXIS2_PLACEMENT_3D('',#9256,#9257,#9258);
#9256 = CARTESIAN_POINT('',(-5.835800400434E-10,1.068989473817E-02,1.8)
  );
#9257 = DIRECTION('',(0.,0.,1.));
#9258 = DIRECTION('',(1.,0.,-0.));
#9259 = DEFINITIONAL_REPRESENTATION('',(#9260),#9264);
#9260 = LINE('',#9261,#9262);
#9261 = CARTESIAN_POINT('',(20.000000000584,-60.51068989473));
#9262 = VECTOR('',#9263,1.);
#9263 = DIRECTION('',(1.,0.));
#9264 = ( GEOMETRIC_REPRESENTATION_CONTEXT(2) 
PARAMETRIC_REPRESENTATION_CONTEXT() REPRESENTATION_CONTEXT('2D SPACE',''
  ) );
#9265 = ORIENTED_EDGE('',*,*,#9266,.F.);
#9266 = EDGE_CURVE('',#9158,#9237,#9267,.T.);
#9267 = SURFACE_CURVE('',#9268,(#9272,#9278),.PCURVE_S1.);
#9268 = LINE('',#9269,#9270);
#9269 = CARTESIAN_POINT('',(28.449489742783,-60.5,1.8));
#9270 = VECTOR('',#9271,1.);
#9271 = DIRECTION('',(-0.,-0.,-1.));
#9272 = PCURVE('',#9201,#9273);
#9273 = DEFINITIONAL_REPRESENTATION('',(#9274),#9277);
#9274 = B_SPLINE_CURVE_WITH_KNOTS('',1,(#9275,#9276),.UNSPECIFIED.,.F.,
  .F.,(2,2),(-3.74,2.400000000069E-06),.PIECEWISE_BEZIER_KNOTS.);
#9275 = CARTESIAN_POINT('',(3.74,8.449489742783));
#9276 = CARTESIAN_POINT('',(-2.400000000069E-06,8.449489742783));
#9277 = ( GEOMETRIC_REPRESENTATION_CONTEXT(2) 
PARAMETRIC_REPRESENTATION_CONTEXT() REPRESENTATION_CONTEXT('2D SPACE',''
  ) );
#9278 = PCURVE('',#3494,#9279);
#9279 = DEFINITIONAL_REPRESENTATION('',(#9280),#9283);
#9280 = B_SPLINE_CURVE_WITH_KNOTS('',1,(#9281,#9282),.UNSPECIFIED.,.F.,
  .F.,(2,2),(-3.74,2.400000000069E-06),.PIECEWISE_BEZIER_KNOTS.);
#9281 = CARTESIAN_POINT('',(-6.081827386389,-3.74));
#9282 = CARTESIAN_POINT('',(-6.081827386389,2.400000000069E-06));
#9283 = ( GEOMETRIC_REPRESENTATION_CONTEXT(2) 
PARAMETRIC_REPRESENTATION_CONTEXT() REPRESENTATION_CONTEXT('2D SPACE',''
  ) );
#9284 = ORIENTED_EDGE('',*,*,#9185,.T.);
#9285 = ORIENTED_EDGE('',*,*,#9286,.F.);
#9286 = EDGE_CURVE('',#9239,#9186,#9287,.T.);
#9287 = SURFACE_CURVE('',#9288,(#9292,#9298),.PCURVE_S1.);
#9288 = LINE('',#9289,#9290);
#9289 = CARTESIAN_POINT('',(31.199999997915,-60.5,1.8));
#9290 = VECTOR('',#9291,1.);
#9291 = DIRECTION('',(0.,0.,1.));
#9292 = PCURVE('',#9201,#9293);
#9293 = DEFINITIONAL_REPRESENTATION('',(#9294),#9297);
#9294 = B_SPLINE_CURVE_WITH_KNOTS('',1,(#9295,#9296),.UNSPECIFIED.,.F.,
  .F.,(2,2),(0.,3.4),.PIECEWISE_BEZIER_KNOTS.);
#9295 = CARTESIAN_POINT('',(0.,11.199999997915));
#9296 = CARTESIAN_POINT('',(3.4,11.199999997915));
#9297 = ( GEOMETRIC_REPRESENTATION_CONTEXT(2) 
PARAMETRIC_REPRESENTATION_CONTEXT() REPRESENTATION_CONTEXT('2D SPACE',''
  ) );
#9298 = PCURVE('',#1385,#9299);
#9299 = DEFINITIONAL_REPRESENTATION('',(#9300),#9304);
#9300 = LINE('',#9301,#9302);
#9301 = CARTESIAN_POINT('',(2.499999998166,0.));
#9302 = VECTOR('',#9303,1.);
#9303 = DIRECTION('',(0.,-1.));
#9304 = ( GEOMETRIC_REPRESENTATION_CONTEXT(2) 
PARAMETRIC_REPRESENTATION_CONTEXT() REPRESENTATION_CONTEXT('2D SPACE',''
  ) );
#9305 = ADVANCED_FACE('',(#9306),#9254,.T.);
#9306 = FACE_BOUND('',#9307,.T.);
#9307 = EDGE_LOOP('',(#9308,#9338,#9361,#9389,#9410,#9411));
#9308 = ORIENTED_EDGE('',*,*,#9309,.F.);
#9309 = EDGE_CURVE('',#9310,#9312,#9314,.T.);
#9310 = VERTEX_POINT('',#9311);
#9311 = CARTESIAN_POINT('',(26.5,-65.2,1.8));
#9312 = VERTEX_POINT('',#9313);
#9313 = CARTESIAN_POINT('',(26.5,-62.44948974278,1.8));
#9314 = SURFACE_CURVE('',#9315,(#9319,#9326),.PCURVE_S1.);
#9315 = LINE('',#9316,#9317);
#9316 = CARTESIAN_POINT('',(26.5,-66.,1.8));
#9317 = VECTOR('',#9318,1.);
#9318 = DIRECTION('',(-0.,1.,0.));
#9319 = PCURVE('',#9254,#9320);
#9320 = DEFINITIONAL_REPRESENTATION('',(#9321),#9325);
#9321 = LINE('',#9322,#9323);
#9322 = CARTESIAN_POINT('',(26.500000000584,-66.01068989473));
#9323 = VECTOR('',#9324,1.);
#9324 = DIRECTION('',(0.,1.));
#9325 = ( GEOMETRIC_REPRESENTATION_CONTEXT(2) 
PARAMETRIC_REPRESENTATION_CONTEXT() REPRESENTATION_CONTEXT('2D SPACE',''
  ) );
#9326 = PCURVE('',#9327,#9332);
#9327 = PLANE('',#9328);
#9328 = AXIS2_PLACEMENT_3D('',#9329,#9330,#9331);
#9329 = CARTESIAN_POINT('',(26.5,-66.,1.8));
#9330 = DIRECTION('',(1.,0.,-0.));
#9331 = DIRECTION('',(0.,0.,1.));
#9332 = DEFINITIONAL_REPRESENTATION('',(#9333),#9337);
#9333 = LINE('',#9334,#9335);
#9334 = CARTESIAN_POINT('',(0.,0.));
#9335 = VECTOR('',#9336,1.);
#9336 = DIRECTION('',(0.,-1.));
#9337 = ( GEOMETRIC_REPRESENTATION_CONTEXT(2) 
PARAMETRIC_REPRESENTATION_CONTEXT() REPRESENTATION_CONTEXT('2D SPACE',''
  ) );
#9338 = ORIENTED_EDGE('',*,*,#9339,.T.);
#9339 = EDGE_CURVE('',#9310,#9340,#9342,.T.);
#9340 = VERTEX_POINT('',#9341);
#9341 = CARTESIAN_POINT('',(29.,-65.2,1.8));
#9342 = SURFACE_CURVE('',#9343,(#9347,#9354),.PCURVE_S1.);
#9343 = LINE('',#9344,#9345);
#9344 = CARTESIAN_POINT('',(0.,-65.2,1.8));
#9345 = VECTOR('',#9346,1.);
#9346 = DIRECTION('',(1.,0.,0.));
#9347 = PCURVE('',#9254,#9348);
#9348 = DEFINITIONAL_REPRESENTATION('',(#9349),#9353);
#9349 = LINE('',#9350,#9351);
#9350 = CARTESIAN_POINT('',(5.835800400434E-10,-65.21068989473));
#9351 = VECTOR('',#9352,1.);
#9352 = DIRECTION('',(1.,0.));
#9353 = ( GEOMETRIC_REPRESENTATION_CONTEXT(2) 
PARAMETRIC_REPRESENTATION_CONTEXT() REPRESENTATION_CONTEXT('2D SPACE',''
  ) );
#9354 = PCURVE('',#1444,#9355);
#9355 = DEFINITIONAL_REPRESENTATION('',(#9356),#9360);
#9356 = LINE('',#9357,#9358);
#9357 = CARTESIAN_POINT('',(29.,0.));
#9358 = VECTOR('',#9359,1.);
#9359 = DIRECTION('',(1.,0.));
#9360 = ( GEOMETRIC_REPRESENTATION_CONTEXT(2) 
PARAMETRIC_REPRESENTATION_CONTEXT() REPRESENTATION_CONTEXT('2D SPACE',''
  ) );
#9361 = ORIENTED_EDGE('',*,*,#9362,.F.);
#9362 = EDGE_CURVE('',#9363,#9340,#9365,.T.);
#9363 = VERTEX_POINT('',#9364);
#9364 = CARTESIAN_POINT('',(31.2,-62.99999999816,1.8));
#9365 = SURFACE_CURVE('',#9366,(#9371,#9382),.PCURVE_S1.);
#9366 = CIRCLE('',#9367,2.2);
#9367 = AXIS2_PLACEMENT_3D('',#9368,#9369,#9370);
#9368 = CARTESIAN_POINT('',(29.,-63.,1.8));
#9369 = DIRECTION('',(0.,0.,-1.));
#9370 = DIRECTION('',(-1.,0.,0.));
#9371 = PCURVE('',#9254,#9372);
#9372 = DEFINITIONAL_REPRESENTATION('',(#9373),#9381);
#9373 = ( BOUNDED_CURVE() B_SPLINE_CURVE(2,(#9374,#9375,#9376,#9377,
#9378,#9379,#9380),.UNSPECIFIED.,.T.,.F.) B_SPLINE_CURVE_WITH_KNOTS((1,2
    ,2,2,2,1),(-2.094395102393,0.,2.094395102393,4.188790204786,
6.28318530718,8.377580409573),.UNSPECIFIED.) CURVE() 
GEOMETRIC_REPRESENTATION_ITEM() RATIONAL_B_SPLINE_CURVE((1.,0.5,1.,0.5,
1.,0.5,1.)) REPRESENTATION_ITEM('') );
#9374 = CARTESIAN_POINT('',(26.800000000584,-63.01068989473));
#9375 = CARTESIAN_POINT('',(26.800000000584,-59.20017811808));
#9376 = CARTESIAN_POINT('',(30.100000000584,-61.10543400641));
#9377 = CARTESIAN_POINT('',(33.400000000584,-63.01068989473));
#9378 = CARTESIAN_POINT('',(30.100000000584,-64.91594578306));
#9379 = CARTESIAN_POINT('',(26.800000000584,-66.82120167139));
#9380 = CARTESIAN_POINT('',(26.800000000584,-63.01068989473));
#9381 = ( GEOMETRIC_REPRESENTATION_CONTEXT(2) 
PARAMETRIC_REPRESENTATION_CONTEXT() REPRESENTATION_CONTEXT('2D SPACE',''
  ) );
#9382 = PCURVE('',#1417,#9383);
#9383 = DEFINITIONAL_REPRESENTATION('',(#9384),#9388);
#9384 = LINE('',#9385,#9386);
#9385 = CARTESIAN_POINT('',(0.,0.));
#9386 = VECTOR('',#9387,1.);
#9387 = DIRECTION('',(1.,0.));
#9388 = ( GEOMETRIC_REPRESENTATION_CONTEXT(2) 
PARAMETRIC_REPRESENTATION_CONTEXT() REPRESENTATION_CONTEXT('2D SPACE',''
  ) );
#9389 = ORIENTED_EDGE('',*,*,#9390,.T.);
#9390 = EDGE_CURVE('',#9363,#9239,#9391,.T.);
#9391 = SURFACE_CURVE('',#9392,(#9396,#9403),.PCURVE_S1.);
#9392 = LINE('',#9393,#9394);
#9393 = CARTESIAN_POINT('',(31.2,-63.0000000015,1.8));
#9394 = VECTOR('',#9395,1.);
#9395 = DIRECTION('',(-8.3418493884E-10,1.,0.));
#9396 = PCURVE('',#9254,#9397);
#9397 = DEFINITIONAL_REPRESENTATION('',(#9398),#9402);
#9398 = LINE('',#9399,#9400);
#9399 = CARTESIAN_POINT('',(31.200000000584,-63.01068989624));
#9400 = VECTOR('',#9401,1.);
#9401 = DIRECTION('',(-8.3418493884E-10,1.));
#9402 = ( GEOMETRIC_REPRESENTATION_CONTEXT(2) 
PARAMETRIC_REPRESENTATION_CONTEXT() REPRESENTATION_CONTEXT('2D SPACE',''
  ) );
#9403 = PCURVE('',#1385,#9404);
#9404 = DEFINITIONAL_REPRESENTATION('',(#9405),#9409);
#9405 = LINE('',#9406,#9407);
#9406 = CARTESIAN_POINT('',(-3.336737108839E-09,-0.));
#9407 = VECTOR('',#9408,1.);
#9408 = DIRECTION('',(1.,0.));
#9409 = ( GEOMETRIC_REPRESENTATION_CONTEXT(2) 
PARAMETRIC_REPRESENTATION_CONTEXT() REPRESENTATION_CONTEXT('2D SPACE',''
  ) );
#9410 = ORIENTED_EDGE('',*,*,#9236,.F.);
#9411 = ORIENTED_EDGE('',*,*,#9412,.F.);
#9412 = EDGE_CURVE('',#9312,#9237,#9413,.T.);
#9413 = SURFACE_CURVE('',#9414,(#9419,#9426),.PCURVE_S1.);
#9414 = CIRCLE('',#9415,2.5);
#9415 = AXIS2_PLACEMENT_3D('',#9416,#9417,#9418);
#9416 = CARTESIAN_POINT('',(26.,-60.,1.8));
#9417 = DIRECTION('',(0.,0.,1.));
#9418 = DIRECTION('',(1.,0.,-0.));
#9419 = PCURVE('',#9254,#9420);
#9420 = DEFINITIONAL_REPRESENTATION('',(#9421),#9425);
#9421 = CIRCLE('',#9422,2.5);
#9422 = AXIS2_PLACEMENT_2D('',#9423,#9424);
#9423 = CARTESIAN_POINT('',(26.000000000584,-60.01068989473));
#9424 = DIRECTION('',(1.,0.));
#9425 = ( GEOMETRIC_REPRESENTATION_CONTEXT(2) 
PARAMETRIC_REPRESENTATION_CONTEXT() REPRESENTATION_CONTEXT('2D SPACE',''
  ) );
#9426 = PCURVE('',#3494,#9427);
#9427 = DEFINITIONAL_REPRESENTATION('',(#9428),#9432);
#9428 = LINE('',#9429,#9430);
#9429 = CARTESIAN_POINT('',(-0.,0.));
#9430 = VECTOR('',#9431,1.);
#9431 = DIRECTION('',(-1.,0.));
#9432 = ( GEOMETRIC_REPRESENTATION_CONTEXT(2) 
PARAMETRIC_REPRESENTATION_CONTEXT() REPRESENTATION_CONTEXT('2D SPACE',''
  ) );
#9433 = ADVANCED_FACE('',(#9434),#9327,.T.);
#9434 = FACE_BOUND('',#9435,.T.);
#9435 = EDGE_LOOP('',(#9436,#9466,#9486,#9487));
#9436 = ORIENTED_EDGE('',*,*,#9437,.F.);
#9437 = EDGE_CURVE('',#9438,#9440,#9442,.T.);
#9438 = VERTEX_POINT('',#9439);
#9439 = CARTESIAN_POINT('',(26.5,-65.2,5.2));
#9440 = VERTEX_POINT('',#9441);
#9441 = CARTESIAN_POINT('',(26.5,-62.44948974278,5.2));
#9442 = SURFACE_CURVE('',#9443,(#9447,#9454),.PCURVE_S1.);
#9443 = LINE('',#9444,#9445);
#9444 = CARTESIAN_POINT('',(26.5,-66.,5.2));
#9445 = VECTOR('',#9446,1.);
#9446 = DIRECTION('',(-0.,1.,0.));
#9447 = PCURVE('',#9327,#9448);
#9448 = DEFINITIONAL_REPRESENTATION('',(#9449),#9453);
#9449 = LINE('',#9450,#9451);
#9450 = CARTESIAN_POINT('',(3.4,0.));
#9451 = VECTOR('',#9452,1.);
#9452 = DIRECTION('',(0.,-1.));
#9453 = ( GEOMETRIC_REPRESENTATION_CONTEXT(2) 
PARAMETRIC_REPRESENTATION_CONTEXT() REPRESENTATION_CONTEXT('2D SPACE',''
  ) );
#9454 = PCURVE('',#9455,#9460);
#9455 = PLANE('',#9456);
#9456 = AXIS2_PLACEMENT_3D('',#9457,#9458,#9459);
#9457 = CARTESIAN_POINT('',(20.,-60.5,5.2));
#9458 = DIRECTION('',(0.,0.,1.));
#9459 = DIRECTION('',(1.,0.,-0.));
#9460 = DEFINITIONAL_REPRESENTATION('',(#9461),#9465);
#9461 = LINE('',#9462,#9463);
#9462 = CARTESIAN_POINT('',(6.5,-5.5));
#9463 = VECTOR('',#9464,1.);
#9464 = DIRECTION('',(0.,1.));
#9465 = ( GEOMETRIC_REPRESENTATION_CONTEXT(2) 
PARAMETRIC_REPRESENTATION_CONTEXT() REPRESENTATION_CONTEXT('2D SPACE',''
  ) );
#9466 = ORIENTED_EDGE('',*,*,#9467,.F.);
#9467 = EDGE_CURVE('',#9310,#9438,#9468,.T.);
#9468 = SURFACE_CURVE('',#9469,(#9473,#9479),.PCURVE_S1.);
#9469 = LINE('',#9470,#9471);
#9470 = CARTESIAN_POINT('',(26.5,-65.2,1.8));
#9471 = VECTOR('',#9472,1.);
#9472 = DIRECTION('',(0.,-0.,1.));
#9473 = PCURVE('',#9327,#9474);
#9474 = DEFINITIONAL_REPRESENTATION('',(#9475),#9478);
#9475 = B_SPLINE_CURVE_WITH_KNOTS('',1,(#9476,#9477),.UNSPECIFIED.,.F.,
  .F.,(2,2),(0.,3.4),.PIECEWISE_BEZIER_KNOTS.);
#9476 = CARTESIAN_POINT('',(0.,-0.8));
#9477 = CARTESIAN_POINT('',(3.4,-0.8));
#9478 = ( GEOMETRIC_REPRESENTATION_CONTEXT(2) 
PARAMETRIC_REPRESENTATION_CONTEXT() REPRESENTATION_CONTEXT('2D SPACE',''
  ) );
#9479 = PCURVE('',#1444,#9480);
#9480 = DEFINITIONAL_REPRESENTATION('',(#9481),#9485);
#9481 = LINE('',#9482,#9483);
#9482 = CARTESIAN_POINT('',(55.5,0.));
#9483 = VECTOR('',#9484,1.);
#9484 = DIRECTION('',(0.,-1.));
#9485 = ( GEOMETRIC_REPRESENTATION_CONTEXT(2) 
PARAMETRIC_REPRESENTATION_CONTEXT() REPRESENTATION_CONTEXT('2D SPACE',''
  ) );
#9486 = ORIENTED_EDGE('',*,*,#9309,.T.);
#9487 = ORIENTED_EDGE('',*,*,#9488,.F.);
#9488 = EDGE_CURVE('',#9440,#9312,#9489,.T.);
#9489 = SURFACE_CURVE('',#9490,(#9494,#9500),.PCURVE_S1.);
#9490 = LINE('',#9491,#9492);
#9491 = CARTESIAN_POINT('',(26.5,-62.44948974278,1.8));
#9492 = VECTOR('',#9493,1.);
#9493 = DIRECTION('',(-0.,-0.,-1.));
#9494 = PCURVE('',#9327,#9495);
#9495 = DEFINITIONAL_REPRESENTATION('',(#9496),#9499);
#9496 = B_SPLINE_CURVE_WITH_KNOTS('',1,(#9497,#9498),.UNSPECIFIED.,.F.,
  .F.,(2,2),(-3.74,2.400000000069E-06),.PIECEWISE_BEZIER_KNOTS.);
#9497 = CARTESIAN_POINT('',(3.74,-3.550510257217));
#9498 = CARTESIAN_POINT('',(-2.400000000069E-06,-3.550510257217));
#9499 = ( GEOMETRIC_REPRESENTATION_CONTEXT(2) 
PARAMETRIC_REPRESENTATION_CONTEXT() REPRESENTATION_CONTEXT('2D SPACE',''
  ) );
#9500 = PCURVE('',#3494,#9501);
#9501 = DEFINITIONAL_REPRESENTATION('',(#9502),#9505);
#9502 = B_SPLINE_CURVE_WITH_KNOTS('',1,(#9503,#9504),.UNSPECIFIED.,.F.,
  .F.,(2,2),(-3.74,2.400000000069E-06),.PIECEWISE_BEZIER_KNOTS.);
#9503 = CARTESIAN_POINT('',(-4.913746901175,-3.74));
#9504 = CARTESIAN_POINT('',(-4.913746901175,2.400000000069E-06));
#9505 = ( GEOMETRIC_REPRESENTATION_CONTEXT(2) 
PARAMETRIC_REPRESENTATION_CONTEXT() REPRESENTATION_CONTEXT('2D SPACE',''
  ) );
#9506 = ADVANCED_FACE('',(#9507),#9455,.T.);
#9507 = FACE_BOUND('',#9508,.T.);
#9508 = EDGE_LOOP('',(#9509,#9537,#9560,#9580));
#9509 = ORIENTED_EDGE('',*,*,#9510,.T.);
#9510 = EDGE_CURVE('',#9440,#9511,#9513,.T.);
#9511 = VERTEX_POINT('',#9512);
#9512 = CARTESIAN_POINT('',(25.5,-62.44948974278,5.2));
#9513 = SURFACE_CURVE('',#9514,(#9519,#9530),.PCURVE_S1.);
#9514 = CIRCLE('',#9515,2.5);
#9515 = AXIS2_PLACEMENT_3D('',#9516,#9517,#9518);
#9516 = CARTESIAN_POINT('',(26.,-60.,5.2));
#9517 = DIRECTION('',(0.,-0.,-1.));
#9518 = DIRECTION('',(1.,0.,-0.));
#9519 = PCURVE('',#9455,#9520);
#9520 = DEFINITIONAL_REPRESENTATION('',(#9521),#9529);
#9521 = ( BOUNDED_CURVE() B_SPLINE_CURVE(2,(#9522,#9523,#9524,#9525,
#9526,#9527,#9528),.UNSPECIFIED.,.T.,.F.) B_SPLINE_CURVE_WITH_KNOTS((1,2
    ,2,2,2,1),(-2.094395102393,0.,2.094395102393,4.188790204786,
6.28318530718,8.377580409573),.UNSPECIFIED.) CURVE() 
GEOMETRIC_REPRESENTATION_ITEM() RATIONAL_B_SPLINE_CURVE((1.,0.5,1.,0.5,
1.,0.5,1.)) REPRESENTATION_ITEM('') );
#9522 = CARTESIAN_POINT('',(8.5,0.5));
#9523 = CARTESIAN_POINT('',(8.5,-3.830127018922));
#9524 = CARTESIAN_POINT('',(4.75,-1.665063509461));
#9525 = CARTESIAN_POINT('',(1.,0.5));
#9526 = CARTESIAN_POINT('',(4.75,2.665063509461));
#9527 = CARTESIAN_POINT('',(8.5,4.830127018922));
#9528 = CARTESIAN_POINT('',(8.5,0.5));
#9529 = ( GEOMETRIC_REPRESENTATION_CONTEXT(2) 
PARAMETRIC_REPRESENTATION_CONTEXT() REPRESENTATION_CONTEXT('2D SPACE',''
  ) );
#9530 = PCURVE('',#3494,#9531);
#9531 = DEFINITIONAL_REPRESENTATION('',(#9532),#9536);
#9532 = LINE('',#9533,#9534);
#9533 = CARTESIAN_POINT('',(-6.28318530718,-3.4));
#9534 = VECTOR('',#9535,1.);
#9535 = DIRECTION('',(1.,-0.));
#9536 = ( GEOMETRIC_REPRESENTATION_CONTEXT(2) 
PARAMETRIC_REPRESENTATION_CONTEXT() REPRESENTATION_CONTEXT('2D SPACE',''
  ) );
#9537 = ORIENTED_EDGE('',*,*,#9538,.F.);
#9538 = EDGE_CURVE('',#9539,#9511,#9541,.T.);
#9539 = VERTEX_POINT('',#9540);
#9540 = CARTESIAN_POINT('',(25.5,-65.2,5.2));
#9541 = SURFACE_CURVE('',#9542,(#9546,#9553),.PCURVE_S1.);
#9542 = LINE('',#9543,#9544);
#9543 = CARTESIAN_POINT('',(25.5,-66.,5.2));
#9544 = VECTOR('',#9545,1.);
#9545 = DIRECTION('',(-0.,1.,0.));
#9546 = PCURVE('',#9455,#9547);
#9547 = DEFINITIONAL_REPRESENTATION('',(#9548),#9552);
#9548 = LINE('',#9549,#9550);
#9549 = CARTESIAN_POINT('',(5.5,-5.5));
#9550 = VECTOR('',#9551,1.);
#9551 = DIRECTION('',(0.,1.));
#9552 = ( GEOMETRIC_REPRESENTATION_CONTEXT(2) 
PARAMETRIC_REPRESENTATION_CONTEXT() REPRESENTATION_CONTEXT('2D SPACE',''
  ) );
#9553 = PCURVE('',#3465,#9554);
#9554 = DEFINITIONAL_REPRESENTATION('',(#9555),#9559);
#9555 = LINE('',#9556,#9557);
#9556 = CARTESIAN_POINT('',(3.4,0.));
#9557 = VECTOR('',#9558,1.);
#9558 = DIRECTION('',(0.,-1.));
#9559 = ( GEOMETRIC_REPRESENTATION_CONTEXT(2) 
PARAMETRIC_REPRESENTATION_CONTEXT() REPRESENTATION_CONTEXT('2D SPACE',''
  ) );
#9560 = ORIENTED_EDGE('',*,*,#9561,.F.);
#9561 = EDGE_CURVE('',#9438,#9539,#9562,.T.);
#9562 = SURFACE_CURVE('',#9563,(#9567,#9573),.PCURVE_S1.);
#9563 = LINE('',#9564,#9565);
#9564 = CARTESIAN_POINT('',(-4.5,-65.2,5.2));
#9565 = VECTOR('',#9566,1.);
#9566 = DIRECTION('',(-1.,0.,0.));
#9567 = PCURVE('',#9455,#9568);
#9568 = DEFINITIONAL_REPRESENTATION('',(#9569),#9572);
#9569 = B_SPLINE_CURVE_WITH_KNOTS('',1,(#9570,#9571),.UNSPECIFIED.,.F.,
  .F.,(2,2),(-33.5,-24.5),.PIECEWISE_BEZIER_KNOTS.);
#9570 = CARTESIAN_POINT('',(9.,-4.7));
#9571 = CARTESIAN_POINT('',(0.,-4.7));
#9572 = ( GEOMETRIC_REPRESENTATION_CONTEXT(2) 
PARAMETRIC_REPRESENTATION_CONTEXT() REPRESENTATION_CONTEXT('2D SPACE',''
  ) );
#9573 = PCURVE('',#1444,#9574);
#9574 = DEFINITIONAL_REPRESENTATION('',(#9575),#9579);
#9575 = LINE('',#9576,#9577);
#9576 = CARTESIAN_POINT('',(24.5,-3.4));
#9577 = VECTOR('',#9578,1.);
#9578 = DIRECTION('',(-1.,0.));
#9579 = ( GEOMETRIC_REPRESENTATION_CONTEXT(2) 
PARAMETRIC_REPRESENTATION_CONTEXT() REPRESENTATION_CONTEXT('2D SPACE',''
  ) );
#9580 = ORIENTED_EDGE('',*,*,#9437,.T.);
#9581 = ADVANCED_FACE('',(#9582),#3686,.T.);
#9582 = FACE_BOUND('',#9583,.T.);
#9583 = EDGE_LOOP('',(#9584,#9614,#9633,#9634));
#9584 = ORIENTED_EDGE('',*,*,#9585,.F.);
#9585 = EDGE_CURVE('',#9586,#9588,#9590,.T.);
#9586 = VERTEX_POINT('',#9587);
#9587 = CARTESIAN_POINT('',(26.5,-57.55051025721,5.2));
#9588 = VERTEX_POINT('',#9589);
#9589 = CARTESIAN_POINT('',(26.5,-57.5,5.2));
#9590 = SURFACE_CURVE('',#9591,(#9595,#9602),.PCURVE_S1.);
#9591 = LINE('',#9592,#9593);
#9592 = CARTESIAN_POINT('',(26.5,-66.,5.2));
#9593 = VECTOR('',#9594,1.);
#9594 = DIRECTION('',(-0.,1.,0.));
#9595 = PCURVE('',#3686,#9596);
#9596 = DEFINITIONAL_REPRESENTATION('',(#9597),#9601);
#9597 = LINE('',#9598,#9599);
#9598 = CARTESIAN_POINT('',(3.4,0.));
#9599 = VECTOR('',#9600,1.);
#9600 = DIRECTION('',(0.,-1.));
#9601 = ( GEOMETRIC_REPRESENTATION_CONTEXT(2) 
PARAMETRIC_REPRESENTATION_CONTEXT() REPRESENTATION_CONTEXT('2D SPACE',''
  ) );
#9602 = PCURVE('',#9603,#9608);
#9603 = PLANE('',#9604);
#9604 = AXIS2_PLACEMENT_3D('',#9605,#9606,#9607);
#9605 = CARTESIAN_POINT('',(20.,-60.5,5.2));
#9606 = DIRECTION('',(0.,0.,1.));
#9607 = DIRECTION('',(1.,0.,-0.));
#9608 = DEFINITIONAL_REPRESENTATION('',(#9609),#9613);
#9609 = LINE('',#9610,#9611);
#9610 = CARTESIAN_POINT('',(6.5,-5.5));
#9611 = VECTOR('',#9612,1.);
#9612 = DIRECTION('',(0.,1.));
#9613 = ( GEOMETRIC_REPRESENTATION_CONTEXT(2) 
PARAMETRIC_REPRESENTATION_CONTEXT() REPRESENTATION_CONTEXT('2D SPACE',''
  ) );
#9614 = ORIENTED_EDGE('',*,*,#9615,.T.);
#9615 = EDGE_CURVE('',#9586,#3671,#9616,.T.);
#9616 = SURFACE_CURVE('',#9617,(#9621,#9627),.PCURVE_S1.);
#9617 = LINE('',#9618,#9619);
#9618 = CARTESIAN_POINT('',(26.5,-57.55051025721,1.8));
#9619 = VECTOR('',#9620,1.);
#9620 = DIRECTION('',(-0.,-0.,-1.));
#9621 = PCURVE('',#3686,#9622);
#9622 = DEFINITIONAL_REPRESENTATION('',(#9623),#9626);
#9623 = B_SPLINE_CURVE_WITH_KNOTS('',1,(#9624,#9625),.UNSPECIFIED.,.F.,
  .F.,(2,2),(-3.74,2.400000000069E-06),.PIECEWISE_BEZIER_KNOTS.);
#9624 = CARTESIAN_POINT('',(3.74,-8.449489742783));
#9625 = CARTESIAN_POINT('',(-2.400000000069E-06,-8.449489742783));
#9626 = ( GEOMETRIC_REPRESENTATION_CONTEXT(2) 
PARAMETRIC_REPRESENTATION_CONTEXT() REPRESENTATION_CONTEXT('2D SPACE',''
  ) );
#9627 = PCURVE('',#3494,#9628);
#9628 = DEFINITIONAL_REPRESENTATION('',(#9629),#9632);
#9629 = B_SPLINE_CURVE_WITH_KNOTS('',1,(#9630,#9631),.UNSPECIFIED.,.F.,
  .F.,(2,2),(-3.74,2.400000000069E-06),.PIECEWISE_BEZIER_KNOTS.);
#9630 = CARTESIAN_POINT('',(-1.369438406005,-3.74));
#9631 = CARTESIAN_POINT('',(-1.369438406005,2.400000000069E-06));
#9632 = ( GEOMETRIC_REPRESENTATION_CONTEXT(2) 
PARAMETRIC_REPRESENTATION_CONTEXT() REPRESENTATION_CONTEXT('2D SPACE',''
  ) );
#9633 = ORIENTED_EDGE('',*,*,#3670,.T.);
#9634 = ORIENTED_EDGE('',*,*,#9635,.T.);
#9635 = EDGE_CURVE('',#3643,#9588,#9636,.T.);
#9636 = SURFACE_CURVE('',#9637,(#9641,#9647),.PCURVE_S1.);
#9637 = LINE('',#9638,#9639);
#9638 = CARTESIAN_POINT('',(26.5,-57.5,1.75));
#9639 = VECTOR('',#9640,1.);
#9640 = DIRECTION('',(0.,0.,1.));
#9641 = PCURVE('',#3686,#9642);
#9642 = DEFINITIONAL_REPRESENTATION('',(#9643),#9646);
#9643 = B_SPLINE_CURVE_WITH_KNOTS('',1,(#9644,#9645),.UNSPECIFIED.,.F.,
  .F.,(2,2),(5.E-02,3.45),.PIECEWISE_BEZIER_KNOTS.);
#9644 = CARTESIAN_POINT('',(0.,-8.5));
#9645 = CARTESIAN_POINT('',(3.4,-8.5));
#9646 = ( GEOMETRIC_REPRESENTATION_CONTEXT(2) 
PARAMETRIC_REPRESENTATION_CONTEXT() REPRESENTATION_CONTEXT('2D SPACE',''
  ) );
#9647 = PCURVE('',#3658,#9648);
#9648 = DEFINITIONAL_REPRESENTATION('',(#9649),#9653);
#9649 = LINE('',#9650,#9651);
#9650 = CARTESIAN_POINT('',(5.E-02,57.05));
#9651 = VECTOR('',#9652,1.);
#9652 = DIRECTION('',(1.,0.));
#9653 = ( GEOMETRIC_REPRESENTATION_CONTEXT(2) 
PARAMETRIC_REPRESENTATION_CONTEXT() REPRESENTATION_CONTEXT('2D SPACE',''
  ) );
#9654 = ADVANCED_FACE('',(#9655),#9603,.T.);
#9655 = FACE_BOUND('',#9656,.T.);
#9656 = EDGE_LOOP('',(#9657,#9679,#9705));
#9657 = ORIENTED_EDGE('',*,*,#9658,.T.);
#9658 = EDGE_CURVE('',#9588,#9659,#9661,.T.);
#9659 = VERTEX_POINT('',#9660);
#9660 = CARTESIAN_POINT('',(26.,-57.5,5.2));
#9661 = SURFACE_CURVE('',#9662,(#9666,#9672),.PCURVE_S1.);
#9662 = LINE('',#9663,#9664);
#9663 = CARTESIAN_POINT('',(-5.275,-57.5,5.2));
#9664 = VECTOR('',#9665,1.);
#9665 = DIRECTION('',(-1.,-0.,0.));
#9666 = PCURVE('',#9603,#9667);
#9667 = DEFINITIONAL_REPRESENTATION('',(#9668),#9671);
#9668 = B_SPLINE_CURVE_WITH_KNOTS('',1,(#9669,#9670),.UNSPECIFIED.,.F.,
  .F.,(2,2),(-35.825,-25.275),.PIECEWISE_BEZIER_KNOTS.);
#9669 = CARTESIAN_POINT('',(10.55,3.));
#9670 = CARTESIAN_POINT('',(0.,3.));
#9671 = ( GEOMETRIC_REPRESENTATION_CONTEXT(2) 
PARAMETRIC_REPRESENTATION_CONTEXT() REPRESENTATION_CONTEXT('2D SPACE',''
  ) );
#9672 = PCURVE('',#3658,#9673);
#9673 = DEFINITIONAL_REPRESENTATION('',(#9674),#9678);
#9674 = LINE('',#9675,#9676);
#9675 = CARTESIAN_POINT('',(3.5,25.275));
#9676 = VECTOR('',#9677,1.);
#9677 = DIRECTION('',(0.,-1.));
#9678 = ( GEOMETRIC_REPRESENTATION_CONTEXT(2) 
PARAMETRIC_REPRESENTATION_CONTEXT() REPRESENTATION_CONTEXT('2D SPACE',''
  ) );
#9679 = ORIENTED_EDGE('',*,*,#9680,.T.);
#9680 = EDGE_CURVE('',#9659,#9586,#9681,.T.);
#9681 = SURFACE_CURVE('',#9682,(#9687,#9698),.PCURVE_S1.);
#9682 = CIRCLE('',#9683,2.5);
#9683 = AXIS2_PLACEMENT_3D('',#9684,#9685,#9686);
#9684 = CARTESIAN_POINT('',(26.,-60.,5.2));
#9685 = DIRECTION('',(0.,-0.,-1.));
#9686 = DIRECTION('',(1.,0.,-0.));
#9687 = PCURVE('',#9603,#9688);
#9688 = DEFINITIONAL_REPRESENTATION('',(#9689),#9697);
#9689 = ( BOUNDED_CURVE() B_SPLINE_CURVE(2,(#9690,#9691,#9692,#9693,
#9694,#9695,#9696),.UNSPECIFIED.,.T.,.F.) B_SPLINE_CURVE_WITH_KNOTS((1,2
    ,2,2,2,1),(-2.094395102393,0.,2.094395102393,4.188790204786,
6.28318530718,8.377580409573),.UNSPECIFIED.) CURVE() 
GEOMETRIC_REPRESENTATION_ITEM() RATIONAL_B_SPLINE_CURVE((1.,0.5,1.,0.5,
1.,0.5,1.)) REPRESENTATION_ITEM('') );
#9690 = CARTESIAN_POINT('',(8.5,0.5));
#9691 = CARTESIAN_POINT('',(8.5,-3.830127018922));
#9692 = CARTESIAN_POINT('',(4.75,-1.665063509461));
#9693 = CARTESIAN_POINT('',(1.,0.5));
#9694 = CARTESIAN_POINT('',(4.75,2.665063509461));
#9695 = CARTESIAN_POINT('',(8.5,4.830127018922));
#9696 = CARTESIAN_POINT('',(8.5,0.5));
#9697 = ( GEOMETRIC_REPRESENTATION_CONTEXT(2) 
PARAMETRIC_REPRESENTATION_CONTEXT() REPRESENTATION_CONTEXT('2D SPACE',''
  ) );
#9698 = PCURVE('',#3494,#9699);
#9699 = DEFINITIONAL_REPRESENTATION('',(#9700),#9704);
#9700 = LINE('',#9701,#9702);
#9701 = CARTESIAN_POINT('',(-6.28318530718,-3.4));
#9702 = VECTOR('',#9703,1.);
#9703 = DIRECTION('',(1.,-0.));
#9704 = ( GEOMETRIC_REPRESENTATION_CONTEXT(2) 
PARAMETRIC_REPRESENTATION_CONTEXT() REPRESENTATION_CONTEXT('2D SPACE',''
  ) );
#9705 = ORIENTED_EDGE('',*,*,#9585,.T.);
#9706 = ADVANCED_FACE('',(#9707),#3658,.T.);
#9707 = FACE_BOUND('',#9708,.T.);
#9708 = EDGE_LOOP('',(#9709,#9710,#9711,#9712,#9734));
#9709 = ORIENTED_EDGE('',*,*,#9658,.F.);
#9710 = ORIENTED_EDGE('',*,*,#9635,.F.);
#9711 = ORIENTED_EDGE('',*,*,#3642,.F.);
#9712 = ORIENTED_EDGE('',*,*,#9713,.T.);
#9713 = EDGE_CURVE('',#3615,#9714,#9716,.T.);
#9714 = VERTEX_POINT('',#9715);
#9715 = CARTESIAN_POINT('',(25.5,-57.5,5.2));
#9716 = SURFACE_CURVE('',#9717,(#9721,#9728),.PCURVE_S1.);
#9717 = LINE('',#9718,#9719);
#9718 = CARTESIAN_POINT('',(25.5,-57.5,1.75));
#9719 = VECTOR('',#9720,1.);
#9720 = DIRECTION('',(0.,0.,1.));
#9721 = PCURVE('',#3658,#9722);
#9722 = DEFINITIONAL_REPRESENTATION('',(#9723),#9727);
#9723 = LINE('',#9724,#9725);
#9724 = CARTESIAN_POINT('',(5.E-02,56.05));
#9725 = VECTOR('',#9726,1.);
#9726 = DIRECTION('',(1.,0.));
#9727 = ( GEOMETRIC_REPRESENTATION_CONTEXT(2) 
PARAMETRIC_REPRESENTATION_CONTEXT() REPRESENTATION_CONTEXT('2D SPACE',''
  ) );
#9728 = PCURVE('',#3630,#9729);
#9729 = DEFINITIONAL_REPRESENTATION('',(#9730),#9733);
#9730 = B_SPLINE_CURVE_WITH_KNOTS('',1,(#9731,#9732),.UNSPECIFIED.,.F.,
  .F.,(2,2),(5.E-02,3.45),.PIECEWISE_BEZIER_KNOTS.);
#9731 = CARTESIAN_POINT('',(0.,-8.5));
#9732 = CARTESIAN_POINT('',(3.4,-8.5));
#9733 = ( GEOMETRIC_REPRESENTATION_CONTEXT(2) 
PARAMETRIC_REPRESENTATION_CONTEXT() REPRESENTATION_CONTEXT('2D SPACE',''
  ) );
#9734 = ORIENTED_EDGE('',*,*,#9735,.F.);
#9735 = EDGE_CURVE('',#9659,#9714,#9736,.T.);
#9736 = SURFACE_CURVE('',#9737,(#9741,#9748),.PCURVE_S1.);
#9737 = LINE('',#9738,#9739);
#9738 = CARTESIAN_POINT('',(-5.275,-57.5,5.2));
#9739 = VECTOR('',#9740,1.);
#9740 = DIRECTION('',(-1.,-0.,0.));
#9741 = PCURVE('',#3658,#9742);
#9742 = DEFINITIONAL_REPRESENTATION('',(#9743),#9747);
#9743 = LINE('',#9744,#9745);
#9744 = CARTESIAN_POINT('',(3.5,25.275));
#9745 = VECTOR('',#9746,1.);
#9746 = DIRECTION('',(0.,-1.));
#9747 = ( GEOMETRIC_REPRESENTATION_CONTEXT(2) 
PARAMETRIC_REPRESENTATION_CONTEXT() REPRESENTATION_CONTEXT('2D SPACE',''
  ) );
#9748 = PCURVE('',#9749,#9754);
#9749 = PLANE('',#9750);
#9750 = AXIS2_PLACEMENT_3D('',#9751,#9752,#9753);
#9751 = CARTESIAN_POINT('',(20.,-60.5,5.2));
#9752 = DIRECTION('',(0.,0.,1.));
#9753 = DIRECTION('',(1.,0.,-0.));
#9754 = DEFINITIONAL_REPRESENTATION('',(#9755),#9758);
#9755 = B_SPLINE_CURVE_WITH_KNOTS('',1,(#9756,#9757),.UNSPECIFIED.,.F.,
  .F.,(2,2),(-35.825,-25.275),.PIECEWISE_BEZIER_KNOTS.);
#9756 = CARTESIAN_POINT('',(10.55,3.));
#9757 = CARTESIAN_POINT('',(0.,3.));
#9758 = ( GEOMETRIC_REPRESENTATION_CONTEXT(2) 
PARAMETRIC_REPRESENTATION_CONTEXT() REPRESENTATION_CONTEXT('2D SPACE',''
  ) );
#9759 = ADVANCED_FACE('',(#9760),#9749,.T.);
#9760 = FACE_BOUND('',#9761,.T.);
#9761 = EDGE_LOOP('',(#9762,#9785,#9811));
#9762 = ORIENTED_EDGE('',*,*,#9763,.F.);
#9763 = EDGE_CURVE('',#9764,#9714,#9766,.T.);
#9764 = VERTEX_POINT('',#9765);
#9765 = CARTESIAN_POINT('',(25.5,-57.55051025721,5.2));
#9766 = SURFACE_CURVE('',#9767,(#9771,#9778),.PCURVE_S1.);
#9767 = LINE('',#9768,#9769);
#9768 = CARTESIAN_POINT('',(25.5,-66.,5.2));
#9769 = VECTOR('',#9770,1.);
#9770 = DIRECTION('',(-0.,1.,0.));
#9771 = PCURVE('',#9749,#9772);
#9772 = DEFINITIONAL_REPRESENTATION('',(#9773),#9777);
#9773 = LINE('',#9774,#9775);
#9774 = CARTESIAN_POINT('',(5.5,-5.5));
#9775 = VECTOR('',#9776,1.);
#9776 = DIRECTION('',(0.,1.));
#9777 = ( GEOMETRIC_REPRESENTATION_CONTEXT(2) 
PARAMETRIC_REPRESENTATION_CONTEXT() REPRESENTATION_CONTEXT('2D SPACE',''
  ) );
#9778 = PCURVE('',#3630,#9779);
#9779 = DEFINITIONAL_REPRESENTATION('',(#9780),#9784);
#9780 = LINE('',#9781,#9782);
#9781 = CARTESIAN_POINT('',(3.4,0.));
#9782 = VECTOR('',#9783,1.);
#9783 = DIRECTION('',(0.,-1.));
#9784 = ( GEOMETRIC_REPRESENTATION_CONTEXT(2) 
PARAMETRIC_REPRESENTATION_CONTEXT() REPRESENTATION_CONTEXT('2D SPACE',''
  ) );
#9785 = ORIENTED_EDGE('',*,*,#9786,.T.);
#9786 = EDGE_CURVE('',#9764,#9659,#9787,.T.);
#9787 = SURFACE_CURVE('',#9788,(#9793,#9804),.PCURVE_S1.);
#9788 = CIRCLE('',#9789,2.5);
#9789 = AXIS2_PLACEMENT_3D('',#9790,#9791,#9792);
#9790 = CARTESIAN_POINT('',(26.,-60.,5.2));
#9791 = DIRECTION('',(0.,-0.,-1.));
#9792 = DIRECTION('',(1.,0.,-0.));
#9793 = PCURVE('',#9749,#9794);
#9794 = DEFINITIONAL_REPRESENTATION('',(#9795),#9803);
#9795 = ( BOUNDED_CURVE() B_SPLINE_CURVE(2,(#9796,#9797,#9798,#9799,
#9800,#9801,#9802),.UNSPECIFIED.,.T.,.F.) B_SPLINE_CURVE_WITH_KNOTS((1,2
    ,2,2,2,1),(-2.094395102393,0.,2.094395102393,4.188790204786,
6.28318530718,8.377580409573),.UNSPECIFIED.) CURVE() 
GEOMETRIC_REPRESENTATION_ITEM() RATIONAL_B_SPLINE_CURVE((1.,0.5,1.,0.5,
1.,0.5,1.)) REPRESENTATION_ITEM('') );
#9796 = CARTESIAN_POINT('',(8.5,0.5));
#9797 = CARTESIAN_POINT('',(8.5,-3.830127018922));
#9798 = CARTESIAN_POINT('',(4.75,-1.665063509461));
#9799 = CARTESIAN_POINT('',(1.,0.5));
#9800 = CARTESIAN_POINT('',(4.75,2.665063509461));
#9801 = CARTESIAN_POINT('',(8.5,4.830127018922));
#9802 = CARTESIAN_POINT('',(8.5,0.5));
#9803 = ( GEOMETRIC_REPRESENTATION_CONTEXT(2) 
PARAMETRIC_REPRESENTATION_CONTEXT() REPRESENTATION_CONTEXT('2D SPACE',''
  ) );
#9804 = PCURVE('',#3494,#9805);
#9805 = DEFINITIONAL_REPRESENTATION('',(#9806),#9810);
#9806 = LINE('',#9807,#9808);
#9807 = CARTESIAN_POINT('',(-6.28318530718,-3.4));
#9808 = VECTOR('',#9809,1.);
#9809 = DIRECTION('',(1.,-0.));
#9810 = ( GEOMETRIC_REPRESENTATION_CONTEXT(2) 
PARAMETRIC_REPRESENTATION_CONTEXT() REPRESENTATION_CONTEXT('2D SPACE',''
  ) );
#9811 = ORIENTED_EDGE('',*,*,#9735,.T.);
#9812 = ADVANCED_FACE('',(#9813),#3630,.F.);
#9813 = FACE_BOUND('',#9814,.F.);
#9814 = EDGE_LOOP('',(#9815,#9816,#9835,#9836));
#9815 = ORIENTED_EDGE('',*,*,#9763,.F.);
#9816 = ORIENTED_EDGE('',*,*,#9817,.T.);
#9817 = EDGE_CURVE('',#9764,#3591,#9818,.T.);
#9818 = SURFACE_CURVE('',#9819,(#9823,#9829),.PCURVE_S1.);
#9819 = LINE('',#9820,#9821);
#9820 = CARTESIAN_POINT('',(25.5,-57.55051025721,1.8));
#9821 = VECTOR('',#9822,1.);
#9822 = DIRECTION('',(-0.,-0.,-1.));
#9823 = PCURVE('',#3630,#9824);
#9824 = DEFINITIONAL_REPRESENTATION('',(#9825),#9828);
#9825 = B_SPLINE_CURVE_WITH_KNOTS('',1,(#9826,#9827),.UNSPECIFIED.,.F.,
  .F.,(2,2),(-3.74,2.400000000069E-06),.PIECEWISE_BEZIER_KNOTS.);
#9826 = CARTESIAN_POINT('',(3.74,-8.449489742783));
#9827 = CARTESIAN_POINT('',(-2.400000000069E-06,-8.449489742783));
#9828 = ( GEOMETRIC_REPRESENTATION_CONTEXT(2) 
PARAMETRIC_REPRESENTATION_CONTEXT() REPRESENTATION_CONTEXT('2D SPACE',''
  ) );
#9829 = PCURVE('',#3494,#9830);
#9830 = DEFINITIONAL_REPRESENTATION('',(#9831),#9834);
#9831 = B_SPLINE_CURVE_WITH_KNOTS('',1,(#9832,#9833),.UNSPECIFIED.,.F.,
  .F.,(2,2),(-3.74,2.400000000069E-06),.PIECEWISE_BEZIER_KNOTS.);
#9832 = CARTESIAN_POINT('',(-1.772154247585,-3.74));
#9833 = CARTESIAN_POINT('',(-1.772154247585,2.400000000069E-06));
#9834 = ( GEOMETRIC_REPRESENTATION_CONTEXT(2) 
PARAMETRIC_REPRESENTATION_CONTEXT() REPRESENTATION_CONTEXT('2D SPACE',''
  ) );
#9835 = ORIENTED_EDGE('',*,*,#3614,.T.);
#9836 = ORIENTED_EDGE('',*,*,#9713,.T.);
#9837 = ADVANCED_FACE('',(#9838),#3578,.T.);
#9838 = FACE_BOUND('',#9839,.T.);
#9839 = EDGE_LOOP('',(#9840,#9841,#9864,#9892));
#9840 = ORIENTED_EDGE('',*,*,#3562,.F.);
#9841 = ORIENTED_EDGE('',*,*,#9842,.T.);
#9842 = EDGE_CURVE('',#3535,#9843,#9845,.T.);
#9843 = VERTEX_POINT('',#9844);
#9844 = CARTESIAN_POINT('',(20.,-59.5,5.2));
#9845 = SURFACE_CURVE('',#9846,(#9850,#9857),.PCURVE_S1.);
#9846 = LINE('',#9847,#9848);
#9847 = CARTESIAN_POINT('',(20.,-59.5,1.8));
#9848 = VECTOR('',#9849,1.);
#9849 = DIRECTION('',(0.,0.,1.));
#9850 = PCURVE('',#3578,#9851);
#9851 = DEFINITIONAL_REPRESENTATION('',(#9852),#9856);
#9852 = LINE('',#9853,#9854);
#9853 = CARTESIAN_POINT('',(0.,0.));
#9854 = VECTOR('',#9855,1.);
#9855 = DIRECTION('',(1.,0.));
#9856 = ( GEOMETRIC_REPRESENTATION_CONTEXT(2) 
PARAMETRIC_REPRESENTATION_CONTEXT() REPRESENTATION_CONTEXT('2D SPACE',''
  ) );
#9857 = PCURVE('',#3550,#9858);
#9858 = DEFINITIONAL_REPRESENTATION('',(#9859),#9863);
#9859 = LINE('',#9860,#9861);
#9860 = CARTESIAN_POINT('',(0.,-1.));
#9861 = VECTOR('',#9862,1.);
#9862 = DIRECTION('',(1.,0.));
#9863 = ( GEOMETRIC_REPRESENTATION_CONTEXT(2) 
PARAMETRIC_REPRESENTATION_CONTEXT() REPRESENTATION_CONTEXT('2D SPACE',''
  ) );
#9864 = ORIENTED_EDGE('',*,*,#9865,.T.);
#9865 = EDGE_CURVE('',#9843,#9866,#9868,.T.);
#9866 = VERTEX_POINT('',#9867);
#9867 = CARTESIAN_POINT('',(23.550510257217,-59.5,5.2));
#9868 = SURFACE_CURVE('',#9869,(#9873,#9880),.PCURVE_S1.);
#9869 = LINE('',#9870,#9871);
#9870 = CARTESIAN_POINT('',(20.,-59.5,5.2));
#9871 = VECTOR('',#9872,1.);
#9872 = DIRECTION('',(1.,0.,-0.));
#9873 = PCURVE('',#3578,#9874);
#9874 = DEFINITIONAL_REPRESENTATION('',(#9875),#9879);
#9875 = LINE('',#9876,#9877);
#9876 = CARTESIAN_POINT('',(3.4,0.));
#9877 = VECTOR('',#9878,1.);
#9878 = DIRECTION('',(0.,1.));
#9879 = ( GEOMETRIC_REPRESENTATION_CONTEXT(2) 
PARAMETRIC_REPRESENTATION_CONTEXT() REPRESENTATION_CONTEXT('2D SPACE',''
  ) );
#9880 = PCURVE('',#9881,#9886);
#9881 = PLANE('',#9882);
#9882 = AXIS2_PLACEMENT_3D('',#9883,#9884,#9885);
#9883 = CARTESIAN_POINT('',(20.,-60.5,5.2));
#9884 = DIRECTION('',(0.,0.,1.));
#9885 = DIRECTION('',(1.,0.,-0.));
#9886 = DEFINITIONAL_REPRESENTATION('',(#9887),#9891);
#9887 = LINE('',#9888,#9889);
#9888 = CARTESIAN_POINT('',(0.,1.));
#9889 = VECTOR('',#9890,1.);
#9890 = DIRECTION('',(1.,0.));
#9891 = ( GEOMETRIC_REPRESENTATION_CONTEXT(2) 
PARAMETRIC_REPRESENTATION_CONTEXT() REPRESENTATION_CONTEXT('2D SPACE',''
  ) );
#9892 = ORIENTED_EDGE('',*,*,#9893,.T.);
#9893 = EDGE_CURVE('',#9866,#3563,#9894,.T.);
#9894 = SURFACE_CURVE('',#9895,(#9899,#9905),.PCURVE_S1.);
#9895 = LINE('',#9896,#9897);
#9896 = CARTESIAN_POINT('',(23.550510257217,-59.5,1.8));
#9897 = VECTOR('',#9898,1.);
#9898 = DIRECTION('',(-0.,-0.,-1.));
#9899 = PCURVE('',#3578,#9900);
#9900 = DEFINITIONAL_REPRESENTATION('',(#9901),#9904);
#9901 = B_SPLINE_CURVE_WITH_KNOTS('',1,(#9902,#9903),.UNSPECIFIED.,.F.,
  .F.,(2,2),(-3.74,2.400000000069E-06),.PIECEWISE_BEZIER_KNOTS.);
#9902 = CARTESIAN_POINT('',(3.74,3.550510257217));
#9903 = CARTESIAN_POINT('',(-2.400000000069E-06,3.550510257217));
#9904 = ( GEOMETRIC_REPRESENTATION_CONTEXT(2) 
PARAMETRIC_REPRESENTATION_CONTEXT() REPRESENTATION_CONTEXT('2D SPACE',''
  ) );
#9905 = PCURVE('',#3494,#9906);
#9906 = DEFINITIONAL_REPRESENTATION('',(#9907),#9910);
#9907 = B_SPLINE_CURVE_WITH_KNOTS('',1,(#9908,#9909),.UNSPECIFIED.,.F.,
  .F.,(2,2),(-3.74,2.400000000069E-06),.PIECEWISE_BEZIER_KNOTS.);
#9908 = CARTESIAN_POINT('',(-2.940234732799,-3.74));
#9909 = CARTESIAN_POINT('',(-2.940234732799,2.400000000069E-06));
#9910 = ( GEOMETRIC_REPRESENTATION_CONTEXT(2) 
PARAMETRIC_REPRESENTATION_CONTEXT() REPRESENTATION_CONTEXT('2D SPACE',''
  ) );
#9911 = ADVANCED_FACE('',(#9912),#9881,.T.);
#9912 = FACE_BOUND('',#9913,.T.);
#9913 = EDGE_LOOP('',(#9914,#9915,#9938,#9961));
#9914 = ORIENTED_EDGE('',*,*,#9865,.F.);
#9915 = ORIENTED_EDGE('',*,*,#9916,.F.);
#9916 = EDGE_CURVE('',#9917,#9843,#9919,.T.);
#9917 = VERTEX_POINT('',#9918);
#9918 = CARTESIAN_POINT('',(20.,-60.5,5.2));
#9919 = SURFACE_CURVE('',#9920,(#9924,#9931),.PCURVE_S1.);
#9920 = LINE('',#9921,#9922);
#9921 = CARTESIAN_POINT('',(20.,-60.5,5.2));
#9922 = VECTOR('',#9923,1.);
#9923 = DIRECTION('',(-0.,1.,0.));
#9924 = PCURVE('',#9881,#9925);
#9925 = DEFINITIONAL_REPRESENTATION('',(#9926),#9930);
#9926 = LINE('',#9927,#9928);
#9927 = CARTESIAN_POINT('',(0.,0.));
#9928 = VECTOR('',#9929,1.);
#9929 = DIRECTION('',(0.,1.));
#9930 = ( GEOMETRIC_REPRESENTATION_CONTEXT(2) 
PARAMETRIC_REPRESENTATION_CONTEXT() REPRESENTATION_CONTEXT('2D SPACE',''
  ) );
#9931 = PCURVE('',#3550,#9932);
#9932 = DEFINITIONAL_REPRESENTATION('',(#9933),#9937);
#9933 = LINE('',#9934,#9935);
#9934 = CARTESIAN_POINT('',(3.4,0.));
#9935 = VECTOR('',#9936,1.);
#9936 = DIRECTION('',(0.,-1.));
#9937 = ( GEOMETRIC_REPRESENTATION_CONTEXT(2) 
PARAMETRIC_REPRESENTATION_CONTEXT() REPRESENTATION_CONTEXT('2D SPACE',''
  ) );
#9938 = ORIENTED_EDGE('',*,*,#9939,.T.);
#9939 = EDGE_CURVE('',#9917,#9940,#9942,.T.);
#9940 = VERTEX_POINT('',#9941);
#9941 = CARTESIAN_POINT('',(23.550510257217,-60.5,5.2));
#9942 = SURFACE_CURVE('',#9943,(#9947,#9954),.PCURVE_S1.);
#9943 = LINE('',#9944,#9945);
#9944 = CARTESIAN_POINT('',(20.,-60.5,5.2));
#9945 = VECTOR('',#9946,1.);
#9946 = DIRECTION('',(1.,0.,-0.));
#9947 = PCURVE('',#9881,#9948);
#9948 = DEFINITIONAL_REPRESENTATION('',(#9949),#9953);
#9949 = LINE('',#9950,#9951);
#9950 = CARTESIAN_POINT('',(0.,0.));
#9951 = VECTOR('',#9952,1.);
#9952 = DIRECTION('',(1.,0.));
#9953 = ( GEOMETRIC_REPRESENTATION_CONTEXT(2) 
PARAMETRIC_REPRESENTATION_CONTEXT() REPRESENTATION_CONTEXT('2D SPACE',''
  ) );
#9954 = PCURVE('',#3522,#9955);
#9955 = DEFINITIONAL_REPRESENTATION('',(#9956),#9960);
#9956 = LINE('',#9957,#9958);
#9957 = CARTESIAN_POINT('',(3.4,0.));
#9958 = VECTOR('',#9959,1.);
#9959 = DIRECTION('',(0.,1.));
#9960 = ( GEOMETRIC_REPRESENTATION_CONTEXT(2) 
PARAMETRIC_REPRESENTATION_CONTEXT() REPRESENTATION_CONTEXT('2D SPACE',''
  ) );
#9961 = ORIENTED_EDGE('',*,*,#9962,.T.);
#9962 = EDGE_CURVE('',#9940,#9866,#9963,.T.);
#9963 = SURFACE_CURVE('',#9964,(#9969,#9980),.PCURVE_S1.);
#9964 = CIRCLE('',#9965,2.5);
#9965 = AXIS2_PLACEMENT_3D('',#9966,#9967,#9968);
#9966 = CARTESIAN_POINT('',(26.,-60.,5.2));
#9967 = DIRECTION('',(0.,-0.,-1.));
#9968 = DIRECTION('',(1.,0.,-0.));
#9969 = PCURVE('',#9881,#9970);
#9970 = DEFINITIONAL_REPRESENTATION('',(#9971),#9979);
#9971 = ( BOUNDED_CURVE() B_SPLINE_CURVE(2,(#9972,#9973,#9974,#9975,
#9976,#9977,#9978),.UNSPECIFIED.,.T.,.F.) B_SPLINE_CURVE_WITH_KNOTS((1,2
    ,2,2,2,1),(-2.094395102393,0.,2.094395102393,4.188790204786,
6.28318530718,8.377580409573),.UNSPECIFIED.) CURVE() 
GEOMETRIC_REPRESENTATION_ITEM() RATIONAL_B_SPLINE_CURVE((1.,0.5,1.,0.5,
1.,0.5,1.)) REPRESENTATION_ITEM('') );
#9972 = CARTESIAN_POINT('',(8.5,0.5));
#9973 = CARTESIAN_POINT('',(8.5,-3.830127018922));
#9974 = CARTESIAN_POINT('',(4.75,-1.665063509461));
#9975 = CARTESIAN_POINT('',(1.,0.5));
#9976 = CARTESIAN_POINT('',(4.75,2.665063509461));
#9977 = CARTESIAN_POINT('',(8.5,4.830127018922));
#9978 = CARTESIAN_POINT('',(8.5,0.5));
#9979 = ( GEOMETRIC_REPRESENTATION_CONTEXT(2) 
PARAMETRIC_REPRESENTATION_CONTEXT() REPRESENTATION_CONTEXT('2D SPACE',''
  ) );
#9980 = PCURVE('',#3494,#9981);
#9981 = DEFINITIONAL_REPRESENTATION('',(#9982),#9986);
#9982 = LINE('',#9983,#9984);
#9983 = CARTESIAN_POINT('',(-6.28318530718,-3.4));
#9984 = VECTOR('',#9985,1.);
#9985 = DIRECTION('',(1.,-0.));
#9986 = ( GEOMETRIC_REPRESENTATION_CONTEXT(2) 
PARAMETRIC_REPRESENTATION_CONTEXT() REPRESENTATION_CONTEXT('2D SPACE',''
  ) );
#9987 = ADVANCED_FACE('',(#9988),#3550,.F.);
#9988 = FACE_BOUND('',#9989,.F.);
#9989 = EDGE_LOOP('',(#9990,#10011,#10012,#10013));
#9990 = ORIENTED_EDGE('',*,*,#9991,.F.);
#9991 = EDGE_CURVE('',#3507,#9917,#9992,.T.);
#9992 = SURFACE_CURVE('',#9993,(#9997,#10004),.PCURVE_S1.);
#9993 = LINE('',#9994,#9995);
#9994 = CARTESIAN_POINT('',(20.,-60.5,1.8));
#9995 = VECTOR('',#9996,1.);
#9996 = DIRECTION('',(0.,0.,1.));
#9997 = PCURVE('',#3550,#9998);
#9998 = DEFINITIONAL_REPRESENTATION('',(#9999),#10003);
#9999 = LINE('',#10000,#10001);
#10000 = CARTESIAN_POINT('',(0.,0.));
#10001 = VECTOR('',#10002,1.);
#10002 = DIRECTION('',(1.,0.));
#10003 = ( GEOMETRIC_REPRESENTATION_CONTEXT(2) 
PARAMETRIC_REPRESENTATION_CONTEXT() REPRESENTATION_CONTEXT('2D SPACE',''
  ) );
#10004 = PCURVE('',#3522,#10005);
#10005 = DEFINITIONAL_REPRESENTATION('',(#10006),#10010);
#10006 = LINE('',#10007,#10008);
#10007 = CARTESIAN_POINT('',(0.,0.));
#10008 = VECTOR('',#10009,1.);
#10009 = DIRECTION('',(1.,0.));
#10010 = ( GEOMETRIC_REPRESENTATION_CONTEXT(2) 
PARAMETRIC_REPRESENTATION_CONTEXT() REPRESENTATION_CONTEXT('2D SPACE',''
  ) );
#10011 = ORIENTED_EDGE('',*,*,#3534,.T.);
#10012 = ORIENTED_EDGE('',*,*,#9842,.T.);
#10013 = ORIENTED_EDGE('',*,*,#9916,.F.);
#10014 = ADVANCED_FACE('',(#10015),#3994,.T.);
#10015 = FACE_BOUND('',#10016,.T.);
#10016 = EDGE_LOOP('',(#10017,#10047,#10066,#10067));
#10017 = ORIENTED_EDGE('',*,*,#10018,.F.);
#10018 = EDGE_CURVE('',#10019,#10021,#10023,.T.);
#10019 = VERTEX_POINT('',#10020);
#10020 = CARTESIAN_POINT('',(-25.5,62.449489742783,5.2));
#10021 = VERTEX_POINT('',#10022);
#10022 = CARTESIAN_POINT('',(-25.5,65.2,5.2));
#10023 = SURFACE_CURVE('',#10024,(#10028,#10035),.PCURVE_S1.);
#10024 = LINE('',#10025,#10026);
#10025 = CARTESIAN_POINT('',(-25.5,54.,5.2));
#10026 = VECTOR('',#10027,1.);
#10027 = DIRECTION('',(-0.,1.,0.));
#10028 = PCURVE('',#3994,#10029);
#10029 = DEFINITIONAL_REPRESENTATION('',(#10030),#10034);
#10030 = LINE('',#10031,#10032);
#10031 = CARTESIAN_POINT('',(3.4,0.));
#10032 = VECTOR('',#10033,1.);
#10033 = DIRECTION('',(0.,-1.));
#10034 = ( GEOMETRIC_REPRESENTATION_CONTEXT(2) 
PARAMETRIC_REPRESENTATION_CONTEXT() REPRESENTATION_CONTEXT('2D SPACE',''
  ) );
#10035 = PCURVE('',#10036,#10041);
#10036 = PLANE('',#10037);
#10037 = AXIS2_PLACEMENT_3D('',#10038,#10039,#10040);
#10038 = CARTESIAN_POINT('',(-32.,59.5,5.2));
#10039 = DIRECTION('',(0.,0.,1.));
#10040 = DIRECTION('',(1.,0.,-0.));
#10041 = DEFINITIONAL_REPRESENTATION('',(#10042),#10046);
#10042 = LINE('',#10043,#10044);
#10043 = CARTESIAN_POINT('',(6.5,-5.5));
#10044 = VECTOR('',#10045,1.);
#10045 = DIRECTION('',(0.,1.));
#10046 = ( GEOMETRIC_REPRESENTATION_CONTEXT(2) 
PARAMETRIC_REPRESENTATION_CONTEXT() REPRESENTATION_CONTEXT('2D SPACE',''
  ) );
#10047 = ORIENTED_EDGE('',*,*,#10048,.T.);
#10048 = EDGE_CURVE('',#10019,#3979,#10049,.T.);
#10049 = SURFACE_CURVE('',#10050,(#10054,#10060),.PCURVE_S1.);
#10050 = LINE('',#10051,#10052);
#10051 = CARTESIAN_POINT('',(-25.5,62.449489742783,1.8));
#10052 = VECTOR('',#10053,1.);
#10053 = DIRECTION('',(-0.,-0.,-1.));
#10054 = PCURVE('',#3994,#10055);
#10055 = DEFINITIONAL_REPRESENTATION('',(#10056),#10059);
#10056 = B_SPLINE_CURVE_WITH_KNOTS('',1,(#10057,#10058),.UNSPECIFIED.,
  .F.,.F.,(2,2),(-3.74,2.400000000069E-06),.PIECEWISE_BEZIER_KNOTS.);
#10057 = CARTESIAN_POINT('',(3.74,-8.449489742783));
#10058 = CARTESIAN_POINT('',(-2.400000000069E-06,-8.449489742783));
#10059 = ( GEOMETRIC_REPRESENTATION_CONTEXT(2) 
PARAMETRIC_REPRESENTATION_CONTEXT() REPRESENTATION_CONTEXT('2D SPACE',''
  ) );
#10060 = PCURVE('',#4023,#10061);
#10061 = DEFINITIONAL_REPRESENTATION('',(#10062),#10065);
#10062 = B_SPLINE_CURVE_WITH_KNOTS('',1,(#10063,#10064),.UNSPECIFIED.,
  .F.,.F.,(2,2),(-3.74,2.400000000069E-06),.PIECEWISE_BEZIER_KNOTS.);
#10063 = CARTESIAN_POINT('',(-1.369438406005,-3.74));
#10064 = CARTESIAN_POINT('',(-1.369438406005,2.400000000069E-06));
#10065 = ( GEOMETRIC_REPRESENTATION_CONTEXT(2) 
PARAMETRIC_REPRESENTATION_CONTEXT() REPRESENTATION_CONTEXT('2D SPACE',''
  ) );
#10066 = ORIENTED_EDGE('',*,*,#3978,.T.);
#10067 = ORIENTED_EDGE('',*,*,#10068,.T.);
#10068 = EDGE_CURVE('',#3956,#10021,#10069,.T.);
#10069 = SURFACE_CURVE('',#10070,(#10074,#10080),.PCURVE_S1.);
#10070 = LINE('',#10071,#10072);
#10071 = CARTESIAN_POINT('',(-25.5,65.2,1.8));
#10072 = VECTOR('',#10073,1.);
#10073 = DIRECTION('',(0.,-0.,1.));
#10074 = PCURVE('',#3994,#10075);
#10075 = DEFINITIONAL_REPRESENTATION('',(#10076),#10079);
#10076 = B_SPLINE_CURVE_WITH_KNOTS('',1,(#10077,#10078),.UNSPECIFIED.,
  .F.,.F.,(2,2),(0.,3.4),.PIECEWISE_BEZIER_KNOTS.);
#10077 = CARTESIAN_POINT('',(0.,-11.2));
#10078 = CARTESIAN_POINT('',(3.4,-11.2));
#10079 = ( GEOMETRIC_REPRESENTATION_CONTEXT(2) 
PARAMETRIC_REPRESENTATION_CONTEXT() REPRESENTATION_CONTEXT('2D SPACE',''
  ) );
#10080 = PCURVE('',#1096,#10081);
#10081 = DEFINITIONAL_REPRESENTATION('',(#10082),#10086);
#10082 = LINE('',#10083,#10084);
#10083 = CARTESIAN_POINT('',(3.5,0.));
#10084 = VECTOR('',#10085,1.);
#10085 = DIRECTION('',(0.,-1.));
#10086 = ( GEOMETRIC_REPRESENTATION_CONTEXT(2) 
PARAMETRIC_REPRESENTATION_CONTEXT() REPRESENTATION_CONTEXT('2D SPACE',''
  ) );
#10087 = ADVANCED_FACE('',(#10088),#10036,.T.);
#10088 = FACE_BOUND('',#10089,.T.);
#10089 = EDGE_LOOP('',(#10090,#10120,#10146,#10147));
#10090 = ORIENTED_EDGE('',*,*,#10091,.F.);
#10091 = EDGE_CURVE('',#10092,#10094,#10096,.T.);
#10092 = VERTEX_POINT('',#10093);
#10093 = CARTESIAN_POINT('',(-26.5,62.449489742783,5.2));
#10094 = VERTEX_POINT('',#10095);
#10095 = CARTESIAN_POINT('',(-26.5,65.2,5.2));
#10096 = SURFACE_CURVE('',#10097,(#10101,#10108),.PCURVE_S1.);
#10097 = LINE('',#10098,#10099);
#10098 = CARTESIAN_POINT('',(-26.5,54.,5.2));
#10099 = VECTOR('',#10100,1.);
#10100 = DIRECTION('',(-0.,1.,0.));
#10101 = PCURVE('',#10036,#10102);
#10102 = DEFINITIONAL_REPRESENTATION('',(#10103),#10107);
#10103 = LINE('',#10104,#10105);
#10104 = CARTESIAN_POINT('',(5.5,-5.5));
#10105 = VECTOR('',#10106,1.);
#10106 = DIRECTION('',(0.,1.));
#10107 = ( GEOMETRIC_REPRESENTATION_CONTEXT(2) 
PARAMETRIC_REPRESENTATION_CONTEXT() REPRESENTATION_CONTEXT('2D SPACE',''
  ) );
#10108 = PCURVE('',#10109,#10114);
#10109 = PLANE('',#10110);
#10110 = AXIS2_PLACEMENT_3D('',#10111,#10112,#10113);
#10111 = CARTESIAN_POINT('',(-26.5,54.,1.8));
#10112 = DIRECTION('',(1.,0.,-0.));
#10113 = DIRECTION('',(0.,0.,1.));
#10114 = DEFINITIONAL_REPRESENTATION('',(#10115),#10119);
#10115 = LINE('',#10116,#10117);
#10116 = CARTESIAN_POINT('',(3.4,0.));
#10117 = VECTOR('',#10118,1.);
#10118 = DIRECTION('',(0.,-1.));
#10119 = ( GEOMETRIC_REPRESENTATION_CONTEXT(2) 
PARAMETRIC_REPRESENTATION_CONTEXT() REPRESENTATION_CONTEXT('2D SPACE',''
  ) );
#10120 = ORIENTED_EDGE('',*,*,#10121,.T.);
#10121 = EDGE_CURVE('',#10092,#10019,#10122,.T.);
#10122 = SURFACE_CURVE('',#10123,(#10128,#10139),.PCURVE_S1.);
#10123 = CIRCLE('',#10124,2.5);
#10124 = AXIS2_PLACEMENT_3D('',#10125,#10126,#10127);
#10125 = CARTESIAN_POINT('',(-26.,60.,5.2));
#10126 = DIRECTION('',(0.,-0.,-1.));
#10127 = DIRECTION('',(1.,0.,-0.));
#10128 = PCURVE('',#10036,#10129);
#10129 = DEFINITIONAL_REPRESENTATION('',(#10130),#10138);
#10130 = ( BOUNDED_CURVE() B_SPLINE_CURVE(2,(#10131,#10132,#10133,#10134
    ,#10135,#10136,#10137),.UNSPECIFIED.,.T.,.F.) 
B_SPLINE_CURVE_WITH_KNOTS((1,2,2,2,2,1),(-2.094395102393,0.,
    2.094395102393,4.188790204786,6.28318530718,8.377580409573),
.UNSPECIFIED.) CURVE() GEOMETRIC_REPRESENTATION_ITEM() 
RATIONAL_B_SPLINE_CURVE((1.,0.5,1.,0.5,1.,0.5,1.)) REPRESENTATION_ITEM(
  '') );
#10131 = CARTESIAN_POINT('',(8.5,0.5));
#10132 = CARTESIAN_POINT('',(8.5,-3.830127018922));
#10133 = CARTESIAN_POINT('',(4.75,-1.665063509461));
#10134 = CARTESIAN_POINT('',(1.,0.5));
#10135 = CARTESIAN_POINT('',(4.75,2.665063509461));
#10136 = CARTESIAN_POINT('',(8.5,4.830127018922));
#10137 = CARTESIAN_POINT('',(8.5,0.5));
#10138 = ( GEOMETRIC_REPRESENTATION_CONTEXT(2) 
PARAMETRIC_REPRESENTATION_CONTEXT() REPRESENTATION_CONTEXT('2D SPACE',''
  ) );
#10139 = PCURVE('',#4023,#10140);
#10140 = DEFINITIONAL_REPRESENTATION('',(#10141),#10145);
#10141 = LINE('',#10142,#10143);
#10142 = CARTESIAN_POINT('',(-6.28318530718,-3.4));
#10143 = VECTOR('',#10144,1.);
#10144 = DIRECTION('',(1.,-0.));
#10145 = ( GEOMETRIC_REPRESENTATION_CONTEXT(2) 
PARAMETRIC_REPRESENTATION_CONTEXT() REPRESENTATION_CONTEXT('2D SPACE',''
  ) );
#10146 = ORIENTED_EDGE('',*,*,#10018,.T.);
#10147 = ORIENTED_EDGE('',*,*,#10148,.T.);
#10148 = EDGE_CURVE('',#10021,#10094,#10149,.T.);
#10149 = SURFACE_CURVE('',#10150,(#10154,#10160),.PCURVE_S1.);
#10150 = LINE('',#10151,#10152);
#10151 = CARTESIAN_POINT('',(-30.5,65.2,5.2));
#10152 = VECTOR('',#10153,1.);
#10153 = DIRECTION('',(-1.,0.,0.));
#10154 = PCURVE('',#10036,#10155);
#10155 = DEFINITIONAL_REPRESENTATION('',(#10156),#10159);
#10156 = B_SPLINE_CURVE_WITH_KNOTS('',1,(#10157,#10158),.UNSPECIFIED.,
  .F.,.F.,(2,2),(-10.5,-1.5),.PIECEWISE_BEZIER_KNOTS.);
#10157 = CARTESIAN_POINT('',(12.,5.7));
#10158 = CARTESIAN_POINT('',(3.,5.7));
#10159 = ( GEOMETRIC_REPRESENTATION_CONTEXT(2) 
PARAMETRIC_REPRESENTATION_CONTEXT() REPRESENTATION_CONTEXT('2D SPACE',''
  ) );
#10160 = PCURVE('',#1096,#10161);
#10161 = DEFINITIONAL_REPRESENTATION('',(#10162),#10166);
#10162 = LINE('',#10163,#10164);
#10163 = CARTESIAN_POINT('',(-1.5,-3.4));
#10164 = VECTOR('',#10165,1.);
#10165 = DIRECTION('',(-1.,0.));
#10166 = ( GEOMETRIC_REPRESENTATION_CONTEXT(2) 
PARAMETRIC_REPRESENTATION_CONTEXT() REPRESENTATION_CONTEXT('2D SPACE',''
  ) );
#10167 = ADVANCED_FACE('',(#10168),#10109,.F.);
#10168 = FACE_BOUND('',#10169,.F.);
#10169 = EDGE_LOOP('',(#10170,#10171,#10192,#10220));
#10170 = ORIENTED_EDGE('',*,*,#10091,.F.);
#10171 = ORIENTED_EDGE('',*,*,#10172,.T.);
#10172 = EDGE_CURVE('',#10092,#10173,#10175,.T.);
#10173 = VERTEX_POINT('',#10174);
#10174 = CARTESIAN_POINT('',(-26.5,62.449489742783,1.8));
#10175 = SURFACE_CURVE('',#10176,(#10180,#10186),.PCURVE_S1.);
#10176 = LINE('',#10177,#10178);
#10177 = CARTESIAN_POINT('',(-26.5,62.449489742783,1.8));
#10178 = VECTOR('',#10179,1.);
#10179 = DIRECTION('',(-0.,-0.,-1.));
#10180 = PCURVE('',#10109,#10181);
#10181 = DEFINITIONAL_REPRESENTATION('',(#10182),#10185);
#10182 = B_SPLINE_CURVE_WITH_KNOTS('',1,(#10183,#10184),.UNSPECIFIED.,
  .F.,.F.,(2,2),(-3.74,2.400000000069E-06),.PIECEWISE_BEZIER_KNOTS.);
#10183 = CARTESIAN_POINT('',(3.74,-8.449489742783));
#10184 = CARTESIAN_POINT('',(-2.400000000069E-06,-8.449489742783));
#10185 = ( GEOMETRIC_REPRESENTATION_CONTEXT(2) 
PARAMETRIC_REPRESENTATION_CONTEXT() REPRESENTATION_CONTEXT('2D SPACE',''
  ) );
#10186 = PCURVE('',#4023,#10187);
#10187 = DEFINITIONAL_REPRESENTATION('',(#10188),#10191);
#10188 = B_SPLINE_CURVE_WITH_KNOTS('',1,(#10189,#10190),.UNSPECIFIED.,
  .F.,.F.,(2,2),(-3.74,2.400000000069E-06),.PIECEWISE_BEZIER_KNOTS.);
#10189 = CARTESIAN_POINT('',(-1.772154247585,-3.74));
#10190 = CARTESIAN_POINT('',(-1.772154247585,2.400000000069E-06));
#10191 = ( GEOMETRIC_REPRESENTATION_CONTEXT(2) 
PARAMETRIC_REPRESENTATION_CONTEXT() REPRESENTATION_CONTEXT('2D SPACE',''
  ) );
#10192 = ORIENTED_EDGE('',*,*,#10193,.T.);
#10193 = EDGE_CURVE('',#10173,#10194,#10196,.T.);
#10194 = VERTEX_POINT('',#10195);
#10195 = CARTESIAN_POINT('',(-26.5,65.2,1.8));
#10196 = SURFACE_CURVE('',#10197,(#10201,#10208),.PCURVE_S1.);
#10197 = LINE('',#10198,#10199);
#10198 = CARTESIAN_POINT('',(-26.5,54.,1.8));
#10199 = VECTOR('',#10200,1.);
#10200 = DIRECTION('',(-0.,1.,0.));
#10201 = PCURVE('',#10109,#10202);
#10202 = DEFINITIONAL_REPRESENTATION('',(#10203),#10207);
#10203 = LINE('',#10204,#10205);
#10204 = CARTESIAN_POINT('',(0.,0.));
#10205 = VECTOR('',#10206,1.);
#10206 = DIRECTION('',(0.,-1.));
#10207 = ( GEOMETRIC_REPRESENTATION_CONTEXT(2) 
PARAMETRIC_REPRESENTATION_CONTEXT() REPRESENTATION_CONTEXT('2D SPACE',''
  ) );
#10208 = PCURVE('',#10209,#10214);
#10209 = PLANE('',#10210);
#10210 = AXIS2_PLACEMENT_3D('',#10211,#10212,#10213);
#10211 = CARTESIAN_POINT('',(-5.835800400434E-10,1.068989473817E-02,1.8)
  );
#10212 = DIRECTION('',(0.,0.,1.));
#10213 = DIRECTION('',(1.,0.,-0.));
#10214 = DEFINITIONAL_REPRESENTATION('',(#10215),#10219);
#10215 = LINE('',#10216,#10217);
#10216 = CARTESIAN_POINT('',(-26.49999999941,53.989310105262));
#10217 = VECTOR('',#10218,1.);
#10218 = DIRECTION('',(0.,1.));
#10219 = ( GEOMETRIC_REPRESENTATION_CONTEXT(2) 
PARAMETRIC_REPRESENTATION_CONTEXT() REPRESENTATION_CONTEXT('2D SPACE',''
  ) );
#10220 = ORIENTED_EDGE('',*,*,#10221,.T.);
#10221 = EDGE_CURVE('',#10194,#10094,#10222,.T.);
#10222 = SURFACE_CURVE('',#10223,(#10227,#10233),.PCURVE_S1.);
#10223 = LINE('',#10224,#10225);
#10224 = CARTESIAN_POINT('',(-26.5,65.2,1.8));
#10225 = VECTOR('',#10226,1.);
#10226 = DIRECTION('',(0.,-0.,1.));
#10227 = PCURVE('',#10109,#10228);
#10228 = DEFINITIONAL_REPRESENTATION('',(#10229),#10232);
#10229 = B_SPLINE_CURVE_WITH_KNOTS('',1,(#10230,#10231),.UNSPECIFIED.,
  .F.,.F.,(2,2),(0.,3.4),.PIECEWISE_BEZIER_KNOTS.);
#10230 = CARTESIAN_POINT('',(0.,-11.2));
#10231 = CARTESIAN_POINT('',(3.4,-11.2));
#10232 = ( GEOMETRIC_REPRESENTATION_CONTEXT(2) 
PARAMETRIC_REPRESENTATION_CONTEXT() REPRESENTATION_CONTEXT('2D SPACE',''
  ) );
#10233 = PCURVE('',#1096,#10234);
#10234 = DEFINITIONAL_REPRESENTATION('',(#10235),#10239);
#10235 = LINE('',#10236,#10237);
#10236 = CARTESIAN_POINT('',(2.5,0.));
#10237 = VECTOR('',#10238,1.);
#10238 = DIRECTION('',(0.,-1.));
#10239 = ( GEOMETRIC_REPRESENTATION_CONTEXT(2) 
PARAMETRIC_REPRESENTATION_CONTEXT() REPRESENTATION_CONTEXT('2D SPACE',''
  ) );
#10240 = ADVANCED_FACE('',(#10241),#10209,.T.);
#10241 = FACE_BOUND('',#10242,.T.);
#10242 = EDGE_LOOP('',(#10243,#10268,#10296,#10318,#10319,#10342));
#10243 = ORIENTED_EDGE('',*,*,#10244,.F.);
#10244 = EDGE_CURVE('',#10245,#10247,#10249,.T.);
#10245 = VERTEX_POINT('',#10246);
#10246 = CARTESIAN_POINT('',(-31.19999999763,60.5,1.8));
#10247 = VERTEX_POINT('',#10248);
#10248 = CARTESIAN_POINT('',(-31.2,62.999999993431,1.8));
#10249 = SURFACE_CURVE('',#10250,(#10254,#10261),.PCURVE_S1.);
#10250 = LINE('',#10251,#10252);
#10251 = CARTESIAN_POINT('',(-31.2,62.999999997213,1.8));
#10252 = VECTOR('',#10253,1.);
#10253 = DIRECTION('',(-9.456532207811E-10,1.,0.));
#10254 = PCURVE('',#10209,#10255);
#10255 = DEFINITIONAL_REPRESENTATION('',(#10256),#10260);
#10256 = LINE('',#10257,#10258);
#10257 = CARTESIAN_POINT('',(-31.19999999941,62.989310102475));
#10258 = VECTOR('',#10259,1.);
#10259 = DIRECTION('',(-9.456532207811E-10,1.));
#10260 = ( GEOMETRIC_REPRESENTATION_CONTEXT(2) 
PARAMETRIC_REPRESENTATION_CONTEXT() REPRESENTATION_CONTEXT('2D SPACE',''
  ) );
#10261 = PCURVE('',#1037,#10262);
#10262 = DEFINITIONAL_REPRESENTATION('',(#10263),#10267);
#10263 = LINE('',#10264,#10265);
#10264 = CARTESIAN_POINT('',(44.80131573502,0.));
#10265 = VECTOR('',#10266,1.);
#10266 = DIRECTION('',(1.,0.));
#10267 = ( GEOMETRIC_REPRESENTATION_CONTEXT(2) 
PARAMETRIC_REPRESENTATION_CONTEXT() REPRESENTATION_CONTEXT('2D SPACE',''
  ) );
#10268 = ORIENTED_EDGE('',*,*,#10269,.T.);
#10269 = EDGE_CURVE('',#10245,#10270,#10272,.T.);
#10270 = VERTEX_POINT('',#10271);
#10271 = CARTESIAN_POINT('',(-28.44948974278,60.5,1.8));
#10272 = SURFACE_CURVE('',#10273,(#10277,#10284),.PCURVE_S1.);
#10273 = LINE('',#10274,#10275);
#10274 = CARTESIAN_POINT('',(-32.,60.5,1.8));
#10275 = VECTOR('',#10276,1.);
#10276 = DIRECTION('',(1.,0.,-0.));
#10277 = PCURVE('',#10209,#10278);
#10278 = DEFINITIONAL_REPRESENTATION('',(#10279),#10283);
#10279 = LINE('',#10280,#10281);
#10280 = CARTESIAN_POINT('',(-31.99999999941,60.489310105262));
#10281 = VECTOR('',#10282,1.);
#10282 = DIRECTION('',(1.,0.));
#10283 = ( GEOMETRIC_REPRESENTATION_CONTEXT(2) 
PARAMETRIC_REPRESENTATION_CONTEXT() REPRESENTATION_CONTEXT('2D SPACE',''
  ) );
#10284 = PCURVE('',#10285,#10290);
#10285 = PLANE('',#10286);
#10286 = AXIS2_PLACEMENT_3D('',#10287,#10288,#10289);
#10287 = CARTESIAN_POINT('',(-32.,60.5,1.8));
#10288 = DIRECTION('',(-0.,1.,0.));
#10289 = DIRECTION('',(0.,0.,1.));
#10290 = DEFINITIONAL_REPRESENTATION('',(#10291),#10295);
#10291 = LINE('',#10292,#10293);
#10292 = CARTESIAN_POINT('',(0.,0.));
#10293 = VECTOR('',#10294,1.);
#10294 = DIRECTION('',(0.,1.));
#10295 = ( GEOMETRIC_REPRESENTATION_CONTEXT(2) 
PARAMETRIC_REPRESENTATION_CONTEXT() REPRESENTATION_CONTEXT('2D SPACE',''
  ) );
#10296 = ORIENTED_EDGE('',*,*,#10297,.F.);
#10297 = EDGE_CURVE('',#10173,#10270,#10298,.T.);
#10298 = SURFACE_CURVE('',#10299,(#10304,#10311),.PCURVE_S1.);
#10299 = CIRCLE('',#10300,2.5);
#10300 = AXIS2_PLACEMENT_3D('',#10301,#10302,#10303);
#10301 = CARTESIAN_POINT('',(-26.,60.,1.8));
#10302 = DIRECTION('',(0.,0.,1.));
#10303 = DIRECTION('',(1.,0.,-0.));
#10304 = PCURVE('',#10209,#10305);
#10305 = DEFINITIONAL_REPRESENTATION('',(#10306),#10310);
#10306 = CIRCLE('',#10307,2.5);
#10307 = AXIS2_PLACEMENT_2D('',#10308,#10309);
#10308 = CARTESIAN_POINT('',(-25.99999999941,59.989310105262));
#10309 = DIRECTION('',(1.,0.));
#10310 = ( GEOMETRIC_REPRESENTATION_CONTEXT(2) 
PARAMETRIC_REPRESENTATION_CONTEXT() REPRESENTATION_CONTEXT('2D SPACE',''
  ) );
#10311 = PCURVE('',#4023,#10312);
#10312 = DEFINITIONAL_REPRESENTATION('',(#10313),#10317);
#10313 = LINE('',#10314,#10315);
#10314 = CARTESIAN_POINT('',(-0.,0.));
#10315 = VECTOR('',#10316,1.);
#10316 = DIRECTION('',(-1.,0.));
#10317 = ( GEOMETRIC_REPRESENTATION_CONTEXT(2) 
PARAMETRIC_REPRESENTATION_CONTEXT() REPRESENTATION_CONTEXT('2D SPACE',''
  ) );
#10318 = ORIENTED_EDGE('',*,*,#10193,.T.);
#10319 = ORIENTED_EDGE('',*,*,#10320,.F.);
#10320 = EDGE_CURVE('',#10321,#10194,#10323,.T.);
#10321 = VERTEX_POINT('',#10322);
#10322 = CARTESIAN_POINT('',(-29.,65.199999995511,1.8));
#10323 = SURFACE_CURVE('',#10324,(#10328,#10335),.PCURVE_S1.);
#10324 = LINE('',#10325,#10326);
#10325 = CARTESIAN_POINT('',(0.,65.2,1.8));
#10326 = VECTOR('',#10327,1.);
#10327 = DIRECTION('',(1.,0.,0.));
#10328 = PCURVE('',#10209,#10329);
#10329 = DEFINITIONAL_REPRESENTATION('',(#10330),#10334);
#10330 = LINE('',#10331,#10332);
#10331 = CARTESIAN_POINT('',(5.835800400434E-10,65.189310105262));
#10332 = VECTOR('',#10333,1.);
#10333 = DIRECTION('',(1.,0.));
#10334 = ( GEOMETRIC_REPRESENTATION_CONTEXT(2) 
PARAMETRIC_REPRESENTATION_CONTEXT() REPRESENTATION_CONTEXT('2D SPACE',''
  ) );
#10335 = PCURVE('',#1096,#10336);
#10336 = DEFINITIONAL_REPRESENTATION('',(#10337),#10341);
#10337 = LINE('',#10338,#10339);
#10338 = CARTESIAN_POINT('',(29.,0.));
#10339 = VECTOR('',#10340,1.);
#10340 = DIRECTION('',(1.,0.));
#10341 = ( GEOMETRIC_REPRESENTATION_CONTEXT(2) 
PARAMETRIC_REPRESENTATION_CONTEXT() REPRESENTATION_CONTEXT('2D SPACE',''
  ) );
#10342 = ORIENTED_EDGE('',*,*,#10343,.F.);
#10343 = EDGE_CURVE('',#10247,#10321,#10344,.T.);
#10344 = SURFACE_CURVE('',#10345,(#10350,#10361),.PCURVE_S1.);
#10345 = CIRCLE('',#10346,2.2);
#10346 = AXIS2_PLACEMENT_3D('',#10347,#10348,#10349);
#10347 = CARTESIAN_POINT('',(-29.,62.999999995511,1.8));
#10348 = DIRECTION('',(0.,0.,-1.));
#10349 = DIRECTION('',(-1.,0.,0.));
#10350 = PCURVE('',#10209,#10351);
#10351 = DEFINITIONAL_REPRESENTATION('',(#10352),#10360);
#10352 = ( BOUNDED_CURVE() B_SPLINE_CURVE(2,(#10353,#10354,#10355,#10356
    ,#10357,#10358,#10359),.UNSPECIFIED.,.T.,.F.) 
B_SPLINE_CURVE_WITH_KNOTS((1,2,2,2,2,1),(-2.094395102393,0.,
    2.094395102393,4.188790204786,6.28318530718,8.377580409573),
.UNSPECIFIED.) CURVE() GEOMETRIC_REPRESENTATION_ITEM() 
RATIONAL_B_SPLINE_CURVE((1.,0.5,1.,0.5,1.,0.5,1.)) REPRESENTATION_ITEM(
  '') );
#10353 = CARTESIAN_POINT('',(-31.19999999941,62.989310100773));
#10354 = CARTESIAN_POINT('',(-31.19999999941,66.799821877424));
#10355 = CARTESIAN_POINT('',(-27.89999999941,64.894565989099));
#10356 = CARTESIAN_POINT('',(-24.59999999941,62.989310100773));
#10357 = CARTESIAN_POINT('',(-27.89999999941,61.084054212447));
#10358 = CARTESIAN_POINT('',(-31.19999999941,59.178798324121));
#10359 = CARTESIAN_POINT('',(-31.19999999941,62.989310100773));
#10360 = ( GEOMETRIC_REPRESENTATION_CONTEXT(2) 
PARAMETRIC_REPRESENTATION_CONTEXT() REPRESENTATION_CONTEXT('2D SPACE',''
  ) );
#10361 = PCURVE('',#1069,#10362);
#10362 = DEFINITIONAL_REPRESENTATION('',(#10363),#10367);
#10363 = LINE('',#10364,#10365);
#10364 = CARTESIAN_POINT('',(0.,0.));
#10365 = VECTOR('',#10366,1.);
#10366 = DIRECTION('',(1.,0.));
#10367 = ( GEOMETRIC_REPRESENTATION_CONTEXT(2) 
PARAMETRIC_REPRESENTATION_CONTEXT() REPRESENTATION_CONTEXT('2D SPACE',''
  ) );
#10368 = ADVANCED_FACE('',(#10369),#10285,.T.);
#10369 = FACE_BOUND('',#10370,.T.);
#10370 = EDGE_LOOP('',(#10371,#10372,#10394,#10422));
#10371 = ORIENTED_EDGE('',*,*,#10269,.F.);
#10372 = ORIENTED_EDGE('',*,*,#10373,.T.);
#10373 = EDGE_CURVE('',#10245,#10374,#10376,.T.);
#10374 = VERTEX_POINT('',#10375);
#10375 = CARTESIAN_POINT('',(-31.19999999763,60.5,5.2));
#10376 = SURFACE_CURVE('',#10377,(#10381,#10387),.PCURVE_S1.);
#10377 = LINE('',#10378,#10379);
#10378 = CARTESIAN_POINT('',(-31.19999999763,60.5,1.8));
#10379 = VECTOR('',#10380,1.);
#10380 = DIRECTION('',(0.,0.,1.));
#10381 = PCURVE('',#10285,#10382);
#10382 = DEFINITIONAL_REPRESENTATION('',(#10383),#10386);
#10383 = B_SPLINE_CURVE_WITH_KNOTS('',1,(#10384,#10385),.UNSPECIFIED.,
  .F.,.F.,(2,2),(0.,3.4),.PIECEWISE_BEZIER_KNOTS.);
#10384 = CARTESIAN_POINT('',(0.,0.800000002364));
#10385 = CARTESIAN_POINT('',(3.4,0.800000002364));
#10386 = ( GEOMETRIC_REPRESENTATION_CONTEXT(2) 
PARAMETRIC_REPRESENTATION_CONTEXT() REPRESENTATION_CONTEXT('2D SPACE',''
  ) );
#10387 = PCURVE('',#1037,#10388);
#10388 = DEFINITIONAL_REPRESENTATION('',(#10389),#10393);
#10389 = LINE('',#10390,#10391);
#10390 = CARTESIAN_POINT('',(42.301315737807,0.));
#10391 = VECTOR('',#10392,1.);
#10392 = DIRECTION('',(0.,-1.));
#10393 = ( GEOMETRIC_REPRESENTATION_CONTEXT(2) 
PARAMETRIC_REPRESENTATION_CONTEXT() REPRESENTATION_CONTEXT('2D SPACE',''
  ) );
#10394 = ORIENTED_EDGE('',*,*,#10395,.T.);
#10395 = EDGE_CURVE('',#10374,#10396,#10398,.T.);
#10396 = VERTEX_POINT('',#10397);
#10397 = CARTESIAN_POINT('',(-28.44948974278,60.5,5.2));
#10398 = SURFACE_CURVE('',#10399,(#10403,#10410),.PCURVE_S1.);
#10399 = LINE('',#10400,#10401);
#10400 = CARTESIAN_POINT('',(-32.,60.5,5.2));
#10401 = VECTOR('',#10402,1.);
#10402 = DIRECTION('',(1.,0.,-0.));
#10403 = PCURVE('',#10285,#10404);
#10404 = DEFINITIONAL_REPRESENTATION('',(#10405),#10409);
#10405 = LINE('',#10406,#10407);
#10406 = CARTESIAN_POINT('',(3.4,0.));
#10407 = VECTOR('',#10408,1.);
#10408 = DIRECTION('',(0.,1.));
#10409 = ( GEOMETRIC_REPRESENTATION_CONTEXT(2) 
PARAMETRIC_REPRESENTATION_CONTEXT() REPRESENTATION_CONTEXT('2D SPACE',''
  ) );
#10410 = PCURVE('',#10411,#10416);
#10411 = PLANE('',#10412);
#10412 = AXIS2_PLACEMENT_3D('',#10413,#10414,#10415);
#10413 = CARTESIAN_POINT('',(-32.,59.5,5.2));
#10414 = DIRECTION('',(0.,0.,1.));
#10415 = DIRECTION('',(1.,0.,-0.));
#10416 = DEFINITIONAL_REPRESENTATION('',(#10417),#10421);
#10417 = LINE('',#10418,#10419);
#10418 = CARTESIAN_POINT('',(0.,1.));
#10419 = VECTOR('',#10420,1.);
#10420 = DIRECTION('',(1.,0.));
#10421 = ( GEOMETRIC_REPRESENTATION_CONTEXT(2) 
PARAMETRIC_REPRESENTATION_CONTEXT() REPRESENTATION_CONTEXT('2D SPACE',''
  ) );
#10422 = ORIENTED_EDGE('',*,*,#10423,.T.);
#10423 = EDGE_CURVE('',#10396,#10270,#10424,.T.);
#10424 = SURFACE_CURVE('',#10425,(#10429,#10435),.PCURVE_S1.);
#10425 = LINE('',#10426,#10427);
#10426 = CARTESIAN_POINT('',(-28.44948974278,60.5,1.8));
#10427 = VECTOR('',#10428,1.);
#10428 = DIRECTION('',(-0.,-0.,-1.));
#10429 = PCURVE('',#10285,#10430);
#10430 = DEFINITIONAL_REPRESENTATION('',(#10431),#10434);
#10431 = B_SPLINE_CURVE_WITH_KNOTS('',1,(#10432,#10433),.UNSPECIFIED.,
  .F.,.F.,(2,2),(-3.74,2.400000000069E-06),.PIECEWISE_BEZIER_KNOTS.);
#10432 = CARTESIAN_POINT('',(3.74,3.550510257217));
#10433 = CARTESIAN_POINT('',(-2.400000000069E-06,3.550510257217));
#10434 = ( GEOMETRIC_REPRESENTATION_CONTEXT(2) 
PARAMETRIC_REPRESENTATION_CONTEXT() REPRESENTATION_CONTEXT('2D SPACE',''
  ) );
#10435 = PCURVE('',#4023,#10436);
#10436 = DEFINITIONAL_REPRESENTATION('',(#10437),#10440);
#10437 = B_SPLINE_CURVE_WITH_KNOTS('',1,(#10438,#10439),.UNSPECIFIED.,
  .F.,.F.,(2,2),(-3.74,2.400000000069E-06),.PIECEWISE_BEZIER_KNOTS.);
#10438 = CARTESIAN_POINT('',(-2.940234732799,-3.74));
#10439 = CARTESIAN_POINT('',(-2.940234732799,2.400000000069E-06));
#10440 = ( GEOMETRIC_REPRESENTATION_CONTEXT(2) 
PARAMETRIC_REPRESENTATION_CONTEXT() REPRESENTATION_CONTEXT('2D SPACE',''
  ) );
#10441 = ADVANCED_FACE('',(#10442),#10411,.T.);
#10442 = FACE_BOUND('',#10443,.T.);
#10443 = EDGE_LOOP('',(#10444,#10445,#10467,#10490));
#10444 = ORIENTED_EDGE('',*,*,#10395,.F.);
#10445 = ORIENTED_EDGE('',*,*,#10446,.T.);
#10446 = EDGE_CURVE('',#10374,#10447,#10449,.T.);
#10447 = VERTEX_POINT('',#10448);
#10448 = CARTESIAN_POINT('',(-31.19999999669,59.5,5.2));
#10449 = SURFACE_CURVE('',#10450,(#10454,#10460),.PCURVE_S1.);
#10450 = LINE('',#10451,#10452);
#10451 = CARTESIAN_POINT('',(-31.19999997716,38.849342131475,5.2));
#10452 = VECTOR('',#10453,1.);
#10453 = DIRECTION('',(9.456532207811E-10,-1.,0.));
#10454 = PCURVE('',#10411,#10455);
#10455 = DEFINITIONAL_REPRESENTATION('',(#10456),#10459);
#10456 = B_SPLINE_CURVE_WITH_KNOTS('',1,(#10457,#10458),.UNSPECIFIED.,
  .F.,.F.,(2,2),(-24.15065786195,-15.15065786852),
  .PIECEWISE_BEZIER_KNOTS.);
#10457 = CARTESIAN_POINT('',(0.8,3.499999993431));
#10458 = CARTESIAN_POINT('',(0.800000008511,-5.5));
#10459 = ( GEOMETRIC_REPRESENTATION_CONTEXT(2) 
PARAMETRIC_REPRESENTATION_CONTEXT() REPRESENTATION_CONTEXT('2D SPACE',''
  ) );
#10460 = PCURVE('',#1037,#10461);
#10461 = DEFINITIONAL_REPRESENTATION('',(#10462),#10466);
#10462 = LINE('',#10463,#10464);
#10463 = CARTESIAN_POINT('',(20.650657869282,-3.4));
#10464 = VECTOR('',#10465,1.);
#10465 = DIRECTION('',(-1.,-0.));
#10466 = ( GEOMETRIC_REPRESENTATION_CONTEXT(2) 
PARAMETRIC_REPRESENTATION_CONTEXT() REPRESENTATION_CONTEXT('2D SPACE',''
  ) );
#10467 = ORIENTED_EDGE('',*,*,#10468,.T.);
#10468 = EDGE_CURVE('',#10447,#10469,#10471,.T.);
#10469 = VERTEX_POINT('',#10470);
#10470 = CARTESIAN_POINT('',(-28.44948974278,59.5,5.2));
#10471 = SURFACE_CURVE('',#10472,(#10476,#10483),.PCURVE_S1.);
#10472 = LINE('',#10473,#10474);
#10473 = CARTESIAN_POINT('',(-32.,59.5,5.2));
#10474 = VECTOR('',#10475,1.);
#10475 = DIRECTION('',(1.,0.,-0.));
#10476 = PCURVE('',#10411,#10477);
#10477 = DEFINITIONAL_REPRESENTATION('',(#10478),#10482);
#10478 = LINE('',#10479,#10480);
#10479 = CARTESIAN_POINT('',(0.,0.));
#10480 = VECTOR('',#10481,1.);
#10481 = DIRECTION('',(1.,0.));
#10482 = ( GEOMETRIC_REPRESENTATION_CONTEXT(2) 
PARAMETRIC_REPRESENTATION_CONTEXT() REPRESENTATION_CONTEXT('2D SPACE',''
  ) );
#10483 = PCURVE('',#4267,#10484);
#10484 = DEFINITIONAL_REPRESENTATION('',(#10485),#10489);
#10485 = LINE('',#10486,#10487);
#10486 = CARTESIAN_POINT('',(3.4,0.));
#10487 = VECTOR('',#10488,1.);
#10488 = DIRECTION('',(0.,1.));
#10489 = ( GEOMETRIC_REPRESENTATION_CONTEXT(2) 
PARAMETRIC_REPRESENTATION_CONTEXT() REPRESENTATION_CONTEXT('2D SPACE',''
  ) );
#10490 = ORIENTED_EDGE('',*,*,#10491,.T.);
#10491 = EDGE_CURVE('',#10469,#10396,#10492,.T.);
#10492 = SURFACE_CURVE('',#10493,(#10498,#10509),.PCURVE_S1.);
#10493 = CIRCLE('',#10494,2.5);
#10494 = AXIS2_PLACEMENT_3D('',#10495,#10496,#10497);
#10495 = CARTESIAN_POINT('',(-26.,60.,5.2));
#10496 = DIRECTION('',(0.,-0.,-1.));
#10497 = DIRECTION('',(1.,0.,-0.));
#10498 = PCURVE('',#10411,#10499);
#10499 = DEFINITIONAL_REPRESENTATION('',(#10500),#10508);
#10500 = ( BOUNDED_CURVE() B_SPLINE_CURVE(2,(#10501,#10502,#10503,#10504
    ,#10505,#10506,#10507),.UNSPECIFIED.,.T.,.F.) 
B_SPLINE_CURVE_WITH_KNOTS((1,2,2,2,2,1),(-2.094395102393,0.,
    2.094395102393,4.188790204786,6.28318530718,8.377580409573),
.UNSPECIFIED.) CURVE() GEOMETRIC_REPRESENTATION_ITEM() 
RATIONAL_B_SPLINE_CURVE((1.,0.5,1.,0.5,1.,0.5,1.)) REPRESENTATION_ITEM(
  '') );
#10501 = CARTESIAN_POINT('',(8.5,0.5));
#10502 = CARTESIAN_POINT('',(8.5,-3.830127018922));
#10503 = CARTESIAN_POINT('',(4.75,-1.665063509461));
#10504 = CARTESIAN_POINT('',(1.,0.5));
#10505 = CARTESIAN_POINT('',(4.75,2.665063509461));
#10506 = CARTESIAN_POINT('',(8.5,4.830127018922));
#10507 = CARTESIAN_POINT('',(8.5,0.5));
#10508 = ( GEOMETRIC_REPRESENTATION_CONTEXT(2) 
PARAMETRIC_REPRESENTATION_CONTEXT() REPRESENTATION_CONTEXT('2D SPACE',''
  ) );
#10509 = PCURVE('',#4023,#10510);
#10510 = DEFINITIONAL_REPRESENTATION('',(#10511),#10515);
#10511 = LINE('',#10512,#10513);
#10512 = CARTESIAN_POINT('',(-6.28318530718,-3.4));
#10513 = VECTOR('',#10514,1.);
#10514 = DIRECTION('',(1.,-0.));
#10515 = ( GEOMETRIC_REPRESENTATION_CONTEXT(2) 
PARAMETRIC_REPRESENTATION_CONTEXT() REPRESENTATION_CONTEXT('2D SPACE',''
  ) );
#10516 = ADVANCED_FACE('',(#10517),#3522,.F.);
#10517 = FACE_BOUND('',#10518,.F.);
#10518 = EDGE_LOOP('',(#10519,#10520,#10521,#10522));
#10519 = ORIENTED_EDGE('',*,*,#3506,.F.);
#10520 = ORIENTED_EDGE('',*,*,#9991,.T.);
#10521 = ORIENTED_EDGE('',*,*,#9939,.T.);
#10522 = ORIENTED_EDGE('',*,*,#10523,.T.);
#10523 = EDGE_CURVE('',#9940,#3478,#10524,.T.);
#10524 = SURFACE_CURVE('',#10525,(#10529,#10535),.PCURVE_S1.);
#10525 = LINE('',#10526,#10527);
#10526 = CARTESIAN_POINT('',(23.550510257217,-60.5,1.8));
#10527 = VECTOR('',#10528,1.);
#10528 = DIRECTION('',(-0.,-0.,-1.));
#10529 = PCURVE('',#3522,#10530);
#10530 = DEFINITIONAL_REPRESENTATION('',(#10531),#10534);
#10531 = B_SPLINE_CURVE_WITH_KNOTS('',1,(#10532,#10533),.UNSPECIFIED.,
  .F.,.F.,(2,2),(-3.74,2.400000000069E-06),.PIECEWISE_BEZIER_KNOTS.);
#10532 = CARTESIAN_POINT('',(3.74,3.550510257217));
#10533 = CARTESIAN_POINT('',(-2.400000000069E-06,3.550510257217));
#10534 = ( GEOMETRIC_REPRESENTATION_CONTEXT(2) 
PARAMETRIC_REPRESENTATION_CONTEXT() REPRESENTATION_CONTEXT('2D SPACE',''
  ) );
#10535 = PCURVE('',#3494,#10536);
#10536 = DEFINITIONAL_REPRESENTATION('',(#10537),#10540);
#10537 = B_SPLINE_CURVE_WITH_KNOTS('',1,(#10538,#10539),.UNSPECIFIED.,
  .F.,.F.,(2,2),(-3.74,2.400000000069E-06),.PIECEWISE_BEZIER_KNOTS.);
#10538 = CARTESIAN_POINT('',(-3.34295057438,-3.74));
#10539 = CARTESIAN_POINT('',(-3.34295057438,2.400000000069E-06));
#10540 = ( GEOMETRIC_REPRESENTATION_CONTEXT(2) 
PARAMETRIC_REPRESENTATION_CONTEXT() REPRESENTATION_CONTEXT('2D SPACE',''
  ) );
#10541 = ADVANCED_FACE('',(#10542),#3494,.T.);
#10542 = FACE_BOUND('',#10543,.F.);
#10543 = EDGE_LOOP('',(#10544,#10545,#10568,#10595,#10596,#10597,#10598,
    #10599,#10600,#10601,#10620,#10621,#10622,#10623,#10624,#10625,
    #10626,#10627,#10628,#10629,#10630));
#10544 = ORIENTED_EDGE('',*,*,#9129,.T.);
#10545 = ORIENTED_EDGE('',*,*,#10546,.T.);
#10546 = EDGE_CURVE('',#9130,#10547,#10549,.T.);
#10547 = VERTEX_POINT('',#10548);
#10548 = CARTESIAN_POINT('',(28.5,-60.,7.25));
#10549 = SEAM_CURVE('',#10550,(#10554,#10561),.PCURVE_S1.);
#10550 = LINE('',#10551,#10552);
#10551 = CARTESIAN_POINT('',(28.5,-60.,1.8));
#10552 = VECTOR('',#10553,1.);
#10553 = DIRECTION('',(0.,0.,1.));
#10554 = PCURVE('',#3494,#10555);
#10555 = DEFINITIONAL_REPRESENTATION('',(#10556),#10560);
#10556 = LINE('',#10557,#10558);
#10557 = CARTESIAN_POINT('',(-6.28318530718,0.));
#10558 = VECTOR('',#10559,1.);
#10559 = DIRECTION('',(-0.,-1.));
#10560 = ( GEOMETRIC_REPRESENTATION_CONTEXT(2) 
PARAMETRIC_REPRESENTATION_CONTEXT() REPRESENTATION_CONTEXT('2D SPACE',''
  ) );
#10561 = PCURVE('',#3494,#10562);
#10562 = DEFINITIONAL_REPRESENTATION('',(#10563),#10567);
#10563 = LINE('',#10564,#10565);
#10564 = CARTESIAN_POINT('',(-0.,0.));
#10565 = VECTOR('',#10566,1.);
#10566 = DIRECTION('',(-0.,-1.));
#10567 = ( GEOMETRIC_REPRESENTATION_CONTEXT(2) 
PARAMETRIC_REPRESENTATION_CONTEXT() REPRESENTATION_CONTEXT('2D SPACE',''
  ) );
#10568 = ORIENTED_EDGE('',*,*,#10569,.T.);
#10569 = EDGE_CURVE('',#10547,#10547,#10570,.T.);
#10570 = SURFACE_CURVE('',#10571,(#10576,#10583),.PCURVE_S1.);
#10571 = CIRCLE('',#10572,2.5);
#10572 = AXIS2_PLACEMENT_3D('',#10573,#10574,#10575);
#10573 = CARTESIAN_POINT('',(26.,-60.,7.25));
#10574 = DIRECTION('',(0.,0.,1.));
#10575 = DIRECTION('',(1.,0.,-0.));
#10576 = PCURVE('',#3494,#10577);
#10577 = DEFINITIONAL_REPRESENTATION('',(#10578),#10582);
#10578 = LINE('',#10579,#10580);
#10579 = CARTESIAN_POINT('',(-0.,-5.45));
#10580 = VECTOR('',#10581,1.);
#10581 = DIRECTION('',(-1.,0.));
#10582 = ( GEOMETRIC_REPRESENTATION_CONTEXT(2) 
PARAMETRIC_REPRESENTATION_CONTEXT() REPRESENTATION_CONTEXT('2D SPACE',''
  ) );
#10583 = PCURVE('',#10584,#10589);
#10584 = PLANE('',#10585);
#10585 = AXIS2_PLACEMENT_3D('',#10586,#10587,#10588);
#10586 = CARTESIAN_POINT('',(26.,-60.,7.25));
#10587 = DIRECTION('',(0.,0.,1.));
#10588 = DIRECTION('',(1.,0.,-0.));
#10589 = DEFINITIONAL_REPRESENTATION('',(#10590),#10594);
#10590 = CIRCLE('',#10591,2.5);
#10591 = AXIS2_PLACEMENT_2D('',#10592,#10593);
#10592 = CARTESIAN_POINT('',(1.367440132539E-16,-1.714341265789E-16));
#10593 = DIRECTION('',(1.,0.));
#10594 = ( GEOMETRIC_REPRESENTATION_CONTEXT(2) 
PARAMETRIC_REPRESENTATION_CONTEXT() REPRESENTATION_CONTEXT('2D SPACE',''
  ) );
#10595 = ORIENTED_EDGE('',*,*,#10546,.F.);
#10596 = ORIENTED_EDGE('',*,*,#9157,.T.);
#10597 = ORIENTED_EDGE('',*,*,#9266,.T.);
#10598 = ORIENTED_EDGE('',*,*,#9412,.F.);
#10599 = ORIENTED_EDGE('',*,*,#9488,.F.);
#10600 = ORIENTED_EDGE('',*,*,#9510,.T.);
#10601 = ORIENTED_EDGE('',*,*,#10602,.T.);
#10602 = EDGE_CURVE('',#9511,#3450,#10603,.T.);
#10603 = SURFACE_CURVE('',#10604,(#10608,#10614),.PCURVE_S1.);
#10604 = LINE('',#10605,#10606);
#10605 = CARTESIAN_POINT('',(25.5,-62.44948974278,1.8));
#10606 = VECTOR('',#10607,1.);
#10607 = DIRECTION('',(-0.,-0.,-1.));
#10608 = PCURVE('',#3494,#10609);
#10609 = DEFINITIONAL_REPRESENTATION('',(#10610),#10613);
#10610 = B_SPLINE_CURVE_WITH_KNOTS('',1,(#10611,#10612),.UNSPECIFIED.,
  .F.,.F.,(2,2),(-3.74,2.400000000069E-06),.PIECEWISE_BEZIER_KNOTS.);
#10611 = CARTESIAN_POINT('',(-4.511031059594,-3.74));
#10612 = CARTESIAN_POINT('',(-4.511031059594,2.400000000069E-06));
#10613 = ( GEOMETRIC_REPRESENTATION_CONTEXT(2) 
PARAMETRIC_REPRESENTATION_CONTEXT() REPRESENTATION_CONTEXT('2D SPACE',''
  ) );
#10614 = PCURVE('',#3465,#10615);
#10615 = DEFINITIONAL_REPRESENTATION('',(#10616),#10619);
#10616 = B_SPLINE_CURVE_WITH_KNOTS('',1,(#10617,#10618),.UNSPECIFIED.,
  .F.,.F.,(2,2),(-3.74,2.400000000069E-06),.PIECEWISE_BEZIER_KNOTS.);
#10617 = CARTESIAN_POINT('',(3.74,-3.550510257217));
#10618 = CARTESIAN_POINT('',(-2.400000000069E-06,-3.550510257217));
#10619 = ( GEOMETRIC_REPRESENTATION_CONTEXT(2) 
PARAMETRIC_REPRESENTATION_CONTEXT() REPRESENTATION_CONTEXT('2D SPACE',''
  ) );
#10620 = ORIENTED_EDGE('',*,*,#3477,.F.);
#10621 = ORIENTED_EDGE('',*,*,#10523,.F.);
#10622 = ORIENTED_EDGE('',*,*,#9962,.T.);
#10623 = ORIENTED_EDGE('',*,*,#9893,.T.);
#10624 = ORIENTED_EDGE('',*,*,#3590,.F.);
#10625 = ORIENTED_EDGE('',*,*,#9817,.F.);
#10626 = ORIENTED_EDGE('',*,*,#9786,.T.);
#10627 = ORIENTED_EDGE('',*,*,#9680,.T.);
#10628 = ORIENTED_EDGE('',*,*,#9615,.T.);
#10629 = ORIENTED_EDGE('',*,*,#3698,.F.);
#10630 = ORIENTED_EDGE('',*,*,#9056,.F.);
#10631 = ADVANCED_FACE('',(#10632,#10635),#10584,.T.);
#10632 = FACE_BOUND('',#10633,.T.);
#10633 = EDGE_LOOP('',(#10634));
#10634 = ORIENTED_EDGE('',*,*,#10569,.T.);
#10635 = FACE_BOUND('',#10636,.T.);
#10636 = EDGE_LOOP('',(#10637));
#10637 = ORIENTED_EDGE('',*,*,#10638,.T.);
#10638 = EDGE_CURVE('',#10639,#10639,#10641,.T.);
#10639 = VERTEX_POINT('',#10640);
#10640 = CARTESIAN_POINT('',(27.9,-60.,7.25));
#10641 = SURFACE_CURVE('',#10642,(#10647,#10658),.PCURVE_S1.);
#10642 = CIRCLE('',#10643,1.9);
#10643 = AXIS2_PLACEMENT_3D('',#10644,#10645,#10646);
#10644 = CARTESIAN_POINT('',(26.,-60.,7.25));
#10645 = DIRECTION('',(0.,-0.,-1.));
#10646 = DIRECTION('',(1.,0.,-0.));
#10647 = PCURVE('',#10584,#10648);
#10648 = DEFINITIONAL_REPRESENTATION('',(#10649),#10657);
#10649 = ( BOUNDED_CURVE() B_SPLINE_CURVE(2,(#10650,#10651,#10652,#10653
    ,#10654,#10655,#10656),.UNSPECIFIED.,.T.,.F.) 
B_SPLINE_CURVE_WITH_KNOTS((1,2,2,2,2,1),(-2.094395102393,0.,
    2.094395102393,4.188790204786,6.28318530718,8.377580409573),
.UNSPECIFIED.) CURVE() GEOMETRIC_REPRESENTATION_ITEM() 
RATIONAL_B_SPLINE_CURVE((1.,0.5,1.,0.5,1.,0.5,1.)) REPRESENTATION_ITEM(
  '') );
#10650 = CARTESIAN_POINT('',(1.9,0.));
#10651 = CARTESIAN_POINT('',(1.9,-3.290896534381));
#10652 = CARTESIAN_POINT('',(-0.95,-1.64544826719));
#10653 = CARTESIAN_POINT('',(-3.8,-4.65365783676E-16));
#10654 = CARTESIAN_POINT('',(-0.95,1.64544826719));
#10655 = CARTESIAN_POINT('',(1.9,3.290896534381));
#10656 = CARTESIAN_POINT('',(1.9,0.));
#10657 = ( GEOMETRIC_REPRESENTATION_CONTEXT(2) 
PARAMETRIC_REPRESENTATION_CONTEXT() REPRESENTATION_CONTEXT('2D SPACE',''
  ) );
#10658 = PCURVE('',#10659,#10664);
#10659 = CYLINDRICAL_SURFACE('',#10660,1.9);
#10660 = AXIS2_PLACEMENT_3D('',#10661,#10662,#10663);
#10661 = CARTESIAN_POINT('',(26.,-60.,6.65));
#10662 = DIRECTION('',(-0.,-0.,-1.));
#10663 = DIRECTION('',(1.,0.,-0.));
#10664 = DEFINITIONAL_REPRESENTATION('',(#10665),#10669);
#10665 = LINE('',#10666,#10667);
#10666 = CARTESIAN_POINT('',(-6.28318530718,-0.6));
#10667 = VECTOR('',#10668,1.);
#10668 = DIRECTION('',(1.,-0.));
#10669 = ( GEOMETRIC_REPRESENTATION_CONTEXT(2) 
PARAMETRIC_REPRESENTATION_CONTEXT() REPRESENTATION_CONTEXT('2D SPACE',''
  ) );
#10670 = ADVANCED_FACE('',(#10671),#10659,.F.);
#10671 = FACE_BOUND('',#10672,.T.);
#10672 = EDGE_LOOP('',(#10673,#10702,#10723,#10724));
#10673 = ORIENTED_EDGE('',*,*,#10674,.F.);
#10674 = EDGE_CURVE('',#10675,#10675,#10677,.T.);
#10675 = VERTEX_POINT('',#10676);
#10676 = CARTESIAN_POINT('',(27.9,-60.,6.65));
#10677 = SURFACE_CURVE('',#10678,(#10683,#10690),.PCURVE_S1.);
#10678 = CIRCLE('',#10679,1.9);
#10679 = AXIS2_PLACEMENT_3D('',#10680,#10681,#10682);
#10680 = CARTESIAN_POINT('',(26.,-60.,6.65));
#10681 = DIRECTION('',(0.,0.,1.));
#10682 = DIRECTION('',(1.,0.,-0.));
#10683 = PCURVE('',#10659,#10684);
#10684 = DEFINITIONAL_REPRESENTATION('',(#10685),#10689);
#10685 = LINE('',#10686,#10687);
#10686 = CARTESIAN_POINT('',(-0.,0.));
#10687 = VECTOR('',#10688,1.);
#10688 = DIRECTION('',(-1.,0.));
#10689 = ( GEOMETRIC_REPRESENTATION_CONTEXT(2) 
PARAMETRIC_REPRESENTATION_CONTEXT() REPRESENTATION_CONTEXT('2D SPACE',''
  ) );
#10690 = PCURVE('',#10691,#10696);
#10691 = PLANE('',#10692);
#10692 = AXIS2_PLACEMENT_3D('',#10693,#10694,#10695);
#10693 = CARTESIAN_POINT('',(26.,-60.,6.65));
#10694 = DIRECTION('',(0.,0.,1.));
#10695 = DIRECTION('',(1.,0.,-0.));
#10696 = DEFINITIONAL_REPRESENTATION('',(#10697),#10701);
#10697 = CIRCLE('',#10698,1.9);
#10698 = AXIS2_PLACEMENT_2D('',#10699,#10700);
#10699 = CARTESIAN_POINT('',(2.249079165361E-16,-1.023653692829E-16));
#10700 = DIRECTION('',(1.,0.));
#10701 = ( GEOMETRIC_REPRESENTATION_CONTEXT(2) 
PARAMETRIC_REPRESENTATION_CONTEXT() REPRESENTATION_CONTEXT('2D SPACE',''
  ) );
#10702 = ORIENTED_EDGE('',*,*,#10703,.T.);
#10703 = EDGE_CURVE('',#10675,#10639,#10704,.T.);
#10704 = SEAM_CURVE('',#10705,(#10709,#10716),.PCURVE_S1.);
#10705 = LINE('',#10706,#10707);
#10706 = CARTESIAN_POINT('',(27.9,-60.,6.65));
#10707 = VECTOR('',#10708,1.);
#10708 = DIRECTION('',(0.,0.,1.));
#10709 = PCURVE('',#10659,#10710);
#10710 = DEFINITIONAL_REPRESENTATION('',(#10711),#10715);
#10711 = LINE('',#10712,#10713);
#10712 = CARTESIAN_POINT('',(-6.28318530718,0.));
#10713 = VECTOR('',#10714,1.);
#10714 = DIRECTION('',(-0.,-1.));
#10715 = ( GEOMETRIC_REPRESENTATION_CONTEXT(2) 
PARAMETRIC_REPRESENTATION_CONTEXT() REPRESENTATION_CONTEXT('2D SPACE',''
  ) );
#10716 = PCURVE('',#10659,#10717);
#10717 = DEFINITIONAL_REPRESENTATION('',(#10718),#10722);
#10718 = LINE('',#10719,#10720);
#10719 = CARTESIAN_POINT('',(-0.,0.));
#10720 = VECTOR('',#10721,1.);
#10721 = DIRECTION('',(-0.,-1.));
#10722 = ( GEOMETRIC_REPRESENTATION_CONTEXT(2) 
PARAMETRIC_REPRESENTATION_CONTEXT() REPRESENTATION_CONTEXT('2D SPACE',''
  ) );
#10723 = ORIENTED_EDGE('',*,*,#10638,.F.);
#10724 = ORIENTED_EDGE('',*,*,#10703,.F.);
#10725 = ADVANCED_FACE('',(#10726,#10729),#10691,.T.);
#10726 = FACE_BOUND('',#10727,.T.);
#10727 = EDGE_LOOP('',(#10728));
#10728 = ORIENTED_EDGE('',*,*,#10674,.T.);
#10729 = FACE_BOUND('',#10730,.T.);
#10730 = EDGE_LOOP('',(#10731));
#10731 = ORIENTED_EDGE('',*,*,#10732,.T.);
#10732 = EDGE_CURVE('',#10733,#10733,#10735,.T.);
#10733 = VERTEX_POINT('',#10734);
#10734 = CARTESIAN_POINT('',(27.6,-60.,6.65));
#10735 = SURFACE_CURVE('',#10736,(#10741,#10752),.PCURVE_S1.);
#10736 = CIRCLE('',#10737,1.6);
#10737 = AXIS2_PLACEMENT_3D('',#10738,#10739,#10740);
#10738 = CARTESIAN_POINT('',(26.,-60.,6.65));
#10739 = DIRECTION('',(0.,-0.,-1.));
#10740 = DIRECTION('',(1.,0.,-0.));
#10741 = PCURVE('',#10691,#10742);
#10742 = DEFINITIONAL_REPRESENTATION('',(#10743),#10751);
#10743 = ( BOUNDED_CURVE() B_SPLINE_CURVE(2,(#10744,#10745,#10746,#10747
    ,#10748,#10749,#10750),.UNSPECIFIED.,.T.,.F.) 
B_SPLINE_CURVE_WITH_KNOTS((1,2,2,2,2,1),(-2.094395102393,0.,
    2.094395102393,4.188790204786,6.28318530718,8.377580409573),
.UNSPECIFIED.) CURVE() GEOMETRIC_REPRESENTATION_ITEM() 
RATIONAL_B_SPLINE_CURVE((1.,0.5,1.,0.5,1.,0.5,1.)) REPRESENTATION_ITEM(
  '') );
#10744 = CARTESIAN_POINT('',(1.6,0.));
#10745 = CARTESIAN_POINT('',(1.6,-2.77128129211));
#10746 = CARTESIAN_POINT('',(-0.8,-1.385640646055));
#10747 = CARTESIAN_POINT('',(-3.2,-3.918869757272E-16));
#10748 = CARTESIAN_POINT('',(-0.8,1.385640646055));
#10749 = CARTESIAN_POINT('',(1.6,2.77128129211));
#10750 = CARTESIAN_POINT('',(1.6,0.));
#10751 = ( GEOMETRIC_REPRESENTATION_CONTEXT(2) 
PARAMETRIC_REPRESENTATION_CONTEXT() REPRESENTATION_CONTEXT('2D SPACE',''
  ) );
#10752 = PCURVE('',#10753,#10758);
#10753 = CYLINDRICAL_SURFACE('',#10754,1.6);
#10754 = AXIS2_PLACEMENT_3D('',#10755,#10756,#10757);
#10755 = CARTESIAN_POINT('',(26.,-60.,2.25));
#10756 = DIRECTION('',(-0.,-0.,-1.));
#10757 = DIRECTION('',(1.,0.,-0.));
#10758 = DEFINITIONAL_REPRESENTATION('',(#10759),#10763);
#10759 = LINE('',#10760,#10761);
#10760 = CARTESIAN_POINT('',(-6.28318530718,-4.4));
#10761 = VECTOR('',#10762,1.);
#10762 = DIRECTION('',(1.,-0.));
#10763 = ( GEOMETRIC_REPRESENTATION_CONTEXT(2) 
PARAMETRIC_REPRESENTATION_CONTEXT() REPRESENTATION_CONTEXT('2D SPACE',''
  ) );
#10764 = ADVANCED_FACE('',(#10765),#10753,.F.);
#10765 = FACE_BOUND('',#10766,.T.);
#10766 = EDGE_LOOP('',(#10767,#10790,#10817,#10818));
#10767 = ORIENTED_EDGE('',*,*,#10768,.F.);
#10768 = EDGE_CURVE('',#10769,#10733,#10771,.T.);
#10769 = VERTEX_POINT('',#10770);
#10770 = CARTESIAN_POINT('',(27.6,-60.,2.25));
#10771 = SEAM_CURVE('',#10772,(#10776,#10783),.PCURVE_S1.);
#10772 = LINE('',#10773,#10774);
#10773 = CARTESIAN_POINT('',(27.6,-60.,2.25));
#10774 = VECTOR('',#10775,1.);
#10775 = DIRECTION('',(0.,0.,1.));
#10776 = PCURVE('',#10753,#10777);
#10777 = DEFINITIONAL_REPRESENTATION('',(#10778),#10782);
#10778 = LINE('',#10779,#10780);
#10779 = CARTESIAN_POINT('',(-6.28318530718,0.));
#10780 = VECTOR('',#10781,1.);
#10781 = DIRECTION('',(-0.,-1.));
#10782 = ( GEOMETRIC_REPRESENTATION_CONTEXT(2) 
PARAMETRIC_REPRESENTATION_CONTEXT() REPRESENTATION_CONTEXT('2D SPACE',''
  ) );
#10783 = PCURVE('',#10753,#10784);
#10784 = DEFINITIONAL_REPRESENTATION('',(#10785),#10789);
#10785 = LINE('',#10786,#10787);
#10786 = CARTESIAN_POINT('',(-0.,0.));
#10787 = VECTOR('',#10788,1.);
#10788 = DIRECTION('',(-0.,-1.));
#10789 = ( GEOMETRIC_REPRESENTATION_CONTEXT(2) 
PARAMETRIC_REPRESENTATION_CONTEXT() REPRESENTATION_CONTEXT('2D SPACE',''
  ) );
#10790 = ORIENTED_EDGE('',*,*,#10791,.F.);
#10791 = EDGE_CURVE('',#10769,#10769,#10792,.T.);
#10792 = SURFACE_CURVE('',#10793,(#10798,#10805),.PCURVE_S1.);
#10793 = CIRCLE('',#10794,1.6);
#10794 = AXIS2_PLACEMENT_3D('',#10795,#10796,#10797);
#10795 = CARTESIAN_POINT('',(26.,-60.,2.25));
#10796 = DIRECTION('',(0.,0.,1.));
#10797 = DIRECTION('',(1.,0.,-0.));
#10798 = PCURVE('',#10753,#10799);
#10799 = DEFINITIONAL_REPRESENTATION('',(#10800),#10804);
#10800 = LINE('',#10801,#10802);
#10801 = CARTESIAN_POINT('',(-0.,0.));
#10802 = VECTOR('',#10803,1.);
#10803 = DIRECTION('',(-1.,0.));
#10804 = ( GEOMETRIC_REPRESENTATION_CONTEXT(2) 
PARAMETRIC_REPRESENTATION_CONTEXT() REPRESENTATION_CONTEXT('2D SPACE',''
  ) );
#10805 = PCURVE('',#10806,#10811);
#10806 = PLANE('',#10807);
#10807 = AXIS2_PLACEMENT_3D('',#10808,#10809,#10810);
#10808 = CARTESIAN_POINT('',(26.,-60.,2.25));
#10809 = DIRECTION('',(0.,0.,1.));
#10810 = DIRECTION('',(1.,0.,-0.));
#10811 = DEFINITIONAL_REPRESENTATION('',(#10812),#10816);
#10812 = CIRCLE('',#10813,1.6);
#10813 = AXIS2_PLACEMENT_2D('',#10814,#10815);
#10814 = CARTESIAN_POINT('',(1.068312603546E-16,-1.483480247548E-16));
#10815 = DIRECTION('',(1.,0.));
#10816 = ( GEOMETRIC_REPRESENTATION_CONTEXT(2) 
PARAMETRIC_REPRESENTATION_CONTEXT() REPRESENTATION_CONTEXT('2D SPACE',''
  ) );
#10817 = ORIENTED_EDGE('',*,*,#10768,.T.);
#10818 = ORIENTED_EDGE('',*,*,#10732,.F.);
#10819 = ADVANCED_FACE('',(#10820),#10806,.T.);
#10820 = FACE_BOUND('',#10821,.T.);
#10821 = EDGE_LOOP('',(#10822));
#10822 = ORIENTED_EDGE('',*,*,#10791,.T.);
#10823 = ADVANCED_FACE('',(#10824),#4051,.T.);
#10824 = FACE_BOUND('',#10825,.T.);
#10825 = EDGE_LOOP('',(#10826,#10827,#10848,#10876));
#10826 = ORIENTED_EDGE('',*,*,#4035,.F.);
#10827 = ORIENTED_EDGE('',*,*,#10828,.F.);
#10828 = EDGE_CURVE('',#10829,#4007,#10831,.T.);
#10829 = VERTEX_POINT('',#10830);
#10830 = CARTESIAN_POINT('',(-23.55051025721,60.5,5.2));
#10831 = SURFACE_CURVE('',#10832,(#10836,#10842),.PCURVE_S1.);
#10832 = LINE('',#10833,#10834);
#10833 = CARTESIAN_POINT('',(-23.55051025721,60.5,1.8));
#10834 = VECTOR('',#10835,1.);
#10835 = DIRECTION('',(-0.,-0.,-1.));
#10836 = PCURVE('',#4051,#10837);
#10837 = DEFINITIONAL_REPRESENTATION('',(#10838),#10841);
#10838 = B_SPLINE_CURVE_WITH_KNOTS('',1,(#10839,#10840),.UNSPECIFIED.,
  .F.,.F.,(2,2),(-3.74,2.400000000069E-06),.PIECEWISE_BEZIER_KNOTS.);
#10839 = CARTESIAN_POINT('',(3.74,8.449489742783));
#10840 = CARTESIAN_POINT('',(-2.400000000069E-06,8.449489742783));
#10841 = ( GEOMETRIC_REPRESENTATION_CONTEXT(2) 
PARAMETRIC_REPRESENTATION_CONTEXT() REPRESENTATION_CONTEXT('2D SPACE',''
  ) );
#10842 = PCURVE('',#4023,#10843);
#10843 = DEFINITIONAL_REPRESENTATION('',(#10844),#10847);
#10844 = B_SPLINE_CURVE_WITH_KNOTS('',1,(#10845,#10846),.UNSPECIFIED.,
  .F.,.F.,(2,2),(-3.74,2.400000000069E-06),.PIECEWISE_BEZIER_KNOTS.);
#10845 = CARTESIAN_POINT('',(-0.20135792079,-3.74));
#10846 = CARTESIAN_POINT('',(-0.20135792079,2.400000000069E-06));
#10847 = ( GEOMETRIC_REPRESENTATION_CONTEXT(2) 
PARAMETRIC_REPRESENTATION_CONTEXT() REPRESENTATION_CONTEXT('2D SPACE',''
  ) );
#10848 = ORIENTED_EDGE('',*,*,#10849,.T.);
#10849 = EDGE_CURVE('',#10829,#10850,#10852,.T.);
#10850 = VERTEX_POINT('',#10851);
#10851 = CARTESIAN_POINT('',(-20.,60.5,5.2));
#10852 = SURFACE_CURVE('',#10853,(#10857,#10864),.PCURVE_S1.);
#10853 = LINE('',#10854,#10855);
#10854 = CARTESIAN_POINT('',(-32.,60.5,5.2));
#10855 = VECTOR('',#10856,1.);
#10856 = DIRECTION('',(1.,0.,-0.));
#10857 = PCURVE('',#4051,#10858);
#10858 = DEFINITIONAL_REPRESENTATION('',(#10859),#10863);
#10859 = LINE('',#10860,#10861);
#10860 = CARTESIAN_POINT('',(3.4,0.));
#10861 = VECTOR('',#10862,1.);
#10862 = DIRECTION('',(0.,1.));
#10863 = ( GEOMETRIC_REPRESENTATION_CONTEXT(2) 
PARAMETRIC_REPRESENTATION_CONTEXT() REPRESENTATION_CONTEXT('2D SPACE',''
  ) );
#10864 = PCURVE('',#10865,#10870);
#10865 = PLANE('',#10866);
#10866 = AXIS2_PLACEMENT_3D('',#10867,#10868,#10869);
#10867 = CARTESIAN_POINT('',(-32.,59.5,5.2));
#10868 = DIRECTION('',(0.,0.,1.));
#10869 = DIRECTION('',(1.,0.,-0.));
#10870 = DEFINITIONAL_REPRESENTATION('',(#10871),#10875);
#10871 = LINE('',#10872,#10873);
#10872 = CARTESIAN_POINT('',(0.,1.));
#10873 = VECTOR('',#10874,1.);
#10874 = DIRECTION('',(1.,0.));
#10875 = ( GEOMETRIC_REPRESENTATION_CONTEXT(2) 
PARAMETRIC_REPRESENTATION_CONTEXT() REPRESENTATION_CONTEXT('2D SPACE',''
  ) );
#10876 = ORIENTED_EDGE('',*,*,#10877,.F.);
#10877 = EDGE_CURVE('',#4036,#10850,#10878,.T.);
#10878 = SURFACE_CURVE('',#10879,(#10883,#10890),.PCURVE_S1.);
#10879 = LINE('',#10880,#10881);
#10880 = CARTESIAN_POINT('',(-20.,60.5,1.8));
#10881 = VECTOR('',#10882,1.);
#10882 = DIRECTION('',(0.,0.,1.));
#10883 = PCURVE('',#4051,#10884);
#10884 = DEFINITIONAL_REPRESENTATION('',(#10885),#10889);
#10885 = LINE('',#10886,#10887);
#10886 = CARTESIAN_POINT('',(0.,12.));
#10887 = VECTOR('',#10888,1.);
#10888 = DIRECTION('',(1.,0.));
#10889 = ( GEOMETRIC_REPRESENTATION_CONTEXT(2) 
PARAMETRIC_REPRESENTATION_CONTEXT() REPRESENTATION_CONTEXT('2D SPACE',''
  ) );
#10890 = PCURVE('',#4079,#10891);
#10891 = DEFINITIONAL_REPRESENTATION('',(#10892),#10896);
#10892 = LINE('',#10893,#10894);
#10893 = CARTESIAN_POINT('',(0.,-1.));
#10894 = VECTOR('',#10895,1.);
#10895 = DIRECTION('',(1.,0.));
#10896 = ( GEOMETRIC_REPRESENTATION_CONTEXT(2) 
PARAMETRIC_REPRESENTATION_CONTEXT() REPRESENTATION_CONTEXT('2D SPACE',''
  ) );
#10897 = ADVANCED_FACE('',(#10898),#10865,.T.);
#10898 = FACE_BOUND('',#10899,.T.);
#10899 = EDGE_LOOP('',(#10900,#10901,#10929,#10957,#10980));
#10900 = ORIENTED_EDGE('',*,*,#10849,.F.);
#10901 = ORIENTED_EDGE('',*,*,#10902,.T.);
#10902 = EDGE_CURVE('',#10829,#10903,#10905,.T.);
#10903 = VERTEX_POINT('',#10904);
#10904 = CARTESIAN_POINT('',(-23.5,60.,5.2));
#10905 = SURFACE_CURVE('',#10906,(#10911,#10922),.PCURVE_S1.);
#10906 = CIRCLE('',#10907,2.5);
#10907 = AXIS2_PLACEMENT_3D('',#10908,#10909,#10910);
#10908 = CARTESIAN_POINT('',(-26.,60.,5.2));
#10909 = DIRECTION('',(0.,-0.,-1.));
#10910 = DIRECTION('',(1.,0.,-0.));
#10911 = PCURVE('',#10865,#10912);
#10912 = DEFINITIONAL_REPRESENTATION('',(#10913),#10921);
#10913 = ( BOUNDED_CURVE() B_SPLINE_CURVE(2,(#10914,#10915,#10916,#10917
    ,#10918,#10919,#10920),.UNSPECIFIED.,.T.,.F.) 
B_SPLINE_CURVE_WITH_KNOTS((1,2,2,2,2,1),(-2.094395102393,0.,
    2.094395102393,4.188790204786,6.28318530718,8.377580409573),
.UNSPECIFIED.) CURVE() GEOMETRIC_REPRESENTATION_ITEM() 
RATIONAL_B_SPLINE_CURVE((1.,0.5,1.,0.5,1.,0.5,1.)) REPRESENTATION_ITEM(
  '') );
#10914 = CARTESIAN_POINT('',(8.5,0.5));
#10915 = CARTESIAN_POINT('',(8.5,-3.830127018922));
#10916 = CARTESIAN_POINT('',(4.75,-1.665063509461));
#10917 = CARTESIAN_POINT('',(1.,0.5));
#10918 = CARTESIAN_POINT('',(4.75,2.665063509461));
#10919 = CARTESIAN_POINT('',(8.5,4.830127018922));
#10920 = CARTESIAN_POINT('',(8.5,0.5));
#10921 = ( GEOMETRIC_REPRESENTATION_CONTEXT(2) 
PARAMETRIC_REPRESENTATION_CONTEXT() REPRESENTATION_CONTEXT('2D SPACE',''
  ) );
#10922 = PCURVE('',#4023,#10923);
#10923 = DEFINITIONAL_REPRESENTATION('',(#10924),#10928);
#10924 = LINE('',#10925,#10926);
#10925 = CARTESIAN_POINT('',(-6.28318530718,-3.4));
#10926 = VECTOR('',#10927,1.);
#10927 = DIRECTION('',(1.,-0.));
#10928 = ( GEOMETRIC_REPRESENTATION_CONTEXT(2) 
PARAMETRIC_REPRESENTATION_CONTEXT() REPRESENTATION_CONTEXT('2D SPACE',''
  ) );
#10929 = ORIENTED_EDGE('',*,*,#10930,.T.);
#10930 = EDGE_CURVE('',#10903,#10931,#10933,.T.);
#10931 = VERTEX_POINT('',#10932);
#10932 = CARTESIAN_POINT('',(-23.55051025721,59.5,5.2));
#10933 = SURFACE_CURVE('',#10934,(#10939,#10950),.PCURVE_S1.);
#10934 = CIRCLE('',#10935,2.5);
#10935 = AXIS2_PLACEMENT_3D('',#10936,#10937,#10938);
#10936 = CARTESIAN_POINT('',(-26.,60.,5.2));
#10937 = DIRECTION('',(0.,-0.,-1.));
#10938 = DIRECTION('',(1.,0.,-0.));
#10939 = PCURVE('',#10865,#10940);
#10940 = DEFINITIONAL_REPRESENTATION('',(#10941),#10949);
#10941 = ( BOUNDED_CURVE() B_SPLINE_CURVE(2,(#10942,#10943,#10944,#10945
    ,#10946,#10947,#10948),.UNSPECIFIED.,.T.,.F.) 
B_SPLINE_CURVE_WITH_KNOTS((1,2,2,2,2,1),(-2.094395102393,0.,
    2.094395102393,4.188790204786,6.28318530718,8.377580409573),
.UNSPECIFIED.) CURVE() GEOMETRIC_REPRESENTATION_ITEM() 
RATIONAL_B_SPLINE_CURVE((1.,0.5,1.,0.5,1.,0.5,1.)) REPRESENTATION_ITEM(
  '') );
#10942 = CARTESIAN_POINT('',(8.5,0.5));
#10943 = CARTESIAN_POINT('',(8.5,-3.830127018922));
#10944 = CARTESIAN_POINT('',(4.75,-1.665063509461));
#10945 = CARTESIAN_POINT('',(1.,0.5));
#10946 = CARTESIAN_POINT('',(4.75,2.665063509461));
#10947 = CARTESIAN_POINT('',(8.5,4.830127018922));
#10948 = CARTESIAN_POINT('',(8.5,0.5));
#10949 = ( GEOMETRIC_REPRESENTATION_CONTEXT(2) 
PARAMETRIC_REPRESENTATION_CONTEXT() REPRESENTATION_CONTEXT('2D SPACE',''
  ) );
#10950 = PCURVE('',#4023,#10951);
#10951 = DEFINITIONAL_REPRESENTATION('',(#10952),#10956);
#10952 = LINE('',#10953,#10954);
#10953 = CARTESIAN_POINT('',(-6.28318530718,-3.4));
#10954 = VECTOR('',#10955,1.);
#10955 = DIRECTION('',(1.,-0.));
#10956 = ( GEOMETRIC_REPRESENTATION_CONTEXT(2) 
PARAMETRIC_REPRESENTATION_CONTEXT() REPRESENTATION_CONTEXT('2D SPACE',''
  ) );
#10957 = ORIENTED_EDGE('',*,*,#10958,.T.);
#10958 = EDGE_CURVE('',#10931,#10959,#10961,.T.);
#10959 = VERTEX_POINT('',#10960);
#10960 = CARTESIAN_POINT('',(-20.,59.5,5.2));
#10961 = SURFACE_CURVE('',#10962,(#10966,#10973),.PCURVE_S1.);
#10962 = LINE('',#10963,#10964);
#10963 = CARTESIAN_POINT('',(-32.,59.5,5.2));
#10964 = VECTOR('',#10965,1.);
#10965 = DIRECTION('',(1.,0.,-0.));
#10966 = PCURVE('',#10865,#10967);
#10967 = DEFINITIONAL_REPRESENTATION('',(#10968),#10972);
#10968 = LINE('',#10969,#10970);
#10969 = CARTESIAN_POINT('',(0.,0.));
#10970 = VECTOR('',#10971,1.);
#10971 = DIRECTION('',(1.,0.));
#10972 = ( GEOMETRIC_REPRESENTATION_CONTEXT(2) 
PARAMETRIC_REPRESENTATION_CONTEXT() REPRESENTATION_CONTEXT('2D SPACE',''
  ) );
#10973 = PCURVE('',#4107,#10974);
#10974 = DEFINITIONAL_REPRESENTATION('',(#10975),#10979);
#10975 = LINE('',#10976,#10977);
#10976 = CARTESIAN_POINT('',(3.4,0.));
#10977 = VECTOR('',#10978,1.);
#10978 = DIRECTION('',(0.,1.));
#10979 = ( GEOMETRIC_REPRESENTATION_CONTEXT(2) 
PARAMETRIC_REPRESENTATION_CONTEXT() REPRESENTATION_CONTEXT('2D SPACE',''
  ) );
#10980 = ORIENTED_EDGE('',*,*,#10981,.T.);
#10981 = EDGE_CURVE('',#10959,#10850,#10982,.T.);
#10982 = SURFACE_CURVE('',#10983,(#10987,#10994),.PCURVE_S1.);
#10983 = LINE('',#10984,#10985);
#10984 = CARTESIAN_POINT('',(-20.,59.5,5.2));
#10985 = VECTOR('',#10986,1.);
#10986 = DIRECTION('',(-0.,1.,0.));
#10987 = PCURVE('',#10865,#10988);
#10988 = DEFINITIONAL_REPRESENTATION('',(#10989),#10993);
#10989 = LINE('',#10990,#10991);
#10990 = CARTESIAN_POINT('',(12.,0.));
#10991 = VECTOR('',#10992,1.);
#10992 = DIRECTION('',(0.,1.));
#10993 = ( GEOMETRIC_REPRESENTATION_CONTEXT(2) 
PARAMETRIC_REPRESENTATION_CONTEXT() REPRESENTATION_CONTEXT('2D SPACE',''
  ) );
#10994 = PCURVE('',#4079,#10995);
#10995 = DEFINITIONAL_REPRESENTATION('',(#10996),#11000);
#10996 = LINE('',#10997,#10998);
#10997 = CARTESIAN_POINT('',(3.4,0.));
#10998 = VECTOR('',#10999,1.);
#10999 = DIRECTION('',(0.,-1.));
#11000 = ( GEOMETRIC_REPRESENTATION_CONTEXT(2) 
PARAMETRIC_REPRESENTATION_CONTEXT() REPRESENTATION_CONTEXT('2D SPACE',''
  ) );
#11001 = ADVANCED_FACE('',(#11002),#3465,.F.);
#11002 = FACE_BOUND('',#11003,.F.);
#11003 = EDGE_LOOP('',(#11004,#11005,#11025,#11026));
#11004 = ORIENTED_EDGE('',*,*,#9538,.F.);
#11005 = ORIENTED_EDGE('',*,*,#11006,.F.);
#11006 = EDGE_CURVE('',#3427,#9539,#11007,.T.);
#11007 = SURFACE_CURVE('',#11008,(#11012,#11018),.PCURVE_S1.);
#11008 = LINE('',#11009,#11010);
#11009 = CARTESIAN_POINT('',(25.5,-65.2,1.8));
#11010 = VECTOR('',#11011,1.);
#11011 = DIRECTION('',(0.,-0.,1.));
#11012 = PCURVE('',#3465,#11013);
#11013 = DEFINITIONAL_REPRESENTATION('',(#11014),#11017);
#11014 = B_SPLINE_CURVE_WITH_KNOTS('',1,(#11015,#11016),.UNSPECIFIED.,
  .F.,.F.,(2,2),(0.,3.4),.PIECEWISE_BEZIER_KNOTS.);
#11015 = CARTESIAN_POINT('',(0.,-0.8));
#11016 = CARTESIAN_POINT('',(3.4,-0.8));
#11017 = ( GEOMETRIC_REPRESENTATION_CONTEXT(2) 
PARAMETRIC_REPRESENTATION_CONTEXT() REPRESENTATION_CONTEXT('2D SPACE',''
  ) );
#11018 = PCURVE('',#1444,#11019);
#11019 = DEFINITIONAL_REPRESENTATION('',(#11020),#11024);
#11020 = LINE('',#11021,#11022);
#11021 = CARTESIAN_POINT('',(54.5,0.));
#11022 = VECTOR('',#11023,1.);
#11023 = DIRECTION('',(0.,-1.));
#11024 = ( GEOMETRIC_REPRESENTATION_CONTEXT(2) 
PARAMETRIC_REPRESENTATION_CONTEXT() REPRESENTATION_CONTEXT('2D SPACE',''
  ) );
#11025 = ORIENTED_EDGE('',*,*,#3449,.T.);
#11026 = ORIENTED_EDGE('',*,*,#10602,.F.);
#11027 = ADVANCED_FACE('',(#11028),#4079,.T.);
#11028 = FACE_BOUND('',#11029,.T.);
#11029 = EDGE_LOOP('',(#11030,#11051,#11052,#11053));
#11030 = ORIENTED_EDGE('',*,*,#11031,.F.);
#11031 = EDGE_CURVE('',#4064,#10959,#11032,.T.);
#11032 = SURFACE_CURVE('',#11033,(#11037,#11044),.PCURVE_S1.);
#11033 = LINE('',#11034,#11035);
#11034 = CARTESIAN_POINT('',(-20.,59.5,1.8));
#11035 = VECTOR('',#11036,1.);
#11036 = DIRECTION('',(0.,0.,1.));
#11037 = PCURVE('',#4079,#11038);
#11038 = DEFINITIONAL_REPRESENTATION('',(#11039),#11043);
#11039 = LINE('',#11040,#11041);
#11040 = CARTESIAN_POINT('',(0.,0.));
#11041 = VECTOR('',#11042,1.);
#11042 = DIRECTION('',(1.,0.));
#11043 = ( GEOMETRIC_REPRESENTATION_CONTEXT(2) 
PARAMETRIC_REPRESENTATION_CONTEXT() REPRESENTATION_CONTEXT('2D SPACE',''
  ) );
#11044 = PCURVE('',#4107,#11045);
#11045 = DEFINITIONAL_REPRESENTATION('',(#11046),#11050);
#11046 = LINE('',#11047,#11048);
#11047 = CARTESIAN_POINT('',(0.,12.));
#11048 = VECTOR('',#11049,1.);
#11049 = DIRECTION('',(1.,0.));
#11050 = ( GEOMETRIC_REPRESENTATION_CONTEXT(2) 
PARAMETRIC_REPRESENTATION_CONTEXT() REPRESENTATION_CONTEXT('2D SPACE',''
  ) );
#11051 = ORIENTED_EDGE('',*,*,#4063,.T.);
#11052 = ORIENTED_EDGE('',*,*,#10877,.T.);
#11053 = ORIENTED_EDGE('',*,*,#10981,.F.);
#11054 = ADVANCED_FACE('',(#11055),#4107,.F.);
#11055 = FACE_BOUND('',#11056,.F.);
#11056 = EDGE_LOOP('',(#11057,#11058,#11077,#11078));
#11057 = ORIENTED_EDGE('',*,*,#4091,.F.);
#11058 = ORIENTED_EDGE('',*,*,#11059,.F.);
#11059 = EDGE_CURVE('',#10931,#4092,#11060,.T.);
#11060 = SURFACE_CURVE('',#11061,(#11065,#11071),.PCURVE_S1.);
#11061 = LINE('',#11062,#11063);
#11062 = CARTESIAN_POINT('',(-23.55051025721,59.5,1.8));
#11063 = VECTOR('',#11064,1.);
#11064 = DIRECTION('',(-0.,-0.,-1.));
#11065 = PCURVE('',#4107,#11066);
#11066 = DEFINITIONAL_REPRESENTATION('',(#11067),#11070);
#11067 = B_SPLINE_CURVE_WITH_KNOTS('',1,(#11068,#11069),.UNSPECIFIED.,
  .F.,.F.,(2,2),(-3.74,2.400000000069E-06),.PIECEWISE_BEZIER_KNOTS.);
#11068 = CARTESIAN_POINT('',(3.74,8.449489742783));
#11069 = CARTESIAN_POINT('',(-2.400000000069E-06,8.449489742783));
#11070 = ( GEOMETRIC_REPRESENTATION_CONTEXT(2) 
PARAMETRIC_REPRESENTATION_CONTEXT() REPRESENTATION_CONTEXT('2D SPACE',''
  ) );
#11071 = PCURVE('',#4023,#11072);
#11072 = DEFINITIONAL_REPRESENTATION('',(#11073),#11076);
#11073 = B_SPLINE_CURVE_WITH_KNOTS('',1,(#11074,#11075),.UNSPECIFIED.,
  .F.,.F.,(2,2),(-3.74,2.400000000069E-06),.PIECEWISE_BEZIER_KNOTS.);
#11074 = CARTESIAN_POINT('',(-6.081827386389,-3.74));
#11075 = CARTESIAN_POINT('',(-6.081827386389,2.400000000069E-06));
#11076 = ( GEOMETRIC_REPRESENTATION_CONTEXT(2) 
PARAMETRIC_REPRESENTATION_CONTEXT() REPRESENTATION_CONTEXT('2D SPACE',''
  ) );
#11077 = ORIENTED_EDGE('',*,*,#10958,.T.);
#11078 = ORIENTED_EDGE('',*,*,#11031,.F.);
#11079 = ADVANCED_FACE('',(#11080),#3414,.T.);
#11080 = FACE_BOUND('',#11081,.T.);
#11081 = EDGE_LOOP('',(#11082,#11112,#11132,#11133));
#11082 = ORIENTED_EDGE('',*,*,#11083,.F.);
#11083 = EDGE_CURVE('',#11084,#11086,#11088,.T.);
#11084 = VERTEX_POINT('',#11085);
#11085 = CARTESIAN_POINT('',(-25.5,-65.2,5.2));
#11086 = VERTEX_POINT('',#11087);
#11087 = CARTESIAN_POINT('',(-25.5,-62.44948974278,5.2));
#11088 = SURFACE_CURVE('',#11089,(#11093,#11100),.PCURVE_S1.);
#11089 = LINE('',#11090,#11091);
#11090 = CARTESIAN_POINT('',(-25.5,-66.,5.2));
#11091 = VECTOR('',#11092,1.);
#11092 = DIRECTION('',(-0.,1.,0.));
#11093 = PCURVE('',#3414,#11094);
#11094 = DEFINITIONAL_REPRESENTATION('',(#11095),#11099);
#11095 = LINE('',#11096,#11097);
#11096 = CARTESIAN_POINT('',(3.4,0.));
#11097 = VECTOR('',#11098,1.);
#11098 = DIRECTION('',(0.,-1.));
#11099 = ( GEOMETRIC_REPRESENTATION_CONTEXT(2) 
PARAMETRIC_REPRESENTATION_CONTEXT() REPRESENTATION_CONTEXT('2D SPACE',''
  ) );
#11100 = PCURVE('',#11101,#11106);
#11101 = PLANE('',#11102);
#11102 = AXIS2_PLACEMENT_3D('',#11103,#11104,#11105);
#11103 = CARTESIAN_POINT('',(-32.,-60.5,5.2));
#11104 = DIRECTION('',(0.,0.,1.));
#11105 = DIRECTION('',(1.,0.,-0.));
#11106 = DEFINITIONAL_REPRESENTATION('',(#11107),#11111);
#11107 = LINE('',#11108,#11109);
#11108 = CARTESIAN_POINT('',(6.5,-5.5));
#11109 = VECTOR('',#11110,1.);
#11110 = DIRECTION('',(0.,1.));
#11111 = ( GEOMETRIC_REPRESENTATION_CONTEXT(2) 
PARAMETRIC_REPRESENTATION_CONTEXT() REPRESENTATION_CONTEXT('2D SPACE',''
  ) );
#11112 = ORIENTED_EDGE('',*,*,#11113,.F.);
#11113 = EDGE_CURVE('',#3399,#11084,#11114,.T.);
#11114 = SURFACE_CURVE('',#11115,(#11119,#11125),.PCURVE_S1.);
#11115 = LINE('',#11116,#11117);
#11116 = CARTESIAN_POINT('',(-25.5,-65.2,1.8));
#11117 = VECTOR('',#11118,1.);
#11118 = DIRECTION('',(0.,-0.,1.));
#11119 = PCURVE('',#3414,#11120);
#11120 = DEFINITIONAL_REPRESENTATION('',(#11121),#11124);
#11121 = B_SPLINE_CURVE_WITH_KNOTS('',1,(#11122,#11123),.UNSPECIFIED.,
  .F.,.F.,(2,2),(0.,3.4),.PIECEWISE_BEZIER_KNOTS.);
#11122 = CARTESIAN_POINT('',(0.,-0.8));
#11123 = CARTESIAN_POINT('',(3.4,-0.8));
#11124 = ( GEOMETRIC_REPRESENTATION_CONTEXT(2) 
PARAMETRIC_REPRESENTATION_CONTEXT() REPRESENTATION_CONTEXT('2D SPACE',''
  ) );
#11125 = PCURVE('',#1444,#11126);
#11126 = DEFINITIONAL_REPRESENTATION('',(#11127),#11131);
#11127 = LINE('',#11128,#11129);
#11128 = CARTESIAN_POINT('',(3.5,0.));
#11129 = VECTOR('',#11130,1.);
#11130 = DIRECTION('',(0.,-1.));
#11131 = ( GEOMETRIC_REPRESENTATION_CONTEXT(2) 
PARAMETRIC_REPRESENTATION_CONTEXT() REPRESENTATION_CONTEXT('2D SPACE',''
  ) );
#11132 = ORIENTED_EDGE('',*,*,#3398,.T.);
#11133 = ORIENTED_EDGE('',*,*,#11134,.F.);
#11134 = EDGE_CURVE('',#11086,#3375,#11135,.T.);
#11135 = SURFACE_CURVE('',#11136,(#11140,#11146),.PCURVE_S1.);
#11136 = LINE('',#11137,#11138);
#11137 = CARTESIAN_POINT('',(-25.5,-62.44948974278,1.8));
#11138 = VECTOR('',#11139,1.);
#11139 = DIRECTION('',(-0.,-0.,-1.));
#11140 = PCURVE('',#3414,#11141);
#11141 = DEFINITIONAL_REPRESENTATION('',(#11142),#11145);
#11142 = B_SPLINE_CURVE_WITH_KNOTS('',1,(#11143,#11144),.UNSPECIFIED.,
  .F.,.F.,(2,2),(-3.74,2.400000000069E-06),.PIECEWISE_BEZIER_KNOTS.);
#11143 = CARTESIAN_POINT('',(3.74,-3.550510257217));
#11144 = CARTESIAN_POINT('',(-2.400000000069E-06,-3.550510257217));
#11145 = ( GEOMETRIC_REPRESENTATION_CONTEXT(2) 
PARAMETRIC_REPRESENTATION_CONTEXT() REPRESENTATION_CONTEXT('2D SPACE',''
  ) );
#11146 = PCURVE('',#3170,#11147);
#11147 = DEFINITIONAL_REPRESENTATION('',(#11148),#11151);
#11148 = B_SPLINE_CURVE_WITH_KNOTS('',1,(#11149,#11150),.UNSPECIFIED.,
  .F.,.F.,(2,2),(-3.74,2.400000000069E-06),.PIECEWISE_BEZIER_KNOTS.);
#11149 = CARTESIAN_POINT('',(-4.913746901175,-3.74));
#11150 = CARTESIAN_POINT('',(-4.913746901175,2.400000000069E-06));
#11151 = ( GEOMETRIC_REPRESENTATION_CONTEXT(2) 
PARAMETRIC_REPRESENTATION_CONTEXT() REPRESENTATION_CONTEXT('2D SPACE',''
  ) );
#11152 = ADVANCED_FACE('',(#11153),#11101,.T.);
#11153 = FACE_BOUND('',#11154,.T.);
#11154 = EDGE_LOOP('',(#11155,#11183,#11211,#11231));
#11155 = ORIENTED_EDGE('',*,*,#11156,.T.);
#11156 = EDGE_CURVE('',#11086,#11157,#11159,.T.);
#11157 = VERTEX_POINT('',#11158);
#11158 = CARTESIAN_POINT('',(-26.5,-62.44948974278,5.2));
#11159 = SURFACE_CURVE('',#11160,(#11165,#11176),.PCURVE_S1.);
#11160 = CIRCLE('',#11161,2.5);
#11161 = AXIS2_PLACEMENT_3D('',#11162,#11163,#11164);
#11162 = CARTESIAN_POINT('',(-26.,-60.,5.2));
#11163 = DIRECTION('',(0.,-0.,-1.));
#11164 = DIRECTION('',(1.,0.,-0.));
#11165 = PCURVE('',#11101,#11166);
#11166 = DEFINITIONAL_REPRESENTATION('',(#11167),#11175);
#11167 = ( BOUNDED_CURVE() B_SPLINE_CURVE(2,(#11168,#11169,#11170,#11171
    ,#11172,#11173,#11174),.UNSPECIFIED.,.T.,.F.) 
B_SPLINE_CURVE_WITH_KNOTS((1,2,2,2,2,1),(-2.094395102393,0.,
    2.094395102393,4.188790204786,6.28318530718,8.377580409573),
.UNSPECIFIED.) CURVE() GEOMETRIC_REPRESENTATION_ITEM() 
RATIONAL_B_SPLINE_CURVE((1.,0.5,1.,0.5,1.,0.5,1.)) REPRESENTATION_ITEM(
  '') );
#11168 = CARTESIAN_POINT('',(8.5,0.5));
#11169 = CARTESIAN_POINT('',(8.5,-3.830127018922));
#11170 = CARTESIAN_POINT('',(4.75,-1.665063509461));
#11171 = CARTESIAN_POINT('',(1.,0.5));
#11172 = CARTESIAN_POINT('',(4.75,2.665063509461));
#11173 = CARTESIAN_POINT('',(8.5,4.830127018922));
#11174 = CARTESIAN_POINT('',(8.5,0.5));
#11175 = ( GEOMETRIC_REPRESENTATION_CONTEXT(2) 
PARAMETRIC_REPRESENTATION_CONTEXT() REPRESENTATION_CONTEXT('2D SPACE',''
  ) );
#11176 = PCURVE('',#3170,#11177);
#11177 = DEFINITIONAL_REPRESENTATION('',(#11178),#11182);
#11178 = LINE('',#11179,#11180);
#11179 = CARTESIAN_POINT('',(-6.28318530718,-3.4));
#11180 = VECTOR('',#11181,1.);
#11181 = DIRECTION('',(1.,-0.));
#11182 = ( GEOMETRIC_REPRESENTATION_CONTEXT(2) 
PARAMETRIC_REPRESENTATION_CONTEXT() REPRESENTATION_CONTEXT('2D SPACE',''
  ) );
#11183 = ORIENTED_EDGE('',*,*,#11184,.F.);
#11184 = EDGE_CURVE('',#11185,#11157,#11187,.T.);
#11185 = VERTEX_POINT('',#11186);
#11186 = CARTESIAN_POINT('',(-26.5,-65.2,5.2));
#11187 = SURFACE_CURVE('',#11188,(#11192,#11199),.PCURVE_S1.);
#11188 = LINE('',#11189,#11190);
#11189 = CARTESIAN_POINT('',(-26.5,-66.,5.2));
#11190 = VECTOR('',#11191,1.);
#11191 = DIRECTION('',(-0.,1.,0.));
#11192 = PCURVE('',#11101,#11193);
#11193 = DEFINITIONAL_REPRESENTATION('',(#11194),#11198);
#11194 = LINE('',#11195,#11196);
#11195 = CARTESIAN_POINT('',(5.5,-5.5));
#11196 = VECTOR('',#11197,1.);
#11197 = DIRECTION('',(0.,1.));
#11198 = ( GEOMETRIC_REPRESENTATION_CONTEXT(2) 
PARAMETRIC_REPRESENTATION_CONTEXT() REPRESENTATION_CONTEXT('2D SPACE',''
  ) );
#11199 = PCURVE('',#11200,#11205);
#11200 = PLANE('',#11201);
#11201 = AXIS2_PLACEMENT_3D('',#11202,#11203,#11204);
#11202 = CARTESIAN_POINT('',(-26.5,-66.,1.8));
#11203 = DIRECTION('',(1.,0.,-0.));
#11204 = DIRECTION('',(0.,0.,1.));
#11205 = DEFINITIONAL_REPRESENTATION('',(#11206),#11210);
#11206 = LINE('',#11207,#11208);
#11207 = CARTESIAN_POINT('',(3.4,0.));
#11208 = VECTOR('',#11209,1.);
#11209 = DIRECTION('',(0.,-1.));
#11210 = ( GEOMETRIC_REPRESENTATION_CONTEXT(2) 
PARAMETRIC_REPRESENTATION_CONTEXT() REPRESENTATION_CONTEXT('2D SPACE',''
  ) );
#11211 = ORIENTED_EDGE('',*,*,#11212,.F.);
#11212 = EDGE_CURVE('',#11084,#11185,#11213,.T.);
#11213 = SURFACE_CURVE('',#11214,(#11218,#11224),.PCURVE_S1.);
#11214 = LINE('',#11215,#11216);
#11215 = CARTESIAN_POINT('',(-30.5,-65.2,5.2));
#11216 = VECTOR('',#11217,1.);
#11217 = DIRECTION('',(-1.,0.,0.));
#11218 = PCURVE('',#11101,#11219);
#11219 = DEFINITIONAL_REPRESENTATION('',(#11220),#11223);
#11220 = B_SPLINE_CURVE_WITH_KNOTS('',1,(#11221,#11222),.UNSPECIFIED.,
  .F.,.F.,(2,2),(-10.5,-1.5),.PIECEWISE_BEZIER_KNOTS.);
#11221 = CARTESIAN_POINT('',(12.,-4.7));
#11222 = CARTESIAN_POINT('',(3.,-4.7));
#11223 = ( GEOMETRIC_REPRESENTATION_CONTEXT(2) 
PARAMETRIC_REPRESENTATION_CONTEXT() REPRESENTATION_CONTEXT('2D SPACE',''
  ) );
#11224 = PCURVE('',#1444,#11225);
#11225 = DEFINITIONAL_REPRESENTATION('',(#11226),#11230);
#11226 = LINE('',#11227,#11228);
#11227 = CARTESIAN_POINT('',(-1.5,-3.4));
#11228 = VECTOR('',#11229,1.);
#11229 = DIRECTION('',(-1.,0.));
#11230 = ( GEOMETRIC_REPRESENTATION_CONTEXT(2) 
PARAMETRIC_REPRESENTATION_CONTEXT() REPRESENTATION_CONTEXT('2D SPACE',''
  ) );
#11231 = ORIENTED_EDGE('',*,*,#11083,.T.);
#11232 = ADVANCED_FACE('',(#11233),#11200,.F.);
#11233 = FACE_BOUND('',#11234,.F.);
#11234 = EDGE_LOOP('',(#11235,#11236,#11258,#11286));
#11235 = ORIENTED_EDGE('',*,*,#11184,.F.);
#11236 = ORIENTED_EDGE('',*,*,#11237,.F.);
#11237 = EDGE_CURVE('',#11238,#11185,#11240,.T.);
#11238 = VERTEX_POINT('',#11239);
#11239 = CARTESIAN_POINT('',(-26.5,-65.2,1.8));
#11240 = SURFACE_CURVE('',#11241,(#11245,#11251),.PCURVE_S1.);
#11241 = LINE('',#11242,#11243);
#11242 = CARTESIAN_POINT('',(-26.5,-65.2,1.8));
#11243 = VECTOR('',#11244,1.);
#11244 = DIRECTION('',(0.,-0.,1.));
#11245 = PCURVE('',#11200,#11246);
#11246 = DEFINITIONAL_REPRESENTATION('',(#11247),#11250);
#11247 = B_SPLINE_CURVE_WITH_KNOTS('',1,(#11248,#11249),.UNSPECIFIED.,
  .F.,.F.,(2,2),(0.,3.4),.PIECEWISE_BEZIER_KNOTS.);
#11248 = CARTESIAN_POINT('',(0.,-0.8));
#11249 = CARTESIAN_POINT('',(3.4,-0.8));
#11250 = ( GEOMETRIC_REPRESENTATION_CONTEXT(2) 
PARAMETRIC_REPRESENTATION_CONTEXT() REPRESENTATION_CONTEXT('2D SPACE',''
  ) );
#11251 = PCURVE('',#1444,#11252);
#11252 = DEFINITIONAL_REPRESENTATION('',(#11253),#11257);
#11253 = LINE('',#11254,#11255);
#11254 = CARTESIAN_POINT('',(2.5,0.));
#11255 = VECTOR('',#11256,1.);
#11256 = DIRECTION('',(0.,-1.));
#11257 = ( GEOMETRIC_REPRESENTATION_CONTEXT(2) 
PARAMETRIC_REPRESENTATION_CONTEXT() REPRESENTATION_CONTEXT('2D SPACE',''
  ) );
#11258 = ORIENTED_EDGE('',*,*,#11259,.T.);
#11259 = EDGE_CURVE('',#11238,#11260,#11262,.T.);
#11260 = VERTEX_POINT('',#11261);
#11261 = CARTESIAN_POINT('',(-26.5,-62.44948974278,1.8));
#11262 = SURFACE_CURVE('',#11263,(#11267,#11274),.PCURVE_S1.);
#11263 = LINE('',#11264,#11265);
#11264 = CARTESIAN_POINT('',(-26.5,-66.,1.8));
#11265 = VECTOR('',#11266,1.);
#11266 = DIRECTION('',(-0.,1.,0.));
#11267 = PCURVE('',#11200,#11268);
#11268 = DEFINITIONAL_REPRESENTATION('',(#11269),#11273);
#11269 = LINE('',#11270,#11271);
#11270 = CARTESIAN_POINT('',(0.,0.));
#11271 = VECTOR('',#11272,1.);
#11272 = DIRECTION('',(0.,-1.));
#11273 = ( GEOMETRIC_REPRESENTATION_CONTEXT(2) 
PARAMETRIC_REPRESENTATION_CONTEXT() REPRESENTATION_CONTEXT('2D SPACE',''
  ) );
#11274 = PCURVE('',#11275,#11280);
#11275 = PLANE('',#11276);
#11276 = AXIS2_PLACEMENT_3D('',#11277,#11278,#11279);
#11277 = CARTESIAN_POINT('',(-5.835800400434E-10,1.068989473817E-02,1.8)
  );
#11278 = DIRECTION('',(0.,0.,1.));
#11279 = DIRECTION('',(1.,0.,-0.));
#11280 = DEFINITIONAL_REPRESENTATION('',(#11281),#11285);
#11281 = LINE('',#11282,#11283);
#11282 = CARTESIAN_POINT('',(-26.49999999941,-66.01068989473));
#11283 = VECTOR('',#11284,1.);
#11284 = DIRECTION('',(0.,1.));
#11285 = ( GEOMETRIC_REPRESENTATION_CONTEXT(2) 
PARAMETRIC_REPRESENTATION_CONTEXT() REPRESENTATION_CONTEXT('2D SPACE',''
  ) );
#11286 = ORIENTED_EDGE('',*,*,#11287,.F.);
#11287 = EDGE_CURVE('',#11157,#11260,#11288,.T.);
#11288 = SURFACE_CURVE('',#11289,(#11293,#11299),.PCURVE_S1.);
#11289 = LINE('',#11290,#11291);
#11290 = CARTESIAN_POINT('',(-26.5,-62.44948974278,1.8));
#11291 = VECTOR('',#11292,1.);
#11292 = DIRECTION('',(-0.,-0.,-1.));
#11293 = PCURVE('',#11200,#11294);
#11294 = DEFINITIONAL_REPRESENTATION('',(#11295),#11298);
#11295 = B_SPLINE_CURVE_WITH_KNOTS('',1,(#11296,#11297),.UNSPECIFIED.,
  .F.,.F.,(2,2),(-3.74,2.400000000069E-06),.PIECEWISE_BEZIER_KNOTS.);
#11296 = CARTESIAN_POINT('',(3.74,-3.550510257217));
#11297 = CARTESIAN_POINT('',(-2.400000000069E-06,-3.550510257217));
#11298 = ( GEOMETRIC_REPRESENTATION_CONTEXT(2) 
PARAMETRIC_REPRESENTATION_CONTEXT() REPRESENTATION_CONTEXT('2D SPACE',''
  ) );
#11299 = PCURVE('',#3170,#11300);
#11300 = DEFINITIONAL_REPRESENTATION('',(#11301),#11304);
#11301 = B_SPLINE_CURVE_WITH_KNOTS('',1,(#11302,#11303),.UNSPECIFIED.,
  .F.,.F.,(2,2),(-3.74,2.400000000069E-06),.PIECEWISE_BEZIER_KNOTS.);
#11302 = CARTESIAN_POINT('',(-4.511031059594,-3.74));
#11303 = CARTESIAN_POINT('',(-4.511031059594,2.400000000069E-06));
#11304 = ( GEOMETRIC_REPRESENTATION_CONTEXT(2) 
PARAMETRIC_REPRESENTATION_CONTEXT() REPRESENTATION_CONTEXT('2D SPACE',''
  ) );
#11305 = ADVANCED_FACE('',(#11306),#11275,.T.);
#11306 = FACE_BOUND('',#11307,.T.);
#11307 = EDGE_LOOP('',(#11308,#11333,#11361,#11382,#11383,#11407));
#11308 = ORIENTED_EDGE('',*,*,#11309,.F.);
#11309 = EDGE_CURVE('',#11310,#11312,#11314,.T.);
#11310 = VERTEX_POINT('',#11311);
#11311 = CARTESIAN_POINT('',(-31.2,-63.,1.8));
#11312 = VERTEX_POINT('',#11313);
#11313 = CARTESIAN_POINT('',(-31.2,-60.5,1.8));
#11314 = SURFACE_CURVE('',#11315,(#11319,#11326),.PCURVE_S1.);
#11315 = LINE('',#11316,#11317);
#11316 = CARTESIAN_POINT('',(-31.2,0.,1.8));
#11317 = VECTOR('',#11318,1.);
#11318 = DIRECTION('',(0.,1.,0.));
#11319 = PCURVE('',#11275,#11320);
#11320 = DEFINITIONAL_REPRESENTATION('',(#11321),#11325);
#11321 = LINE('',#11322,#11323);
#11322 = CARTESIAN_POINT('',(-31.19999999941,-1.068989473817E-02));
#11323 = VECTOR('',#11324,1.);
#11324 = DIRECTION('',(0.,1.));
#11325 = ( GEOMETRIC_REPRESENTATION_CONTEXT(2) 
PARAMETRIC_REPRESENTATION_CONTEXT() REPRESENTATION_CONTEXT('2D SPACE',''
  ) );
#11326 = PCURVE('',#912,#11327);
#11327 = DEFINITIONAL_REPRESENTATION('',(#11328),#11332);
#11328 = LINE('',#11329,#11330);
#11329 = CARTESIAN_POINT('',(63.000000000001,0.));
#11330 = VECTOR('',#11331,1.);
#11331 = DIRECTION('',(1.,0.));
#11332 = ( GEOMETRIC_REPRESENTATION_CONTEXT(2) 
PARAMETRIC_REPRESENTATION_CONTEXT() REPRESENTATION_CONTEXT('2D SPACE',''
  ) );
#11333 = ORIENTED_EDGE('',*,*,#11334,.F.);
#11334 = EDGE_CURVE('',#11335,#11310,#11337,.T.);
#11335 = VERTEX_POINT('',#11336);
#11336 = CARTESIAN_POINT('',(-29.,-65.2,1.8));
#11337 = SURFACE_CURVE('',#11338,(#11343,#11354),.PCURVE_S1.);
#11338 = CIRCLE('',#11339,2.2);
#11339 = AXIS2_PLACEMENT_3D('',#11340,#11341,#11342);
#11340 = CARTESIAN_POINT('',(-29.,-63.,1.8));
#11341 = DIRECTION('',(0.,0.,-1.));
#11342 = DIRECTION('',(-1.,0.,0.));
#11343 = PCURVE('',#11275,#11344);
#11344 = DEFINITIONAL_REPRESENTATION('',(#11345),#11353);
#11345 = ( BOUNDED_CURVE() B_SPLINE_CURVE(2,(#11346,#11347,#11348,#11349
    ,#11350,#11351,#11352),.UNSPECIFIED.,.T.,.F.) 
B_SPLINE_CURVE_WITH_KNOTS((1,2,2,2,2,1),(-2.094395102393,0.,
    2.094395102393,4.188790204786,6.28318530718,8.377580409573),
.UNSPECIFIED.) CURVE() GEOMETRIC_REPRESENTATION_ITEM() 
RATIONAL_B_SPLINE_CURVE((1.,0.5,1.,0.5,1.,0.5,1.)) REPRESENTATION_ITEM(
  '') );
#11346 = CARTESIAN_POINT('',(-31.19999999941,-63.01068989473));
#11347 = CARTESIAN_POINT('',(-31.19999999941,-59.20017811808));
#11348 = CARTESIAN_POINT('',(-27.89999999941,-61.10543400641));
#11349 = CARTESIAN_POINT('',(-24.59999999941,-63.01068989473));
#11350 = CARTESIAN_POINT('',(-27.89999999941,-64.91594578306));
#11351 = CARTESIAN_POINT('',(-31.19999999941,-66.82120167139));
#11352 = CARTESIAN_POINT('',(-31.19999999941,-63.01068989473));
#11353 = ( GEOMETRIC_REPRESENTATION_CONTEXT(2) 
PARAMETRIC_REPRESENTATION_CONTEXT() REPRESENTATION_CONTEXT('2D SPACE',''
  ) );
#11354 = PCURVE('',#1474,#11355);
#11355 = DEFINITIONAL_REPRESENTATION('',(#11356),#11360);
#11356 = LINE('',#11357,#11358);
#11357 = CARTESIAN_POINT('',(0.,0.));
#11358 = VECTOR('',#11359,1.);
#11359 = DIRECTION('',(1.,0.));
#11360 = ( GEOMETRIC_REPRESENTATION_CONTEXT(2) 
PARAMETRIC_REPRESENTATION_CONTEXT() REPRESENTATION_CONTEXT('2D SPACE',''
  ) );
#11361 = ORIENTED_EDGE('',*,*,#11362,.T.);
#11362 = EDGE_CURVE('',#11335,#11238,#11363,.T.);
#11363 = SURFACE_CURVE('',#11364,(#11368,#11375),.PCURVE_S1.);
#11364 = LINE('',#11365,#11366);
#11365 = CARTESIAN_POINT('',(0.,-65.2,1.8));
#11366 = VECTOR('',#11367,1.);
#11367 = DIRECTION('',(1.,0.,0.));
#11368 = PCURVE('',#11275,#11369);
#11369 = DEFINITIONAL_REPRESENTATION('',(#11370),#11374);
#11370 = LINE('',#11371,#11372);
#11371 = CARTESIAN_POINT('',(5.835800400434E-10,-65.21068989473));
#11372 = VECTOR('',#11373,1.);
#11373 = DIRECTION('',(1.,0.));
#11374 = ( GEOMETRIC_REPRESENTATION_CONTEXT(2) 
PARAMETRIC_REPRESENTATION_CONTEXT() REPRESENTATION_CONTEXT('2D SPACE',''
  ) );
#11375 = PCURVE('',#1444,#11376);
#11376 = DEFINITIONAL_REPRESENTATION('',(#11377),#11381);
#11377 = LINE('',#11378,#11379);
#11378 = CARTESIAN_POINT('',(29.,0.));
#11379 = VECTOR('',#11380,1.);
#11380 = DIRECTION('',(1.,0.));
#11381 = ( GEOMETRIC_REPRESENTATION_CONTEXT(2) 
PARAMETRIC_REPRESENTATION_CONTEXT() REPRESENTATION_CONTEXT('2D SPACE',''
  ) );
#11382 = ORIENTED_EDGE('',*,*,#11259,.T.);
#11383 = ORIENTED_EDGE('',*,*,#11384,.F.);
#11384 = EDGE_CURVE('',#11385,#11260,#11387,.T.);
#11385 = VERTEX_POINT('',#11386);
#11386 = CARTESIAN_POINT('',(-28.44948974278,-60.5,1.8));
#11387 = SURFACE_CURVE('',#11388,(#11393,#11400),.PCURVE_S1.);
#11388 = CIRCLE('',#11389,2.5);
#11389 = AXIS2_PLACEMENT_3D('',#11390,#11391,#11392);
#11390 = CARTESIAN_POINT('',(-26.,-60.,1.8));
#11391 = DIRECTION('',(0.,0.,1.));
#11392 = DIRECTION('',(1.,0.,-0.));
#11393 = PCURVE('',#11275,#11394);
#11394 = DEFINITIONAL_REPRESENTATION('',(#11395),#11399);
#11395 = CIRCLE('',#11396,2.5);
#11396 = AXIS2_PLACEMENT_2D('',#11397,#11398);
#11397 = CARTESIAN_POINT('',(-25.99999999941,-60.01068989473));
#11398 = DIRECTION('',(1.,0.));
#11399 = ( GEOMETRIC_REPRESENTATION_CONTEXT(2) 
PARAMETRIC_REPRESENTATION_CONTEXT() REPRESENTATION_CONTEXT('2D SPACE',''
  ) );
#11400 = PCURVE('',#3170,#11401);
#11401 = DEFINITIONAL_REPRESENTATION('',(#11402),#11406);
#11402 = LINE('',#11403,#11404);
#11403 = CARTESIAN_POINT('',(-0.,0.));
#11404 = VECTOR('',#11405,1.);
#11405 = DIRECTION('',(-1.,0.));
#11406 = ( GEOMETRIC_REPRESENTATION_CONTEXT(2) 
PARAMETRIC_REPRESENTATION_CONTEXT() REPRESENTATION_CONTEXT('2D SPACE',''
  ) );
#11407 = ORIENTED_EDGE('',*,*,#11408,.F.);
#11408 = EDGE_CURVE('',#11312,#11385,#11409,.T.);
#11409 = SURFACE_CURVE('',#11410,(#11414,#11421),.PCURVE_S1.);
#11410 = LINE('',#11411,#11412);
#11411 = CARTESIAN_POINT('',(-32.,-60.5,1.8));
#11412 = VECTOR('',#11413,1.);
#11413 = DIRECTION('',(1.,0.,-0.));
#11414 = PCURVE('',#11275,#11415);
#11415 = DEFINITIONAL_REPRESENTATION('',(#11416),#11420);
#11416 = LINE('',#11417,#11418);
#11417 = CARTESIAN_POINT('',(-31.99999999941,-60.51068989473));
#11418 = VECTOR('',#11419,1.);
#11419 = DIRECTION('',(1.,0.));
#11420 = ( GEOMETRIC_REPRESENTATION_CONTEXT(2) 
PARAMETRIC_REPRESENTATION_CONTEXT() REPRESENTATION_CONTEXT('2D SPACE',''
  ) );
#11421 = PCURVE('',#11422,#11427);
#11422 = PLANE('',#11423);
#11423 = AXIS2_PLACEMENT_3D('',#11424,#11425,#11426);
#11424 = CARTESIAN_POINT('',(-32.,-60.5,1.8));
#11425 = DIRECTION('',(-0.,1.,0.));
#11426 = DIRECTION('',(0.,0.,1.));
#11427 = DEFINITIONAL_REPRESENTATION('',(#11428),#11432);
#11428 = LINE('',#11429,#11430);
#11429 = CARTESIAN_POINT('',(0.,0.));
#11430 = VECTOR('',#11431,1.);
#11431 = DIRECTION('',(0.,1.));
#11432 = ( GEOMETRIC_REPRESENTATION_CONTEXT(2) 
PARAMETRIC_REPRESENTATION_CONTEXT() REPRESENTATION_CONTEXT('2D SPACE',''
  ) );
#11433 = ADVANCED_FACE('',(#11434),#11422,.F.);
#11434 = FACE_BOUND('',#11435,.F.);
#11435 = EDGE_LOOP('',(#11436,#11437,#11459,#11487));
#11436 = ORIENTED_EDGE('',*,*,#11408,.F.);
#11437 = ORIENTED_EDGE('',*,*,#11438,.T.);
#11438 = EDGE_CURVE('',#11312,#11439,#11441,.T.);
#11439 = VERTEX_POINT('',#11440);
#11440 = CARTESIAN_POINT('',(-31.2,-60.5,5.2));
#11441 = SURFACE_CURVE('',#11442,(#11446,#11452),.PCURVE_S1.);
#11442 = LINE('',#11443,#11444);
#11443 = CARTESIAN_POINT('',(-31.2,-60.5,1.8));
#11444 = VECTOR('',#11445,1.);
#11445 = DIRECTION('',(0.,0.,1.));
#11446 = PCURVE('',#11422,#11447);
#11447 = DEFINITIONAL_REPRESENTATION('',(#11448),#11451);
#11448 = B_SPLINE_CURVE_WITH_KNOTS('',1,(#11449,#11450),.UNSPECIFIED.,
  .F.,.F.,(2,2),(0.,3.4),.PIECEWISE_BEZIER_KNOTS.);
#11449 = CARTESIAN_POINT('',(0.,0.8));
#11450 = CARTESIAN_POINT('',(3.4,0.8));
#11451 = ( GEOMETRIC_REPRESENTATION_CONTEXT(2) 
PARAMETRIC_REPRESENTATION_CONTEXT() REPRESENTATION_CONTEXT('2D SPACE',''
  ) );
#11452 = PCURVE('',#912,#11453);
#11453 = DEFINITIONAL_REPRESENTATION('',(#11454),#11458);
#11454 = LINE('',#11455,#11456);
#11455 = CARTESIAN_POINT('',(2.500000000001,0.));
#11456 = VECTOR('',#11457,1.);
#11457 = DIRECTION('',(0.,-1.));
#11458 = ( GEOMETRIC_REPRESENTATION_CONTEXT(2) 
PARAMETRIC_REPRESENTATION_CONTEXT() REPRESENTATION_CONTEXT('2D SPACE',''
  ) );
#11459 = ORIENTED_EDGE('',*,*,#11460,.T.);
#11460 = EDGE_CURVE('',#11439,#11461,#11463,.T.);
#11461 = VERTEX_POINT('',#11462);
#11462 = CARTESIAN_POINT('',(-28.44948974278,-60.5,5.2));
#11463 = SURFACE_CURVE('',#11464,(#11468,#11475),.PCURVE_S1.);
#11464 = LINE('',#11465,#11466);
#11465 = CARTESIAN_POINT('',(-32.,-60.5,5.2));
#11466 = VECTOR('',#11467,1.);
#11467 = DIRECTION('',(1.,0.,-0.));
#11468 = PCURVE('',#11422,#11469);
#11469 = DEFINITIONAL_REPRESENTATION('',(#11470),#11474);
#11470 = LINE('',#11471,#11472);
#11471 = CARTESIAN_POINT('',(3.4,0.));
#11472 = VECTOR('',#11473,1.);
#11473 = DIRECTION('',(0.,1.));
#11474 = ( GEOMETRIC_REPRESENTATION_CONTEXT(2) 
PARAMETRIC_REPRESENTATION_CONTEXT() REPRESENTATION_CONTEXT('2D SPACE',''
  ) );
#11475 = PCURVE('',#11476,#11481);
#11476 = PLANE('',#11477);
#11477 = AXIS2_PLACEMENT_3D('',#11478,#11479,#11480);
#11478 = CARTESIAN_POINT('',(-32.,-60.5,5.2));
#11479 = DIRECTION('',(0.,0.,1.));
#11480 = DIRECTION('',(1.,0.,-0.));
#11481 = DEFINITIONAL_REPRESENTATION('',(#11482),#11486);
#11482 = LINE('',#11483,#11484);
#11483 = CARTESIAN_POINT('',(0.,0.));
#11484 = VECTOR('',#11485,1.);
#11485 = DIRECTION('',(1.,0.));
#11486 = ( GEOMETRIC_REPRESENTATION_CONTEXT(2) 
PARAMETRIC_REPRESENTATION_CONTEXT() REPRESENTATION_CONTEXT('2D SPACE',''
  ) );
#11487 = ORIENTED_EDGE('',*,*,#11488,.T.);
#11488 = EDGE_CURVE('',#11461,#11385,#11489,.T.);
#11489 = SURFACE_CURVE('',#11490,(#11494,#11500),.PCURVE_S1.);
#11490 = LINE('',#11491,#11492);
#11491 = CARTESIAN_POINT('',(-28.44948974278,-60.5,1.8));
#11492 = VECTOR('',#11493,1.);
#11493 = DIRECTION('',(-0.,-0.,-1.));
#11494 = PCURVE('',#11422,#11495);
#11495 = DEFINITIONAL_REPRESENTATION('',(#11496),#11499);
#11496 = B_SPLINE_CURVE_WITH_KNOTS('',1,(#11497,#11498),.UNSPECIFIED.,
  .F.,.F.,(2,2),(-3.74,2.400000000069E-06),.PIECEWISE_BEZIER_KNOTS.);
#11497 = CARTESIAN_POINT('',(3.74,3.550510257217));
#11498 = CARTESIAN_POINT('',(-2.400000000069E-06,3.550510257217));
#11499 = ( GEOMETRIC_REPRESENTATION_CONTEXT(2) 
PARAMETRIC_REPRESENTATION_CONTEXT() REPRESENTATION_CONTEXT('2D SPACE',''
  ) );
#11500 = PCURVE('',#3170,#11501);
#11501 = DEFINITIONAL_REPRESENTATION('',(#11502),#11505);
#11502 = B_SPLINE_CURVE_WITH_KNOTS('',1,(#11503,#11504),.UNSPECIFIED.,
  .F.,.F.,(2,2),(-3.74,2.400000000069E-06),.PIECEWISE_BEZIER_KNOTS.);
#11503 = CARTESIAN_POINT('',(-3.34295057438,-3.74));
#11504 = CARTESIAN_POINT('',(-3.34295057438,2.400000000069E-06));
#11505 = ( GEOMETRIC_REPRESENTATION_CONTEXT(2) 
PARAMETRIC_REPRESENTATION_CONTEXT() REPRESENTATION_CONTEXT('2D SPACE',''
  ) );
#11506 = ADVANCED_FACE('',(#11507),#11476,.T.);
#11507 = FACE_BOUND('',#11508,.T.);
#11508 = EDGE_LOOP('',(#11509,#11534,#11554,#11555));
#11509 = ORIENTED_EDGE('',*,*,#11510,.F.);
#11510 = EDGE_CURVE('',#11511,#11513,#11515,.T.);
#11511 = VERTEX_POINT('',#11512);
#11512 = CARTESIAN_POINT('',(-31.2,-59.5,5.2));
#11513 = VERTEX_POINT('',#11514);
#11514 = CARTESIAN_POINT('',(-28.44948974278,-59.5,5.2));
#11515 = SURFACE_CURVE('',#11516,(#11520,#11527),.PCURVE_S1.);
#11516 = LINE('',#11517,#11518);
#11517 = CARTESIAN_POINT('',(-32.,-59.5,5.2));
#11518 = VECTOR('',#11519,1.);
#11519 = DIRECTION('',(1.,0.,-0.));
#11520 = PCURVE('',#11476,#11521);
#11521 = DEFINITIONAL_REPRESENTATION('',(#11522),#11526);
#11522 = LINE('',#11523,#11524);
#11523 = CARTESIAN_POINT('',(0.,1.));
#11524 = VECTOR('',#11525,1.);
#11525 = DIRECTION('',(1.,0.));
#11526 = ( GEOMETRIC_REPRESENTATION_CONTEXT(2) 
PARAMETRIC_REPRESENTATION_CONTEXT() REPRESENTATION_CONTEXT('2D SPACE',''
  ) );
#11527 = PCURVE('',#3141,#11528);
#11528 = DEFINITIONAL_REPRESENTATION('',(#11529),#11533);
#11529 = LINE('',#11530,#11531);
#11530 = CARTESIAN_POINT('',(3.4,0.));
#11531 = VECTOR('',#11532,1.);
#11532 = DIRECTION('',(0.,1.));
#11533 = ( GEOMETRIC_REPRESENTATION_CONTEXT(2) 
PARAMETRIC_REPRESENTATION_CONTEXT() REPRESENTATION_CONTEXT('2D SPACE',''
  ) );
#11534 = ORIENTED_EDGE('',*,*,#11535,.T.);
#11535 = EDGE_CURVE('',#11511,#11439,#11536,.T.);
#11536 = SURFACE_CURVE('',#11537,(#11541,#11547),.PCURVE_S1.);
#11537 = LINE('',#11538,#11539);
#11538 = CARTESIAN_POINT('',(-31.2,-61.75,5.2));
#11539 = VECTOR('',#11540,1.);
#11540 = DIRECTION('',(0.,-1.,0.));
#11541 = PCURVE('',#11476,#11542);
#11542 = DEFINITIONAL_REPRESENTATION('',(#11543),#11546);
#11543 = B_SPLINE_CURVE_WITH_KNOTS('',1,(#11544,#11545),.UNSPECIFIED.,
  .F.,.F.,(2,2),(-4.25,1.25),.PIECEWISE_BEZIER_KNOTS.);
#11544 = CARTESIAN_POINT('',(0.8,3.));
#11545 = CARTESIAN_POINT('',(0.8,-2.500000000001));
#11546 = ( GEOMETRIC_REPRESENTATION_CONTEXT(2) 
PARAMETRIC_REPRESENTATION_CONTEXT() REPRESENTATION_CONTEXT('2D SPACE',''
  ) );
#11547 = PCURVE('',#912,#11548);
#11548 = DEFINITIONAL_REPRESENTATION('',(#11549),#11553);
#11549 = LINE('',#11550,#11551);
#11550 = CARTESIAN_POINT('',(1.25,-3.4));
#11551 = VECTOR('',#11552,1.);
#11552 = DIRECTION('',(-1.,0.));
#11553 = ( GEOMETRIC_REPRESENTATION_CONTEXT(2) 
PARAMETRIC_REPRESENTATION_CONTEXT() REPRESENTATION_CONTEXT('2D SPACE',''
  ) );
#11554 = ORIENTED_EDGE('',*,*,#11460,.T.);
#11555 = ORIENTED_EDGE('',*,*,#11556,.T.);
#11556 = EDGE_CURVE('',#11461,#11513,#11557,.T.);
#11557 = SURFACE_CURVE('',#11558,(#11563,#11574),.PCURVE_S1.);
#11558 = CIRCLE('',#11559,2.5);
#11559 = AXIS2_PLACEMENT_3D('',#11560,#11561,#11562);
#11560 = CARTESIAN_POINT('',(-26.,-60.,5.2));
#11561 = DIRECTION('',(0.,-0.,-1.));
#11562 = DIRECTION('',(1.,0.,-0.));
#11563 = PCURVE('',#11476,#11564);
#11564 = DEFINITIONAL_REPRESENTATION('',(#11565),#11573);
#11565 = ( BOUNDED_CURVE() B_SPLINE_CURVE(2,(#11566,#11567,#11568,#11569
    ,#11570,#11571,#11572),.UNSPECIFIED.,.T.,.F.) 
B_SPLINE_CURVE_WITH_KNOTS((1,2,2,2,2,1),(-2.094395102393,0.,
    2.094395102393,4.188790204786,6.28318530718,8.377580409573),
.UNSPECIFIED.) CURVE() GEOMETRIC_REPRESENTATION_ITEM() 
RATIONAL_B_SPLINE_CURVE((1.,0.5,1.,0.5,1.,0.5,1.)) REPRESENTATION_ITEM(
  '') );
#11566 = CARTESIAN_POINT('',(8.5,0.5));
#11567 = CARTESIAN_POINT('',(8.5,-3.830127018922));
#11568 = CARTESIAN_POINT('',(4.75,-1.665063509461));
#11569 = CARTESIAN_POINT('',(1.,0.5));
#11570 = CARTESIAN_POINT('',(4.75,2.665063509461));
#11571 = CARTESIAN_POINT('',(8.5,4.830127018922));
#11572 = CARTESIAN_POINT('',(8.5,0.5));
#11573 = ( GEOMETRIC_REPRESENTATION_CONTEXT(2) 
PARAMETRIC_REPRESENTATION_CONTEXT() REPRESENTATION_CONTEXT('2D SPACE',''
  ) );
#11574 = PCURVE('',#3170,#11575);
#11575 = DEFINITIONAL_REPRESENTATION('',(#11576),#11580);
#11576 = LINE('',#11577,#11578);
#11577 = CARTESIAN_POINT('',(-6.28318530718,-3.4));
#11578 = VECTOR('',#11579,1.);
#11579 = DIRECTION('',(1.,-0.));
#11580 = ( GEOMETRIC_REPRESENTATION_CONTEXT(2) 
PARAMETRIC_REPRESENTATION_CONTEXT() REPRESENTATION_CONTEXT('2D SPACE',''
  ) );
#11581 = ADVANCED_FACE('',(#11582),#4159,.T.);
#11582 = FACE_BOUND('',#11583,.T.);
#11583 = EDGE_LOOP('',(#11584,#11614,#11635,#11636));
#11584 = ORIENTED_EDGE('',*,*,#11585,.F.);
#11585 = EDGE_CURVE('',#11586,#11588,#11590,.T.);
#11586 = VERTEX_POINT('',#11587);
#11587 = CARTESIAN_POINT('',(-25.5,54.,5.2));
#11588 = VERTEX_POINT('',#11589);
#11589 = CARTESIAN_POINT('',(-25.5,57.550510257217,5.2));
#11590 = SURFACE_CURVE('',#11591,(#11595,#11602),.PCURVE_S1.);
#11591 = LINE('',#11592,#11593);
#11592 = CARTESIAN_POINT('',(-25.5,54.,5.2));
#11593 = VECTOR('',#11594,1.);
#11594 = DIRECTION('',(-0.,1.,0.));
#11595 = PCURVE('',#4159,#11596);
#11596 = DEFINITIONAL_REPRESENTATION('',(#11597),#11601);
#11597 = LINE('',#11598,#11599);
#11598 = CARTESIAN_POINT('',(3.4,0.));
#11599 = VECTOR('',#11600,1.);
#11600 = DIRECTION('',(0.,-1.));
#11601 = ( GEOMETRIC_REPRESENTATION_CONTEXT(2) 
PARAMETRIC_REPRESENTATION_CONTEXT() REPRESENTATION_CONTEXT('2D SPACE',''
  ) );
#11602 = PCURVE('',#11603,#11608);
#11603 = PLANE('',#11604);
#11604 = AXIS2_PLACEMENT_3D('',#11605,#11606,#11607);
#11605 = CARTESIAN_POINT('',(-32.,59.5,5.2));
#11606 = DIRECTION('',(0.,0.,1.));
#11607 = DIRECTION('',(1.,0.,-0.));
#11608 = DEFINITIONAL_REPRESENTATION('',(#11609),#11613);
#11609 = LINE('',#11610,#11611);
#11610 = CARTESIAN_POINT('',(6.5,-5.5));
#11611 = VECTOR('',#11612,1.);
#11612 = DIRECTION('',(0.,1.));
#11613 = ( GEOMETRIC_REPRESENTATION_CONTEXT(2) 
PARAMETRIC_REPRESENTATION_CONTEXT() REPRESENTATION_CONTEXT('2D SPACE',''
  ) );
#11614 = ORIENTED_EDGE('',*,*,#11615,.F.);
#11615 = EDGE_CURVE('',#4144,#11586,#11616,.T.);
#11616 = SURFACE_CURVE('',#11617,(#11621,#11628),.PCURVE_S1.);
#11617 = LINE('',#11618,#11619);
#11618 = CARTESIAN_POINT('',(-25.5,54.,1.8));
#11619 = VECTOR('',#11620,1.);
#11620 = DIRECTION('',(0.,0.,1.));
#11621 = PCURVE('',#4159,#11622);
#11622 = DEFINITIONAL_REPRESENTATION('',(#11623),#11627);
#11623 = LINE('',#11624,#11625);
#11624 = CARTESIAN_POINT('',(0.,0.));
#11625 = VECTOR('',#11626,1.);
#11626 = DIRECTION('',(1.,0.));
#11627 = ( GEOMETRIC_REPRESENTATION_CONTEXT(2) 
PARAMETRIC_REPRESENTATION_CONTEXT() REPRESENTATION_CONTEXT('2D SPACE',''
  ) );
#11628 = PCURVE('',#4187,#11629);
#11629 = DEFINITIONAL_REPRESENTATION('',(#11630),#11634);
#11630 = LINE('',#11631,#11632);
#11631 = CARTESIAN_POINT('',(0.,1.));
#11632 = VECTOR('',#11633,1.);
#11633 = DIRECTION('',(1.,0.));
#11634 = ( GEOMETRIC_REPRESENTATION_CONTEXT(2) 
PARAMETRIC_REPRESENTATION_CONTEXT() REPRESENTATION_CONTEXT('2D SPACE',''
  ) );
#11635 = ORIENTED_EDGE('',*,*,#4143,.T.);
#11636 = ORIENTED_EDGE('',*,*,#11637,.F.);
#11637 = EDGE_CURVE('',#11588,#4120,#11638,.T.);
#11638 = SURFACE_CURVE('',#11639,(#11643,#11649),.PCURVE_S1.);
#11639 = LINE('',#11640,#11641);
#11640 = CARTESIAN_POINT('',(-25.5,57.550510257217,1.8));
#11641 = VECTOR('',#11642,1.);
#11642 = DIRECTION('',(-0.,-0.,-1.));
#11643 = PCURVE('',#4159,#11644);
#11644 = DEFINITIONAL_REPRESENTATION('',(#11645),#11648);
#11645 = B_SPLINE_CURVE_WITH_KNOTS('',1,(#11646,#11647),.UNSPECIFIED.,
  .F.,.F.,(2,2),(-3.74,2.400000000069E-06),.PIECEWISE_BEZIER_KNOTS.);
#11646 = CARTESIAN_POINT('',(3.74,-3.550510257217));
#11647 = CARTESIAN_POINT('',(-2.400000000069E-06,-3.550510257217));
#11648 = ( GEOMETRIC_REPRESENTATION_CONTEXT(2) 
PARAMETRIC_REPRESENTATION_CONTEXT() REPRESENTATION_CONTEXT('2D SPACE',''
  ) );
#11649 = PCURVE('',#4023,#11650);
#11650 = DEFINITIONAL_REPRESENTATION('',(#11651),#11654);
#11651 = B_SPLINE_CURVE_WITH_KNOTS('',1,(#11652,#11653),.UNSPECIFIED.,
  .F.,.F.,(2,2),(-3.74,2.400000000069E-06),.PIECEWISE_BEZIER_KNOTS.);
#11652 = CARTESIAN_POINT('',(-4.913746901175,-3.74));
#11653 = CARTESIAN_POINT('',(-4.913746901175,2.400000000069E-06));
#11654 = ( GEOMETRIC_REPRESENTATION_CONTEXT(2) 
PARAMETRIC_REPRESENTATION_CONTEXT() REPRESENTATION_CONTEXT('2D SPACE',''
  ) );
#11655 = ADVANCED_FACE('',(#11656),#11603,.T.);
#11656 = FACE_BOUND('',#11657,.T.);
#11657 = EDGE_LOOP('',(#11658,#11686,#11709,#11730));
#11658 = ORIENTED_EDGE('',*,*,#11659,.T.);
#11659 = EDGE_CURVE('',#11588,#11660,#11662,.T.);
#11660 = VERTEX_POINT('',#11661);
#11661 = CARTESIAN_POINT('',(-26.5,57.550510257217,5.2));
#11662 = SURFACE_CURVE('',#11663,(#11668,#11679),.PCURVE_S1.);
#11663 = CIRCLE('',#11664,2.5);
#11664 = AXIS2_PLACEMENT_3D('',#11665,#11666,#11667);
#11665 = CARTESIAN_POINT('',(-26.,60.,5.2));
#11666 = DIRECTION('',(0.,-0.,-1.));
#11667 = DIRECTION('',(1.,0.,-0.));
#11668 = PCURVE('',#11603,#11669);
#11669 = DEFINITIONAL_REPRESENTATION('',(#11670),#11678);
#11670 = ( BOUNDED_CURVE() B_SPLINE_CURVE(2,(#11671,#11672,#11673,#11674
    ,#11675,#11676,#11677),.UNSPECIFIED.,.T.,.F.) 
B_SPLINE_CURVE_WITH_KNOTS((1,2,2,2,2,1),(-2.094395102393,0.,
    2.094395102393,4.188790204786,6.28318530718,8.377580409573),
.UNSPECIFIED.) CURVE() GEOMETRIC_REPRESENTATION_ITEM() 
RATIONAL_B_SPLINE_CURVE((1.,0.5,1.,0.5,1.,0.5,1.)) REPRESENTATION_ITEM(
  '') );
#11671 = CARTESIAN_POINT('',(8.5,0.5));
#11672 = CARTESIAN_POINT('',(8.5,-3.830127018922));
#11673 = CARTESIAN_POINT('',(4.75,-1.665063509461));
#11674 = CARTESIAN_POINT('',(1.,0.5));
#11675 = CARTESIAN_POINT('',(4.75,2.665063509461));
#11676 = CARTESIAN_POINT('',(8.5,4.830127018922));
#11677 = CARTESIAN_POINT('',(8.5,0.5));
#11678 = ( GEOMETRIC_REPRESENTATION_CONTEXT(2) 
PARAMETRIC_REPRESENTATION_CONTEXT() REPRESENTATION_CONTEXT('2D SPACE',''
  ) );
#11679 = PCURVE('',#4023,#11680);
#11680 = DEFINITIONAL_REPRESENTATION('',(#11681),#11685);
#11681 = LINE('',#11682,#11683);
#11682 = CARTESIAN_POINT('',(-6.28318530718,-3.4));
#11683 = VECTOR('',#11684,1.);
#11684 = DIRECTION('',(1.,-0.));
#11685 = ( GEOMETRIC_REPRESENTATION_CONTEXT(2) 
PARAMETRIC_REPRESENTATION_CONTEXT() REPRESENTATION_CONTEXT('2D SPACE',''
  ) );
#11686 = ORIENTED_EDGE('',*,*,#11687,.F.);
#11687 = EDGE_CURVE('',#11688,#11660,#11690,.T.);
#11688 = VERTEX_POINT('',#11689);
#11689 = CARTESIAN_POINT('',(-26.5,54.,5.2));
#11690 = SURFACE_CURVE('',#11691,(#11695,#11702),.PCURVE_S1.);
#11691 = LINE('',#11692,#11693);
#11692 = CARTESIAN_POINT('',(-26.5,54.,5.2));
#11693 = VECTOR('',#11694,1.);
#11694 = DIRECTION('',(-0.,1.,0.));
#11695 = PCURVE('',#11603,#11696);
#11696 = DEFINITIONAL_REPRESENTATION('',(#11697),#11701);
#11697 = LINE('',#11698,#11699);
#11698 = CARTESIAN_POINT('',(5.5,-5.5));
#11699 = VECTOR('',#11700,1.);
#11700 = DIRECTION('',(0.,1.));
#11701 = ( GEOMETRIC_REPRESENTATION_CONTEXT(2) 
PARAMETRIC_REPRESENTATION_CONTEXT() REPRESENTATION_CONTEXT('2D SPACE',''
  ) );
#11702 = PCURVE('',#4215,#11703);
#11703 = DEFINITIONAL_REPRESENTATION('',(#11704),#11708);
#11704 = LINE('',#11705,#11706);
#11705 = CARTESIAN_POINT('',(3.4,0.));
#11706 = VECTOR('',#11707,1.);
#11707 = DIRECTION('',(0.,-1.));
#11708 = ( GEOMETRIC_REPRESENTATION_CONTEXT(2) 
PARAMETRIC_REPRESENTATION_CONTEXT() REPRESENTATION_CONTEXT('2D SPACE',''
  ) );
#11709 = ORIENTED_EDGE('',*,*,#11710,.T.);
#11710 = EDGE_CURVE('',#11688,#11586,#11711,.T.);
#11711 = SURFACE_CURVE('',#11712,(#11716,#11723),.PCURVE_S1.);
#11712 = LINE('',#11713,#11714);
#11713 = CARTESIAN_POINT('',(-26.5,54.,5.2));
#11714 = VECTOR('',#11715,1.);
#11715 = DIRECTION('',(1.,0.,-0.));
#11716 = PCURVE('',#11603,#11717);
#11717 = DEFINITIONAL_REPRESENTATION('',(#11718),#11722);
#11718 = LINE('',#11719,#11720);
#11719 = CARTESIAN_POINT('',(5.5,-5.5));
#11720 = VECTOR('',#11721,1.);
#11721 = DIRECTION('',(1.,0.));
#11722 = ( GEOMETRIC_REPRESENTATION_CONTEXT(2) 
PARAMETRIC_REPRESENTATION_CONTEXT() REPRESENTATION_CONTEXT('2D SPACE',''
  ) );
#11723 = PCURVE('',#4187,#11724);
#11724 = DEFINITIONAL_REPRESENTATION('',(#11725),#11729);
#11725 = LINE('',#11726,#11727);
#11726 = CARTESIAN_POINT('',(3.4,0.));
#11727 = VECTOR('',#11728,1.);
#11728 = DIRECTION('',(0.,1.));
#11729 = ( GEOMETRIC_REPRESENTATION_CONTEXT(2) 
PARAMETRIC_REPRESENTATION_CONTEXT() REPRESENTATION_CONTEXT('2D SPACE',''
  ) );
#11730 = ORIENTED_EDGE('',*,*,#11585,.T.);
#11731 = ADVANCED_FACE('',(#11732),#3362,.F.);
#11732 = FACE_BOUND('',#11733,.F.);
#11733 = EDGE_LOOP('',(#11734,#11735,#11756,#11784));
#11734 = ORIENTED_EDGE('',*,*,#3346,.F.);
#11735 = ORIENTED_EDGE('',*,*,#11736,.F.);
#11736 = EDGE_CURVE('',#11737,#3347,#11739,.T.);
#11737 = VERTEX_POINT('',#11738);
#11738 = CARTESIAN_POINT('',(-23.55051025721,-60.5,5.2));
#11739 = SURFACE_CURVE('',#11740,(#11744,#11750),.PCURVE_S1.);
#11740 = LINE('',#11741,#11742);
#11741 = CARTESIAN_POINT('',(-23.55051025721,-60.5,1.8));
#11742 = VECTOR('',#11743,1.);
#11743 = DIRECTION('',(-0.,-0.,-1.));
#11744 = PCURVE('',#3362,#11745);
#11745 = DEFINITIONAL_REPRESENTATION('',(#11746),#11749);
#11746 = B_SPLINE_CURVE_WITH_KNOTS('',1,(#11747,#11748),.UNSPECIFIED.,
  .F.,.F.,(2,2),(-3.74,2.400000000069E-06),.PIECEWISE_BEZIER_KNOTS.);
#11747 = CARTESIAN_POINT('',(3.74,8.449489742783));
#11748 = CARTESIAN_POINT('',(-2.400000000069E-06,8.449489742783));
#11749 = ( GEOMETRIC_REPRESENTATION_CONTEXT(2) 
PARAMETRIC_REPRESENTATION_CONTEXT() REPRESENTATION_CONTEXT('2D SPACE',''
  ) );
#11750 = PCURVE('',#3170,#11751);
#11751 = DEFINITIONAL_REPRESENTATION('',(#11752),#11755);
#11752 = B_SPLINE_CURVE_WITH_KNOTS('',1,(#11753,#11754),.UNSPECIFIED.,
  .F.,.F.,(2,2),(-3.74,2.400000000069E-06),.PIECEWISE_BEZIER_KNOTS.);
#11753 = CARTESIAN_POINT('',(-6.081827386389,-3.74));
#11754 = CARTESIAN_POINT('',(-6.081827386389,2.400000000069E-06));
#11755 = ( GEOMETRIC_REPRESENTATION_CONTEXT(2) 
PARAMETRIC_REPRESENTATION_CONTEXT() REPRESENTATION_CONTEXT('2D SPACE',''
  ) );
#11756 = ORIENTED_EDGE('',*,*,#11757,.T.);
#11757 = EDGE_CURVE('',#11737,#11758,#11760,.T.);
#11758 = VERTEX_POINT('',#11759);
#11759 = CARTESIAN_POINT('',(-20.,-60.5,5.2));
#11760 = SURFACE_CURVE('',#11761,(#11765,#11772),.PCURVE_S1.);
#11761 = LINE('',#11762,#11763);
#11762 = CARTESIAN_POINT('',(-32.,-60.5,5.2));
#11763 = VECTOR('',#11764,1.);
#11764 = DIRECTION('',(1.,0.,-0.));
#11765 = PCURVE('',#3362,#11766);
#11766 = DEFINITIONAL_REPRESENTATION('',(#11767),#11771);
#11767 = LINE('',#11768,#11769);
#11768 = CARTESIAN_POINT('',(3.4,0.));
#11769 = VECTOR('',#11770,1.);
#11770 = DIRECTION('',(0.,1.));
#11771 = ( GEOMETRIC_REPRESENTATION_CONTEXT(2) 
PARAMETRIC_REPRESENTATION_CONTEXT() REPRESENTATION_CONTEXT('2D SPACE',''
  ) );
#11772 = PCURVE('',#11773,#11778);
#11773 = PLANE('',#11774);
#11774 = AXIS2_PLACEMENT_3D('',#11775,#11776,#11777);
#11775 = CARTESIAN_POINT('',(-32.,-60.5,5.2));
#11776 = DIRECTION('',(0.,0.,1.));
#11777 = DIRECTION('',(1.,0.,-0.));
#11778 = DEFINITIONAL_REPRESENTATION('',(#11779),#11783);
#11779 = LINE('',#11780,#11781);
#11780 = CARTESIAN_POINT('',(0.,0.));
#11781 = VECTOR('',#11782,1.);
#11782 = DIRECTION('',(1.,0.));
#11783 = ( GEOMETRIC_REPRESENTATION_CONTEXT(2) 
PARAMETRIC_REPRESENTATION_CONTEXT() REPRESENTATION_CONTEXT('2D SPACE',''
  ) );
#11784 = ORIENTED_EDGE('',*,*,#11785,.F.);
#11785 = EDGE_CURVE('',#3319,#11758,#11786,.T.);
#11786 = SURFACE_CURVE('',#11787,(#11791,#11798),.PCURVE_S1.);
#11787 = LINE('',#11788,#11789);
#11788 = CARTESIAN_POINT('',(-20.,-60.5,1.8));
#11789 = VECTOR('',#11790,1.);
#11790 = DIRECTION('',(0.,0.,1.));
#11791 = PCURVE('',#3362,#11792);
#11792 = DEFINITIONAL_REPRESENTATION('',(#11793),#11797);
#11793 = LINE('',#11794,#11795);
#11794 = CARTESIAN_POINT('',(0.,12.));
#11795 = VECTOR('',#11796,1.);
#11796 = DIRECTION('',(1.,0.));
#11797 = ( GEOMETRIC_REPRESENTATION_CONTEXT(2) 
PARAMETRIC_REPRESENTATION_CONTEXT() REPRESENTATION_CONTEXT('2D SPACE',''
  ) );
#11798 = PCURVE('',#3334,#11799);
#11799 = DEFINITIONAL_REPRESENTATION('',(#11800),#11804);
#11800 = LINE('',#11801,#11802);
#11801 = CARTESIAN_POINT('',(0.,0.));
#11802 = VECTOR('',#11803,1.);
#11803 = DIRECTION('',(1.,0.));
#11804 = ( GEOMETRIC_REPRESENTATION_CONTEXT(2) 
PARAMETRIC_REPRESENTATION_CONTEXT() REPRESENTATION_CONTEXT('2D SPACE',''
  ) );
#11805 = ADVANCED_FACE('',(#11806),#11773,.T.);
#11806 = FACE_BOUND('',#11807,.T.);
#11807 = EDGE_LOOP('',(#11808,#11833,#11861,#11887,#11888));
#11808 = ORIENTED_EDGE('',*,*,#11809,.F.);
#11809 = EDGE_CURVE('',#11810,#11812,#11814,.T.);
#11810 = VERTEX_POINT('',#11811);
#11811 = CARTESIAN_POINT('',(-23.55051025721,-59.5,5.2));
#11812 = VERTEX_POINT('',#11813);
#11813 = CARTESIAN_POINT('',(-20.,-59.5,5.2));
#11814 = SURFACE_CURVE('',#11815,(#11819,#11826),.PCURVE_S1.);
#11815 = LINE('',#11816,#11817);
#11816 = CARTESIAN_POINT('',(-32.,-59.5,5.2));
#11817 = VECTOR('',#11818,1.);
#11818 = DIRECTION('',(1.,0.,-0.));
#11819 = PCURVE('',#11773,#11820);
#11820 = DEFINITIONAL_REPRESENTATION('',(#11821),#11825);
#11821 = LINE('',#11822,#11823);
#11822 = CARTESIAN_POINT('',(0.,1.));
#11823 = VECTOR('',#11824,1.);
#11824 = DIRECTION('',(1.,0.));
#11825 = ( GEOMETRIC_REPRESENTATION_CONTEXT(2) 
PARAMETRIC_REPRESENTATION_CONTEXT() REPRESENTATION_CONTEXT('2D SPACE',''
  ) );
#11826 = PCURVE('',#3306,#11827);
#11827 = DEFINITIONAL_REPRESENTATION('',(#11828),#11832);
#11828 = LINE('',#11829,#11830);
#11829 = CARTESIAN_POINT('',(3.4,0.));
#11830 = VECTOR('',#11831,1.);
#11831 = DIRECTION('',(0.,1.));
#11832 = ( GEOMETRIC_REPRESENTATION_CONTEXT(2) 
PARAMETRIC_REPRESENTATION_CONTEXT() REPRESENTATION_CONTEXT('2D SPACE',''
  ) );
#11833 = ORIENTED_EDGE('',*,*,#11834,.T.);
#11834 = EDGE_CURVE('',#11810,#11835,#11837,.T.);
#11835 = VERTEX_POINT('',#11836);
#11836 = CARTESIAN_POINT('',(-23.5,-60.,5.2));
#11837 = SURFACE_CURVE('',#11838,(#11843,#11854),.PCURVE_S1.);
#11838 = CIRCLE('',#11839,2.5);
#11839 = AXIS2_PLACEMENT_3D('',#11840,#11841,#11842);
#11840 = CARTESIAN_POINT('',(-26.,-60.,5.2));
#11841 = DIRECTION('',(0.,-0.,-1.));
#11842 = DIRECTION('',(1.,0.,-0.));
#11843 = PCURVE('',#11773,#11844);
#11844 = DEFINITIONAL_REPRESENTATION('',(#11845),#11853);
#11845 = ( BOUNDED_CURVE() B_SPLINE_CURVE(2,(#11846,#11847,#11848,#11849
    ,#11850,#11851,#11852),.UNSPECIFIED.,.T.,.F.) 
B_SPLINE_CURVE_WITH_KNOTS((1,2,2,2,2,1),(-2.094395102393,0.,
    2.094395102393,4.188790204786,6.28318530718,8.377580409573),
.UNSPECIFIED.) CURVE() GEOMETRIC_REPRESENTATION_ITEM() 
RATIONAL_B_SPLINE_CURVE((1.,0.5,1.,0.5,1.,0.5,1.)) REPRESENTATION_ITEM(
  '') );
#11846 = CARTESIAN_POINT('',(8.5,0.5));
#11847 = CARTESIAN_POINT('',(8.5,-3.830127018922));
#11848 = CARTESIAN_POINT('',(4.75,-1.665063509461));
#11849 = CARTESIAN_POINT('',(1.,0.5));
#11850 = CARTESIAN_POINT('',(4.75,2.665063509461));
#11851 = CARTESIAN_POINT('',(8.5,4.830127018922));
#11852 = CARTESIAN_POINT('',(8.5,0.5));
#11853 = ( GEOMETRIC_REPRESENTATION_CONTEXT(2) 
PARAMETRIC_REPRESENTATION_CONTEXT() REPRESENTATION_CONTEXT('2D SPACE',''
  ) );
#11854 = PCURVE('',#3170,#11855);
#11855 = DEFINITIONAL_REPRESENTATION('',(#11856),#11860);
#11856 = LINE('',#11857,#11858);
#11857 = CARTESIAN_POINT('',(-6.28318530718,-3.4));
#11858 = VECTOR('',#11859,1.);
#11859 = DIRECTION('',(1.,-0.));
#11860 = ( GEOMETRIC_REPRESENTATION_CONTEXT(2) 
PARAMETRIC_REPRESENTATION_CONTEXT() REPRESENTATION_CONTEXT('2D SPACE',''
  ) );
#11861 = ORIENTED_EDGE('',*,*,#11862,.T.);
#11862 = EDGE_CURVE('',#11835,#11737,#11863,.T.);
#11863 = SURFACE_CURVE('',#11864,(#11869,#11880),.PCURVE_S1.);
#11864 = CIRCLE('',#11865,2.5);
#11865 = AXIS2_PLACEMENT_3D('',#11866,#11867,#11868);
#11866 = CARTESIAN_POINT('',(-26.,-60.,5.2));
#11867 = DIRECTION('',(0.,-0.,-1.));
#11868 = DIRECTION('',(1.,0.,-0.));
#11869 = PCURVE('',#11773,#11870);
#11870 = DEFINITIONAL_REPRESENTATION('',(#11871),#11879);
#11871 = ( BOUNDED_CURVE() B_SPLINE_CURVE(2,(#11872,#11873,#11874,#11875
    ,#11876,#11877,#11878),.UNSPECIFIED.,.T.,.F.) 
B_SPLINE_CURVE_WITH_KNOTS((1,2,2,2,2,1),(-2.094395102393,0.,
    2.094395102393,4.188790204786,6.28318530718,8.377580409573),
.UNSPECIFIED.) CURVE() GEOMETRIC_REPRESENTATION_ITEM() 
RATIONAL_B_SPLINE_CURVE((1.,0.5,1.,0.5,1.,0.5,1.)) REPRESENTATION_ITEM(
  '') );
#11872 = CARTESIAN_POINT('',(8.5,0.5));
#11873 = CARTESIAN_POINT('',(8.5,-3.830127018922));
#11874 = CARTESIAN_POINT('',(4.75,-1.665063509461));
#11875 = CARTESIAN_POINT('',(1.,0.5));
#11876 = CARTESIAN_POINT('',(4.75,2.665063509461));
#11877 = CARTESIAN_POINT('',(8.5,4.830127018922));
#11878 = CARTESIAN_POINT('',(8.5,0.5));
#11879 = ( GEOMETRIC_REPRESENTATION_CONTEXT(2) 
PARAMETRIC_REPRESENTATION_CONTEXT() REPRESENTATION_CONTEXT('2D SPACE',''
  ) );
#11880 = PCURVE('',#3170,#11881);
#11881 = DEFINITIONAL_REPRESENTATION('',(#11882),#11886);
#11882 = LINE('',#11883,#11884);
#11883 = CARTESIAN_POINT('',(-6.28318530718,-3.4));
#11884 = VECTOR('',#11885,1.);
#11885 = DIRECTION('',(1.,-0.));
#11886 = ( GEOMETRIC_REPRESENTATION_CONTEXT(2) 
PARAMETRIC_REPRESENTATION_CONTEXT() REPRESENTATION_CONTEXT('2D SPACE',''
  ) );
#11887 = ORIENTED_EDGE('',*,*,#11757,.T.);
#11888 = ORIENTED_EDGE('',*,*,#11889,.T.);
#11889 = EDGE_CURVE('',#11758,#11812,#11890,.T.);
#11890 = SURFACE_CURVE('',#11891,(#11895,#11902),.PCURVE_S1.);
#11891 = LINE('',#11892,#11893);
#11892 = CARTESIAN_POINT('',(-20.,-60.5,5.2));
#11893 = VECTOR('',#11894,1.);
#11894 = DIRECTION('',(-0.,1.,0.));
#11895 = PCURVE('',#11773,#11896);
#11896 = DEFINITIONAL_REPRESENTATION('',(#11897),#11901);
#11897 = LINE('',#11898,#11899);
#11898 = CARTESIAN_POINT('',(12.,0.));
#11899 = VECTOR('',#11900,1.);
#11900 = DIRECTION('',(0.,1.));
#11901 = ( GEOMETRIC_REPRESENTATION_CONTEXT(2) 
PARAMETRIC_REPRESENTATION_CONTEXT() REPRESENTATION_CONTEXT('2D SPACE',''
  ) );
#11902 = PCURVE('',#3334,#11903);
#11903 = DEFINITIONAL_REPRESENTATION('',(#11904),#11908);
#11904 = LINE('',#11905,#11906);
#11905 = CARTESIAN_POINT('',(3.4,0.));
#11906 = VECTOR('',#11907,1.);
#11907 = DIRECTION('',(0.,-1.));
#11908 = ( GEOMETRIC_REPRESENTATION_CONTEXT(2) 
PARAMETRIC_REPRESENTATION_CONTEXT() REPRESENTATION_CONTEXT('2D SPACE',''
  ) );
#11909 = ADVANCED_FACE('',(#11910),#4187,.F.);
#11910 = FACE_BOUND('',#11911,.F.);
#11911 = EDGE_LOOP('',(#11912,#11913,#11934,#11935));
#11912 = ORIENTED_EDGE('',*,*,#4171,.F.);
#11913 = ORIENTED_EDGE('',*,*,#11914,.T.);
#11914 = EDGE_CURVE('',#4172,#11688,#11915,.T.);
#11915 = SURFACE_CURVE('',#11916,(#11920,#11927),.PCURVE_S1.);
#11916 = LINE('',#11917,#11918);
#11917 = CARTESIAN_POINT('',(-26.5,54.,1.8));
#11918 = VECTOR('',#11919,1.);
#11919 = DIRECTION('',(0.,0.,1.));
#11920 = PCURVE('',#4187,#11921);
#11921 = DEFINITIONAL_REPRESENTATION('',(#11922),#11926);
#11922 = LINE('',#11923,#11924);
#11923 = CARTESIAN_POINT('',(0.,0.));
#11924 = VECTOR('',#11925,1.);
#11925 = DIRECTION('',(1.,0.));
#11926 = ( GEOMETRIC_REPRESENTATION_CONTEXT(2) 
PARAMETRIC_REPRESENTATION_CONTEXT() REPRESENTATION_CONTEXT('2D SPACE',''
  ) );
#11927 = PCURVE('',#4215,#11928);
#11928 = DEFINITIONAL_REPRESENTATION('',(#11929),#11933);
#11929 = LINE('',#11930,#11931);
#11930 = CARTESIAN_POINT('',(0.,0.));
#11931 = VECTOR('',#11932,1.);
#11932 = DIRECTION('',(1.,0.));
#11933 = ( GEOMETRIC_REPRESENTATION_CONTEXT(2) 
PARAMETRIC_REPRESENTATION_CONTEXT() REPRESENTATION_CONTEXT('2D SPACE',''
  ) );
#11934 = ORIENTED_EDGE('',*,*,#11710,.T.);
#11935 = ORIENTED_EDGE('',*,*,#11615,.F.);
#11936 = ADVANCED_FACE('',(#11937),#3334,.T.);
#11937 = FACE_BOUND('',#11938,.T.);
#11938 = EDGE_LOOP('',(#11939,#11940,#11941,#11962));
#11939 = ORIENTED_EDGE('',*,*,#11785,.F.);
#11940 = ORIENTED_EDGE('',*,*,#3318,.T.);
#11941 = ORIENTED_EDGE('',*,*,#11942,.T.);
#11942 = EDGE_CURVE('',#3291,#11812,#11943,.T.);
#11943 = SURFACE_CURVE('',#11944,(#11948,#11955),.PCURVE_S1.);
#11944 = LINE('',#11945,#11946);
#11945 = CARTESIAN_POINT('',(-20.,-59.5,1.8));
#11946 = VECTOR('',#11947,1.);
#11947 = DIRECTION('',(0.,0.,1.));
#11948 = PCURVE('',#3334,#11949);
#11949 = DEFINITIONAL_REPRESENTATION('',(#11950),#11954);
#11950 = LINE('',#11951,#11952);
#11951 = CARTESIAN_POINT('',(0.,-1.));
#11952 = VECTOR('',#11953,1.);
#11953 = DIRECTION('',(1.,0.));
#11954 = ( GEOMETRIC_REPRESENTATION_CONTEXT(2) 
PARAMETRIC_REPRESENTATION_CONTEXT() REPRESENTATION_CONTEXT('2D SPACE',''
  ) );
#11955 = PCURVE('',#3306,#11956);
#11956 = DEFINITIONAL_REPRESENTATION('',(#11957),#11961);
#11957 = LINE('',#11958,#11959);
#11958 = CARTESIAN_POINT('',(0.,12.));
#11959 = VECTOR('',#11960,1.);
#11960 = DIRECTION('',(1.,0.));
#11961 = ( GEOMETRIC_REPRESENTATION_CONTEXT(2) 
PARAMETRIC_REPRESENTATION_CONTEXT() REPRESENTATION_CONTEXT('2D SPACE',''
  ) );
#11962 = ORIENTED_EDGE('',*,*,#11889,.F.);
#11963 = ADVANCED_FACE('',(#11964),#4215,.F.);
#11964 = FACE_BOUND('',#11965,.F.);
#11965 = EDGE_LOOP('',(#11966,#11967,#11968,#11969));
#11966 = ORIENTED_EDGE('',*,*,#11687,.F.);
#11967 = ORIENTED_EDGE('',*,*,#11914,.F.);
#11968 = ORIENTED_EDGE('',*,*,#4199,.T.);
#11969 = ORIENTED_EDGE('',*,*,#11970,.F.);
#11970 = EDGE_CURVE('',#11660,#4200,#11971,.T.);
#11971 = SURFACE_CURVE('',#11972,(#11976,#11982),.PCURVE_S1.);
#11972 = LINE('',#11973,#11974);
#11973 = CARTESIAN_POINT('',(-26.5,57.550510257217,1.8));
#11974 = VECTOR('',#11975,1.);
#11975 = DIRECTION('',(-0.,-0.,-1.));
#11976 = PCURVE('',#4215,#11977);
#11977 = DEFINITIONAL_REPRESENTATION('',(#11978),#11981);
#11978 = B_SPLINE_CURVE_WITH_KNOTS('',1,(#11979,#11980),.UNSPECIFIED.,
  .F.,.F.,(2,2),(-3.74,2.400000000069E-06),.PIECEWISE_BEZIER_KNOTS.);
#11979 = CARTESIAN_POINT('',(3.74,-3.550510257217));
#11980 = CARTESIAN_POINT('',(-2.400000000069E-06,-3.550510257217));
#11981 = ( GEOMETRIC_REPRESENTATION_CONTEXT(2) 
PARAMETRIC_REPRESENTATION_CONTEXT() REPRESENTATION_CONTEXT('2D SPACE',''
  ) );
#11982 = PCURVE('',#4023,#11983);
#11983 = DEFINITIONAL_REPRESENTATION('',(#11984),#11987);
#11984 = B_SPLINE_CURVE_WITH_KNOTS('',1,(#11985,#11986),.UNSPECIFIED.,
  .F.,.F.,(2,2),(-3.74,2.400000000069E-06),.PIECEWISE_BEZIER_KNOTS.);
#11985 = CARTESIAN_POINT('',(-4.511031059594,-3.74));
#11986 = CARTESIAN_POINT('',(-4.511031059594,2.400000000069E-06));
#11987 = ( GEOMETRIC_REPRESENTATION_CONTEXT(2) 
PARAMETRIC_REPRESENTATION_CONTEXT() REPRESENTATION_CONTEXT('2D SPACE',''
  ) );
#11988 = ADVANCED_FACE('',(#11989),#3306,.T.);
#11989 = FACE_BOUND('',#11990,.T.);
#11990 = EDGE_LOOP('',(#11991,#11992,#12011,#12012));
#11991 = ORIENTED_EDGE('',*,*,#3290,.F.);
#11992 = ORIENTED_EDGE('',*,*,#11993,.F.);
#11993 = EDGE_CURVE('',#11810,#3267,#11994,.T.);
#11994 = SURFACE_CURVE('',#11995,(#11999,#12005),.PCURVE_S1.);
#11995 = LINE('',#11996,#11997);
#11996 = CARTESIAN_POINT('',(-23.55051025721,-59.5,1.8));
#11997 = VECTOR('',#11998,1.);
#11998 = DIRECTION('',(-0.,-0.,-1.));
#11999 = PCURVE('',#3306,#12000);
#12000 = DEFINITIONAL_REPRESENTATION('',(#12001),#12004);
#12001 = B_SPLINE_CURVE_WITH_KNOTS('',1,(#12002,#12003),.UNSPECIFIED.,
  .F.,.F.,(2,2),(-3.74,2.400000000069E-06),.PIECEWISE_BEZIER_KNOTS.);
#12002 = CARTESIAN_POINT('',(3.74,8.449489742783));
#12003 = CARTESIAN_POINT('',(-2.400000000069E-06,8.449489742783));
#12004 = ( GEOMETRIC_REPRESENTATION_CONTEXT(2) 
PARAMETRIC_REPRESENTATION_CONTEXT() REPRESENTATION_CONTEXT('2D SPACE',''
  ) );
#12005 = PCURVE('',#3170,#12006);
#12006 = DEFINITIONAL_REPRESENTATION('',(#12007),#12010);
#12007 = B_SPLINE_CURVE_WITH_KNOTS('',1,(#12008,#12009),.UNSPECIFIED.,
  .F.,.F.,(2,2),(-3.74,2.400000000069E-06),.PIECEWISE_BEZIER_KNOTS.);
#12008 = CARTESIAN_POINT('',(-0.20135792079,-3.74));
#12009 = CARTESIAN_POINT('',(-0.20135792079,2.400000000069E-06));
#12010 = ( GEOMETRIC_REPRESENTATION_CONTEXT(2) 
PARAMETRIC_REPRESENTATION_CONTEXT() REPRESENTATION_CONTEXT('2D SPACE',''
  ) );
#12011 = ORIENTED_EDGE('',*,*,#11809,.T.);
#12012 = ORIENTED_EDGE('',*,*,#11942,.F.);
#12013 = ADVANCED_FACE('',(#12014),#4023,.T.);
#12014 = FACE_BOUND('',#12015,.F.);
#12015 = EDGE_LOOP('',(#12016,#12017,#12040,#12067,#12068,#12069,#12070,
    #12071,#12072,#12073,#12074,#12075,#12094,#12095,#12096,#12097,
    #12098,#12099,#12100,#12101));
#12016 = ORIENTED_EDGE('',*,*,#10902,.T.);
#12017 = ORIENTED_EDGE('',*,*,#12018,.T.);
#12018 = EDGE_CURVE('',#10903,#12019,#12021,.T.);
#12019 = VERTEX_POINT('',#12020);
#12020 = CARTESIAN_POINT('',(-23.5,60.,7.25));
#12021 = SEAM_CURVE('',#12022,(#12026,#12033),.PCURVE_S1.);
#12022 = LINE('',#12023,#12024);
#12023 = CARTESIAN_POINT('',(-23.5,60.,1.8));
#12024 = VECTOR('',#12025,1.);
#12025 = DIRECTION('',(0.,0.,1.));
#12026 = PCURVE('',#4023,#12027);
#12027 = DEFINITIONAL_REPRESENTATION('',(#12028),#12032);
#12028 = LINE('',#12029,#12030);
#12029 = CARTESIAN_POINT('',(-6.28318530718,0.));
#12030 = VECTOR('',#12031,1.);
#12031 = DIRECTION('',(-0.,-1.));
#12032 = ( GEOMETRIC_REPRESENTATION_CONTEXT(2) 
PARAMETRIC_REPRESENTATION_CONTEXT() REPRESENTATION_CONTEXT('2D SPACE',''
  ) );
#12033 = PCURVE('',#4023,#12034);
#12034 = DEFINITIONAL_REPRESENTATION('',(#12035),#12039);
#12035 = LINE('',#12036,#12037);
#12036 = CARTESIAN_POINT('',(-0.,0.));
#12037 = VECTOR('',#12038,1.);
#12038 = DIRECTION('',(-0.,-1.));
#12039 = ( GEOMETRIC_REPRESENTATION_CONTEXT(2) 
PARAMETRIC_REPRESENTATION_CONTEXT() REPRESENTATION_CONTEXT('2D SPACE',''
  ) );
#12040 = ORIENTED_EDGE('',*,*,#12041,.T.);
#12041 = EDGE_CURVE('',#12019,#12019,#12042,.T.);
#12042 = SURFACE_CURVE('',#12043,(#12048,#12055),.PCURVE_S1.);
#12043 = CIRCLE('',#12044,2.5);
#12044 = AXIS2_PLACEMENT_3D('',#12045,#12046,#12047);
#12045 = CARTESIAN_POINT('',(-26.,60.,7.25));
#12046 = DIRECTION('',(0.,0.,1.));
#12047 = DIRECTION('',(1.,0.,-0.));
#12048 = PCURVE('',#4023,#12049);
#12049 = DEFINITIONAL_REPRESENTATION('',(#12050),#12054);
#12050 = LINE('',#12051,#12052);
#12051 = CARTESIAN_POINT('',(-0.,-5.45));
#12052 = VECTOR('',#12053,1.);
#12053 = DIRECTION('',(-1.,0.));
#12054 = ( GEOMETRIC_REPRESENTATION_CONTEXT(2) 
PARAMETRIC_REPRESENTATION_CONTEXT() REPRESENTATION_CONTEXT('2D SPACE',''
  ) );
#12055 = PCURVE('',#12056,#12061);
#12056 = PLANE('',#12057);
#12057 = AXIS2_PLACEMENT_3D('',#12058,#12059,#12060);
#12058 = CARTESIAN_POINT('',(-26.,60.,7.25));
#12059 = DIRECTION('',(0.,0.,1.));
#12060 = DIRECTION('',(1.,0.,-0.));
#12061 = DEFINITIONAL_REPRESENTATION('',(#12062),#12066);
#12062 = CIRCLE('',#12063,2.5);
#12063 = AXIS2_PLACEMENT_2D('',#12064,#12065);
#12064 = CARTESIAN_POINT('',(1.367440132539E-16,-1.714341265789E-16));
#12065 = DIRECTION('',(1.,0.));
#12066 = ( GEOMETRIC_REPRESENTATION_CONTEXT(2) 
PARAMETRIC_REPRESENTATION_CONTEXT() REPRESENTATION_CONTEXT('2D SPACE',''
  ) );
#12067 = ORIENTED_EDGE('',*,*,#12018,.F.);
#12068 = ORIENTED_EDGE('',*,*,#10930,.T.);
#12069 = ORIENTED_EDGE('',*,*,#11059,.T.);
#12070 = ORIENTED_EDGE('',*,*,#4119,.F.);
#12071 = ORIENTED_EDGE('',*,*,#11637,.F.);
#12072 = ORIENTED_EDGE('',*,*,#11659,.T.);
#12073 = ORIENTED_EDGE('',*,*,#11970,.T.);
#12074 = ORIENTED_EDGE('',*,*,#4227,.F.);
#12075 = ORIENTED_EDGE('',*,*,#12076,.F.);
#12076 = EDGE_CURVE('',#10469,#4228,#12077,.T.);
#12077 = SURFACE_CURVE('',#12078,(#12082,#12088),.PCURVE_S1.);
#12078 = LINE('',#12079,#12080);
#12079 = CARTESIAN_POINT('',(-28.44948974278,59.5,1.8));
#12080 = VECTOR('',#12081,1.);
#12081 = DIRECTION('',(-0.,-0.,-1.));
#12082 = PCURVE('',#4023,#12083);
#12083 = DEFINITIONAL_REPRESENTATION('',(#12084),#12087);
#12084 = B_SPLINE_CURVE_WITH_KNOTS('',1,(#12085,#12086),.UNSPECIFIED.,
  .F.,.F.,(2,2),(-3.74,2.400000000069E-06),.PIECEWISE_BEZIER_KNOTS.);
#12085 = CARTESIAN_POINT('',(-3.34295057438,-3.74));
#12086 = CARTESIAN_POINT('',(-3.34295057438,2.400000000069E-06));
#12087 = ( GEOMETRIC_REPRESENTATION_CONTEXT(2) 
PARAMETRIC_REPRESENTATION_CONTEXT() REPRESENTATION_CONTEXT('2D SPACE',''
  ) );
#12088 = PCURVE('',#4267,#12089);
#12089 = DEFINITIONAL_REPRESENTATION('',(#12090),#12093);
#12090 = B_SPLINE_CURVE_WITH_KNOTS('',1,(#12091,#12092),.UNSPECIFIED.,
  .F.,.F.,(2,2),(-3.74,2.400000000069E-06),.PIECEWISE_BEZIER_KNOTS.);
#12091 = CARTESIAN_POINT('',(3.74,3.550510257217));
#12092 = CARTESIAN_POINT('',(-2.400000000069E-06,3.550510257217));
#12093 = ( GEOMETRIC_REPRESENTATION_CONTEXT(2) 
PARAMETRIC_REPRESENTATION_CONTEXT() REPRESENTATION_CONTEXT('2D SPACE',''
  ) );
#12094 = ORIENTED_EDGE('',*,*,#10491,.T.);
#12095 = ORIENTED_EDGE('',*,*,#10423,.T.);
#12096 = ORIENTED_EDGE('',*,*,#10297,.F.);
#12097 = ORIENTED_EDGE('',*,*,#10172,.F.);
#12098 = ORIENTED_EDGE('',*,*,#10121,.T.);
#12099 = ORIENTED_EDGE('',*,*,#10048,.T.);
#12100 = ORIENTED_EDGE('',*,*,#4006,.F.);
#12101 = ORIENTED_EDGE('',*,*,#10828,.F.);
#12102 = ADVANCED_FACE('',(#12103,#12106),#12056,.T.);
#12103 = FACE_BOUND('',#12104,.T.);
#12104 = EDGE_LOOP('',(#12105));
#12105 = ORIENTED_EDGE('',*,*,#12041,.T.);
#12106 = FACE_BOUND('',#12107,.T.);
#12107 = EDGE_LOOP('',(#12108));
#12108 = ORIENTED_EDGE('',*,*,#12109,.T.);
#12109 = EDGE_CURVE('',#12110,#12110,#12112,.T.);
#12110 = VERTEX_POINT('',#12111);
#12111 = CARTESIAN_POINT('',(-24.1,60.,7.25));
#12112 = SURFACE_CURVE('',#12113,(#12118,#12129),.PCURVE_S1.);
#12113 = CIRCLE('',#12114,1.9);
#12114 = AXIS2_PLACEMENT_3D('',#12115,#12116,#12117);
#12115 = CARTESIAN_POINT('',(-26.,60.,7.25));
#12116 = DIRECTION('',(0.,-0.,-1.));
#12117 = DIRECTION('',(1.,0.,-0.));
#12118 = PCURVE('',#12056,#12119);
#12119 = DEFINITIONAL_REPRESENTATION('',(#12120),#12128);
#12120 = ( BOUNDED_CURVE() B_SPLINE_CURVE(2,(#12121,#12122,#12123,#12124
    ,#12125,#12126,#12127),.UNSPECIFIED.,.T.,.F.) 
B_SPLINE_CURVE_WITH_KNOTS((1,2,2,2,2,1),(-2.094395102393,0.,
    2.094395102393,4.188790204786,6.28318530718,8.377580409573),
.UNSPECIFIED.) CURVE() GEOMETRIC_REPRESENTATION_ITEM() 
RATIONAL_B_SPLINE_CURVE((1.,0.5,1.,0.5,1.,0.5,1.)) REPRESENTATION_ITEM(
  '') );
#12121 = CARTESIAN_POINT('',(1.9,0.));
#12122 = CARTESIAN_POINT('',(1.9,-3.290896534381));
#12123 = CARTESIAN_POINT('',(-0.95,-1.64544826719));
#12124 = CARTESIAN_POINT('',(-3.8,-4.65365783676E-16));
#12125 = CARTESIAN_POINT('',(-0.95,1.64544826719));
#12126 = CARTESIAN_POINT('',(1.9,3.290896534381));
#12127 = CARTESIAN_POINT('',(1.9,0.));
#12128 = ( GEOMETRIC_REPRESENTATION_CONTEXT(2) 
PARAMETRIC_REPRESENTATION_CONTEXT() REPRESENTATION_CONTEXT('2D SPACE',''
  ) );
#12129 = PCURVE('',#12130,#12135);
#12130 = CYLINDRICAL_SURFACE('',#12131,1.9);
#12131 = AXIS2_PLACEMENT_3D('',#12132,#12133,#12134);
#12132 = CARTESIAN_POINT('',(-26.,60.,6.65));
#12133 = DIRECTION('',(-0.,-0.,-1.));
#12134 = DIRECTION('',(1.,0.,-0.));
#12135 = DEFINITIONAL_REPRESENTATION('',(#12136),#12140);
#12136 = LINE('',#12137,#12138);
#12137 = CARTESIAN_POINT('',(-6.28318530718,-0.6));
#12138 = VECTOR('',#12139,1.);
#12139 = DIRECTION('',(1.,-0.));
#12140 = ( GEOMETRIC_REPRESENTATION_CONTEXT(2) 
PARAMETRIC_REPRESENTATION_CONTEXT() REPRESENTATION_CONTEXT('2D SPACE',''
  ) );
#12141 = ADVANCED_FACE('',(#12142),#12130,.F.);
#12142 = FACE_BOUND('',#12143,.T.);
#12143 = EDGE_LOOP('',(#12144,#12173,#12194,#12195));
#12144 = ORIENTED_EDGE('',*,*,#12145,.F.);
#12145 = EDGE_CURVE('',#12146,#12146,#12148,.T.);
#12146 = VERTEX_POINT('',#12147);
#12147 = CARTESIAN_POINT('',(-24.1,60.,6.65));
#12148 = SURFACE_CURVE('',#12149,(#12154,#12161),.PCURVE_S1.);
#12149 = CIRCLE('',#12150,1.9);
#12150 = AXIS2_PLACEMENT_3D('',#12151,#12152,#12153);
#12151 = CARTESIAN_POINT('',(-26.,60.,6.65));
#12152 = DIRECTION('',(0.,0.,1.));
#12153 = DIRECTION('',(1.,0.,-0.));
#12154 = PCURVE('',#12130,#12155);
#12155 = DEFINITIONAL_REPRESENTATION('',(#12156),#12160);
#12156 = LINE('',#12157,#12158);
#12157 = CARTESIAN_POINT('',(-0.,0.));
#12158 = VECTOR('',#12159,1.);
#12159 = DIRECTION('',(-1.,0.));
#12160 = ( GEOMETRIC_REPRESENTATION_CONTEXT(2) 
PARAMETRIC_REPRESENTATION_CONTEXT() REPRESENTATION_CONTEXT('2D SPACE',''
  ) );
#12161 = PCURVE('',#12162,#12167);
#12162 = PLANE('',#12163);
#12163 = AXIS2_PLACEMENT_3D('',#12164,#12165,#12166);
#12164 = CARTESIAN_POINT('',(-26.,60.,6.65));
#12165 = DIRECTION('',(0.,0.,1.));
#12166 = DIRECTION('',(1.,0.,-0.));
#12167 = DEFINITIONAL_REPRESENTATION('',(#12168),#12172);
#12168 = CIRCLE('',#12169,1.9);
#12169 = AXIS2_PLACEMENT_2D('',#12170,#12171);
#12170 = CARTESIAN_POINT('',(2.249079165361E-16,-1.023653692829E-16));
#12171 = DIRECTION('',(1.,0.));
#12172 = ( GEOMETRIC_REPRESENTATION_CONTEXT(2) 
PARAMETRIC_REPRESENTATION_CONTEXT() REPRESENTATION_CONTEXT('2D SPACE',''
  ) );
#12173 = ORIENTED_EDGE('',*,*,#12174,.T.);
#12174 = EDGE_CURVE('',#12146,#12110,#12175,.T.);
#12175 = SEAM_CURVE('',#12176,(#12180,#12187),.PCURVE_S1.);
#12176 = LINE('',#12177,#12178);
#12177 = CARTESIAN_POINT('',(-24.1,60.,6.65));
#12178 = VECTOR('',#12179,1.);
#12179 = DIRECTION('',(0.,0.,1.));
#12180 = PCURVE('',#12130,#12181);
#12181 = DEFINITIONAL_REPRESENTATION('',(#12182),#12186);
#12182 = LINE('',#12183,#12184);
#12183 = CARTESIAN_POINT('',(-6.28318530718,0.));
#12184 = VECTOR('',#12185,1.);
#12185 = DIRECTION('',(-0.,-1.));
#12186 = ( GEOMETRIC_REPRESENTATION_CONTEXT(2) 
PARAMETRIC_REPRESENTATION_CONTEXT() REPRESENTATION_CONTEXT('2D SPACE',''
  ) );
#12187 = PCURVE('',#12130,#12188);
#12188 = DEFINITIONAL_REPRESENTATION('',(#12189),#12193);
#12189 = LINE('',#12190,#12191);
#12190 = CARTESIAN_POINT('',(-0.,0.));
#12191 = VECTOR('',#12192,1.);
#12192 = DIRECTION('',(-0.,-1.));
#12193 = ( GEOMETRIC_REPRESENTATION_CONTEXT(2) 
PARAMETRIC_REPRESENTATION_CONTEXT() REPRESENTATION_CONTEXT('2D SPACE',''
  ) );
#12194 = ORIENTED_EDGE('',*,*,#12109,.F.);
#12195 = ORIENTED_EDGE('',*,*,#12174,.F.);
#12196 = ADVANCED_FACE('',(#12197,#12200),#12162,.T.);
#12197 = FACE_BOUND('',#12198,.T.);
#12198 = EDGE_LOOP('',(#12199));
#12199 = ORIENTED_EDGE('',*,*,#12145,.T.);
#12200 = FACE_BOUND('',#12201,.T.);
#12201 = EDGE_LOOP('',(#12202));
#12202 = ORIENTED_EDGE('',*,*,#12203,.T.);
#12203 = EDGE_CURVE('',#12204,#12204,#12206,.T.);
#12204 = VERTEX_POINT('',#12205);
#12205 = CARTESIAN_POINT('',(-24.4,60.,6.65));
#12206 = SURFACE_CURVE('',#12207,(#12212,#12223),.PCURVE_S1.);
#12207 = CIRCLE('',#12208,1.6);
#12208 = AXIS2_PLACEMENT_3D('',#12209,#12210,#12211);
#12209 = CARTESIAN_POINT('',(-26.,60.,6.65));
#12210 = DIRECTION('',(0.,-0.,-1.));
#12211 = DIRECTION('',(1.,0.,-0.));
#12212 = PCURVE('',#12162,#12213);
#12213 = DEFINITIONAL_REPRESENTATION('',(#12214),#12222);
#12214 = ( BOUNDED_CURVE() B_SPLINE_CURVE(2,(#12215,#12216,#12217,#12218
    ,#12219,#12220,#12221),.UNSPECIFIED.,.T.,.F.) 
B_SPLINE_CURVE_WITH_KNOTS((1,2,2,2,2,1),(-2.094395102393,0.,
    2.094395102393,4.188790204786,6.28318530718,8.377580409573),
.UNSPECIFIED.) CURVE() GEOMETRIC_REPRESENTATION_ITEM() 
RATIONAL_B_SPLINE_CURVE((1.,0.5,1.,0.5,1.,0.5,1.)) REPRESENTATION_ITEM(
  '') );
#12215 = CARTESIAN_POINT('',(1.6,0.));
#12216 = CARTESIAN_POINT('',(1.6,-2.77128129211));
#12217 = CARTESIAN_POINT('',(-0.8,-1.385640646055));
#12218 = CARTESIAN_POINT('',(-3.2,-3.918869757272E-16));
#12219 = CARTESIAN_POINT('',(-0.8,1.385640646055));
#12220 = CARTESIAN_POINT('',(1.6,2.77128129211));
#12221 = CARTESIAN_POINT('',(1.6,0.));
#12222 = ( GEOMETRIC_REPRESENTATION_CONTEXT(2) 
PARAMETRIC_REPRESENTATION_CONTEXT() REPRESENTATION_CONTEXT('2D SPACE',''
  ) );
#12223 = PCURVE('',#12224,#12229);
#12224 = CYLINDRICAL_SURFACE('',#12225,1.6);
#12225 = AXIS2_PLACEMENT_3D('',#12226,#12227,#12228);
#12226 = CARTESIAN_POINT('',(-26.,60.,2.25));
#12227 = DIRECTION('',(-0.,-0.,-1.));
#12228 = DIRECTION('',(1.,0.,-0.));
#12229 = DEFINITIONAL_REPRESENTATION('',(#12230),#12234);
#12230 = LINE('',#12231,#12232);
#12231 = CARTESIAN_POINT('',(-6.28318530718,-4.4));
#12232 = VECTOR('',#12233,1.);
#12233 = DIRECTION('',(1.,-0.));
#12234 = ( GEOMETRIC_REPRESENTATION_CONTEXT(2) 
PARAMETRIC_REPRESENTATION_CONTEXT() REPRESENTATION_CONTEXT('2D SPACE',''
  ) );
#12235 = ADVANCED_FACE('',(#12236),#12224,.F.);
#12236 = FACE_BOUND('',#12237,.T.);
#12237 = EDGE_LOOP('',(#12238,#12261,#12288,#12289));
#12238 = ORIENTED_EDGE('',*,*,#12239,.F.);
#12239 = EDGE_CURVE('',#12240,#12204,#12242,.T.);
#12240 = VERTEX_POINT('',#12241);
#12241 = CARTESIAN_POINT('',(-24.4,60.,2.25));
#12242 = SEAM_CURVE('',#12243,(#12247,#12254),.PCURVE_S1.);
#12243 = LINE('',#12244,#12245);
#12244 = CARTESIAN_POINT('',(-24.4,60.,2.25));
#12245 = VECTOR('',#12246,1.);
#12246 = DIRECTION('',(0.,0.,1.));
#12247 = PCURVE('',#12224,#12248);
#12248 = DEFINITIONAL_REPRESENTATION('',(#12249),#12253);
#12249 = LINE('',#12250,#12251);
#12250 = CARTESIAN_POINT('',(-6.28318530718,0.));
#12251 = VECTOR('',#12252,1.);
#12252 = DIRECTION('',(-0.,-1.));
#12253 = ( GEOMETRIC_REPRESENTATION_CONTEXT(2) 
PARAMETRIC_REPRESENTATION_CONTEXT() REPRESENTATION_CONTEXT('2D SPACE',''
  ) );
#12254 = PCURVE('',#12224,#12255);
#12255 = DEFINITIONAL_REPRESENTATION('',(#12256),#12260);
#12256 = LINE('',#12257,#12258);
#12257 = CARTESIAN_POINT('',(-0.,0.));
#12258 = VECTOR('',#12259,1.);
#12259 = DIRECTION('',(-0.,-1.));
#12260 = ( GEOMETRIC_REPRESENTATION_CONTEXT(2) 
PARAMETRIC_REPRESENTATION_CONTEXT() REPRESENTATION_CONTEXT('2D SPACE',''
  ) );
#12261 = ORIENTED_EDGE('',*,*,#12262,.F.);
#12262 = EDGE_CURVE('',#12240,#12240,#12263,.T.);
#12263 = SURFACE_CURVE('',#12264,(#12269,#12276),.PCURVE_S1.);
#12264 = CIRCLE('',#12265,1.6);
#12265 = AXIS2_PLACEMENT_3D('',#12266,#12267,#12268);
#12266 = CARTESIAN_POINT('',(-26.,60.,2.25));
#12267 = DIRECTION('',(0.,0.,1.));
#12268 = DIRECTION('',(1.,0.,-0.));
#12269 = PCURVE('',#12224,#12270);
#12270 = DEFINITIONAL_REPRESENTATION('',(#12271),#12275);
#12271 = LINE('',#12272,#12273);
#12272 = CARTESIAN_POINT('',(-0.,0.));
#12273 = VECTOR('',#12274,1.);
#12274 = DIRECTION('',(-1.,0.));
#12275 = ( GEOMETRIC_REPRESENTATION_CONTEXT(2) 
PARAMETRIC_REPRESENTATION_CONTEXT() REPRESENTATION_CONTEXT('2D SPACE',''
  ) );
#12276 = PCURVE('',#12277,#12282);
#12277 = PLANE('',#12278);
#12278 = AXIS2_PLACEMENT_3D('',#12279,#12280,#12281);
#12279 = CARTESIAN_POINT('',(-26.,60.,2.25));
#12280 = DIRECTION('',(0.,0.,1.));
#12281 = DIRECTION('',(1.,0.,-0.));
#12282 = DEFINITIONAL_REPRESENTATION('',(#12283),#12287);
#12283 = CIRCLE('',#12284,1.6);
#12284 = AXIS2_PLACEMENT_2D('',#12285,#12286);
#12285 = CARTESIAN_POINT('',(1.068312603546E-16,-1.483480247548E-16));
#12286 = DIRECTION('',(1.,0.));
#12287 = ( GEOMETRIC_REPRESENTATION_CONTEXT(2) 
PARAMETRIC_REPRESENTATION_CONTEXT() REPRESENTATION_CONTEXT('2D SPACE',''
  ) );
#12288 = ORIENTED_EDGE('',*,*,#12239,.T.);
#12289 = ORIENTED_EDGE('',*,*,#12203,.F.);
#12290 = ADVANCED_FACE('',(#12291),#12277,.T.);
#12291 = FACE_BOUND('',#12292,.T.);
#12292 = EDGE_LOOP('',(#12293));
#12293 = ORIENTED_EDGE('',*,*,#12262,.T.);
#12294 = ADVANCED_FACE('',(#12295),#4267,.F.);
#12295 = FACE_BOUND('',#12296,.F.);
#12296 = EDGE_LOOP('',(#12297,#12298,#12318,#12319));
#12297 = ORIENTED_EDGE('',*,*,#4251,.F.);
#12298 = ORIENTED_EDGE('',*,*,#12299,.T.);
#12299 = EDGE_CURVE('',#4252,#10447,#12300,.T.);
#12300 = SURFACE_CURVE('',#12301,(#12305,#12311),.PCURVE_S1.);
#12301 = LINE('',#12302,#12303);
#12302 = CARTESIAN_POINT('',(-31.19999999669,59.5,1.8));
#12303 = VECTOR('',#12304,1.);
#12304 = DIRECTION('',(0.,0.,1.));
#12305 = PCURVE('',#4267,#12306);
#12306 = DEFINITIONAL_REPRESENTATION('',(#12307),#12310);
#12307 = B_SPLINE_CURVE_WITH_KNOTS('',1,(#12308,#12309),.UNSPECIFIED.,
  .F.,.F.,(2,2),(0.,3.4),.PIECEWISE_BEZIER_KNOTS.);
#12308 = CARTESIAN_POINT('',(0.,0.80000000331));
#12309 = CARTESIAN_POINT('',(3.4,0.80000000331));
#12310 = ( GEOMETRIC_REPRESENTATION_CONTEXT(2) 
PARAMETRIC_REPRESENTATION_CONTEXT() REPRESENTATION_CONTEXT('2D SPACE',''
  ) );
#12311 = PCURVE('',#1037,#12312);
#12312 = DEFINITIONAL_REPRESENTATION('',(#12313),#12317);
#12313 = LINE('',#12314,#12315);
#12314 = CARTESIAN_POINT('',(41.301315737807,0.));
#12315 = VECTOR('',#12316,1.);
#12316 = DIRECTION('',(0.,-1.));
#12317 = ( GEOMETRIC_REPRESENTATION_CONTEXT(2) 
PARAMETRIC_REPRESENTATION_CONTEXT() REPRESENTATION_CONTEXT('2D SPACE',''
  ) );
#12318 = ORIENTED_EDGE('',*,*,#10468,.T.);
#12319 = ORIENTED_EDGE('',*,*,#12076,.T.);
#12320 = ADVANCED_FACE('',(#12321),#3254,.T.);
#12321 = FACE_BOUND('',#12322,.T.);
#12322 = EDGE_LOOP('',(#12323,#12353,#12372,#12373));
#12323 = ORIENTED_EDGE('',*,*,#12324,.F.);
#12324 = EDGE_CURVE('',#12325,#12327,#12329,.T.);
#12325 = VERTEX_POINT('',#12326);
#12326 = CARTESIAN_POINT('',(-25.5,-57.55051025721,5.2));
#12327 = VERTEX_POINT('',#12328);
#12328 = CARTESIAN_POINT('',(-25.5,-57.5,5.2));
#12329 = SURFACE_CURVE('',#12330,(#12334,#12341),.PCURVE_S1.);
#12330 = LINE('',#12331,#12332);
#12331 = CARTESIAN_POINT('',(-25.5,-66.,5.2));
#12332 = VECTOR('',#12333,1.);
#12333 = DIRECTION('',(-0.,1.,0.));
#12334 = PCURVE('',#3254,#12335);
#12335 = DEFINITIONAL_REPRESENTATION('',(#12336),#12340);
#12336 = LINE('',#12337,#12338);
#12337 = CARTESIAN_POINT('',(3.4,0.));
#12338 = VECTOR('',#12339,1.);
#12339 = DIRECTION('',(0.,-1.));
#12340 = ( GEOMETRIC_REPRESENTATION_CONTEXT(2) 
PARAMETRIC_REPRESENTATION_CONTEXT() REPRESENTATION_CONTEXT('2D SPACE',''
  ) );
#12341 = PCURVE('',#12342,#12347);
#12342 = PLANE('',#12343);
#12343 = AXIS2_PLACEMENT_3D('',#12344,#12345,#12346);
#12344 = CARTESIAN_POINT('',(-32.,-60.5,5.2));
#12345 = DIRECTION('',(0.,0.,1.));
#12346 = DIRECTION('',(1.,0.,-0.));
#12347 = DEFINITIONAL_REPRESENTATION('',(#12348),#12352);
#12348 = LINE('',#12349,#12350);
#12349 = CARTESIAN_POINT('',(6.5,-5.5));
#12350 = VECTOR('',#12351,1.);
#12351 = DIRECTION('',(0.,1.));
#12352 = ( GEOMETRIC_REPRESENTATION_CONTEXT(2) 
PARAMETRIC_REPRESENTATION_CONTEXT() REPRESENTATION_CONTEXT('2D SPACE',''
  ) );
#12353 = ORIENTED_EDGE('',*,*,#12354,.T.);
#12354 = EDGE_CURVE('',#12325,#3239,#12355,.T.);
#12355 = SURFACE_CURVE('',#12356,(#12360,#12366),.PCURVE_S1.);
#12356 = LINE('',#12357,#12358);
#12357 = CARTESIAN_POINT('',(-25.5,-57.55051025721,1.8));
#12358 = VECTOR('',#12359,1.);
#12359 = DIRECTION('',(-0.,-0.,-1.));
#12360 = PCURVE('',#3254,#12361);
#12361 = DEFINITIONAL_REPRESENTATION('',(#12362),#12365);
#12362 = B_SPLINE_CURVE_WITH_KNOTS('',1,(#12363,#12364),.UNSPECIFIED.,
  .F.,.F.,(2,2),(-3.74,2.400000000069E-06),.PIECEWISE_BEZIER_KNOTS.);
#12363 = CARTESIAN_POINT('',(3.74,-8.449489742783));
#12364 = CARTESIAN_POINT('',(-2.400000000069E-06,-8.449489742783));
#12365 = ( GEOMETRIC_REPRESENTATION_CONTEXT(2) 
PARAMETRIC_REPRESENTATION_CONTEXT() REPRESENTATION_CONTEXT('2D SPACE',''
  ) );
#12366 = PCURVE('',#3170,#12367);
#12367 = DEFINITIONAL_REPRESENTATION('',(#12368),#12371);
#12368 = B_SPLINE_CURVE_WITH_KNOTS('',1,(#12369,#12370),.UNSPECIFIED.,
  .F.,.F.,(2,2),(-3.74,2.400000000069E-06),.PIECEWISE_BEZIER_KNOTS.);
#12369 = CARTESIAN_POINT('',(-1.369438406005,-3.74));
#12370 = CARTESIAN_POINT('',(-1.369438406005,2.400000000069E-06));
#12371 = ( GEOMETRIC_REPRESENTATION_CONTEXT(2) 
PARAMETRIC_REPRESENTATION_CONTEXT() REPRESENTATION_CONTEXT('2D SPACE',''
  ) );
#12372 = ORIENTED_EDGE('',*,*,#3238,.T.);
#12373 = ORIENTED_EDGE('',*,*,#12374,.T.);
#12374 = EDGE_CURVE('',#3211,#12327,#12375,.T.);
#12375 = SURFACE_CURVE('',#12376,(#12380,#12386),.PCURVE_S1.);
#12376 = LINE('',#12377,#12378);
#12377 = CARTESIAN_POINT('',(-25.5,-57.5,1.75));
#12378 = VECTOR('',#12379,1.);
#12379 = DIRECTION('',(0.,0.,1.));
#12380 = PCURVE('',#3254,#12381);
#12381 = DEFINITIONAL_REPRESENTATION('',(#12382),#12385);
#12382 = B_SPLINE_CURVE_WITH_KNOTS('',1,(#12383,#12384),.UNSPECIFIED.,
  .F.,.F.,(2,2),(5.E-02,3.45),.PIECEWISE_BEZIER_KNOTS.);
#12383 = CARTESIAN_POINT('',(0.,-8.5));
#12384 = CARTESIAN_POINT('',(3.4,-8.5));
#12385 = ( GEOMETRIC_REPRESENTATION_CONTEXT(2) 
PARAMETRIC_REPRESENTATION_CONTEXT() REPRESENTATION_CONTEXT('2D SPACE',''
  ) );
#12386 = PCURVE('',#3226,#12387);
#12387 = DEFINITIONAL_REPRESENTATION('',(#12388),#12392);
#12388 = LINE('',#12389,#12390);
#12389 = CARTESIAN_POINT('',(5.E-02,5.05));
#12390 = VECTOR('',#12391,1.);
#12391 = DIRECTION('',(1.,0.));
#12392 = ( GEOMETRIC_REPRESENTATION_CONTEXT(2) 
PARAMETRIC_REPRESENTATION_CONTEXT() REPRESENTATION_CONTEXT('2D SPACE',''
  ) );
#12393 = ADVANCED_FACE('',(#12394),#12342,.T.);
#12394 = FACE_BOUND('',#12395,.T.);
#12395 = EDGE_LOOP('',(#12396,#12418,#12444));
#12396 = ORIENTED_EDGE('',*,*,#12397,.T.);
#12397 = EDGE_CURVE('',#12327,#12398,#12400,.T.);
#12398 = VERTEX_POINT('',#12399);
#12399 = CARTESIAN_POINT('',(-26.,-57.5,5.2));
#12400 = SURFACE_CURVE('',#12401,(#12405,#12411),.PCURVE_S1.);
#12401 = LINE('',#12402,#12403);
#12402 = CARTESIAN_POINT('',(-31.275,-57.5,5.2));
#12403 = VECTOR('',#12404,1.);
#12404 = DIRECTION('',(-1.,-0.,0.));
#12405 = PCURVE('',#12342,#12406);
#12406 = DEFINITIONAL_REPRESENTATION('',(#12407),#12410);
#12407 = B_SPLINE_CURVE_WITH_KNOTS('',1,(#12408,#12409),.UNSPECIFIED.,
  .F.,.F.,(2,2),(-11.275,-0.725),.PIECEWISE_BEZIER_KNOTS.);
#12408 = CARTESIAN_POINT('',(12.,3.));
#12409 = CARTESIAN_POINT('',(1.45,3.));
#12410 = ( GEOMETRIC_REPRESENTATION_CONTEXT(2) 
PARAMETRIC_REPRESENTATION_CONTEXT() REPRESENTATION_CONTEXT('2D SPACE',''
  ) );
#12411 = PCURVE('',#3226,#12412);
#12412 = DEFINITIONAL_REPRESENTATION('',(#12413),#12417);
#12413 = LINE('',#12414,#12415);
#12414 = CARTESIAN_POINT('',(3.5,-0.725));
#12415 = VECTOR('',#12416,1.);
#12416 = DIRECTION('',(0.,-1.));
#12417 = ( GEOMETRIC_REPRESENTATION_CONTEXT(2) 
PARAMETRIC_REPRESENTATION_CONTEXT() REPRESENTATION_CONTEXT('2D SPACE',''
  ) );
#12418 = ORIENTED_EDGE('',*,*,#12419,.T.);
#12419 = EDGE_CURVE('',#12398,#12325,#12420,.T.);
#12420 = SURFACE_CURVE('',#12421,(#12426,#12437),.PCURVE_S1.);
#12421 = CIRCLE('',#12422,2.5);
#12422 = AXIS2_PLACEMENT_3D('',#12423,#12424,#12425);
#12423 = CARTESIAN_POINT('',(-26.,-60.,5.2));
#12424 = DIRECTION('',(0.,-0.,-1.));
#12425 = DIRECTION('',(1.,0.,-0.));
#12426 = PCURVE('',#12342,#12427);
#12427 = DEFINITIONAL_REPRESENTATION('',(#12428),#12436);
#12428 = ( BOUNDED_CURVE() B_SPLINE_CURVE(2,(#12429,#12430,#12431,#12432
    ,#12433,#12434,#12435),.UNSPECIFIED.,.T.,.F.) 
B_SPLINE_CURVE_WITH_KNOTS((1,2,2,2,2,1),(-2.094395102393,0.,
    2.094395102393,4.188790204786,6.28318530718,8.377580409573),
.UNSPECIFIED.) CURVE() GEOMETRIC_REPRESENTATION_ITEM() 
RATIONAL_B_SPLINE_CURVE((1.,0.5,1.,0.5,1.,0.5,1.)) REPRESENTATION_ITEM(
  '') );
#12429 = CARTESIAN_POINT('',(8.5,0.5));
#12430 = CARTESIAN_POINT('',(8.5,-3.830127018922));
#12431 = CARTESIAN_POINT('',(4.75,-1.665063509461));
#12432 = CARTESIAN_POINT('',(1.,0.5));
#12433 = CARTESIAN_POINT('',(4.75,2.665063509461));
#12434 = CARTESIAN_POINT('',(8.5,4.830127018922));
#12435 = CARTESIAN_POINT('',(8.5,0.5));
#12436 = ( GEOMETRIC_REPRESENTATION_CONTEXT(2) 
PARAMETRIC_REPRESENTATION_CONTEXT() REPRESENTATION_CONTEXT('2D SPACE',''
  ) );
#12437 = PCURVE('',#3170,#12438);
#12438 = DEFINITIONAL_REPRESENTATION('',(#12439),#12443);
#12439 = LINE('',#12440,#12441);
#12440 = CARTESIAN_POINT('',(-6.28318530718,-3.4));
#12441 = VECTOR('',#12442,1.);
#12442 = DIRECTION('',(1.,-0.));
#12443 = ( GEOMETRIC_REPRESENTATION_CONTEXT(2) 
PARAMETRIC_REPRESENTATION_CONTEXT() REPRESENTATION_CONTEXT('2D SPACE',''
  ) );
#12444 = ORIENTED_EDGE('',*,*,#12324,.T.);
#12445 = ADVANCED_FACE('',(#12446),#3226,.T.);
#12446 = FACE_BOUND('',#12447,.T.);
#12447 = EDGE_LOOP('',(#12448,#12449,#12450,#12451,#12473));
#12448 = ORIENTED_EDGE('',*,*,#12397,.F.);
#12449 = ORIENTED_EDGE('',*,*,#12374,.F.);
#12450 = ORIENTED_EDGE('',*,*,#3210,.F.);
#12451 = ORIENTED_EDGE('',*,*,#12452,.T.);
#12452 = EDGE_CURVE('',#3183,#12453,#12455,.T.);
#12453 = VERTEX_POINT('',#12454);
#12454 = CARTESIAN_POINT('',(-26.5,-57.5,5.2));
#12455 = SURFACE_CURVE('',#12456,(#12460,#12467),.PCURVE_S1.);
#12456 = LINE('',#12457,#12458);
#12457 = CARTESIAN_POINT('',(-26.5,-57.5,1.75));
#12458 = VECTOR('',#12459,1.);
#12459 = DIRECTION('',(0.,0.,1.));
#12460 = PCURVE('',#3226,#12461);
#12461 = DEFINITIONAL_REPRESENTATION('',(#12462),#12466);
#12462 = LINE('',#12463,#12464);
#12463 = CARTESIAN_POINT('',(5.E-02,4.05));
#12464 = VECTOR('',#12465,1.);
#12465 = DIRECTION('',(1.,0.));
#12466 = ( GEOMETRIC_REPRESENTATION_CONTEXT(2) 
PARAMETRIC_REPRESENTATION_CONTEXT() REPRESENTATION_CONTEXT('2D SPACE',''
  ) );
#12467 = PCURVE('',#3198,#12468);
#12468 = DEFINITIONAL_REPRESENTATION('',(#12469),#12472);
#12469 = B_SPLINE_CURVE_WITH_KNOTS('',1,(#12470,#12471),.UNSPECIFIED.,
  .F.,.F.,(2,2),(5.E-02,3.45),.PIECEWISE_BEZIER_KNOTS.);
#12470 = CARTESIAN_POINT('',(0.,-8.5));
#12471 = CARTESIAN_POINT('',(3.4,-8.5));
#12472 = ( GEOMETRIC_REPRESENTATION_CONTEXT(2) 
PARAMETRIC_REPRESENTATION_CONTEXT() REPRESENTATION_CONTEXT('2D SPACE',''
  ) );
#12473 = ORIENTED_EDGE('',*,*,#12474,.F.);
#12474 = EDGE_CURVE('',#12398,#12453,#12475,.T.);
#12475 = SURFACE_CURVE('',#12476,(#12480,#12487),.PCURVE_S1.);
#12476 = LINE('',#12477,#12478);
#12477 = CARTESIAN_POINT('',(-31.275,-57.5,5.2));
#12478 = VECTOR('',#12479,1.);
#12479 = DIRECTION('',(-1.,-0.,0.));
#12480 = PCURVE('',#3226,#12481);
#12481 = DEFINITIONAL_REPRESENTATION('',(#12482),#12486);
#12482 = LINE('',#12483,#12484);
#12483 = CARTESIAN_POINT('',(3.5,-0.725));
#12484 = VECTOR('',#12485,1.);
#12485 = DIRECTION('',(0.,-1.));
#12486 = ( GEOMETRIC_REPRESENTATION_CONTEXT(2) 
PARAMETRIC_REPRESENTATION_CONTEXT() REPRESENTATION_CONTEXT('2D SPACE',''
  ) );
#12487 = PCURVE('',#12488,#12493);
#12488 = PLANE('',#12489);
#12489 = AXIS2_PLACEMENT_3D('',#12490,#12491,#12492);
#12490 = CARTESIAN_POINT('',(-32.,-60.5,5.2));
#12491 = DIRECTION('',(0.,0.,1.));
#12492 = DIRECTION('',(1.,0.,-0.));
#12493 = DEFINITIONAL_REPRESENTATION('',(#12494),#12497);
#12494 = B_SPLINE_CURVE_WITH_KNOTS('',1,(#12495,#12496),.UNSPECIFIED.,
  .F.,.F.,(2,2),(-11.275,-0.725),.PIECEWISE_BEZIER_KNOTS.);
#12495 = CARTESIAN_POINT('',(12.,3.));
#12496 = CARTESIAN_POINT('',(1.45,3.));
#12497 = ( GEOMETRIC_REPRESENTATION_CONTEXT(2) 
PARAMETRIC_REPRESENTATION_CONTEXT() REPRESENTATION_CONTEXT('2D SPACE',''
  ) );
#12498 = ADVANCED_FACE('',(#12499),#12488,.T.);
#12499 = FACE_BOUND('',#12500,.T.);
#12500 = EDGE_LOOP('',(#12501,#12524,#12550));
#12501 = ORIENTED_EDGE('',*,*,#12502,.F.);
#12502 = EDGE_CURVE('',#12503,#12453,#12505,.T.);
#12503 = VERTEX_POINT('',#12504);
#12504 = CARTESIAN_POINT('',(-26.5,-57.55051025721,5.2));
#12505 = SURFACE_CURVE('',#12506,(#12510,#12517),.PCURVE_S1.);
#12506 = LINE('',#12507,#12508);
#12507 = CARTESIAN_POINT('',(-26.5,-66.,5.2));
#12508 = VECTOR('',#12509,1.);
#12509 = DIRECTION('',(-0.,1.,0.));
#12510 = PCURVE('',#12488,#12511);
#12511 = DEFINITIONAL_REPRESENTATION('',(#12512),#12516);
#12512 = LINE('',#12513,#12514);
#12513 = CARTESIAN_POINT('',(5.5,-5.5));
#12514 = VECTOR('',#12515,1.);
#12515 = DIRECTION('',(0.,1.));
#12516 = ( GEOMETRIC_REPRESENTATION_CONTEXT(2) 
PARAMETRIC_REPRESENTATION_CONTEXT() REPRESENTATION_CONTEXT('2D SPACE',''
  ) );
#12517 = PCURVE('',#3198,#12518);
#12518 = DEFINITIONAL_REPRESENTATION('',(#12519),#12523);
#12519 = LINE('',#12520,#12521);
#12520 = CARTESIAN_POINT('',(3.4,0.));
#12521 = VECTOR('',#12522,1.);
#12522 = DIRECTION('',(0.,-1.));
#12523 = ( GEOMETRIC_REPRESENTATION_CONTEXT(2) 
PARAMETRIC_REPRESENTATION_CONTEXT() REPRESENTATION_CONTEXT('2D SPACE',''
  ) );
#12524 = ORIENTED_EDGE('',*,*,#12525,.T.);
#12525 = EDGE_CURVE('',#12503,#12398,#12526,.T.);
#12526 = SURFACE_CURVE('',#12527,(#12532,#12543),.PCURVE_S1.);
#12527 = CIRCLE('',#12528,2.5);
#12528 = AXIS2_PLACEMENT_3D('',#12529,#12530,#12531);
#12529 = CARTESIAN_POINT('',(-26.,-60.,5.2));
#12530 = DIRECTION('',(0.,-0.,-1.));
#12531 = DIRECTION('',(1.,0.,-0.));
#12532 = PCURVE('',#12488,#12533);
#12533 = DEFINITIONAL_REPRESENTATION('',(#12534),#12542);
#12534 = ( BOUNDED_CURVE() B_SPLINE_CURVE(2,(#12535,#12536,#12537,#12538
    ,#12539,#12540,#12541),.UNSPECIFIED.,.T.,.F.) 
B_SPLINE_CURVE_WITH_KNOTS((1,2,2,2,2,1),(-2.094395102393,0.,
    2.094395102393,4.188790204786,6.28318530718,8.377580409573),
.UNSPECIFIED.) CURVE() GEOMETRIC_REPRESENTATION_ITEM() 
RATIONAL_B_SPLINE_CURVE((1.,0.5,1.,0.5,1.,0.5,1.)) REPRESENTATION_ITEM(
  '') );
#12535 = CARTESIAN_POINT('',(8.5,0.5));
#12536 = CARTESIAN_POINT('',(8.5,-3.830127018922));
#12537 = CARTESIAN_POINT('',(4.75,-1.665063509461));
#12538 = CARTESIAN_POINT('',(1.,0.5));
#12539 = CARTESIAN_POINT('',(4.75,2.665063509461));
#12540 = CARTESIAN_POINT('',(8.5,4.830127018922));
#12541 = CARTESIAN_POINT('',(8.5,0.5));
#12542 = ( GEOMETRIC_REPRESENTATION_CONTEXT(2) 
PARAMETRIC_REPRESENTATION_CONTEXT() REPRESENTATION_CONTEXT('2D SPACE',''
  ) );
#12543 = PCURVE('',#3170,#12544);
#12544 = DEFINITIONAL_REPRESENTATION('',(#12545),#12549);
#12545 = LINE('',#12546,#12547);
#12546 = CARTESIAN_POINT('',(-6.28318530718,-3.4));
#12547 = VECTOR('',#12548,1.);
#12548 = DIRECTION('',(1.,-0.));
#12549 = ( GEOMETRIC_REPRESENTATION_CONTEXT(2) 
PARAMETRIC_REPRESENTATION_CONTEXT() REPRESENTATION_CONTEXT('2D SPACE',''
  ) );
#12550 = ORIENTED_EDGE('',*,*,#12474,.T.);
#12551 = ADVANCED_FACE('',(#12552),#3198,.F.);
#12552 = FACE_BOUND('',#12553,.F.);
#12553 = EDGE_LOOP('',(#12554,#12555,#12574,#12575));
#12554 = ORIENTED_EDGE('',*,*,#12502,.F.);
#12555 = ORIENTED_EDGE('',*,*,#12556,.T.);
#12556 = EDGE_CURVE('',#12503,#3154,#12557,.T.);
#12557 = SURFACE_CURVE('',#12558,(#12562,#12568),.PCURVE_S1.);
#12558 = LINE('',#12559,#12560);
#12559 = CARTESIAN_POINT('',(-26.5,-57.55051025721,1.8));
#12560 = VECTOR('',#12561,1.);
#12561 = DIRECTION('',(-0.,-0.,-1.));
#12562 = PCURVE('',#3198,#12563);
#12563 = DEFINITIONAL_REPRESENTATION('',(#12564),#12567);
#12564 = B_SPLINE_CURVE_WITH_KNOTS('',1,(#12565,#12566),.UNSPECIFIED.,
  .F.,.F.,(2,2),(-3.74,2.400000000069E-06),.PIECEWISE_BEZIER_KNOTS.);
#12565 = CARTESIAN_POINT('',(3.74,-8.449489742783));
#12566 = CARTESIAN_POINT('',(-2.400000000069E-06,-8.449489742783));
#12567 = ( GEOMETRIC_REPRESENTATION_CONTEXT(2) 
PARAMETRIC_REPRESENTATION_CONTEXT() REPRESENTATION_CONTEXT('2D SPACE',''
  ) );
#12568 = PCURVE('',#3170,#12569);
#12569 = DEFINITIONAL_REPRESENTATION('',(#12570),#12573);
#12570 = B_SPLINE_CURVE_WITH_KNOTS('',1,(#12571,#12572),.UNSPECIFIED.,
  .F.,.F.,(2,2),(-3.74,2.400000000069E-06),.PIECEWISE_BEZIER_KNOTS.);
#12571 = CARTESIAN_POINT('',(-1.772154247585,-3.74));
#12572 = CARTESIAN_POINT('',(-1.772154247585,2.400000000069E-06));
#12573 = ( GEOMETRIC_REPRESENTATION_CONTEXT(2) 
PARAMETRIC_REPRESENTATION_CONTEXT() REPRESENTATION_CONTEXT('2D SPACE',''
  ) );
#12574 = ORIENTED_EDGE('',*,*,#3182,.T.);
#12575 = ORIENTED_EDGE('',*,*,#12452,.T.);
#12576 = ADVANCED_FACE('',(#12577),#3170,.T.);
#12577 = FACE_BOUND('',#12578,.F.);
#12578 = EDGE_LOOP('',(#12579,#12580,#12603,#12630,#12631,#12632,#12633,
    #12634,#12635,#12636,#12637,#12638,#12639,#12640,#12659,#12660,
    #12661,#12662,#12663,#12664,#12665));
#12579 = ORIENTED_EDGE('',*,*,#11834,.T.);
#12580 = ORIENTED_EDGE('',*,*,#12581,.T.);
#12581 = EDGE_CURVE('',#11835,#12582,#12584,.T.);
#12582 = VERTEX_POINT('',#12583);
#12583 = CARTESIAN_POINT('',(-23.5,-60.,7.25));
#12584 = SEAM_CURVE('',#12585,(#12589,#12596),.PCURVE_S1.);
#12585 = LINE('',#12586,#12587);
#12586 = CARTESIAN_POINT('',(-23.5,-60.,1.8));
#12587 = VECTOR('',#12588,1.);
#12588 = DIRECTION('',(0.,0.,1.));
#12589 = PCURVE('',#3170,#12590);
#12590 = DEFINITIONAL_REPRESENTATION('',(#12591),#12595);
#12591 = LINE('',#12592,#12593);
#12592 = CARTESIAN_POINT('',(-6.28318530718,0.));
#12593 = VECTOR('',#12594,1.);
#12594 = DIRECTION('',(-0.,-1.));
#12595 = ( GEOMETRIC_REPRESENTATION_CONTEXT(2) 
PARAMETRIC_REPRESENTATION_CONTEXT() REPRESENTATION_CONTEXT('2D SPACE',''
  ) );
#12596 = PCURVE('',#3170,#12597);
#12597 = DEFINITIONAL_REPRESENTATION('',(#12598),#12602);
#12598 = LINE('',#12599,#12600);
#12599 = CARTESIAN_POINT('',(-0.,0.));
#12600 = VECTOR('',#12601,1.);
#12601 = DIRECTION('',(-0.,-1.));
#12602 = ( GEOMETRIC_REPRESENTATION_CONTEXT(2) 
PARAMETRIC_REPRESENTATION_CONTEXT() REPRESENTATION_CONTEXT('2D SPACE',''
  ) );
#12603 = ORIENTED_EDGE('',*,*,#12604,.T.);
#12604 = EDGE_CURVE('',#12582,#12582,#12605,.T.);
#12605 = SURFACE_CURVE('',#12606,(#12611,#12618),.PCURVE_S1.);
#12606 = CIRCLE('',#12607,2.5);
#12607 = AXIS2_PLACEMENT_3D('',#12608,#12609,#12610);
#12608 = CARTESIAN_POINT('',(-26.,-60.,7.25));
#12609 = DIRECTION('',(0.,0.,1.));
#12610 = DIRECTION('',(1.,0.,-0.));
#12611 = PCURVE('',#3170,#12612);
#12612 = DEFINITIONAL_REPRESENTATION('',(#12613),#12617);
#12613 = LINE('',#12614,#12615);
#12614 = CARTESIAN_POINT('',(-0.,-5.45));
#12615 = VECTOR('',#12616,1.);
#12616 = DIRECTION('',(-1.,0.));
#12617 = ( GEOMETRIC_REPRESENTATION_CONTEXT(2) 
PARAMETRIC_REPRESENTATION_CONTEXT() REPRESENTATION_CONTEXT('2D SPACE',''
  ) );
#12618 = PCURVE('',#12619,#12624);
#12619 = PLANE('',#12620);
#12620 = AXIS2_PLACEMENT_3D('',#12621,#12622,#12623);
#12621 = CARTESIAN_POINT('',(-26.,-60.,7.25));
#12622 = DIRECTION('',(0.,0.,1.));
#12623 = DIRECTION('',(1.,0.,-0.));
#12624 = DEFINITIONAL_REPRESENTATION('',(#12625),#12629);
#12625 = CIRCLE('',#12626,2.5);
#12626 = AXIS2_PLACEMENT_2D('',#12627,#12628);
#12627 = CARTESIAN_POINT('',(1.367440132539E-16,-1.714341265789E-16));
#12628 = DIRECTION('',(1.,0.));
#12629 = ( GEOMETRIC_REPRESENTATION_CONTEXT(2) 
PARAMETRIC_REPRESENTATION_CONTEXT() REPRESENTATION_CONTEXT('2D SPACE',''
  ) );
#12630 = ORIENTED_EDGE('',*,*,#12581,.F.);
#12631 = ORIENTED_EDGE('',*,*,#11862,.T.);
#12632 = ORIENTED_EDGE('',*,*,#11736,.T.);
#12633 = ORIENTED_EDGE('',*,*,#3374,.F.);
#12634 = ORIENTED_EDGE('',*,*,#11134,.F.);
#12635 = ORIENTED_EDGE('',*,*,#11156,.T.);
#12636 = ORIENTED_EDGE('',*,*,#11287,.T.);
#12637 = ORIENTED_EDGE('',*,*,#11384,.F.);
#12638 = ORIENTED_EDGE('',*,*,#11488,.F.);
#12639 = ORIENTED_EDGE('',*,*,#11556,.T.);
#12640 = ORIENTED_EDGE('',*,*,#12641,.T.);
#12641 = EDGE_CURVE('',#11513,#3126,#12642,.T.);
#12642 = SURFACE_CURVE('',#12643,(#12647,#12653),.PCURVE_S1.);
#12643 = LINE('',#12644,#12645);
#12644 = CARTESIAN_POINT('',(-28.44948974278,-59.5,1.8));
#12645 = VECTOR('',#12646,1.);
#12646 = DIRECTION('',(-0.,-0.,-1.));
#12647 = PCURVE('',#3170,#12648);
#12648 = DEFINITIONAL_REPRESENTATION('',(#12649),#12652);
#12649 = B_SPLINE_CURVE_WITH_KNOTS('',1,(#12650,#12651),.UNSPECIFIED.,
  .F.,.F.,(2,2),(-3.74,2.400000000069E-06),.PIECEWISE_BEZIER_KNOTS.);
#12650 = CARTESIAN_POINT('',(-2.940234732799,-3.74));
#12651 = CARTESIAN_POINT('',(-2.940234732799,2.400000000069E-06));
#12652 = ( GEOMETRIC_REPRESENTATION_CONTEXT(2) 
PARAMETRIC_REPRESENTATION_CONTEXT() REPRESENTATION_CONTEXT('2D SPACE',''
  ) );
#12653 = PCURVE('',#3141,#12654);
#12654 = DEFINITIONAL_REPRESENTATION('',(#12655),#12658);
#12655 = B_SPLINE_CURVE_WITH_KNOTS('',1,(#12656,#12657),.UNSPECIFIED.,
  .F.,.F.,(2,2),(-3.74,2.400000000069E-06),.PIECEWISE_BEZIER_KNOTS.);
#12656 = CARTESIAN_POINT('',(3.74,3.550510257217));
#12657 = CARTESIAN_POINT('',(-2.400000000069E-06,3.550510257217));
#12658 = ( GEOMETRIC_REPRESENTATION_CONTEXT(2) 
PARAMETRIC_REPRESENTATION_CONTEXT() REPRESENTATION_CONTEXT('2D SPACE',''
  ) );
#12659 = ORIENTED_EDGE('',*,*,#3153,.F.);
#12660 = ORIENTED_EDGE('',*,*,#12556,.F.);
#12661 = ORIENTED_EDGE('',*,*,#12525,.T.);
#12662 = ORIENTED_EDGE('',*,*,#12419,.T.);
#12663 = ORIENTED_EDGE('',*,*,#12354,.T.);
#12664 = ORIENTED_EDGE('',*,*,#3266,.F.);
#12665 = ORIENTED_EDGE('',*,*,#11993,.F.);
#12666 = ADVANCED_FACE('',(#12667,#12670),#12619,.T.);
#12667 = FACE_BOUND('',#12668,.T.);
#12668 = EDGE_LOOP('',(#12669));
#12669 = ORIENTED_EDGE('',*,*,#12604,.T.);
#12670 = FACE_BOUND('',#12671,.T.);
#12671 = EDGE_LOOP('',(#12672));
#12672 = ORIENTED_EDGE('',*,*,#12673,.T.);
#12673 = EDGE_CURVE('',#12674,#12674,#12676,.T.);
#12674 = VERTEX_POINT('',#12675);
#12675 = CARTESIAN_POINT('',(-24.1,-60.,7.25));
#12676 = SURFACE_CURVE('',#12677,(#12682,#12693),.PCURVE_S1.);
#12677 = CIRCLE('',#12678,1.9);
#12678 = AXIS2_PLACEMENT_3D('',#12679,#12680,#12681);
#12679 = CARTESIAN_POINT('',(-26.,-60.,7.25));
#12680 = DIRECTION('',(0.,-0.,-1.));
#12681 = DIRECTION('',(1.,0.,-0.));
#12682 = PCURVE('',#12619,#12683);
#12683 = DEFINITIONAL_REPRESENTATION('',(#12684),#12692);
#12684 = ( BOUNDED_CURVE() B_SPLINE_CURVE(2,(#12685,#12686,#12687,#12688
    ,#12689,#12690,#12691),.UNSPECIFIED.,.T.,.F.) 
B_SPLINE_CURVE_WITH_KNOTS((1,2,2,2,2,1),(-2.094395102393,0.,
    2.094395102393,4.188790204786,6.28318530718,8.377580409573),
.UNSPECIFIED.) CURVE() GEOMETRIC_REPRESENTATION_ITEM() 
RATIONAL_B_SPLINE_CURVE((1.,0.5,1.,0.5,1.,0.5,1.)) REPRESENTATION_ITEM(
  '') );
#12685 = CARTESIAN_POINT('',(1.9,0.));
#12686 = CARTESIAN_POINT('',(1.9,-3.290896534381));
#12687 = CARTESIAN_POINT('',(-0.95,-1.64544826719));
#12688 = CARTESIAN_POINT('',(-3.8,-4.65365783676E-16));
#12689 = CARTESIAN_POINT('',(-0.95,1.64544826719));
#12690 = CARTESIAN_POINT('',(1.9,3.290896534381));
#12691 = CARTESIAN_POINT('',(1.9,0.));
#12692 = ( GEOMETRIC_REPRESENTATION_CONTEXT(2) 
PARAMETRIC_REPRESENTATION_CONTEXT() REPRESENTATION_CONTEXT('2D SPACE',''
  ) );
#12693 = PCURVE('',#12694,#12699);
#12694 = CYLINDRICAL_SURFACE('',#12695,1.9);
#12695 = AXIS2_PLACEMENT_3D('',#12696,#12697,#12698);
#12696 = CARTESIAN_POINT('',(-26.,-60.,6.65));
#12697 = DIRECTION('',(-0.,-0.,-1.));
#12698 = DIRECTION('',(1.,0.,-0.));
#12699 = DEFINITIONAL_REPRESENTATION('',(#12700),#12704);
#12700 = LINE('',#12701,#12702);
#12701 = CARTESIAN_POINT('',(-6.28318530718,-0.6));
#12702 = VECTOR('',#12703,1.);
#12703 = DIRECTION('',(1.,-0.));
#12704 = ( GEOMETRIC_REPRESENTATION_CONTEXT(2) 
PARAMETRIC_REPRESENTATION_CONTEXT() REPRESENTATION_CONTEXT('2D SPACE',''
  ) );
#12705 = ADVANCED_FACE('',(#12706),#12694,.F.);
#12706 = FACE_BOUND('',#12707,.T.);
#12707 = EDGE_LOOP('',(#12708,#12737,#12758,#12759));
#12708 = ORIENTED_EDGE('',*,*,#12709,.F.);
#12709 = EDGE_CURVE('',#12710,#12710,#12712,.T.);
#12710 = VERTEX_POINT('',#12711);
#12711 = CARTESIAN_POINT('',(-24.1,-60.,6.65));
#12712 = SURFACE_CURVE('',#12713,(#12718,#12725),.PCURVE_S1.);
#12713 = CIRCLE('',#12714,1.9);
#12714 = AXIS2_PLACEMENT_3D('',#12715,#12716,#12717);
#12715 = CARTESIAN_POINT('',(-26.,-60.,6.65));
#12716 = DIRECTION('',(0.,0.,1.));
#12717 = DIRECTION('',(1.,0.,-0.));
#12718 = PCURVE('',#12694,#12719);
#12719 = DEFINITIONAL_REPRESENTATION('',(#12720),#12724);
#12720 = LINE('',#12721,#12722);
#12721 = CARTESIAN_POINT('',(-0.,0.));
#12722 = VECTOR('',#12723,1.);
#12723 = DIRECTION('',(-1.,0.));
#12724 = ( GEOMETRIC_REPRESENTATION_CONTEXT(2) 
PARAMETRIC_REPRESENTATION_CONTEXT() REPRESENTATION_CONTEXT('2D SPACE',''
  ) );
#12725 = PCURVE('',#12726,#12731);
#12726 = PLANE('',#12727);
#12727 = AXIS2_PLACEMENT_3D('',#12728,#12729,#12730);
#12728 = CARTESIAN_POINT('',(-26.,-60.,6.65));
#12729 = DIRECTION('',(0.,0.,1.));
#12730 = DIRECTION('',(1.,0.,-0.));
#12731 = DEFINITIONAL_REPRESENTATION('',(#12732),#12736);
#12732 = CIRCLE('',#12733,1.9);
#12733 = AXIS2_PLACEMENT_2D('',#12734,#12735);
#12734 = CARTESIAN_POINT('',(2.249079165361E-16,-1.023653692829E-16));
#12735 = DIRECTION('',(1.,0.));
#12736 = ( GEOMETRIC_REPRESENTATION_CONTEXT(2) 
PARAMETRIC_REPRESENTATION_CONTEXT() REPRESENTATION_CONTEXT('2D SPACE',''
  ) );
#12737 = ORIENTED_EDGE('',*,*,#12738,.T.);
#12738 = EDGE_CURVE('',#12710,#12674,#12739,.T.);
#12739 = SEAM_CURVE('',#12740,(#12744,#12751),.PCURVE_S1.);
#12740 = LINE('',#12741,#12742);
#12741 = CARTESIAN_POINT('',(-24.1,-60.,6.65));
#12742 = VECTOR('',#12743,1.);
#12743 = DIRECTION('',(0.,0.,1.));
#12744 = PCURVE('',#12694,#12745);
#12745 = DEFINITIONAL_REPRESENTATION('',(#12746),#12750);
#12746 = LINE('',#12747,#12748);
#12747 = CARTESIAN_POINT('',(-6.28318530718,0.));
#12748 = VECTOR('',#12749,1.);
#12749 = DIRECTION('',(-0.,-1.));
#12750 = ( GEOMETRIC_REPRESENTATION_CONTEXT(2) 
PARAMETRIC_REPRESENTATION_CONTEXT() REPRESENTATION_CONTEXT('2D SPACE',''
  ) );
#12751 = PCURVE('',#12694,#12752);
#12752 = DEFINITIONAL_REPRESENTATION('',(#12753),#12757);
#12753 = LINE('',#12754,#12755);
#12754 = CARTESIAN_POINT('',(-0.,0.));
#12755 = VECTOR('',#12756,1.);
#12756 = DIRECTION('',(-0.,-1.));
#12757 = ( GEOMETRIC_REPRESENTATION_CONTEXT(2) 
PARAMETRIC_REPRESENTATION_CONTEXT() REPRESENTATION_CONTEXT('2D SPACE',''
  ) );
#12758 = ORIENTED_EDGE('',*,*,#12673,.F.);
#12759 = ORIENTED_EDGE('',*,*,#12738,.F.);
#12760 = ADVANCED_FACE('',(#12761,#12764),#12726,.T.);
#12761 = FACE_BOUND('',#12762,.T.);
#12762 = EDGE_LOOP('',(#12763));
#12763 = ORIENTED_EDGE('',*,*,#12709,.T.);
#12764 = FACE_BOUND('',#12765,.T.);
#12765 = EDGE_LOOP('',(#12766));
#12766 = ORIENTED_EDGE('',*,*,#12767,.T.);
#12767 = EDGE_CURVE('',#12768,#12768,#12770,.T.);
#12768 = VERTEX_POINT('',#12769);
#12769 = CARTESIAN_POINT('',(-24.4,-60.,6.65));
#12770 = SURFACE_CURVE('',#12771,(#12776,#12787),.PCURVE_S1.);
#12771 = CIRCLE('',#12772,1.6);
#12772 = AXIS2_PLACEMENT_3D('',#12773,#12774,#12775);
#12773 = CARTESIAN_POINT('',(-26.,-60.,6.65));
#12774 = DIRECTION('',(0.,-0.,-1.));
#12775 = DIRECTION('',(1.,0.,-0.));
#12776 = PCURVE('',#12726,#12777);
#12777 = DEFINITIONAL_REPRESENTATION('',(#12778),#12786);
#12778 = ( BOUNDED_CURVE() B_SPLINE_CURVE(2,(#12779,#12780,#12781,#12782
    ,#12783,#12784,#12785),.UNSPECIFIED.,.T.,.F.) 
B_SPLINE_CURVE_WITH_KNOTS((1,2,2,2,2,1),(-2.094395102393,0.,
    2.094395102393,4.188790204786,6.28318530718,8.377580409573),
.UNSPECIFIED.) CURVE() GEOMETRIC_REPRESENTATION_ITEM() 
RATIONAL_B_SPLINE_CURVE((1.,0.5,1.,0.5,1.,0.5,1.)) REPRESENTATION_ITEM(
  '') );
#12779 = CARTESIAN_POINT('',(1.6,0.));
#12780 = CARTESIAN_POINT('',(1.6,-2.77128129211));
#12781 = CARTESIAN_POINT('',(-0.8,-1.385640646055));
#12782 = CARTESIAN_POINT('',(-3.2,-3.918869757272E-16));
#12783 = CARTESIAN_POINT('',(-0.8,1.385640646055));
#12784 = CARTESIAN_POINT('',(1.6,2.77128129211));
#12785 = CARTESIAN_POINT('',(1.6,0.));
#12786 = ( GEOMETRIC_REPRESENTATION_CONTEXT(2) 
PARAMETRIC_REPRESENTATION_CONTEXT() REPRESENTATION_CONTEXT('2D SPACE',''
  ) );
#12787 = PCURVE('',#12788,#12793);
#12788 = CYLINDRICAL_SURFACE('',#12789,1.6);
#12789 = AXIS2_PLACEMENT_3D('',#12790,#12791,#12792);
#12790 = CARTESIAN_POINT('',(-26.,-60.,2.25));
#12791 = DIRECTION('',(-0.,-0.,-1.));
#12792 = DIRECTION('',(1.,0.,-0.));
#12793 = DEFINITIONAL_REPRESENTATION('',(#12794),#12798);
#12794 = LINE('',#12795,#12796);
#12795 = CARTESIAN_POINT('',(-6.28318530718,-4.4));
#12796 = VECTOR('',#12797,1.);
#12797 = DIRECTION('',(1.,-0.));
#12798 = ( GEOMETRIC_REPRESENTATION_CONTEXT(2) 
PARAMETRIC_REPRESENTATION_CONTEXT() REPRESENTATION_CONTEXT('2D SPACE',''
  ) );
#12799 = ADVANCED_FACE('',(#12800),#12788,.F.);
#12800 = FACE_BOUND('',#12801,.T.);
#12801 = EDGE_LOOP('',(#12802,#12825,#12852,#12853));
#12802 = ORIENTED_EDGE('',*,*,#12803,.F.);
#12803 = EDGE_CURVE('',#12804,#12768,#12806,.T.);
#12804 = VERTEX_POINT('',#12805);
#12805 = CARTESIAN_POINT('',(-24.4,-60.,2.25));
#12806 = SEAM_CURVE('',#12807,(#12811,#12818),.PCURVE_S1.);
#12807 = LINE('',#12808,#12809);
#12808 = CARTESIAN_POINT('',(-24.4,-60.,2.25));
#12809 = VECTOR('',#12810,1.);
#12810 = DIRECTION('',(0.,0.,1.));
#12811 = PCURVE('',#12788,#12812);
#12812 = DEFINITIONAL_REPRESENTATION('',(#12813),#12817);
#12813 = LINE('',#12814,#12815);
#12814 = CARTESIAN_POINT('',(-6.28318530718,0.));
#12815 = VECTOR('',#12816,1.);
#12816 = DIRECTION('',(-0.,-1.));
#12817 = ( GEOMETRIC_REPRESENTATION_CONTEXT(2) 
PARAMETRIC_REPRESENTATION_CONTEXT() REPRESENTATION_CONTEXT('2D SPACE',''
  ) );
#12818 = PCURVE('',#12788,#12819);
#12819 = DEFINITIONAL_REPRESENTATION('',(#12820),#12824);
#12820 = LINE('',#12821,#12822);
#12821 = CARTESIAN_POINT('',(-0.,0.));
#12822 = VECTOR('',#12823,1.);
#12823 = DIRECTION('',(-0.,-1.));
#12824 = ( GEOMETRIC_REPRESENTATION_CONTEXT(2) 
PARAMETRIC_REPRESENTATION_CONTEXT() REPRESENTATION_CONTEXT('2D SPACE',''
  ) );
#12825 = ORIENTED_EDGE('',*,*,#12826,.F.);
#12826 = EDGE_CURVE('',#12804,#12804,#12827,.T.);
#12827 = SURFACE_CURVE('',#12828,(#12833,#12840),.PCURVE_S1.);
#12828 = CIRCLE('',#12829,1.6);
#12829 = AXIS2_PLACEMENT_3D('',#12830,#12831,#12832);
#12830 = CARTESIAN_POINT('',(-26.,-60.,2.25));
#12831 = DIRECTION('',(0.,0.,1.));
#12832 = DIRECTION('',(1.,0.,-0.));
#12833 = PCURVE('',#12788,#12834);
#12834 = DEFINITIONAL_REPRESENTATION('',(#12835),#12839);
#12835 = LINE('',#12836,#12837);
#12836 = CARTESIAN_POINT('',(-0.,0.));
#12837 = VECTOR('',#12838,1.);
#12838 = DIRECTION('',(-1.,0.));
#12839 = ( GEOMETRIC_REPRESENTATION_CONTEXT(2) 
PARAMETRIC_REPRESENTATION_CONTEXT() REPRESENTATION_CONTEXT('2D SPACE',''
  ) );
#12840 = PCURVE('',#12841,#12846);
#12841 = PLANE('',#12842);
#12842 = AXIS2_PLACEMENT_3D('',#12843,#12844,#12845);
#12843 = CARTESIAN_POINT('',(-26.,-60.,2.25));
#12844 = DIRECTION('',(0.,0.,1.));
#12845 = DIRECTION('',(1.,0.,-0.));
#12846 = DEFINITIONAL_REPRESENTATION('',(#12847),#12851);
#12847 = CIRCLE('',#12848,1.6);
#12848 = AXIS2_PLACEMENT_2D('',#12849,#12850);
#12849 = CARTESIAN_POINT('',(1.068312603546E-16,-1.483480247548E-16));
#12850 = DIRECTION('',(1.,0.));
#12851 = ( GEOMETRIC_REPRESENTATION_CONTEXT(2) 
PARAMETRIC_REPRESENTATION_CONTEXT() REPRESENTATION_CONTEXT('2D SPACE',''
  ) );
#12852 = ORIENTED_EDGE('',*,*,#12803,.T.);
#12853 = ORIENTED_EDGE('',*,*,#12767,.F.);
#12854 = ADVANCED_FACE('',(#12855),#12841,.T.);
#12855 = FACE_BOUND('',#12856,.T.);
#12856 = EDGE_LOOP('',(#12857));
#12857 = ORIENTED_EDGE('',*,*,#12826,.T.);
#12858 = ADVANCED_FACE('',(#12859),#3141,.T.);
#12859 = FACE_BOUND('',#12860,.T.);
#12860 = EDGE_LOOP('',(#12861,#12862,#12882,#12883));
#12861 = ORIENTED_EDGE('',*,*,#3125,.F.);
#12862 = ORIENTED_EDGE('',*,*,#12863,.T.);
#12863 = EDGE_CURVE('',#3101,#11511,#12864,.T.);
#12864 = SURFACE_CURVE('',#12865,(#12869,#12875),.PCURVE_S1.);
#12865 = LINE('',#12866,#12867);
#12866 = CARTESIAN_POINT('',(-31.2,-59.5,1.8));
#12867 = VECTOR('',#12868,1.);
#12868 = DIRECTION('',(0.,0.,1.));
#12869 = PCURVE('',#3141,#12870);
#12870 = DEFINITIONAL_REPRESENTATION('',(#12871),#12874);
#12871 = B_SPLINE_CURVE_WITH_KNOTS('',1,(#12872,#12873),.UNSPECIFIED.,
  .F.,.F.,(2,2),(0.,3.4),.PIECEWISE_BEZIER_KNOTS.);
#12872 = CARTESIAN_POINT('',(0.,0.8));
#12873 = CARTESIAN_POINT('',(3.4,0.8));
#12874 = ( GEOMETRIC_REPRESENTATION_CONTEXT(2) 
PARAMETRIC_REPRESENTATION_CONTEXT() REPRESENTATION_CONTEXT('2D SPACE',''
  ) );
#12875 = PCURVE('',#912,#12876);
#12876 = DEFINITIONAL_REPRESENTATION('',(#12877),#12881);
#12877 = LINE('',#12878,#12879);
#12878 = CARTESIAN_POINT('',(3.500000000001,0.));
#12879 = VECTOR('',#12880,1.);
#12880 = DIRECTION('',(0.,-1.));
#12881 = ( GEOMETRIC_REPRESENTATION_CONTEXT(2) 
PARAMETRIC_REPRESENTATION_CONTEXT() REPRESENTATION_CONTEXT('2D SPACE',''
  ) );
#12882 = ORIENTED_EDGE('',*,*,#11510,.T.);
#12883 = ORIENTED_EDGE('',*,*,#12641,.T.);
#12884 = ADVANCED_FACE('',(#12885),#1233,.F.);
#12885 = FACE_BOUND('',#12886,.F.);
#12886 = EDGE_LOOP('',(#12887,#12888,#12889,#12890));
#12887 = ORIENTED_EDGE('',*,*,#1778,.F.);
#12888 = ORIENTED_EDGE('',*,*,#1541,.T.);
#12889 = ORIENTED_EDGE('',*,*,#1212,.T.);
#12890 = ORIENTED_EDGE('',*,*,#12891,.F.);
#12891 = EDGE_CURVE('',#1756,#1213,#12892,.T.);
#12892 = SURFACE_CURVE('',#12893,(#12897,#12904),.PCURVE_S1.);
#12893 = LINE('',#12894,#12895);
#12894 = CARTESIAN_POINT('',(31.2,62.99999999885,1.8));
#12895 = VECTOR('',#12896,1.);
#12896 = DIRECTION('',(0.,0.,1.));
#12897 = PCURVE('',#1233,#12898);
#12898 = DEFINITIONAL_REPRESENTATION('',(#12899),#12903);
#12899 = LINE('',#12900,#12901);
#12900 = CARTESIAN_POINT('',(3.141592652134,0.));
#12901 = VECTOR('',#12902,1.);
#12902 = DIRECTION('',(0.,-1.));
#12903 = ( GEOMETRIC_REPRESENTATION_CONTEXT(2) 
PARAMETRIC_REPRESENTATION_CONTEXT() REPRESENTATION_CONTEXT('2D SPACE',''
  ) );
#12904 = PCURVE('',#1260,#12905);
#12905 = DEFINITIONAL_REPRESENTATION('',(#12906),#12910);
#12906 = LINE('',#12907,#12908);
#12907 = CARTESIAN_POINT('',(44.801316012538,0.));
#12908 = VECTOR('',#12909,1.);
#12909 = DIRECTION('',(0.,-1.));
#12910 = ( GEOMETRIC_REPRESENTATION_CONTEXT(2) 
PARAMETRIC_REPRESENTATION_CONTEXT() REPRESENTATION_CONTEXT('2D SPACE',''
  ) );
#12911 = ADVANCED_FACE('',(#12912),#1175,.F.);
#12912 = FACE_BOUND('',#12913,.F.);
#12913 = EDGE_LOOP('',(#12914,#12915,#12936,#12937));
#12914 = ORIENTED_EDGE('',*,*,#3886,.F.);
#12915 = ORIENTED_EDGE('',*,*,#12916,.T.);
#12916 = EDGE_CURVE('',#3887,#1134,#12917,.T.);
#12917 = SURFACE_CURVE('',#12918,(#12922,#12929),.PCURVE_S1.);
#12918 = LINE('',#12919,#12920);
#12919 = CARTESIAN_POINT('',(18.,60.,1.8));
#12920 = VECTOR('',#12921,1.);
#12921 = DIRECTION('',(0.,0.,1.));
#12922 = PCURVE('',#1175,#12923);
#12923 = DEFINITIONAL_REPRESENTATION('',(#12924),#12928);
#12924 = LINE('',#12925,#12926);
#12925 = CARTESIAN_POINT('',(0.,0.));
#12926 = VECTOR('',#12927,1.);
#12927 = DIRECTION('',(0.,-1.));
#12928 = ( GEOMETRIC_REPRESENTATION_CONTEXT(2) 
PARAMETRIC_REPRESENTATION_CONTEXT() REPRESENTATION_CONTEXT('2D SPACE',''
  ) );
#12929 = PCURVE('',#1148,#12930);
#12930 = DEFINITIONAL_REPRESENTATION('',(#12931),#12935);
#12931 = LINE('',#12932,#12933);
#12932 = CARTESIAN_POINT('',(36.,0.));
#12933 = VECTOR('',#12934,1.);
#12934 = DIRECTION('',(0.,-1.));
#12935 = ( GEOMETRIC_REPRESENTATION_CONTEXT(2) 
PARAMETRIC_REPRESENTATION_CONTEXT() REPRESENTATION_CONTEXT('2D SPACE',''
  ) );
#12936 = ORIENTED_EDGE('',*,*,#1160,.F.);
#12937 = ORIENTED_EDGE('',*,*,#1519,.F.);
#12938 = ADVANCED_FACE('',(#12939),#1260,.T.);
#12939 = FACE_BOUND('',#12940,.T.);
#12940 = EDGE_LOOP('',(#12941,#12942,#12963,#12964,#12965,#12966,#12967,
    #12968));
#12941 = ORIENTED_EDGE('',*,*,#3853,.F.);
#12942 = ORIENTED_EDGE('',*,*,#12943,.T.);
#12943 = EDGE_CURVE('',#3826,#1246,#12944,.T.);
#12944 = SURFACE_CURVE('',#12945,(#12949,#12956),.PCURVE_S1.);
#12945 = LINE('',#12946,#12947);
#12946 = CARTESIAN_POINT('',(31.200000065237,18.198683986312,1.8));
#12947 = VECTOR('',#12948,1.);
#12948 = DIRECTION('',(0.,0.,1.));
#12949 = PCURVE('',#1260,#12950);
#12950 = DEFINITIONAL_REPRESENTATION('',(#12951),#12955);
#12951 = LINE('',#12952,#12953);
#12952 = CARTESIAN_POINT('',(0.,0.));
#12953 = VECTOR('',#12954,1.);
#12954 = DIRECTION('',(0.,-1.));
#12955 = ( GEOMETRIC_REPRESENTATION_CONTEXT(2) 
PARAMETRIC_REPRESENTATION_CONTEXT() REPRESENTATION_CONTEXT('2D SPACE',''
  ) );
#12956 = PCURVE('',#1292,#12957);
#12957 = DEFINITIONAL_REPRESENTATION('',(#12958),#12962);
#12958 = LINE('',#12959,#12960);
#12959 = CARTESIAN_POINT('',(6.283185305723,0.));
#12960 = VECTOR('',#12961,1.);
#12961 = DIRECTION('',(0.,-1.));
#12962 = ( GEOMETRIC_REPRESENTATION_CONTEXT(2) 
PARAMETRIC_REPRESENTATION_CONTEXT() REPRESENTATION_CONTEXT('2D SPACE',''
  ) );
#12963 = ORIENTED_EDGE('',*,*,#1245,.F.);
#12964 = ORIENTED_EDGE('',*,*,#12891,.F.);
#12965 = ORIENTED_EDGE('',*,*,#1755,.F.);
#12966 = ORIENTED_EDGE('',*,*,#2996,.T.);
#12967 = ORIENTED_EDGE('',*,*,#2970,.T.);
#12968 = ORIENTED_EDGE('',*,*,#2519,.F.);
#12969 = ADVANCED_FACE('',(#12970),#1148,.F.);
#12970 = FACE_BOUND('',#12971,.F.);
#12971 = EDGE_LOOP('',(#12972,#12973,#12994,#12995));
#12972 = ORIENTED_EDGE('',*,*,#3909,.F.);
#12973 = ORIENTED_EDGE('',*,*,#12974,.T.);
#12974 = EDGE_CURVE('',#3910,#1108,#12975,.T.);
#12975 = SURFACE_CURVE('',#12976,(#12980,#12987),.PCURVE_S1.);
#12976 = LINE('',#12977,#12978);
#12977 = CARTESIAN_POINT('',(-18.,60.,1.8));
#12978 = VECTOR('',#12979,1.);
#12979 = DIRECTION('',(0.,0.,1.));
#12980 = PCURVE('',#1148,#12981);
#12981 = DEFINITIONAL_REPRESENTATION('',(#12982),#12986);
#12982 = LINE('',#12983,#12984);
#12983 = CARTESIAN_POINT('',(0.,0.));
#12984 = VECTOR('',#12985,1.);
#12985 = DIRECTION('',(0.,-1.));
#12986 = ( GEOMETRIC_REPRESENTATION_CONTEXT(2) 
PARAMETRIC_REPRESENTATION_CONTEXT() REPRESENTATION_CONTEXT('2D SPACE',''
  ) );
#12987 = PCURVE('',#1122,#12988);
#12988 = DEFINITIONAL_REPRESENTATION('',(#12989),#12993);
#12989 = LINE('',#12990,#12991);
#12990 = CARTESIAN_POINT('',(0.,0.));
#12991 = VECTOR('',#12992,1.);
#12992 = DIRECTION('',(0.,-1.));
#12993 = ( GEOMETRIC_REPRESENTATION_CONTEXT(2) 
PARAMETRIC_REPRESENTATION_CONTEXT() REPRESENTATION_CONTEXT('2D SPACE',''
  ) );
#12994 = ORIENTED_EDGE('',*,*,#1133,.F.);
#12995 = ORIENTED_EDGE('',*,*,#12916,.F.);
#12996 = ADVANCED_FACE('',(#12997),#1292,.T.);
#12997 = FACE_BOUND('',#12998,.T.);
#12998 = EDGE_LOOP('',(#12999,#13000,#13021,#13022));
#12999 = ORIENTED_EDGE('',*,*,#3825,.F.);
#13000 = ORIENTED_EDGE('',*,*,#13001,.T.);
#13001 = EDGE_CURVE('',#3802,#1272,#13002,.T.);
#13002 = SURFACE_CURVE('',#13003,(#13007,#13014),.PCURVE_S1.);
#13003 = LINE('',#13004,#13005);
#13004 = CARTESIAN_POINT('',(31.635000055777,15.994874815518,1.8));
#13005 = VECTOR('',#13006,1.);
#13006 = DIRECTION('',(0.,0.,1.));
#13007 = PCURVE('',#1292,#13008);
#13008 = DEFINITIONAL_REPRESENTATION('',(#13009),#13013);
#13009 = LINE('',#13010,#13011);
#13010 = CARTESIAN_POINT('',(5.893424578674,0.));
#13011 = VECTOR('',#13012,1.);
#13012 = DIRECTION('',(0.,-1.));
#13013 = ( GEOMETRIC_REPRESENTATION_CONTEXT(2) 
PARAMETRIC_REPRESENTATION_CONTEXT() REPRESENTATION_CONTEXT('2D SPACE',''
  ) );
#13014 = PCURVE('',#1325,#13015);
#13015 = DEFINITIONAL_REPRESENTATION('',(#13016),#13020);
#13016 = LINE('',#13017,#13018);
#13017 = CARTESIAN_POINT('',(-7.084083898007,0.));
#13018 = VECTOR('',#13019,1.);
#13019 = DIRECTION('',(-0.,-1.));
#13020 = ( GEOMETRIC_REPRESENTATION_CONTEXT(2) 
PARAMETRIC_REPRESENTATION_CONTEXT() REPRESENTATION_CONTEXT('2D SPACE',''
  ) );
#13021 = ORIENTED_EDGE('',*,*,#1271,.T.);
#13022 = ORIENTED_EDGE('',*,*,#12943,.F.);
#13023 = ADVANCED_FACE('',(#13024),#1122,.T.);
#13024 = FACE_BOUND('',#13025,.T.);
#13025 = EDGE_LOOP('',(#13026,#13027,#13028,#13029));
#13026 = ORIENTED_EDGE('',*,*,#3932,.F.);
#13027 = ORIENTED_EDGE('',*,*,#12974,.T.);
#13028 = ORIENTED_EDGE('',*,*,#1107,.F.);
#13029 = ORIENTED_EDGE('',*,*,#13030,.F.);
#13030 = EDGE_CURVE('',#3933,#1082,#13031,.T.);
#13031 = SURFACE_CURVE('',#13032,(#13036,#13043),.PCURVE_S1.);
#13032 = LINE('',#13033,#13034);
#13033 = CARTESIAN_POINT('',(-18.,65.2,1.8));
#13034 = VECTOR('',#13035,1.);
#13035 = DIRECTION('',(0.,0.,1.));
#13036 = PCURVE('',#1122,#13037);
#13037 = DEFINITIONAL_REPRESENTATION('',(#13038),#13042);
#13038 = LINE('',#13039,#13040);
#13039 = CARTESIAN_POINT('',(5.2,0.));
#13040 = VECTOR('',#13041,1.);
#13041 = DIRECTION('',(0.,-1.));
#13042 = ( GEOMETRIC_REPRESENTATION_CONTEXT(2) 
PARAMETRIC_REPRESENTATION_CONTEXT() REPRESENTATION_CONTEXT('2D SPACE',''
  ) );
#13043 = PCURVE('',#1096,#13044);
#13044 = DEFINITIONAL_REPRESENTATION('',(#13045),#13049);
#13045 = LINE('',#13046,#13047);
#13046 = CARTESIAN_POINT('',(11.,0.));
#13047 = VECTOR('',#13048,1.);
#13048 = DIRECTION('',(0.,-1.));
#13049 = ( GEOMETRIC_REPRESENTATION_CONTEXT(2) 
PARAMETRIC_REPRESENTATION_CONTEXT() REPRESENTATION_CONTEXT('2D SPACE',''
  ) );
#13050 = ADVANCED_FACE('',(#13051),#1325,.F.);
#13051 = FACE_BOUND('',#13052,.T.);
#13052 = EDGE_LOOP('',(#13053,#13054,#13075,#13076));
#13053 = ORIENTED_EDGE('',*,*,#3801,.F.);
#13054 = ORIENTED_EDGE('',*,*,#13055,.T.);
#13055 = EDGE_CURVE('',#3774,#1305,#13056,.T.);
#13056 = SURFACE_CURVE('',#13057,(#13061,#13068),.PCURVE_S1.);
#13057 = LINE('',#13058,#13059);
#13058 = CARTESIAN_POINT('',(31.634999963767,-9.994875039509,1.8));
#13059 = VECTOR('',#13060,1.);
#13060 = DIRECTION('',(0.,0.,1.));
#13061 = PCURVE('',#1325,#13062);
#13062 = DEFINITIONAL_REPRESENTATION('',(#13063),#13067);
#13063 = LINE('',#13064,#13065);
#13064 = CARTESIAN_POINT('',(-6.304562433916,0.));
#13065 = VECTOR('',#13066,1.);
#13066 = DIRECTION('',(-0.,-1.));
#13067 = ( GEOMETRIC_REPRESENTATION_CONTEXT(2) 
PARAMETRIC_REPRESENTATION_CONTEXT() REPRESENTATION_CONTEXT('2D SPACE',''
  ) );
#13068 = PCURVE('',#1358,#13069);
#13069 = DEFINITIONAL_REPRESENTATION('',(#13070),#13074);
#13070 = LINE('',#13071,#13072);
#13071 = CARTESIAN_POINT('',(6.672946042765,0.));
#13072 = VECTOR('',#13073,1.);
#13073 = DIRECTION('',(0.,-1.));
#13074 = ( GEOMETRIC_REPRESENTATION_CONTEXT(2) 
PARAMETRIC_REPRESENTATION_CONTEXT() REPRESENTATION_CONTEXT('2D SPACE',''
  ) );
#13075 = ORIENTED_EDGE('',*,*,#1304,.F.);
#13076 = ORIENTED_EDGE('',*,*,#13001,.F.);
#13077 = ADVANCED_FACE('',(#13078),#1096,.F.);
#13078 = FACE_BOUND('',#13079,.F.);
#13079 = EDGE_LOOP('',(#13080,#13081,#13102,#13103,#13104,#13105,#13106,
    #13107));
#13080 = ORIENTED_EDGE('',*,*,#10320,.F.);
#13081 = ORIENTED_EDGE('',*,*,#13082,.T.);
#13082 = EDGE_CURVE('',#10321,#1049,#13083,.T.);
#13083 = SURFACE_CURVE('',#13084,(#13088,#13095),.PCURVE_S1.);
#13084 = LINE('',#13085,#13086);
#13085 = CARTESIAN_POINT('',(-29.,65.199999995511,1.8));
#13086 = VECTOR('',#13087,1.);
#13087 = DIRECTION('',(0.,0.,1.));
#13088 = PCURVE('',#1096,#13089);
#13089 = DEFINITIONAL_REPRESENTATION('',(#13090),#13094);
#13090 = LINE('',#13091,#13092);
#13091 = CARTESIAN_POINT('',(0.,0.));
#13092 = VECTOR('',#13093,1.);
#13093 = DIRECTION('',(0.,-1.));
#13094 = ( GEOMETRIC_REPRESENTATION_CONTEXT(2) 
PARAMETRIC_REPRESENTATION_CONTEXT() REPRESENTATION_CONTEXT('2D SPACE',''
  ) );
#13095 = PCURVE('',#1069,#13096);
#13096 = DEFINITIONAL_REPRESENTATION('',(#13097),#13101);
#13097 = LINE('',#13098,#13099);
#13098 = CARTESIAN_POINT('',(7.853981633974,0.));
#13099 = VECTOR('',#13100,1.);
#13100 = DIRECTION('',(0.,-1.));
#13101 = ( GEOMETRIC_REPRESENTATION_CONTEXT(2) 
PARAMETRIC_REPRESENTATION_CONTEXT() REPRESENTATION_CONTEXT('2D SPACE',''
  ) );
#13102 = ORIENTED_EDGE('',*,*,#1081,.F.);
#13103 = ORIENTED_EDGE('',*,*,#13030,.F.);
#13104 = ORIENTED_EDGE('',*,*,#3955,.F.);
#13105 = ORIENTED_EDGE('',*,*,#10068,.T.);
#13106 = ORIENTED_EDGE('',*,*,#10148,.T.);
#13107 = ORIENTED_EDGE('',*,*,#10221,.F.);
#13108 = ADVANCED_FACE('',(#13109),#1358,.T.);
#13109 = FACE_BOUND('',#13110,.T.);
#13110 = EDGE_LOOP('',(#13111,#13112,#13133,#13134));
#13111 = ORIENTED_EDGE('',*,*,#3773,.F.);
#13112 = ORIENTED_EDGE('',*,*,#13113,.T.);
#13113 = EDGE_CURVE('',#3751,#1338,#13114,.T.);
#13114 = SURFACE_CURVE('',#13115,(#13119,#13126),.PCURVE_S1.);
#13115 = LINE('',#13116,#13117);
#13116 = CARTESIAN_POINT('',(31.199999957622,-12.19868426157,1.8));
#13117 = VECTOR('',#13118,1.);
#13118 = DIRECTION('',(0.,0.,1.));
#13119 = PCURVE('',#1358,#13120);
#13120 = DEFINITIONAL_REPRESENTATION('',(#13121),#13125);
#13121 = LINE('',#13122,#13123);
#13122 = CARTESIAN_POINT('',(6.283185306345,0.));
#13123 = VECTOR('',#13124,1.);
#13124 = DIRECTION('',(0.,-1.));
#13125 = ( GEOMETRIC_REPRESENTATION_CONTEXT(2) 
PARAMETRIC_REPRESENTATION_CONTEXT() REPRESENTATION_CONTEXT('2D SPACE',''
  ) );
#13126 = PCURVE('',#1385,#13127);
#13127 = DEFINITIONAL_REPRESENTATION('',(#13128),#13132);
#13128 = LINE('',#13129,#13130);
#13129 = CARTESIAN_POINT('',(50.801315736592,0.));
#13130 = VECTOR('',#13131,1.);
#13131 = DIRECTION('',(0.,-1.));
#13132 = ( GEOMETRIC_REPRESENTATION_CONTEXT(2) 
PARAMETRIC_REPRESENTATION_CONTEXT() REPRESENTATION_CONTEXT('2D SPACE',''
  ) );
#13133 = ORIENTED_EDGE('',*,*,#1337,.T.);
#13134 = ORIENTED_EDGE('',*,*,#13055,.F.);
#13135 = ADVANCED_FACE('',(#13136),#1069,.F.);
#13136 = FACE_BOUND('',#13137,.F.);
#13137 = EDGE_LOOP('',(#13138,#13139,#13160,#13161));
#13138 = ORIENTED_EDGE('',*,*,#10343,.F.);
#13139 = ORIENTED_EDGE('',*,*,#13140,.T.);
#13140 = EDGE_CURVE('',#10247,#1023,#13141,.T.);
#13141 = SURFACE_CURVE('',#13142,(#13146,#13153),.PCURVE_S1.);
#13142 = LINE('',#13143,#13144);
#13143 = CARTESIAN_POINT('',(-31.2,62.999999993431,1.8));
#13144 = VECTOR('',#13145,1.);
#13145 = DIRECTION('',(0.,0.,1.));
#13146 = PCURVE('',#1069,#13147);
#13147 = DEFINITIONAL_REPRESENTATION('',(#13148),#13152);
#13148 = LINE('',#13149,#13150);
#13149 = CARTESIAN_POINT('',(6.283185306234,0.));
#13150 = VECTOR('',#13151,1.);
#13151 = DIRECTION('',(0.,-1.));
#13152 = ( GEOMETRIC_REPRESENTATION_CONTEXT(2) 
PARAMETRIC_REPRESENTATION_CONTEXT() REPRESENTATION_CONTEXT('2D SPACE',''
  ) );
#13153 = PCURVE('',#1037,#13154);
#13154 = DEFINITIONAL_REPRESENTATION('',(#13155),#13159);
#13155 = LINE('',#13156,#13157);
#13156 = CARTESIAN_POINT('',(44.801315731237,0.));
#13157 = VECTOR('',#13158,1.);
#13158 = DIRECTION('',(0.,-1.));
#13159 = ( GEOMETRIC_REPRESENTATION_CONTEXT(2) 
PARAMETRIC_REPRESENTATION_CONTEXT() REPRESENTATION_CONTEXT('2D SPACE',''
  ) );
#13160 = ORIENTED_EDGE('',*,*,#1048,.T.);
#13161 = ORIENTED_EDGE('',*,*,#13082,.F.);
#13162 = ADVANCED_FACE('',(#13163),#1385,.T.);
#13163 = FACE_BOUND('',#13164,.T.);
#13164 = EDGE_LOOP('',(#13165,#13166,#13187,#13188,#13189,#13190,#13191,
    #13192));
#13165 = ORIENTED_EDGE('',*,*,#9390,.F.);
#13166 = ORIENTED_EDGE('',*,*,#13167,.T.);
#13167 = EDGE_CURVE('',#9363,#1371,#13168,.T.);
#13168 = SURFACE_CURVE('',#13169,(#13173,#13180),.PCURVE_S1.);
#13169 = LINE('',#13170,#13171);
#13170 = CARTESIAN_POINT('',(31.2,-62.99999999816,1.8));
#13171 = VECTOR('',#13172,1.);
#13172 = DIRECTION('',(0.,0.,1.));
#13173 = PCURVE('',#1385,#13174);
#13174 = DEFINITIONAL_REPRESENTATION('',(#13175),#13179);
#13175 = LINE('',#13176,#13177);
#13176 = CARTESIAN_POINT('',(0.,0.));
#13177 = VECTOR('',#13178,1.);
#13178 = DIRECTION('',(0.,-1.));
#13179 = ( GEOMETRIC_REPRESENTATION_CONTEXT(2) 
PARAMETRIC_REPRESENTATION_CONTEXT() REPRESENTATION_CONTEXT('2D SPACE',''
  ) );
#13180 = PCURVE('',#1417,#13181);
#13181 = DEFINITIONAL_REPRESENTATION('',(#13182),#13186);
#13182 = LINE('',#13183,#13184);
#13183 = CARTESIAN_POINT('',(3.141592652756,0.));
#13184 = VECTOR('',#13185,1.);
#13185 = DIRECTION('',(0.,-1.));
#13186 = ( GEOMETRIC_REPRESENTATION_CONTEXT(2) 
PARAMETRIC_REPRESENTATION_CONTEXT() REPRESENTATION_CONTEXT('2D SPACE',''
  ) );
#13187 = ORIENTED_EDGE('',*,*,#1370,.F.);
#13188 = ORIENTED_EDGE('',*,*,#13113,.F.);
#13189 = ORIENTED_EDGE('',*,*,#3750,.F.);
#13190 = ORIENTED_EDGE('',*,*,#9105,.T.);
#13191 = ORIENTED_EDGE('',*,*,#9213,.T.);
#13192 = ORIENTED_EDGE('',*,*,#9286,.F.);
#13193 = ADVANCED_FACE('',(#13194),#1037,.F.);
#13194 = FACE_BOUND('',#13195,.F.);
#13195 = EDGE_LOOP('',(#13196,#13197,#13218,#13219,#13220,#13221,#13222,
    #13223));
#13196 = ORIENTED_EDGE('',*,*,#4279,.F.);
#13197 = ORIENTED_EDGE('',*,*,#13198,.T.);
#13198 = EDGE_CURVE('',#4280,#990,#13199,.T.);
#13199 = SURFACE_CURVE('',#13200,(#13204,#13211),.PCURVE_S1.);
#13200 = LINE('',#13201,#13202);
#13201 = CARTESIAN_POINT('',(-31.19999995763,18.198684262193,1.8));
#13202 = VECTOR('',#13203,1.);
#13203 = DIRECTION('',(0.,0.,1.));
#13204 = PCURVE('',#1037,#13205);
#13205 = DEFINITIONAL_REPRESENTATION('',(#13206),#13210);
#13206 = LINE('',#13207,#13208);
#13207 = CARTESIAN_POINT('',(3.552713678801E-15,0.));
#13208 = VECTOR('',#13209,1.);
#13209 = DIRECTION('',(0.,-1.));
#13210 = ( GEOMETRIC_REPRESENTATION_CONTEXT(2) 
PARAMETRIC_REPRESENTATION_CONTEXT() REPRESENTATION_CONTEXT('2D SPACE',''
  ) );
#13211 = PCURVE('',#1010,#13212);
#13212 = DEFINITIONAL_REPRESENTATION('',(#13213),#13217);
#13213 = LINE('',#13214,#13215);
#13214 = CARTESIAN_POINT('',(3.141592652644,0.));
#13215 = VECTOR('',#13216,1.);
#13216 = DIRECTION('',(0.,-1.));
#13217 = ( GEOMETRIC_REPRESENTATION_CONTEXT(2) 
PARAMETRIC_REPRESENTATION_CONTEXT() REPRESENTATION_CONTEXT('2D SPACE',''
  ) );
#13218 = ORIENTED_EDGE('',*,*,#1022,.F.);
#13219 = ORIENTED_EDGE('',*,*,#13140,.F.);
#13220 = ORIENTED_EDGE('',*,*,#10244,.F.);
#13221 = ORIENTED_EDGE('',*,*,#10373,.T.);
#13222 = ORIENTED_EDGE('',*,*,#10446,.T.);
#13223 = ORIENTED_EDGE('',*,*,#12299,.F.);
#13224 = ADVANCED_FACE('',(#13225),#1417,.F.);
#13225 = FACE_BOUND('',#13226,.F.);
#13226 = EDGE_LOOP('',(#13227,#13228,#13229,#13230));
#13227 = ORIENTED_EDGE('',*,*,#9362,.F.);
#13228 = ORIENTED_EDGE('',*,*,#13167,.T.);
#13229 = ORIENTED_EDGE('',*,*,#1396,.T.);
#13230 = ORIENTED_EDGE('',*,*,#13231,.F.);
#13231 = EDGE_CURVE('',#9340,#1397,#13232,.T.);
#13232 = SURFACE_CURVE('',#13233,(#13237,#13244),.PCURVE_S1.);
#13233 = LINE('',#13234,#13235);
#13234 = CARTESIAN_POINT('',(29.,-65.2,1.8));
#13235 = VECTOR('',#13236,1.);
#13236 = DIRECTION('',(0.,0.,1.));
#13237 = PCURVE('',#1417,#13238);
#13238 = DEFINITIONAL_REPRESENTATION('',(#13239),#13243);
#13239 = LINE('',#13240,#13241);
#13240 = CARTESIAN_POINT('',(4.712388980385,0.));
#13241 = VECTOR('',#13242,1.);
#13242 = DIRECTION('',(0.,-1.));
#13243 = ( GEOMETRIC_REPRESENTATION_CONTEXT(2) 
PARAMETRIC_REPRESENTATION_CONTEXT() REPRESENTATION_CONTEXT('2D SPACE',''
  ) );
#13244 = PCURVE('',#1444,#13245);
#13245 = DEFINITIONAL_REPRESENTATION('',(#13246),#13250);
#13246 = LINE('',#13247,#13248);
#13247 = CARTESIAN_POINT('',(58.,0.));
#13248 = VECTOR('',#13249,1.);
#13249 = DIRECTION('',(0.,-1.));
#13250 = ( GEOMETRIC_REPRESENTATION_CONTEXT(2) 
PARAMETRIC_REPRESENTATION_CONTEXT() REPRESENTATION_CONTEXT('2D SPACE',''
  ) );
#13251 = ADVANCED_FACE('',(#13252),#1010,.T.);
#13252 = FACE_BOUND('',#13253,.T.);
#13253 = EDGE_LOOP('',(#13254,#13255,#13256,#13257));
#13254 = ORIENTED_EDGE('',*,*,#4302,.F.);
#13255 = ORIENTED_EDGE('',*,*,#13198,.T.);
#13256 = ORIENTED_EDGE('',*,*,#989,.T.);
#13257 = ORIENTED_EDGE('',*,*,#13258,.F.);
#13258 = EDGE_CURVE('',#4303,#957,#13259,.T.);
#13259 = SURFACE_CURVE('',#13260,(#13264,#13271),.PCURVE_S1.);
#13260 = LINE('',#13261,#13262);
#13261 = CARTESIAN_POINT('',(-31.63499996377,15.994875039486,1.8));
#13262 = VECTOR('',#13263,1.);
#13263 = DIRECTION('',(0.,0.,1.));
#13264 = PCURVE('',#1010,#13265);
#13265 = DEFINITIONAL_REPRESENTATION('',(#13266),#13270);
#13266 = LINE('',#13267,#13268);
#13267 = CARTESIAN_POINT('',(3.531353389175,0.));
#13268 = VECTOR('',#13269,1.);
#13269 = DIRECTION('',(0.,-1.));
#13270 = ( GEOMETRIC_REPRESENTATION_CONTEXT(2) 
PARAMETRIC_REPRESENTATION_CONTEXT() REPRESENTATION_CONTEXT('2D SPACE',''
  ) );
#13271 = PCURVE('',#977,#13272);
#13272 = DEFINITIONAL_REPRESENTATION('',(#13273),#13277);
#13273 = LINE('',#13274,#13275);
#13274 = CARTESIAN_POINT('',(-2.751831918005,0.));
#13275 = VECTOR('',#13276,1.);
#13276 = DIRECTION('',(-0.,-1.));
#13277 = ( GEOMETRIC_REPRESENTATION_CONTEXT(2) 
PARAMETRIC_REPRESENTATION_CONTEXT() REPRESENTATION_CONTEXT('2D SPACE',''
  ) );
#13278 = ADVANCED_FACE('',(#13279),#1444,.T.);
#13279 = FACE_BOUND('',#13280,.T.);
#13280 = EDGE_LOOP('',(#13281,#13282,#13303,#13304,#13305,#13306,#13307,
    #13308,#13309,#13310,#13311,#13312));
#13281 = ORIENTED_EDGE('',*,*,#11362,.F.);
#13282 = ORIENTED_EDGE('',*,*,#13283,.T.);
#13283 = EDGE_CURVE('',#11335,#1430,#13284,.T.);
#13284 = SURFACE_CURVE('',#13285,(#13289,#13296),.PCURVE_S1.);
#13285 = LINE('',#13286,#13287);
#13286 = CARTESIAN_POINT('',(-29.,-65.2,1.8));
#13287 = VECTOR('',#13288,1.);
#13288 = DIRECTION('',(0.,0.,1.));
#13289 = PCURVE('',#1444,#13290);
#13290 = DEFINITIONAL_REPRESENTATION('',(#13291),#13295);
#13291 = LINE('',#13292,#13293);
#13292 = CARTESIAN_POINT('',(0.,0.));
#13293 = VECTOR('',#13294,1.);
#13294 = DIRECTION('',(0.,-1.));
#13295 = ( GEOMETRIC_REPRESENTATION_CONTEXT(2) 
PARAMETRIC_REPRESENTATION_CONTEXT() REPRESENTATION_CONTEXT('2D SPACE',''
  ) );
#13296 = PCURVE('',#1474,#13297);
#13297 = DEFINITIONAL_REPRESENTATION('',(#13298),#13302);
#13298 = LINE('',#13299,#13300);
#13299 = CARTESIAN_POINT('',(4.712388980385,0.));
#13300 = VECTOR('',#13301,1.);
#13301 = DIRECTION('',(0.,-1.));
#13302 = ( GEOMETRIC_REPRESENTATION_CONTEXT(2) 
PARAMETRIC_REPRESENTATION_CONTEXT() REPRESENTATION_CONTEXT('2D SPACE',''
  ) );
#13303 = ORIENTED_EDGE('',*,*,#1429,.F.);
#13304 = ORIENTED_EDGE('',*,*,#13231,.F.);
#13305 = ORIENTED_EDGE('',*,*,#9339,.F.);
#13306 = ORIENTED_EDGE('',*,*,#9467,.T.);
#13307 = ORIENTED_EDGE('',*,*,#9561,.T.);
#13308 = ORIENTED_EDGE('',*,*,#11006,.F.);
#13309 = ORIENTED_EDGE('',*,*,#3426,.F.);
#13310 = ORIENTED_EDGE('',*,*,#11113,.T.);
#13311 = ORIENTED_EDGE('',*,*,#11212,.T.);
#13312 = ORIENTED_EDGE('',*,*,#11237,.F.);
#13313 = ADVANCED_FACE('',(#13314),#977,.F.);
#13314 = FACE_BOUND('',#13315,.T.);
#13315 = EDGE_LOOP('',(#13316,#13317,#13318,#13319));
#13316 = ORIENTED_EDGE('',*,*,#4330,.F.);
#13317 = ORIENTED_EDGE('',*,*,#13258,.T.);
#13318 = ORIENTED_EDGE('',*,*,#956,.F.);
#13319 = ORIENTED_EDGE('',*,*,#13320,.F.);
#13320 = EDGE_CURVE('',#4331,#924,#13321,.T.);
#13321 = SURFACE_CURVE('',#13322,(#13326,#13333),.PCURVE_S1.);
#13322 = LINE('',#13323,#13324);
#13323 = CARTESIAN_POINT('',(-31.63500000108,-9.994874948659,1.8));
#13324 = VECTOR('',#13325,1.);
#13325 = DIRECTION('',(0.,0.,1.));
#13326 = PCURVE('',#977,#13327);
#13327 = DEFINITIONAL_REPRESENTATION('',(#13328),#13332);
#13328 = LINE('',#13329,#13330);
#13329 = CARTESIAN_POINT('',(-3.531353386304,0.));
#13330 = VECTOR('',#13331,1.);
#13331 = DIRECTION('',(-0.,-1.));
#13332 = ( GEOMETRIC_REPRESENTATION_CONTEXT(2) 
PARAMETRIC_REPRESENTATION_CONTEXT() REPRESENTATION_CONTEXT('2D SPACE',''
  ) );
#13333 = PCURVE('',#944,#13334);
#13334 = DEFINITIONAL_REPRESENTATION('',(#13335),#13339);
#13335 = LINE('',#13336,#13337);
#13336 = CARTESIAN_POINT('',(2.751831920876,0.));
#13337 = VECTOR('',#13338,1.);
#13338 = DIRECTION('',(0.,-1.));
#13339 = ( GEOMETRIC_REPRESENTATION_CONTEXT(2) 
PARAMETRIC_REPRESENTATION_CONTEXT() REPRESENTATION_CONTEXT('2D SPACE',''
  ) );
#13340 = ADVANCED_FACE('',(#13341),#1474,.F.);
#13341 = FACE_BOUND('',#13342,.F.);
#13342 = EDGE_LOOP('',(#13343,#13344,#13345,#13346));
#13343 = ORIENTED_EDGE('',*,*,#11334,.F.);
#13344 = ORIENTED_EDGE('',*,*,#13283,.T.);
#13345 = ORIENTED_EDGE('',*,*,#1455,.T.);
#13346 = ORIENTED_EDGE('',*,*,#13347,.F.);
#13347 = EDGE_CURVE('',#11310,#898,#13348,.T.);
#13348 = SURFACE_CURVE('',#13349,(#13353,#13360),.PCURVE_S1.);
#13349 = LINE('',#13350,#13351);
#13350 = CARTESIAN_POINT('',(-31.2,-63.,1.8));
#13351 = VECTOR('',#13352,1.);
#13352 = DIRECTION('',(0.,0.,1.));
#13353 = PCURVE('',#1474,#13354);
#13354 = DEFINITIONAL_REPRESENTATION('',(#13355),#13359);
#13355 = LINE('',#13356,#13357);
#13356 = CARTESIAN_POINT('',(6.28318530718,0.));
#13357 = VECTOR('',#13358,1.);
#13358 = DIRECTION('',(0.,-1.));
#13359 = ( GEOMETRIC_REPRESENTATION_CONTEXT(2) 
PARAMETRIC_REPRESENTATION_CONTEXT() REPRESENTATION_CONTEXT('2D SPACE',''
  ) );
#13360 = PCURVE('',#912,#13361);
#13361 = DEFINITIONAL_REPRESENTATION('',(#13362),#13366);
#13362 = LINE('',#13363,#13364);
#13363 = CARTESIAN_POINT('',(0.,0.));
#13364 = VECTOR('',#13365,1.);
#13365 = DIRECTION('',(0.,-1.));
#13366 = ( GEOMETRIC_REPRESENTATION_CONTEXT(2) 
PARAMETRIC_REPRESENTATION_CONTEXT() REPRESENTATION_CONTEXT('2D SPACE',''
  ) );
#13367 = ADVANCED_FACE('',(#13368),#944,.T.);
#13368 = FACE_BOUND('',#13369,.T.);
#13369 = EDGE_LOOP('',(#13370,#13371,#13372,#13373));
#13370 = ORIENTED_EDGE('',*,*,#4354,.F.);
#13371 = ORIENTED_EDGE('',*,*,#13320,.T.);
#13372 = ORIENTED_EDGE('',*,*,#923,.T.);
#13373 = ORIENTED_EDGE('',*,*,#13374,.F.);
#13374 = EDGE_CURVE('',#3103,#896,#13375,.T.);
#13375 = SURFACE_CURVE('',#13376,(#13380,#13387),.PCURVE_S1.);
#13376 = LINE('',#13377,#13378);
#13377 = CARTESIAN_POINT('',(-31.2,-12.19868415047,1.8));
#13378 = VECTOR('',#13379,1.);
#13379 = DIRECTION('',(0.,0.,1.));
#13380 = PCURVE('',#944,#13381);
#13381 = DEFINITIONAL_REPRESENTATION('',(#13382),#13386);
#13382 = LINE('',#13383,#13384);
#13383 = CARTESIAN_POINT('',(3.14159265359,0.));
#13384 = VECTOR('',#13385,1.);
#13385 = DIRECTION('',(0.,-1.));
#13386 = ( GEOMETRIC_REPRESENTATION_CONTEXT(2) 
PARAMETRIC_REPRESENTATION_CONTEXT() REPRESENTATION_CONTEXT('2D SPACE',''
  ) );
#13387 = PCURVE('',#912,#13388);
#13388 = DEFINITIONAL_REPRESENTATION('',(#13389),#13393);
#13389 = LINE('',#13390,#13391);
#13390 = CARTESIAN_POINT('',(50.801315849523,0.));
#13391 = VECTOR('',#13392,1.);
#13392 = DIRECTION('',(0.,-1.));
#13393 = ( GEOMETRIC_REPRESENTATION_CONTEXT(2) 
PARAMETRIC_REPRESENTATION_CONTEXT() REPRESENTATION_CONTEXT('2D SPACE',''
  ) );
#13394 = ADVANCED_FACE('',(#13395),#912,.F.);
#13395 = FACE_BOUND('',#13396,.F.);
#13396 = EDGE_LOOP('',(#13397,#13398,#13399,#13400,#13401,#13402,#13403,
    #13404));
#13397 = ORIENTED_EDGE('',*,*,#11309,.F.);
#13398 = ORIENTED_EDGE('',*,*,#13347,.T.);
#13399 = ORIENTED_EDGE('',*,*,#895,.F.);
#13400 = ORIENTED_EDGE('',*,*,#13374,.F.);
#13401 = ORIENTED_EDGE('',*,*,#3100,.F.);
#13402 = ORIENTED_EDGE('',*,*,#12863,.T.);
#13403 = ORIENTED_EDGE('',*,*,#11535,.T.);
#13404 = ORIENTED_EDGE('',*,*,#11438,.F.);
#13405 = ADVANCED_FACE('',(#13406),#127,.T.);
#13406 = FACE_BOUND('',#13407,.T.);
#13407 = EDGE_LOOP('',(#13408,#13429,#13430,#13451));
#13408 = ORIENTED_EDGE('',*,*,#13409,.T.);
#13409 = EDGE_CURVE('',#7570,#107,#13410,.T.);
#13410 = SURFACE_CURVE('',#13411,(#13415,#13422),.PCURVE_S1.);
#13411 = LINE('',#13412,#13413);
#13412 = CARTESIAN_POINT('',(-33.,62.999999995511,0.));
#13413 = VECTOR('',#13414,1.);
#13414 = DIRECTION('',(0.,0.,1.));
#13415 = PCURVE('',#127,#13416);
#13416 = DEFINITIONAL_REPRESENTATION('',(#13417),#13421);
#13417 = LINE('',#13418,#13419);
#13418 = CARTESIAN_POINT('',(0.,0.));
#13419 = VECTOR('',#13420,1.);
#13420 = DIRECTION('',(0.,-1.));
#13421 = ( GEOMETRIC_REPRESENTATION_CONTEXT(2) 
PARAMETRIC_REPRESENTATION_CONTEXT() REPRESENTATION_CONTEXT('2D SPACE',''
  ) );
#13422 = PCURVE('',#155,#13423);
#13423 = DEFINITIONAL_REPRESENTATION('',(#13424),#13428);
#13424 = LINE('',#13425,#13426);
#13425 = CARTESIAN_POINT('',(44.801315738802,0.));
#13426 = VECTOR('',#13427,1.);
#13427 = DIRECTION('',(0.,-1.));
#13428 = ( GEOMETRIC_REPRESENTATION_CONTEXT(2) 
PARAMETRIC_REPRESENTATION_CONTEXT() REPRESENTATION_CONTEXT('2D SPACE',''
  ) );
#13429 = ORIENTED_EDGE('',*,*,#106,.T.);
#13430 = ORIENTED_EDGE('',*,*,#13431,.F.);
#13431 = EDGE_CURVE('',#7473,#79,#13432,.T.);
#13432 = SURFACE_CURVE('',#13433,(#13437,#13444),.PCURVE_S1.);
#13433 = LINE('',#13434,#13435);
#13434 = CARTESIAN_POINT('',(-29.,66.999999997756,0.));
#13435 = VECTOR('',#13436,1.);
#13436 = DIRECTION('',(0.,0.,1.));
#13437 = PCURVE('',#127,#13438);
#13438 = DEFINITIONAL_REPRESENTATION('',(#13439),#13443);
#13439 = LINE('',#13440,#13441);
#13440 = CARTESIAN_POINT('',(1.570796326795,0.));
#13441 = VECTOR('',#13442,1.);
#13442 = DIRECTION('',(0.,-1.));
#13443 = ( GEOMETRIC_REPRESENTATION_CONTEXT(2) 
PARAMETRIC_REPRESENTATION_CONTEXT() REPRESENTATION_CONTEXT('2D SPACE',''
  ) );
#13444 = PCURVE('',#94,#13445);
#13445 = DEFINITIONAL_REPRESENTATION('',(#13446),#13450);
#13446 = LINE('',#13447,#13448);
#13447 = CARTESIAN_POINT('',(0.,0.));
#13448 = VECTOR('',#13449,1.);
#13449 = DIRECTION('',(0.,-1.));
#13450 = ( GEOMETRIC_REPRESENTATION_CONTEXT(2) 
PARAMETRIC_REPRESENTATION_CONTEXT() REPRESENTATION_CONTEXT('2D SPACE',''
  ) );
#13451 = ORIENTED_EDGE('',*,*,#7591,.F.);
#13452 = ADVANCED_FACE('',(#13453),#155,.T.);
#13453 = FACE_BOUND('',#13454,.T.);
#13454 = EDGE_LOOP('',(#13455,#13476,#13477,#13478));
#13455 = ORIENTED_EDGE('',*,*,#13456,.T.);
#13456 = EDGE_CURVE('',#7668,#140,#13457,.T.);
#13457 = SURFACE_CURVE('',#13458,(#13462,#13469),.PCURVE_S1.);
#13458 = LINE('',#13459,#13460);
#13459 = CARTESIAN_POINT('',(-32.99999997881,18.198684256709,0.));
#13460 = VECTOR('',#13461,1.);
#13461 = DIRECTION('',(0.,0.,1.));
#13462 = PCURVE('',#155,#13463);
#13463 = DEFINITIONAL_REPRESENTATION('',(#13464),#13468);
#13464 = LINE('',#13465,#13466);
#13465 = CARTESIAN_POINT('',(0.,0.));
#13466 = VECTOR('',#13467,1.);
#13467 = DIRECTION('',(0.,-1.));
#13468 = ( GEOMETRIC_REPRESENTATION_CONTEXT(2) 
PARAMETRIC_REPRESENTATION_CONTEXT() REPRESENTATION_CONTEXT('2D SPACE',''
  ) );
#13469 = PCURVE('',#188,#13470);
#13470 = DEFINITIONAL_REPRESENTATION('',(#13471),#13475);
#13471 = LINE('',#13472,#13473);
#13472 = CARTESIAN_POINT('',(3.14159265359,0.));
#13473 = VECTOR('',#13474,1.);
#13474 = DIRECTION('',(0.,-1.));
#13475 = ( GEOMETRIC_REPRESENTATION_CONTEXT(2) 
PARAMETRIC_REPRESENTATION_CONTEXT() REPRESENTATION_CONTEXT('2D SPACE',''
  ) );
#13476 = ORIENTED_EDGE('',*,*,#139,.T.);
#13477 = ORIENTED_EDGE('',*,*,#13409,.F.);
#13478 = ORIENTED_EDGE('',*,*,#7691,.F.);
#13479 = ADVANCED_FACE('',(#13480),#188,.F.);
#13480 = FACE_BOUND('',#13481,.F.);
#13481 = EDGE_LOOP('',(#13482,#13483,#13484,#13505));
#13482 = ORIENTED_EDGE('',*,*,#13456,.T.);
#13483 = ORIENTED_EDGE('',*,*,#167,.T.);
#13484 = ORIENTED_EDGE('',*,*,#13485,.F.);
#13485 = EDGE_CURVE('',#7764,#168,#13486,.T.);
#13486 = SURFACE_CURVE('',#13487,(#13491,#13498),.PCURVE_S1.);
#13487 = LINE('',#13488,#13489);
#13488 = CARTESIAN_POINT('',(-33.29999996187,16.678815831038,0.));
#13489 = VECTOR('',#13490,1.);
#13490 = DIRECTION('',(0.,0.,1.));
#13491 = PCURVE('',#188,#13492);
#13492 = DEFINITIONAL_REPRESENTATION('',(#13493),#13497);
#13493 = LINE('',#13494,#13495);
#13494 = CARTESIAN_POINT('',(3.531353389175,0.));
#13495 = VECTOR('',#13496,1.);
#13496 = DIRECTION('',(0.,-1.));
#13497 = ( GEOMETRIC_REPRESENTATION_CONTEXT(2) 
PARAMETRIC_REPRESENTATION_CONTEXT() REPRESENTATION_CONTEXT('2D SPACE',''
  ) );
#13498 = PCURVE('',#217,#13499);
#13499 = DEFINITIONAL_REPRESENTATION('',(#13500),#13504);
#13500 = LINE('',#13501,#13502);
#13501 = CARTESIAN_POINT('',(-2.751831918005,0.));
#13502 = VECTOR('',#13503,1.);
#13503 = DIRECTION('',(-0.,-1.));
#13504 = ( GEOMETRIC_REPRESENTATION_CONTEXT(2) 
PARAMETRIC_REPRESENTATION_CONTEXT() REPRESENTATION_CONTEXT('2D SPACE',''
  ) );
#13505 = ORIENTED_EDGE('',*,*,#7785,.T.);
#13506 = ADVANCED_FACE('',(#13507),#217,.T.);
#13507 = FACE_BOUND('',#13508,.F.);
#13508 = EDGE_LOOP('',(#13509,#13510,#13511,#13532));
#13509 = ORIENTED_EDGE('',*,*,#13485,.T.);
#13510 = ORIENTED_EDGE('',*,*,#200,.T.);
#13511 = ORIENTED_EDGE('',*,*,#13512,.F.);
#13512 = EDGE_CURVE('',#7862,#201,#13513,.T.);
#13513 = SURFACE_CURVE('',#13514,(#13518,#13525),.PCURVE_S1.);
#13514 = LINE('',#13515,#13516);
#13515 = CARTESIAN_POINT('',(-33.30000000114,-10.67881573543,0.));
#13516 = VECTOR('',#13517,1.);
#13517 = DIRECTION('',(0.,0.,1.));
#13518 = PCURVE('',#217,#13519);
#13519 = DEFINITIONAL_REPRESENTATION('',(#13520),#13524);
#13520 = LINE('',#13521,#13522);
#13521 = CARTESIAN_POINT('',(-3.531353386304,0.));
#13522 = VECTOR('',#13523,1.);
#13523 = DIRECTION('',(-0.,-1.));
#13524 = ( GEOMETRIC_REPRESENTATION_CONTEXT(2) 
PARAMETRIC_REPRESENTATION_CONTEXT() REPRESENTATION_CONTEXT('2D SPACE',''
  ) );
#13525 = PCURVE('',#250,#13526);
#13526 = DEFINITIONAL_REPRESENTATION('',(#13527),#13531);
#13527 = LINE('',#13528,#13529);
#13528 = CARTESIAN_POINT('',(2.751831920876,0.));
#13529 = VECTOR('',#13530,1.);
#13530 = DIRECTION('',(0.,-1.));
#13531 = ( GEOMETRIC_REPRESENTATION_CONTEXT(2) 
PARAMETRIC_REPRESENTATION_CONTEXT() REPRESENTATION_CONTEXT('2D SPACE',''
  ) );
#13532 = ORIENTED_EDGE('',*,*,#7883,.T.);
#13533 = ADVANCED_FACE('',(#13534),#250,.F.);
#13534 = FACE_BOUND('',#13535,.F.);
#13535 = EDGE_LOOP('',(#13536,#13537,#13538,#13559));
#13536 = ORIENTED_EDGE('',*,*,#13512,.T.);
#13537 = ORIENTED_EDGE('',*,*,#229,.T.);
#13538 = ORIENTED_EDGE('',*,*,#13539,.F.);
#13539 = EDGE_CURVE('',#7959,#230,#13540,.T.);
#13540 = SURFACE_CURVE('',#13541,(#13545,#13552),.PCURVE_S1.);
#13541 = LINE('',#13542,#13543);
#13542 = CARTESIAN_POINT('',(-33.00000000063,-12.19868415047,0.));
#13543 = VECTOR('',#13544,1.);
#13544 = DIRECTION('',(0.,0.,1.));
#13545 = PCURVE('',#250,#13546);
#13546 = DEFINITIONAL_REPRESENTATION('',(#13547),#13551);
#13547 = LINE('',#13548,#13549);
#13548 = CARTESIAN_POINT('',(3.14159265359,0.));
#13549 = VECTOR('',#13550,1.);
#13550 = DIRECTION('',(0.,-1.));
#13551 = ( GEOMETRIC_REPRESENTATION_CONTEXT(2) 
PARAMETRIC_REPRESENTATION_CONTEXT() REPRESENTATION_CONTEXT('2D SPACE',''
  ) );
#13552 = PCURVE('',#278,#13553);
#13553 = DEFINITIONAL_REPRESENTATION('',(#13554),#13558);
#13554 = LINE('',#13555,#13556);
#13555 = CARTESIAN_POINT('',(50.801315849523,0.));
#13556 = VECTOR('',#13557,1.);
#13557 = DIRECTION('',(0.,-1.));
#13558 = ( GEOMETRIC_REPRESENTATION_CONTEXT(2) 
PARAMETRIC_REPRESENTATION_CONTEXT() REPRESENTATION_CONTEXT('2D SPACE',''
  ) );
#13559 = ORIENTED_EDGE('',*,*,#7980,.T.);
#13560 = ADVANCED_FACE('',(#13561),#278,.T.);
#13561 = FACE_BOUND('',#13562,.T.);
#13562 = EDGE_LOOP('',(#13563,#13584,#13585,#13586));
#13563 = ORIENTED_EDGE('',*,*,#13564,.T.);
#13564 = EDGE_CURVE('',#8009,#263,#13565,.T.);
#13565 = SURFACE_CURVE('',#13566,(#13570,#13577),.PCURVE_S1.);
#13566 = LINE('',#13567,#13568);
#13567 = CARTESIAN_POINT('',(-33.,-63.,0.));
#13568 = VECTOR('',#13569,1.);
#13569 = DIRECTION('',(0.,0.,1.));
#13570 = PCURVE('',#278,#13571);
#13571 = DEFINITIONAL_REPRESENTATION('',(#13572),#13576);
#13572 = LINE('',#13573,#13574);
#13573 = CARTESIAN_POINT('',(7.105427357601E-15,0.));
#13574 = VECTOR('',#13575,1.);
#13575 = DIRECTION('',(0.,-1.));
#13576 = ( GEOMETRIC_REPRESENTATION_CONTEXT(2) 
PARAMETRIC_REPRESENTATION_CONTEXT() REPRESENTATION_CONTEXT('2D SPACE',''
  ) );
#13577 = PCURVE('',#311,#13578);
#13578 = DEFINITIONAL_REPRESENTATION('',(#13579),#13583);
#13579 = LINE('',#13580,#13581);
#13580 = CARTESIAN_POINT('',(6.28318530718,0.));
#13581 = VECTOR('',#13582,1.);
#13582 = DIRECTION('',(0.,-1.));
#13583 = ( GEOMETRIC_REPRESENTATION_CONTEXT(2) 
PARAMETRIC_REPRESENTATION_CONTEXT() REPRESENTATION_CONTEXT('2D SPACE',''
  ) );
#13584 = ORIENTED_EDGE('',*,*,#262,.T.);
#13585 = ORIENTED_EDGE('',*,*,#13539,.F.);
#13586 = ORIENTED_EDGE('',*,*,#8059,.F.);
#13587 = ADVANCED_FACE('',(#13588),#311,.T.);
#13588 = FACE_BOUND('',#13589,.T.);
#13589 = EDGE_LOOP('',(#13590,#13611,#13612,#13613));
#13590 = ORIENTED_EDGE('',*,*,#13591,.T.);
#13591 = EDGE_CURVE('',#7913,#291,#13592,.T.);
#13592 = SURFACE_CURVE('',#13593,(#13597,#13604),.PCURVE_S1.);
#13593 = LINE('',#13594,#13595);
#13594 = CARTESIAN_POINT('',(-29.,-67.,0.));
#13595 = VECTOR('',#13596,1.);
#13596 = DIRECTION('',(0.,0.,1.));
#13597 = PCURVE('',#311,#13598);
#13598 = DEFINITIONAL_REPRESENTATION('',(#13599),#13603);
#13599 = LINE('',#13600,#13601);
#13600 = CARTESIAN_POINT('',(4.712388980385,0.));
#13601 = VECTOR('',#13602,1.);
#13602 = DIRECTION('',(0.,-1.));
#13603 = ( GEOMETRIC_REPRESENTATION_CONTEXT(2) 
PARAMETRIC_REPRESENTATION_CONTEXT() REPRESENTATION_CONTEXT('2D SPACE',''
  ) );
#13604 = PCURVE('',#339,#13605);
#13605 = DEFINITIONAL_REPRESENTATION('',(#13606),#13610);
#13606 = LINE('',#13607,#13608);
#13607 = CARTESIAN_POINT('',(0.,0.));
#13608 = VECTOR('',#13609,1.);
#13609 = DIRECTION('',(0.,-1.));
#13610 = ( GEOMETRIC_REPRESENTATION_CONTEXT(2) 
PARAMETRIC_REPRESENTATION_CONTEXT() REPRESENTATION_CONTEXT('2D SPACE',''
  ) );
#13611 = ORIENTED_EDGE('',*,*,#290,.T.);
#13612 = ORIENTED_EDGE('',*,*,#13564,.F.);
#13613 = ORIENTED_EDGE('',*,*,#8008,.F.);
#13614 = ADVANCED_FACE('',(#13615),#339,.F.);
#13615 = FACE_BOUND('',#13616,.F.);
#13616 = EDGE_LOOP('',(#13617,#13618,#13619,#13640));
#13617 = ORIENTED_EDGE('',*,*,#13591,.T.);
#13618 = ORIENTED_EDGE('',*,*,#323,.T.);
#13619 = ORIENTED_EDGE('',*,*,#13620,.F.);
#13620 = EDGE_CURVE('',#7814,#324,#13621,.T.);
#13621 = SURFACE_CURVE('',#13622,(#13626,#13633),.PCURVE_S1.);
#13622 = LINE('',#13623,#13624);
#13623 = CARTESIAN_POINT('',(29.,-67.,0.));
#13624 = VECTOR('',#13625,1.);
#13625 = DIRECTION('',(0.,0.,1.));
#13626 = PCURVE('',#339,#13627);
#13627 = DEFINITIONAL_REPRESENTATION('',(#13628),#13632);
#13628 = LINE('',#13629,#13630);
#13629 = CARTESIAN_POINT('',(58.,0.));
#13630 = VECTOR('',#13631,1.);
#13631 = DIRECTION('',(0.,-1.));
#13632 = ( GEOMETRIC_REPRESENTATION_CONTEXT(2) 
PARAMETRIC_REPRESENTATION_CONTEXT() REPRESENTATION_CONTEXT('2D SPACE',''
  ) );
#13633 = PCURVE('',#372,#13634);
#13634 = DEFINITIONAL_REPRESENTATION('',(#13635),#13639);
#13635 = LINE('',#13636,#13637);
#13636 = CARTESIAN_POINT('',(4.712388980385,0.));
#13637 = VECTOR('',#13638,1.);
#13638 = DIRECTION('',(0.,-1.));
#13639 = ( GEOMETRIC_REPRESENTATION_CONTEXT(2) 
PARAMETRIC_REPRESENTATION_CONTEXT() REPRESENTATION_CONTEXT('2D SPACE',''
  ) );
#13640 = ORIENTED_EDGE('',*,*,#7934,.T.);
#13641 = ADVANCED_FACE('',(#13642),#372,.T.);
#13642 = FACE_BOUND('',#13643,.T.);
#13643 = EDGE_LOOP('',(#13644,#13665,#13666,#13667));
#13644 = ORIENTED_EDGE('',*,*,#13645,.T.);
#13645 = EDGE_CURVE('',#7718,#352,#13646,.T.);
#13646 = SURFACE_CURVE('',#13647,(#13651,#13658),.PCURVE_S1.);
#13647 = LINE('',#13648,#13649);
#13648 = CARTESIAN_POINT('',(33.,-63.,0.));
#13649 = VECTOR('',#13650,1.);
#13650 = DIRECTION('',(0.,0.,1.));
#13651 = PCURVE('',#372,#13652);
#13652 = DEFINITIONAL_REPRESENTATION('',(#13653),#13657);
#13653 = LINE('',#13654,#13655);
#13654 = CARTESIAN_POINT('',(3.14159265359,0.));
#13655 = VECTOR('',#13656,1.);
#13656 = DIRECTION('',(0.,-1.));
#13657 = ( GEOMETRIC_REPRESENTATION_CONTEXT(2) 
PARAMETRIC_REPRESENTATION_CONTEXT() REPRESENTATION_CONTEXT('2D SPACE',''
  ) );
#13658 = PCURVE('',#400,#13659);
#13659 = DEFINITIONAL_REPRESENTATION('',(#13660),#13664);
#13660 = LINE('',#13661,#13662);
#13661 = CARTESIAN_POINT('',(0.,0.));
#13662 = VECTOR('',#13663,1.);
#13663 = DIRECTION('',(0.,-1.));
#13664 = ( GEOMETRIC_REPRESENTATION_CONTEXT(2) 
PARAMETRIC_REPRESENTATION_CONTEXT() REPRESENTATION_CONTEXT('2D SPACE',''
  ) );
#13665 = ORIENTED_EDGE('',*,*,#351,.T.);
#13666 = ORIENTED_EDGE('',*,*,#13620,.F.);
#13667 = ORIENTED_EDGE('',*,*,#7813,.F.);
#13668 = ADVANCED_FACE('',(#13669),#400,.F.);
#13669 = FACE_BOUND('',#13670,.F.);
#13670 = EDGE_LOOP('',(#13671,#13672,#13673,#13694));
#13671 = ORIENTED_EDGE('',*,*,#13645,.T.);
#13672 = ORIENTED_EDGE('',*,*,#384,.T.);
#13673 = ORIENTED_EDGE('',*,*,#13674,.F.);
#13674 = EDGE_CURVE('',#7620,#385,#13675,.T.);
#13675 = SURFACE_CURVE('',#13676,(#13680,#13687),.PCURVE_S1.);
#13676 = LINE('',#13677,#13678);
#13677 = CARTESIAN_POINT('',(32.999999978811,-12.19868425673,0.));
#13678 = VECTOR('',#13679,1.);
#13679 = DIRECTION('',(0.,0.,1.));
#13680 = PCURVE('',#400,#13681);
#13681 = DEFINITIONAL_REPRESENTATION('',(#13682),#13686);
#13682 = LINE('',#13683,#13684);
#13683 = CARTESIAN_POINT('',(50.801315743265,0.));
#13684 = VECTOR('',#13685,1.);
#13685 = DIRECTION('',(0.,-1.));
#13686 = ( GEOMETRIC_REPRESENTATION_CONTEXT(2) 
PARAMETRIC_REPRESENTATION_CONTEXT() REPRESENTATION_CONTEXT('2D SPACE',''
  ) );
#13687 = PCURVE('',#433,#13688);
#13688 = DEFINITIONAL_REPRESENTATION('',(#13689),#13693);
#13689 = LINE('',#13690,#13691);
#13690 = CARTESIAN_POINT('',(0.,0.));
#13691 = VECTOR('',#13692,1.);
#13692 = DIRECTION('',(0.,-1.));
#13693 = ( GEOMETRIC_REPRESENTATION_CONTEXT(2) 
PARAMETRIC_REPRESENTATION_CONTEXT() REPRESENTATION_CONTEXT('2D SPACE',''
  ) );
#13694 = ORIENTED_EDGE('',*,*,#7739,.T.);
#13695 = ADVANCED_FACE('',(#13696),#433,.F.);
#13696 = FACE_BOUND('',#13697,.F.);
#13697 = EDGE_LOOP('',(#13698,#13699,#13700,#13721));
#13698 = ORIENTED_EDGE('',*,*,#13674,.T.);
#13699 = ORIENTED_EDGE('',*,*,#412,.T.);
#13700 = ORIENTED_EDGE('',*,*,#13701,.F.);
#13701 = EDGE_CURVE('',#7522,#413,#13702,.T.);
#13702 = SURFACE_CURVE('',#13703,(#13707,#13714),.PCURVE_S1.);
#13703 = LINE('',#13704,#13705);
#13704 = CARTESIAN_POINT('',(33.29999996186,-10.67881583106,0.));
#13705 = VECTOR('',#13706,1.);
#13706 = DIRECTION('',(0.,0.,1.));
#13707 = PCURVE('',#433,#13708);
#13708 = DEFINITIONAL_REPRESENTATION('',(#13709),#13713);
#13709 = LINE('',#13710,#13711);
#13710 = CARTESIAN_POINT('',(0.389760735586,0.));
#13711 = VECTOR('',#13712,1.);
#13712 = DIRECTION('',(0.,-1.));
#13713 = ( GEOMETRIC_REPRESENTATION_CONTEXT(2) 
PARAMETRIC_REPRESENTATION_CONTEXT() REPRESENTATION_CONTEXT('2D SPACE',''
  ) );
#13714 = PCURVE('',#462,#13715);
#13715 = DEFINITIONAL_REPRESENTATION('',(#13716),#13720);
#13716 = LINE('',#13717,#13718);
#13717 = CARTESIAN_POINT('',(-2.137712673663E-02,0.));
#13718 = VECTOR('',#13719,1.);
#13719 = DIRECTION('',(-0.,-1.));
#13720 = ( GEOMETRIC_REPRESENTATION_CONTEXT(2) 
PARAMETRIC_REPRESENTATION_CONTEXT() REPRESENTATION_CONTEXT('2D SPACE',''
  ) );
#13721 = ORIENTED_EDGE('',*,*,#7619,.T.);
#13722 = ADVANCED_FACE('',(#13723),#462,.T.);
#13723 = FACE_BOUND('',#13724,.F.);
#13724 = EDGE_LOOP('',(#13725,#13726,#13727,#13748));
#13725 = ORIENTED_EDGE('',*,*,#13701,.T.);
#13726 = ORIENTED_EDGE('',*,*,#445,.T.);
#13727 = ORIENTED_EDGE('',*,*,#13728,.F.);
#13728 = EDGE_CURVE('',#7425,#446,#13729,.T.);
#13729 = SURFACE_CURVE('',#13730,(#13734,#13741),.PCURVE_S1.);
#13730 = LINE('',#13731,#13732);
#13731 = CARTESIAN_POINT('',(33.300000058713,16.678815595282,0.));
#13732 = VECTOR('',#13733,1.);
#13733 = DIRECTION('',(0.,0.,1.));
#13734 = PCURVE('',#462,#13735);
#13735 = DEFINITIONAL_REPRESENTATION('',(#13736),#13740);
#13736 = LINE('',#13737,#13738);
#13737 = CARTESIAN_POINT('',(-0.800898590828,0.));
#13738 = VECTOR('',#13739,1.);
#13739 = DIRECTION('',(-0.,-1.));
#13740 = ( GEOMETRIC_REPRESENTATION_CONTEXT(2) 
PARAMETRIC_REPRESENTATION_CONTEXT() REPRESENTATION_CONTEXT('2D SPACE',''
  ) );
#13741 = PCURVE('',#495,#13742);
#13742 = DEFINITIONAL_REPRESENTATION('',(#13743),#13747);
#13743 = LINE('',#13744,#13745);
#13744 = CARTESIAN_POINT('',(5.893424578674,0.));
#13745 = VECTOR('',#13746,1.);
#13746 = DIRECTION('',(0.,-1.));
#13747 = ( GEOMETRIC_REPRESENTATION_CONTEXT(2) 
PARAMETRIC_REPRESENTATION_CONTEXT() REPRESENTATION_CONTEXT('2D SPACE',''
  ) );
#13748 = ORIENTED_EDGE('',*,*,#7521,.T.);
#13749 = ADVANCED_FACE('',(#13750),#495,.F.);
#13750 = FACE_BOUND('',#13751,.F.);
#13751 = EDGE_LOOP('',(#13752,#13753,#13754,#13775));
#13752 = ORIENTED_EDGE('',*,*,#13728,.T.);
#13753 = ORIENTED_EDGE('',*,*,#474,.T.);
#13754 = ORIENTED_EDGE('',*,*,#13755,.F.);
#13755 = EDGE_CURVE('',#7329,#475,#13756,.T.);
#13756 = SURFACE_CURVE('',#13757,(#13761,#13768),.PCURVE_S1.);
#13757 = LINE('',#13758,#13759);
#13758 = CARTESIAN_POINT('',(33.000000032618,18.198683994758,0.));
#13759 = VECTOR('',#13760,1.);
#13760 = DIRECTION('',(0.,0.,1.));
#13761 = PCURVE('',#495,#13762);
#13762 = DEFINITIONAL_REPRESENTATION('',(#13763),#13767);
#13763 = LINE('',#13764,#13765);
#13764 = CARTESIAN_POINT('',(6.28318530718,0.));
#13765 = VECTOR('',#13766,1.);
#13766 = DIRECTION('',(0.,-1.));
#13767 = ( GEOMETRIC_REPRESENTATION_CONTEXT(2) 
PARAMETRIC_REPRESENTATION_CONTEXT() REPRESENTATION_CONTEXT('2D SPACE',''
  ) );
#13768 = PCURVE('',#523,#13769);
#13769 = DEFINITIONAL_REPRESENTATION('',(#13770),#13774);
#13770 = LINE('',#13771,#13772);
#13771 = CARTESIAN_POINT('',(0.,0.));
#13772 = VECTOR('',#13773,1.);
#13773 = DIRECTION('',(0.,-1.));
#13774 = ( GEOMETRIC_REPRESENTATION_CONTEXT(2) 
PARAMETRIC_REPRESENTATION_CONTEXT() REPRESENTATION_CONTEXT('2D SPACE',''
  ) );
#13775 = ORIENTED_EDGE('',*,*,#7424,.T.);
#13776 = ADVANCED_FACE('',(#13777),#523,.F.);
#13777 = FACE_BOUND('',#13778,.F.);
#13778 = EDGE_LOOP('',(#13779,#13780,#13781,#13802));
#13779 = ORIENTED_EDGE('',*,*,#13755,.T.);
#13780 = ORIENTED_EDGE('',*,*,#507,.T.);
#13781 = ORIENTED_EDGE('',*,*,#13782,.F.);
#13782 = EDGE_CURVE('',#7306,#508,#13783,.T.);
#13783 = SURFACE_CURVE('',#13784,(#13788,#13795),.PCURVE_S1.);
#13784 = LINE('',#13785,#13786);
#13785 = CARTESIAN_POINT('',(33.,62.999999995646,0.));
#13786 = VECTOR('',#13787,1.);
#13787 = DIRECTION('',(0.,0.,1.));
#13788 = PCURVE('',#523,#13789);
#13789 = DEFINITIONAL_REPRESENTATION('',(#13790),#13794);
#13790 = LINE('',#13791,#13792);
#13791 = CARTESIAN_POINT('',(44.801316000889,0.));
#13792 = VECTOR('',#13793,1.);
#13793 = DIRECTION('',(0.,-1.));
#13794 = ( GEOMETRIC_REPRESENTATION_CONTEXT(2) 
PARAMETRIC_REPRESENTATION_CONTEXT() REPRESENTATION_CONTEXT('2D SPACE',''
  ) );
#13795 = PCURVE('',#556,#13796);
#13796 = DEFINITIONAL_REPRESENTATION('',(#13797),#13801);
#13797 = LINE('',#13798,#13799);
#13798 = CARTESIAN_POINT('',(3.14159265359,0.));
#13799 = VECTOR('',#13800,1.);
#13800 = DIRECTION('',(0.,-1.));
#13801 = ( GEOMETRIC_REPRESENTATION_CONTEXT(2) 
PARAMETRIC_REPRESENTATION_CONTEXT() REPRESENTATION_CONTEXT('2D SPACE',''
  ) );
#13802 = ORIENTED_EDGE('',*,*,#7350,.T.);
#13803 = ADVANCED_FACE('',(#13804),#556,.T.);
#13804 = FACE_BOUND('',#13805,.T.);
#13805 = EDGE_LOOP('',(#13806,#13827,#13828,#13829));
#13806 = ORIENTED_EDGE('',*,*,#13807,.T.);
#13807 = EDGE_CURVE('',#7375,#536,#13808,.T.);
#13808 = SURFACE_CURVE('',#13809,(#13813,#13820),.PCURVE_S1.);
#13809 = LINE('',#13810,#13811);
#13810 = CARTESIAN_POINT('',(29.,66.999999997823,0.));
#13811 = VECTOR('',#13812,1.);
#13812 = DIRECTION('',(0.,0.,1.));
#13813 = PCURVE('',#556,#13814);
#13814 = DEFINITIONAL_REPRESENTATION('',(#13815),#13819);
#13815 = LINE('',#13816,#13817);
#13816 = CARTESIAN_POINT('',(1.570796326795,0.));
#13817 = VECTOR('',#13818,1.);
#13818 = DIRECTION('',(0.,-1.));
#13819 = ( GEOMETRIC_REPRESENTATION_CONTEXT(2) 
PARAMETRIC_REPRESENTATION_CONTEXT() REPRESENTATION_CONTEXT('2D SPACE',''
  ) );
#13820 = PCURVE('',#94,#13821);
#13821 = DEFINITIONAL_REPRESENTATION('',(#13822),#13826);
#13822 = LINE('',#13823,#13824);
#13823 = CARTESIAN_POINT('',(58.,0.));
#13824 = VECTOR('',#13825,1.);
#13825 = DIRECTION('',(0.,-1.));
#13826 = ( GEOMETRIC_REPRESENTATION_CONTEXT(2) 
PARAMETRIC_REPRESENTATION_CONTEXT() REPRESENTATION_CONTEXT('2D SPACE',''
  ) );
#13827 = ORIENTED_EDGE('',*,*,#535,.T.);
#13828 = ORIENTED_EDGE('',*,*,#13782,.F.);
#13829 = ORIENTED_EDGE('',*,*,#7396,.F.);
#13830 = ADVANCED_FACE('',(#13831),#94,.T.);
#13831 = FACE_BOUND('',#13832,.T.);
#13832 = EDGE_LOOP('',(#13833,#13834,#13835,#13836,#13837,#13838,#13861,
    #13894,#13922,#13955));
#13833 = ORIENTED_EDGE('',*,*,#568,.T.);
#13834 = ORIENTED_EDGE('',*,*,#13807,.F.);
#13835 = ORIENTED_EDGE('',*,*,#7496,.F.);
#13836 = ORIENTED_EDGE('',*,*,#13431,.T.);
#13837 = ORIENTED_EDGE('',*,*,#78,.T.);
#13838 = ORIENTED_EDGE('',*,*,#13839,.T.);
#13839 = EDGE_CURVE('',#44,#13840,#13842,.T.);
#13840 = VERTEX_POINT('',#13841);
#13841 = CARTESIAN_POINT('',(-11.8,67.,6.25));
#13842 = SURFACE_CURVE('',#13843,(#13847,#13854),.PCURVE_S1.);
#13843 = LINE('',#13844,#13845);
#13844 = CARTESIAN_POINT('',(-11.8,67.,7.25));
#13845 = VECTOR('',#13846,1.);
#13846 = DIRECTION('',(-0.,0.,-1.));
#13847 = PCURVE('',#94,#13848);
#13848 = DEFINITIONAL_REPRESENTATION('',(#13849),#13853);
#13849 = LINE('',#13850,#13851);
#13850 = CARTESIAN_POINT('',(17.2,-7.25));
#13851 = VECTOR('',#13852,1.);
#13852 = DIRECTION('',(0.,1.));
#13853 = ( GEOMETRIC_REPRESENTATION_CONTEXT(2) 
PARAMETRIC_REPRESENTATION_CONTEXT() REPRESENTATION_CONTEXT('2D SPACE',''
  ) );
#13854 = PCURVE('',#66,#13855);
#13855 = DEFINITIONAL_REPRESENTATION('',(#13856),#13860);
#13856 = LINE('',#13857,#13858);
#13857 = CARTESIAN_POINT('',(-0.,-0.565685424949));
#13858 = VECTOR('',#13859,1.);
#13859 = DIRECTION('',(-1.,0.));
#13860 = ( GEOMETRIC_REPRESENTATION_CONTEXT(2) 
PARAMETRIC_REPRESENTATION_CONTEXT() REPRESENTATION_CONTEXT('2D SPACE',''
  ) );
#13861 = ORIENTED_EDGE('',*,*,#13862,.T.);
#13862 = EDGE_CURVE('',#13840,#13863,#13865,.T.);
#13863 = VERTEX_POINT('',#13864);
#13864 = CARTESIAN_POINT('',(-8.,67.,2.45));
#13865 = SURFACE_CURVE('',#13866,(#13871,#13882),.PCURVE_S1.);
#13866 = CIRCLE('',#13867,3.8);
#13867 = AXIS2_PLACEMENT_3D('',#13868,#13869,#13870);
#13868 = CARTESIAN_POINT('',(-8.,67.,6.25));
#13869 = DIRECTION('',(0.,-1.,-0.));
#13870 = DIRECTION('',(-1.,0.,-2.960594732334E-16));
#13871 = PCURVE('',#94,#13872);
#13872 = DEFINITIONAL_REPRESENTATION('',(#13873),#13881);
#13873 = ( BOUNDED_CURVE() B_SPLINE_CURVE(2,(#13874,#13875,#13876,#13877
    ,#13878,#13879,#13880),.UNSPECIFIED.,.T.,.F.) 
B_SPLINE_CURVE_WITH_KNOTS((1,2,2,2,2,1),(-2.094395102393,0.,
    2.094395102393,4.188790204786,6.28318530718,8.377580409573),
.UNSPECIFIED.) CURVE() GEOMETRIC_REPRESENTATION_ITEM() 
RATIONAL_B_SPLINE_CURVE((1.,0.5,1.,0.5,1.,0.5,1.)) REPRESENTATION_ITEM(
  '') );
#13874 = CARTESIAN_POINT('',(17.2,-6.25));
#13875 = CARTESIAN_POINT('',(17.2,0.331793068762));
#13876 = CARTESIAN_POINT('',(22.9,-2.959103465619));
#13877 = CARTESIAN_POINT('',(28.6,-6.25));
#13878 = CARTESIAN_POINT('',(22.9,-9.540896534381));
#13879 = CARTESIAN_POINT('',(17.2,-12.83179306876));
#13880 = CARTESIAN_POINT('',(17.2,-6.25));
#13881 = ( GEOMETRIC_REPRESENTATION_CONTEXT(2) 
PARAMETRIC_REPRESENTATION_CONTEXT() REPRESENTATION_CONTEXT('2D SPACE',''
  ) );
#13882 = PCURVE('',#13883,#13888);
#13883 = CONICAL_SURFACE('',#13884,3.,0.785398163397);
#13884 = AXIS2_PLACEMENT_3D('',#13885,#13886,#13887);
#13885 = CARTESIAN_POINT('',(-8.,66.2,6.25));
#13886 = DIRECTION('',(-0.,1.,0.));
#13887 = DIRECTION('',(-1.,0.,-2.960594732334E-16));
#13888 = DEFINITIONAL_REPRESENTATION('',(#13889),#13893);
#13889 = LINE('',#13890,#13891);
#13890 = CARTESIAN_POINT('',(0.,0.8));
#13891 = VECTOR('',#13892,1.);
#13892 = DIRECTION('',(-1.,-0.));
#13893 = ( GEOMETRIC_REPRESENTATION_CONTEXT(2) 
PARAMETRIC_REPRESENTATION_CONTEXT() REPRESENTATION_CONTEXT('2D SPACE',''
  ) );
#13894 = ORIENTED_EDGE('',*,*,#13895,.T.);
#13895 = EDGE_CURVE('',#13863,#13896,#13898,.T.);
#13896 = VERTEX_POINT('',#13897);
#13897 = CARTESIAN_POINT('',(8.,67.,2.45));
#13898 = SURFACE_CURVE('',#13899,(#13903,#13910),.PCURVE_S1.);
#13899 = LINE('',#13900,#13901);
#13900 = CARTESIAN_POINT('',(-8.,67.,2.45));
#13901 = VECTOR('',#13902,1.);
#13902 = DIRECTION('',(1.,0.,0.));
#13903 = PCURVE('',#94,#13904);
#13904 = DEFINITIONAL_REPRESENTATION('',(#13905),#13909);
#13905 = LINE('',#13906,#13907);
#13906 = CARTESIAN_POINT('',(21.,-2.45));
#13907 = VECTOR('',#13908,1.);
#13908 = DIRECTION('',(1.,0.));
#13909 = ( GEOMETRIC_REPRESENTATION_CONTEXT(2) 
PARAMETRIC_REPRESENTATION_CONTEXT() REPRESENTATION_CONTEXT('2D SPACE',''
  ) );
#13910 = PCURVE('',#13911,#13916);
#13911 = PLANE('',#13912);
#13912 = AXIS2_PLACEMENT_3D('',#13913,#13914,#13915);
#13913 = CARTESIAN_POINT('',(-8.,66.6,2.85));
#13914 = DIRECTION('',(-4.082897117453E-18,0.707106781187,0.707106781187
    ));
#13915 = DIRECTION('',(-1.,-2.887044238638E-18,-2.887044238638E-18));
#13916 = DEFINITIONAL_REPRESENTATION('',(#13917),#13921);
#13917 = LINE('',#13918,#13919);
#13918 = CARTESIAN_POINT('',(-0.,-0.565685424949));
#13919 = VECTOR('',#13920,1.);
#13920 = DIRECTION('',(-1.,0.));
#13921 = ( GEOMETRIC_REPRESENTATION_CONTEXT(2) 
PARAMETRIC_REPRESENTATION_CONTEXT() REPRESENTATION_CONTEXT('2D SPACE',''
  ) );
#13922 = ORIENTED_EDGE('',*,*,#13923,.T.);
#13923 = EDGE_CURVE('',#13896,#13924,#13926,.T.);
#13924 = VERTEX_POINT('',#13925);
#13925 = CARTESIAN_POINT('',(11.8,67.,6.25));
#13926 = SURFACE_CURVE('',#13927,(#13932,#13943),.PCURVE_S1.);
#13927 = CIRCLE('',#13928,3.8);
#13928 = AXIS2_PLACEMENT_3D('',#13929,#13930,#13931);
#13929 = CARTESIAN_POINT('',(8.,67.,6.25));
#13930 = DIRECTION('',(0.,-1.,0.));
#13931 = DIRECTION('',(0.,0.,-1.));
#13932 = PCURVE('',#94,#13933);
#13933 = DEFINITIONAL_REPRESENTATION('',(#13934),#13942);
#13934 = ( BOUNDED_CURVE() B_SPLINE_CURVE(2,(#13935,#13936,#13937,#13938
    ,#13939,#13940,#13941),.UNSPECIFIED.,.T.,.F.) 
B_SPLINE_CURVE_WITH_KNOTS((1,2,2,2,2,1),(-2.094395102393,0.,
    2.094395102393,4.188790204786,6.28318530718,8.377580409573),
.UNSPECIFIED.) CURVE() GEOMETRIC_REPRESENTATION_ITEM() 
RATIONAL_B_SPLINE_CURVE((1.,0.5,1.,0.5,1.,0.5,1.)) REPRESENTATION_ITEM(
  '') );
#13935 = CARTESIAN_POINT('',(37.,-2.45));
#13936 = CARTESIAN_POINT('',(43.581793068762,-2.45));
#13937 = CARTESIAN_POINT('',(40.290896534381,-8.15));
#13938 = CARTESIAN_POINT('',(37.,-13.85));
#13939 = CARTESIAN_POINT('',(33.709103465619,-8.15));
#13940 = CARTESIAN_POINT('',(30.418206931238,-2.45));
#13941 = CARTESIAN_POINT('',(37.,-2.45));
#13942 = ( GEOMETRIC_REPRESENTATION_CONTEXT(2) 
PARAMETRIC_REPRESENTATION_CONTEXT() REPRESENTATION_CONTEXT('2D SPACE',''
  ) );
#13943 = PCURVE('',#13944,#13949);
#13944 = CONICAL_SURFACE('',#13945,3.,0.785398163397);
#13945 = AXIS2_PLACEMENT_3D('',#13946,#13947,#13948);
#13946 = CARTESIAN_POINT('',(8.,66.2,6.25));
#13947 = DIRECTION('',(-0.,1.,0.));
#13948 = DIRECTION('',(0.,0.,-1.));
#13949 = DEFINITIONAL_REPRESENTATION('',(#13950),#13954);
#13950 = LINE('',#13951,#13952);
#13951 = CARTESIAN_POINT('',(0.,0.8));
#13952 = VECTOR('',#13953,1.);
#13953 = DIRECTION('',(-1.,-0.));
#13954 = ( GEOMETRIC_REPRESENTATION_CONTEXT(2) 
PARAMETRIC_REPRESENTATION_CONTEXT() REPRESENTATION_CONTEXT('2D SPACE',''
  ) );
#13955 = ORIENTED_EDGE('',*,*,#13956,.T.);
#13956 = EDGE_CURVE('',#13924,#569,#13957,.T.);
#13957 = SURFACE_CURVE('',#13958,(#13962,#13969),.PCURVE_S1.);
#13958 = LINE('',#13959,#13960);
#13959 = CARTESIAN_POINT('',(11.8,67.,6.25));
#13960 = VECTOR('',#13961,1.);
#13961 = DIRECTION('',(0.,-0.,1.));
#13962 = PCURVE('',#94,#13963);
#13963 = DEFINITIONAL_REPRESENTATION('',(#13964),#13968);
#13964 = LINE('',#13965,#13966);
#13965 = CARTESIAN_POINT('',(40.8,-6.25));
#13966 = VECTOR('',#13967,1.);
#13967 = DIRECTION('',(0.,-1.));
#13968 = ( GEOMETRIC_REPRESENTATION_CONTEXT(2) 
PARAMETRIC_REPRESENTATION_CONTEXT() REPRESENTATION_CONTEXT('2D SPACE',''
  ) );
#13969 = PCURVE('',#607,#13970);
#13970 = DEFINITIONAL_REPRESENTATION('',(#13971),#13975);
#13971 = LINE('',#13972,#13973);
#13972 = CARTESIAN_POINT('',(0.,-0.565685424949));
#13973 = VECTOR('',#13974,1.);
#13974 = DIRECTION('',(1.,0.));
#13975 = ( GEOMETRIC_REPRESENTATION_CONTEXT(2) 
PARAMETRIC_REPRESENTATION_CONTEXT() REPRESENTATION_CONTEXT('2D SPACE',''
  ) );
#13976 = ADVANCED_FACE('',(#13977),#13883,.F.);
#13977 = FACE_BOUND('',#13978,.F.);
#13978 = EDGE_LOOP('',(#13979,#14000,#14001,#14022));
#13979 = ORIENTED_EDGE('',*,*,#13980,.F.);
#13980 = EDGE_CURVE('',#13840,#13981,#13983,.T.);
#13981 = VERTEX_POINT('',#13982);
#13982 = CARTESIAN_POINT('',(-11.,66.2,6.25));
#13983 = SURFACE_CURVE('',#13984,(#13988,#13994),.PCURVE_S1.);
#13984 = LINE('',#13985,#13986);
#13985 = CARTESIAN_POINT('',(-11.4,66.6,6.25));
#13986 = VECTOR('',#13987,1.);
#13987 = DIRECTION('',(0.707106781187,-0.707106781187,-1.71822989222E-34
    ));
#13988 = PCURVE('',#13883,#13989);
#13989 = DEFINITIONAL_REPRESENTATION('',(#13990),#13993);
#13990 = B_SPLINE_CURVE_WITH_KNOTS('',1,(#13991,#13992),.UNSPECIFIED.,
  .F.,.F.,(2,2),(-0.565685424949,0.565685424949),
  .PIECEWISE_BEZIER_KNOTS.);
#13991 = CARTESIAN_POINT('',(2.960594732334E-16,0.8));
#13992 = CARTESIAN_POINT('',(2.960594732334E-16,1.727101704552E-15));
#13993 = ( GEOMETRIC_REPRESENTATION_CONTEXT(2) 
PARAMETRIC_REPRESENTATION_CONTEXT() REPRESENTATION_CONTEXT('2D SPACE',''
  ) );
#13994 = PCURVE('',#66,#13995);
#13995 = DEFINITIONAL_REPRESENTATION('',(#13996),#13999);
#13996 = B_SPLINE_CURVE_WITH_KNOTS('',1,(#13997,#13998),.UNSPECIFIED.,
  .F.,.F.,(2,2),(-0.565685424949,0.565685424949),
  .PIECEWISE_BEZIER_KNOTS.);
#13997 = CARTESIAN_POINT('',(-1.,-0.565685424949));
#13998 = CARTESIAN_POINT('',(-1.,0.565685424949));
#13999 = ( GEOMETRIC_REPRESENTATION_CONTEXT(2) 
PARAMETRIC_REPRESENTATION_CONTEXT() REPRESENTATION_CONTEXT('2D SPACE',''
  ) );
#14000 = ORIENTED_EDGE('',*,*,#13862,.T.);
#14001 = ORIENTED_EDGE('',*,*,#14002,.T.);
#14002 = EDGE_CURVE('',#13863,#14003,#14005,.T.);
#14003 = VERTEX_POINT('',#14004);
#14004 = CARTESIAN_POINT('',(-8.,66.2,3.25));
#14005 = SURFACE_CURVE('',#14006,(#14010,#14016),.PCURVE_S1.);
#14006 = LINE('',#14007,#14008);
#14007 = CARTESIAN_POINT('',(-8.,66.2,3.25));
#14008 = VECTOR('',#14009,1.);
#14009 = DIRECTION('',(-9.038612477685E-18,-0.707106781187,
    0.707106781187));
#14010 = PCURVE('',#13883,#14011);
#14011 = DEFINITIONAL_REPRESENTATION('',(#14012),#14015);
#14012 = B_SPLINE_CURVE_WITH_KNOTS('',1,(#14013,#14014),.UNSPECIFIED.,
  .F.,.F.,(2,2),(-1.131370849898,0.),.PIECEWISE_BEZIER_KNOTS.);
#14013 = CARTESIAN_POINT('',(-1.570796326795,0.8));
#14014 = CARTESIAN_POINT('',(-1.570796326795,0.));
#14015 = ( GEOMETRIC_REPRESENTATION_CONTEXT(2) 
PARAMETRIC_REPRESENTATION_CONTEXT() REPRESENTATION_CONTEXT('2D SPACE',''
  ) );
#14016 = PCURVE('',#13911,#14017);
#14017 = DEFINITIONAL_REPRESENTATION('',(#14018),#14021);
#14018 = B_SPLINE_CURVE_WITH_KNOTS('',1,(#14019,#14020),.UNSPECIFIED.,
  .F.,.F.,(2,2),(-1.131370849898,0.),.PIECEWISE_BEZIER_KNOTS.);
#14019 = CARTESIAN_POINT('',(0.,-0.565685424949));
#14020 = CARTESIAN_POINT('',(0.,0.565685424949));
#14021 = ( GEOMETRIC_REPRESENTATION_CONTEXT(2) 
PARAMETRIC_REPRESENTATION_CONTEXT() REPRESENTATION_CONTEXT('2D SPACE',''
  ) );
#14022 = ORIENTED_EDGE('',*,*,#14023,.F.);
#14023 = EDGE_CURVE('',#13981,#14003,#14024,.T.);
#14024 = SURFACE_CURVE('',#14025,(#14030,#14037),.PCURVE_S1.);
#14025 = CIRCLE('',#14026,3.);
#14026 = AXIS2_PLACEMENT_3D('',#14027,#14028,#14029);
#14027 = CARTESIAN_POINT('',(-8.,66.2,6.25));
#14028 = DIRECTION('',(0.,-1.,-0.));
#14029 = DIRECTION('',(-1.,0.,-2.960594732334E-16));
#14030 = PCURVE('',#13883,#14031);
#14031 = DEFINITIONAL_REPRESENTATION('',(#14032),#14036);
#14032 = LINE('',#14033,#14034);
#14033 = CARTESIAN_POINT('',(-0.,-0.));
#14034 = VECTOR('',#14035,1.);
#14035 = DIRECTION('',(-1.,-0.));
#14036 = ( GEOMETRIC_REPRESENTATION_CONTEXT(2) 
PARAMETRIC_REPRESENTATION_CONTEXT() REPRESENTATION_CONTEXT('2D SPACE',''
  ) );
#14037 = PCURVE('',#14038,#14043);
#14038 = CYLINDRICAL_SURFACE('',#14039,3.);
#14039 = AXIS2_PLACEMENT_3D('',#14040,#14041,#14042);
#14040 = CARTESIAN_POINT('',(-8.,61.,6.25));
#14041 = DIRECTION('',(-0.,1.,0.));
#14042 = DIRECTION('',(-1.,-0.,0.));
#14043 = DEFINITIONAL_REPRESENTATION('',(#14044),#14048);
#14044 = LINE('',#14045,#14046);
#14045 = CARTESIAN_POINT('',(-2.960594732334E-16,5.2));
#14046 = VECTOR('',#14047,1.);
#14047 = DIRECTION('',(-1.,0.));
#14048 = ( GEOMETRIC_REPRESENTATION_CONTEXT(2) 
PARAMETRIC_REPRESENTATION_CONTEXT() REPRESENTATION_CONTEXT('2D SPACE',''
  ) );
#14049 = ADVANCED_FACE('',(#14050),#14038,.F.);
#14050 = FACE_BOUND('',#14051,.T.);
#14051 = EDGE_LOOP('',(#14052,#14077,#14105,#14131,#14132,#14155));
#14052 = ORIENTED_EDGE('',*,*,#14053,.F.);
#14053 = EDGE_CURVE('',#14054,#14056,#14058,.T.);
#14054 = VERTEX_POINT('',#14055);
#14055 = CARTESIAN_POINT('',(-11.,61.,6.25));
#14056 = VERTEX_POINT('',#14057);
#14057 = CARTESIAN_POINT('',(-11.,62.425227291513,6.25));
#14058 = SURFACE_CURVE('',#14059,(#14063,#14070),.PCURVE_S1.);
#14059 = LINE('',#14060,#14061);
#14060 = CARTESIAN_POINT('',(-11.,61.,6.25));
#14061 = VECTOR('',#14062,1.);
#14062 = DIRECTION('',(-0.,1.,0.));
#14063 = PCURVE('',#14038,#14064);
#14064 = DEFINITIONAL_REPRESENTATION('',(#14065),#14069);
#14065 = LINE('',#14066,#14067);
#14066 = CARTESIAN_POINT('',(-0.,0.));
#14067 = VECTOR('',#14068,1.);
#14068 = DIRECTION('',(-0.,1.));
#14069 = ( GEOMETRIC_REPRESENTATION_CONTEXT(2) 
PARAMETRIC_REPRESENTATION_CONTEXT() REPRESENTATION_CONTEXT('2D SPACE',''
  ) );
#14070 = PCURVE('',#785,#14071);
#14071 = DEFINITIONAL_REPRESENTATION('',(#14072),#14076);
#14072 = LINE('',#14073,#14074);
#14073 = CARTESIAN_POINT('',(3.,0.));
#14074 = VECTOR('',#14075,1.);
#14075 = DIRECTION('',(0.,-1.));
#14076 = ( GEOMETRIC_REPRESENTATION_CONTEXT(2) 
PARAMETRIC_REPRESENTATION_CONTEXT() REPRESENTATION_CONTEXT('2D SPACE',''
  ) );
#14077 = ORIENTED_EDGE('',*,*,#14078,.T.);
#14078 = EDGE_CURVE('',#14054,#14079,#14081,.T.);
#14079 = VERTEX_POINT('',#14080);
#14080 = CARTESIAN_POINT('',(-8.,61.,3.25));
#14081 = SURFACE_CURVE('',#14082,(#14087,#14094),.PCURVE_S1.);
#14082 = CIRCLE('',#14083,3.);
#14083 = AXIS2_PLACEMENT_3D('',#14084,#14085,#14086);
#14084 = CARTESIAN_POINT('',(-8.,61.,6.25));
#14085 = DIRECTION('',(0.,-1.,0.));
#14086 = DIRECTION('',(0.,0.,1.));
#14087 = PCURVE('',#14038,#14088);
#14088 = DEFINITIONAL_REPRESENTATION('',(#14089),#14093);
#14089 = LINE('',#14090,#14091);
#14090 = CARTESIAN_POINT('',(1.570796326795,-0.));
#14091 = VECTOR('',#14092,1.);
#14092 = DIRECTION('',(-1.,0.));
#14093 = ( GEOMETRIC_REPRESENTATION_CONTEXT(2) 
PARAMETRIC_REPRESENTATION_CONTEXT() REPRESENTATION_CONTEXT('2D SPACE',''
  ) );
#14094 = PCURVE('',#759,#14095);
#14095 = DEFINITIONAL_REPRESENTATION('',(#14096),#14104);
#14096 = ( BOUNDED_CURVE() B_SPLINE_CURVE(2,(#14097,#14098,#14099,#14100
    ,#14101,#14102,#14103),.UNSPECIFIED.,.T.,.F.) 
B_SPLINE_CURVE_WITH_KNOTS((1,2,2,2,2,1),(-2.094395102393,0.,
    2.094395102393,4.188790204786,6.28318530718,8.377580409573),
.UNSPECIFIED.) CURVE() GEOMETRIC_REPRESENTATION_ITEM() 
RATIONAL_B_SPLINE_CURVE((1.,0.5,1.,0.5,1.,0.5,1.)) REPRESENTATION_ITEM(
  '') );
#14097 = CARTESIAN_POINT('',(6.,3.));
#14098 = CARTESIAN_POINT('',(6.,-2.196152422707));
#14099 = CARTESIAN_POINT('',(1.5,0.401923788647));
#14100 = CARTESIAN_POINT('',(-3.,3.));
#14101 = CARTESIAN_POINT('',(1.5,5.598076211353));
#14102 = CARTESIAN_POINT('',(6.,8.196152422707));
#14103 = CARTESIAN_POINT('',(6.,3.));
#14104 = ( GEOMETRIC_REPRESENTATION_CONTEXT(2) 
PARAMETRIC_REPRESENTATION_CONTEXT() REPRESENTATION_CONTEXT('2D SPACE',''
  ) );
#14105 = ORIENTED_EDGE('',*,*,#14106,.T.);
#14106 = EDGE_CURVE('',#14079,#14003,#14107,.T.);
#14107 = SURFACE_CURVE('',#14108,(#14112,#14119),.PCURVE_S1.);
#14108 = LINE('',#14109,#14110);
#14109 = CARTESIAN_POINT('',(-8.,61.,3.25));
#14110 = VECTOR('',#14111,1.);
#14111 = DIRECTION('',(-0.,1.,0.));
#14112 = PCURVE('',#14038,#14113);
#14113 = DEFINITIONAL_REPRESENTATION('',(#14114),#14118);
#14114 = LINE('',#14115,#14116);
#14115 = CARTESIAN_POINT('',(-1.570796326795,0.));
#14116 = VECTOR('',#14117,1.);
#14117 = DIRECTION('',(-0.,1.));
#14118 = ( GEOMETRIC_REPRESENTATION_CONTEXT(2) 
PARAMETRIC_REPRESENTATION_CONTEXT() REPRESENTATION_CONTEXT('2D SPACE',''
  ) );
#14119 = PCURVE('',#14120,#14125);
#14120 = PLANE('',#14121);
#14121 = AXIS2_PLACEMENT_3D('',#14122,#14123,#14124);
#14122 = CARTESIAN_POINT('',(-11.,61.,3.25));
#14123 = DIRECTION('',(0.,0.,1.));
#14124 = DIRECTION('',(1.,0.,-0.));
#14125 = DEFINITIONAL_REPRESENTATION('',(#14126),#14130);
#14126 = LINE('',#14127,#14128);
#14127 = CARTESIAN_POINT('',(3.,0.));
#14128 = VECTOR('',#14129,1.);
#14129 = DIRECTION('',(0.,1.));
#14130 = ( GEOMETRIC_REPRESENTATION_CONTEXT(2) 
PARAMETRIC_REPRESENTATION_CONTEXT() REPRESENTATION_CONTEXT('2D SPACE',''
  ) );
#14131 = ORIENTED_EDGE('',*,*,#14023,.F.);
#14132 = ORIENTED_EDGE('',*,*,#14133,.F.);
#14133 = EDGE_CURVE('',#14134,#13981,#14136,.T.);
#14134 = VERTEX_POINT('',#14135);
#14135 = CARTESIAN_POINT('',(-11.,65.174772708487,6.25));
#14136 = SURFACE_CURVE('',#14137,(#14141,#14148),.PCURVE_S1.);
#14137 = LINE('',#14138,#14139);
#14138 = CARTESIAN_POINT('',(-11.,61.,6.25));
#14139 = VECTOR('',#14140,1.);
#14140 = DIRECTION('',(-0.,1.,0.));
#14141 = PCURVE('',#14038,#14142);
#14142 = DEFINITIONAL_REPRESENTATION('',(#14143),#14147);
#14143 = LINE('',#14144,#14145);
#14144 = CARTESIAN_POINT('',(-0.,0.));
#14145 = VECTOR('',#14146,1.);
#14146 = DIRECTION('',(-0.,1.));
#14147 = ( GEOMETRIC_REPRESENTATION_CONTEXT(2) 
PARAMETRIC_REPRESENTATION_CONTEXT() REPRESENTATION_CONTEXT('2D SPACE',''
  ) );
#14148 = PCURVE('',#882,#14149);
#14149 = DEFINITIONAL_REPRESENTATION('',(#14150),#14154);
#14150 = LINE('',#14151,#14152);
#14151 = CARTESIAN_POINT('',(3.,0.));
#14152 = VECTOR('',#14153,1.);
#14153 = DIRECTION('',(0.,-1.));
#14154 = ( GEOMETRIC_REPRESENTATION_CONTEXT(2) 
PARAMETRIC_REPRESENTATION_CONTEXT() REPRESENTATION_CONTEXT('2D SPACE',''
  ) );
#14155 = ORIENTED_EDGE('',*,*,#14156,.F.);
#14156 = EDGE_CURVE('',#14056,#14134,#14157,.T.);
#14157 = SURFACE_CURVE('',#14158,(#14185,#14236),.PCURVE_S1.);
#14158 = B_SPLINE_CURVE_WITH_KNOTS('',7,(#14159,#14160,#14161,#14162,
    #14163,#14164,#14165,#14166,#14167,#14168,#14169,#14170,#14171,
    #14172,#14173,#14174,#14175,#14176,#14177,#14178,#14179,#14180,
    #14181,#14182,#14183,#14184),.UNSPECIFIED.,.F.,.F.,(8,6,6,6,8),(0.,
    0.202514730532,1.,1.798821933022,2.000001708038),.UNSPECIFIED.);
#14159 = CARTESIAN_POINT('',(-11.,62.425227291513,6.25));
#14160 = CARTESIAN_POINT('',(-11.,62.455161202502,6.208847676115));
#14161 = CARTESIAN_POINT('',(-10.9993412788,62.486271103132,
    6.169099719986));
#14162 = CARTESIAN_POINT('',(-10.99810505534,62.518475729752,
    6.130773133733));
#14163 = CARTESIAN_POINT('',(-10.99636876609,62.55169546484,
    6.093881592989));
#14164 = CARTESIAN_POINT('',(-10.99420606509,62.585852337002,
    6.058435446901));
#14165 = CARTESIAN_POINT('',(-10.99168682389,62.620870020974,
    6.024441718131));
#14166 = CARTESIAN_POINT('',(-10.97781280952,62.797666131317,
    5.863773824038));
#14167 = CARTESIAN_POINT('',(-10.96223334396,62.950965200419,
    5.758117374504));
#14168 = CARTESIAN_POINT('',(-10.94607057252,63.112911028813,
    5.674444480915));
#14169 = CARTESIAN_POINT('',(-10.93210386332,63.280784853912,
    5.612155231033));
#14170 = CARTESIAN_POINT('',(-10.92217145663,63.452445075292,
    5.570756934233));
#14171 = CARTESIAN_POINT('',(-10.91719042916,63.626085483,5.55));
#14172 = CARTESIAN_POINT('',(-10.91719042916,63.974206014794,5.55));
#14173 = CARTESIAN_POINT('',(-10.92218816992,64.148136087837,
    5.570826570571));
#14174 = CARTESIAN_POINT('',(-10.932153748,64.32007633838,5.612363184604
    ));
#14175 = CARTESIAN_POINT('',(-10.94616404581,64.488211758985,
    5.674861430154));
#14176 = CARTESIAN_POINT('',(-10.96236856795,64.650388972624,
    5.75881758849));
#14177 = CARTESIAN_POINT('',(-10.97796919344,64.803872465141,
    5.864835372447));
#14178 = CARTESIAN_POINT('',(-10.99178615944,64.980513535954,
    6.0257863325));
#14179 = CARTESIAN_POINT('',(-10.99427710952,65.015272245437,
    6.059603530589));
#14180 = CARTESIAN_POINT('',(-10.99641439725,65.049179675339,
    6.094854106793));
#14181 = CARTESIAN_POINT('',(-10.9981294292,65.082160812123,
    6.131530999601));
#14182 = CARTESIAN_POINT('',(-10.99934994152,65.114139067591,
    6.169623883331));
#14183 = CARTESIAN_POINT('',(-11.,65.145036278885,6.209119168135));
#14184 = CARTESIAN_POINT('',(-11.,65.174772708487,6.25));
#14185 = PCURVE('',#14038,#14186);
#14186 = DEFINITIONAL_REPRESENTATION('',(#14187),#14235);
#14187 = B_SPLINE_CURVE_WITH_KNOTS('',3,(#14188,#14189,#14190,#14191,
    #14192,#14193,#14194,#14195,#14196,#14197,#14198,#14199,#14200,
    #14201,#14202,#14203,#14204,#14205,#14206,#14207,#14208,#14209,
    #14210,#14211,#14212,#14213,#14214,#14215,#14216,#14217,#14218,
    #14219,#14220,#14221,#14222,#14223,#14224,#14225,#14226,#14227,
    #14228,#14229,#14230,#14231,#14232,#14233,#14234),.UNSPECIFIED.,.F.,
  .F.,(4,1,1,1,1,1,1,1,1,1,1,1,1,1,1,1,1,1,1,1,1,1,1,1,1,1,1,1,1,1,1,1,1
    ,1,1,1,1,1,1,1,1,1,1,1,4),(0.,4.545458427358E-02,9.090916854716E-02,
    0.136363752821,0.181818337094,0.227272921368,0.272727505641,
    0.318182089915,0.363636674189,0.409091258462,0.454545842736,
    0.500000427009,0.545455011283,0.590909595557,0.63636417983,
    0.681818764104,0.727273348377,0.772727932651,0.818182516924,
    0.863637101198,0.909091685472,0.954546269745,1.000000854019,
    1.045455438292,1.090910022566,1.13636460684,1.181819191113,
    1.227273775387,1.27272835966,1.318182943934,1.363637528207,
    1.409092112481,1.454546696755,1.500001281028,1.545455865302,
    1.590910449575,1.636365033849,1.681819618123,1.727274202396,
    1.77272878667,1.818183370943,1.863637955217,1.90909253949,
    1.954547123764,2.000001708038),.QUASI_UNIFORM_KNOTS.);
#14188 = CARTESIAN_POINT('',(0.,1.425227291513));
#14189 = CARTESIAN_POINT('',(-7.184072905053E-03,1.440904524813));
#14190 = CARTESIAN_POINT('',(-2.12220741144E-02,1.473087285793));
#14191 = CARTESIAN_POINT('',(-4.128500858049E-02,1.523659074922));
#14192 = CARTESIAN_POINT('',(-6.03500639384E-02,1.57633941376));
#14193 = CARTESIAN_POINT('',(-7.841405217906E-02,1.630945722993));
#14194 = CARTESIAN_POINT('',(-9.547256022732E-02,1.687292267374));
#14195 = CARTESIAN_POINT('',(-0.111533944135,1.745240333845));
#14196 = CARTESIAN_POINT('',(-0.126604215113,1.804656951998));
#14197 = CARTESIAN_POINT('',(-0.140688241328,1.86541551704));
#14198 = CARTESIAN_POINT('',(-0.153790151587,1.927396737997));
#14199 = CARTESIAN_POINT('',(-0.165913366301,1.990487753773));
#14200 = CARTESIAN_POINT('',(-0.177060710906,2.054581762105));
#14201 = CARTESIAN_POINT('',(-0.187234490899,2.119577531664));
#14202 = CARTESIAN_POINT('',(-0.196436561786,2.185378964382));
#14203 = CARTESIAN_POINT('',(-0.204668385717,2.25189466261));
#14204 = CARTESIAN_POINT('',(-0.211931077493,2.319037508782));
#14205 = CARTESIAN_POINT('',(-0.218225439544,2.386724265382));
#14206 = CARTESIAN_POINT('',(-0.223551986088,2.454875149569));
#14207 = CARTESIAN_POINT('',(-0.227910956388,2.523413550358));
#14208 = CARTESIAN_POINT('',(-0.231302316946,2.59226525559));
#14209 = CARTESIAN_POINT('',(-0.233725752446,2.661359544985));
#14210 = CARTESIAN_POINT('',(-0.235180644917,2.730623350078));
#14211 = CARTESIAN_POINT('',(-0.235666041721,2.800001314642));
#14212 = CARTESIAN_POINT('',(-0.235180608524,2.869379213573));
#14213 = CARTESIAN_POINT('',(-0.233725684282,2.938642857035));
#14214 = CARTESIAN_POINT('',(-0.231302224388,3.007736913389));
#14215 = CARTESIAN_POINT('',(-0.227910848505,3.076588338011));
#14216 = CARTESIAN_POINT('',(-0.223551872576,3.145126431068));
#14217 = CARTESIAN_POINT('',(-0.218225329879,3.213276998178));
#14218 = CARTESIAN_POINT('',(-0.211930980237,3.280963443291));
#14219 = CARTESIAN_POINT('',(-0.204668307991,3.348105995729));
#14220 = CARTESIAN_POINT('',(-0.19643650892,3.414621427383));
#14221 = CARTESIAN_POINT('',(-0.187234466258,3.480422627345));
#14222 = CARTESIAN_POINT('',(-0.17706071588,3.545418201954));
#14223 = CARTESIAN_POINT('',(-0.165913400561,3.609512054255));
#14224 = CARTESIAN_POINT('',(-0.153790213263,3.672602952038));
#14225 = CARTESIAN_POINT('',(-0.140688328421,3.734584086912));
#14226 = CARTESIAN_POINT('',(-0.12660432334,3.795342598592));
#14227 = CARTESIAN_POINT('',(-0.111534079151,3.8547591584));
#14228 = CARTESIAN_POINT('',(-9.547269735726E-02,3.912707254901));
#14229 = CARTESIAN_POINT('',(-7.841429326953E-02,3.969053509195));
#14230 = CARTESIAN_POINT('',(-6.035030282943E-02,4.023659904423));
#14231 = CARTESIAN_POINT('',(-4.128511217537E-02,4.07634066507));
#14232 = CARTESIAN_POINT('',(-2.12220444795E-02,4.126912787488));
#14233 = CARTESIAN_POINT('',(-7.184035688847E-03,4.15909556486));
#14234 = CARTESIAN_POINT('',(0.,4.174772708487));
#14235 = ( GEOMETRIC_REPRESENTATION_CONTEXT(2) 
PARAMETRIC_REPRESENTATION_CONTEXT() REPRESENTATION_CONTEXT('2D SPACE',''
  ) );
#14236 = PCURVE('',#811,#14237);
#14237 = DEFINITIONAL_REPRESENTATION('',(#14238),#14286);
#14238 = B_SPLINE_CURVE_WITH_KNOTS('',3,(#14239,#14240,#14241,#14242,
    #14243,#14244,#14245,#14246,#14247,#14248,#14249,#14250,#14251,
    #14252,#14253,#14254,#14255,#14256,#14257,#14258,#14259,#14260,
    #14261,#14262,#14263,#14264,#14265,#14266,#14267,#14268,#14269,
    #14270,#14271,#14272,#14273,#14274,#14275,#14276,#14277,#14278,
    #14279,#14280,#14281,#14282,#14283,#14284,#14285),.UNSPECIFIED.,.F.,
  .F.,(4,1,1,1,1,1,1,1,1,1,1,1,1,1,1,1,1,1,1,1,1,1,1,1,1,1,1,1,1,1,1,1,1
    ,1,1,1,1,1,1,1,1,1,1,1,4),(0.,4.545458427358E-02,9.090916854716E-02,
    0.136363752821,0.181818337094,0.227272921368,0.272727505641,
    0.318182089915,0.363636674189,0.409091258462,0.454545842736,
    0.500000427009,0.545455011283,0.590909595557,0.63636417983,
    0.681818764104,0.727273348377,0.772727932651,0.818182516924,
    0.863637101198,0.909091685472,0.954546269745,1.000000854019,
    1.045455438292,1.090910022566,1.13636460684,1.181819191113,
    1.227273775387,1.27272835966,1.318182943934,1.363637528207,
    1.409092112481,1.454546696755,1.500001281028,1.545455865302,
    1.590910449575,1.636365033849,1.681819618123,1.727274202396,
    1.77272878667,1.818183370943,1.863637955217,1.90909253949,
    1.954547123764,2.000001708038),.QUASI_UNIFORM_KNOTS.);
#14239 = CARTESIAN_POINT('',(5.34126390588,4.));
#14240 = CARTESIAN_POINT('',(5.356940651324,4.00000067198));
#14241 = CARTESIAN_POINT('',(5.388110701374,4.000464054671));
#14242 = CARTESIAN_POINT('',(5.434329692584,4.00236528655));
#14243 = CARTESIAN_POINT('',(5.480027329244,4.005289498064));
#14244 = CARTESIAN_POINT('',(5.525216623326,4.0090647805));
#14245 = CARTESIAN_POINT('',(5.569904220897,4.013525749578));
#14246 = CARTESIAN_POINT('',(5.614128145793,4.018520080926));
#14247 = CARTESIAN_POINT('',(5.657922280904,4.023905531196));
#14248 = CARTESIAN_POINT('',(5.70131839403,4.02954945266));
#14249 = CARTESIAN_POINT('',(5.744347318734,4.035328745155));
#14250 = CARTESIAN_POINT('',(5.787038882532,4.041129570947));
#14251 = CARTESIAN_POINT('',(5.829422138938,4.046847166507));
#14252 = CARTESIAN_POINT('',(5.871525491899,4.052385659158));
#14253 = CARTESIAN_POINT('',(5.913376828022,4.057657910677));
#14254 = CARTESIAN_POINT('',(5.955003631086,4.062585379386));
#14255 = CARTESIAN_POINT('',(5.996433088462,4.067098000433));
#14256 = CARTESIAN_POINT('',(6.037692197654,4.071134081778));
#14257 = CARTESIAN_POINT('',(6.078807849812,4.074640213995));
#14258 = CARTESIAN_POINT('',(6.11980699217,4.077571191831));
#14259 = CARTESIAN_POINT('',(6.160716500514,4.079889945497));
#14260 = CARTESIAN_POINT('',(6.201564149354,4.081567479738));
#14261 = CARTESIAN_POINT('',(6.242375510445,4.082582818408));
#14262 = CARTESIAN_POINT('',(6.283186080281,4.082922953443));
#14263 = CARTESIAN_POINT('',(6.323996612812,4.082582792844));
#14264 = CARTESIAN_POINT('',(6.364807882396,4.081567432124));
#14265 = CARTESIAN_POINT('',(6.405655399216,4.079889881641));
#14266 = CARTESIAN_POINT('',(6.446564748049,4.077571118656));
#14267 = CARTESIAN_POINT('',(6.487563714361,4.074640138615));
#14268 = CARTESIAN_POINT('',(6.528679183399,4.071134010763));
#14269 = CARTESIAN_POINT('',(6.569938110372,4.067097939277));
#14270 = CARTESIAN_POINT('',(6.611367393043,4.062585332151));
#14271 = CARTESIAN_POINT('',(6.652994034215,4.057657879813));
#14272 = CARTESIAN_POINT('',(6.694845225251,4.052385645482));
#14273 = CARTESIAN_POINT('',(6.736948452647,4.046847169315));
#14274 = CARTESIAN_POINT('',(6.779331604186,4.041129588273));
#14275 = CARTESIAN_POINT('',(6.822023084031,4.035328774054));
#14276 = CARTESIAN_POINT('',(6.865051942166,4.029549489873));
#14277 = CARTESIAN_POINT('',(6.908448008367,4.023905572742));
#14278 = CARTESIAN_POINT('',(6.952242087502,4.018520125974));
#14279 = CARTESIAN_POINT('',(6.996466023457,4.013525788447));
#14280 = CARTESIAN_POINT('',(7.041153371789,4.009064841907));
#14281 = CARTESIAN_POINT('',(7.086342703983,4.005289539375));
#14282 = CARTESIAN_POINT('',(7.132040683543,4.002365294055));
#14283 = CARTESIAN_POINT('',(7.178259980764,4.000464051743));
#14284 = CARTESIAN_POINT('',(7.209430047164,4.000000669551));
#14285 = CARTESIAN_POINT('',(7.225106708479,4.));
#14286 = ( GEOMETRIC_REPRESENTATION_CONTEXT(2) 
PARAMETRIC_REPRESENTATION_CONTEXT() REPRESENTATION_CONTEXT('2D SPACE',''
  ) );
#14287 = ADVANCED_FACE('',(#14288),#14120,.T.);
#14288 = FACE_BOUND('',#14289,.T.);
#14289 = EDGE_LOOP('',(#14290,#14320,#14341,#14342));
#14290 = ORIENTED_EDGE('',*,*,#14291,.T.);
#14291 = EDGE_CURVE('',#14292,#14294,#14296,.T.);
#14292 = VERTEX_POINT('',#14293);
#14293 = CARTESIAN_POINT('',(8.,61.,3.25));
#14294 = VERTEX_POINT('',#14295);
#14295 = CARTESIAN_POINT('',(8.,66.2,3.25));
#14296 = SURFACE_CURVE('',#14297,(#14301,#14308),.PCURVE_S1.);
#14297 = LINE('',#14298,#14299);
#14298 = CARTESIAN_POINT('',(8.,61.,3.25));
#14299 = VECTOR('',#14300,1.);
#14300 = DIRECTION('',(-0.,1.,0.));
#14301 = PCURVE('',#14120,#14302);
#14302 = DEFINITIONAL_REPRESENTATION('',(#14303),#14307);
#14303 = LINE('',#14304,#14305);
#14304 = CARTESIAN_POINT('',(19.,0.));
#14305 = VECTOR('',#14306,1.);
#14306 = DIRECTION('',(0.,1.));
#14307 = ( GEOMETRIC_REPRESENTATION_CONTEXT(2) 
PARAMETRIC_REPRESENTATION_CONTEXT() REPRESENTATION_CONTEXT('2D SPACE',''
  ) );
#14308 = PCURVE('',#14309,#14314);
#14309 = CYLINDRICAL_SURFACE('',#14310,3.);
#14310 = AXIS2_PLACEMENT_3D('',#14311,#14312,#14313);
#14311 = CARTESIAN_POINT('',(8.,61.,6.25));
#14312 = DIRECTION('',(-0.,1.,0.));
#14313 = DIRECTION('',(1.,0.,-0.));
#14314 = DEFINITIONAL_REPRESENTATION('',(#14315),#14319);
#14315 = LINE('',#14316,#14317);
#14316 = CARTESIAN_POINT('',(1.570796326795,0.));
#14317 = VECTOR('',#14318,1.);
#14318 = DIRECTION('',(0.,1.));
#14319 = ( GEOMETRIC_REPRESENTATION_CONTEXT(2) 
PARAMETRIC_REPRESENTATION_CONTEXT() REPRESENTATION_CONTEXT('2D SPACE',''
  ) );
#14320 = ORIENTED_EDGE('',*,*,#14321,.F.);
#14321 = EDGE_CURVE('',#14003,#14294,#14322,.T.);
#14322 = SURFACE_CURVE('',#14323,(#14327,#14334),.PCURVE_S1.);
#14323 = LINE('',#14324,#14325);
#14324 = CARTESIAN_POINT('',(-8.,66.2,3.25));
#14325 = VECTOR('',#14326,1.);
#14326 = DIRECTION('',(1.,0.,0.));
#14327 = PCURVE('',#14120,#14328);
#14328 = DEFINITIONAL_REPRESENTATION('',(#14329),#14333);
#14329 = LINE('',#14330,#14331);
#14330 = CARTESIAN_POINT('',(3.,5.2));
#14331 = VECTOR('',#14332,1.);
#14332 = DIRECTION('',(1.,0.));
#14333 = ( GEOMETRIC_REPRESENTATION_CONTEXT(2) 
PARAMETRIC_REPRESENTATION_CONTEXT() REPRESENTATION_CONTEXT('2D SPACE',''
  ) );
#14334 = PCURVE('',#13911,#14335);
#14335 = DEFINITIONAL_REPRESENTATION('',(#14336),#14340);
#14336 = LINE('',#14337,#14338);
#14337 = CARTESIAN_POINT('',(-0.,0.565685424949));
#14338 = VECTOR('',#14339,1.);
#14339 = DIRECTION('',(-1.,0.));
#14340 = ( GEOMETRIC_REPRESENTATION_CONTEXT(2) 
PARAMETRIC_REPRESENTATION_CONTEXT() REPRESENTATION_CONTEXT('2D SPACE',''
  ) );
#14341 = ORIENTED_EDGE('',*,*,#14106,.F.);
#14342 = ORIENTED_EDGE('',*,*,#14343,.T.);
#14343 = EDGE_CURVE('',#14079,#14292,#14344,.T.);
#14344 = SURFACE_CURVE('',#14345,(#14349,#14356),.PCURVE_S1.);
#14345 = LINE('',#14346,#14347);
#14346 = CARTESIAN_POINT('',(-11.,61.,3.25));
#14347 = VECTOR('',#14348,1.);
#14348 = DIRECTION('',(1.,0.,-0.));
#14349 = PCURVE('',#14120,#14350);
#14350 = DEFINITIONAL_REPRESENTATION('',(#14351),#14355);
#14351 = LINE('',#14352,#14353);
#14352 = CARTESIAN_POINT('',(0.,0.));
#14353 = VECTOR('',#14354,1.);
#14354 = DIRECTION('',(1.,0.));
#14355 = ( GEOMETRIC_REPRESENTATION_CONTEXT(2) 
PARAMETRIC_REPRESENTATION_CONTEXT() REPRESENTATION_CONTEXT('2D SPACE',''
  ) );
#14356 = PCURVE('',#759,#14357);
#14357 = DEFINITIONAL_REPRESENTATION('',(#14358),#14362);
#14358 = LINE('',#14359,#14360);
#14359 = CARTESIAN_POINT('',(0.,0.));
#14360 = VECTOR('',#14361,1.);
#14361 = DIRECTION('',(0.,1.));
#14362 = ( GEOMETRIC_REPRESENTATION_CONTEXT(2) 
PARAMETRIC_REPRESENTATION_CONTEXT() REPRESENTATION_CONTEXT('2D SPACE',''
  ) );
#14363 = ADVANCED_FACE('',(#14364),#14309,.F.);
#14364 = FACE_BOUND('',#14365,.F.);
#14365 = EDGE_LOOP('',(#14366,#14391,#14413,#14414,#14438,#14461));
#14366 = ORIENTED_EDGE('',*,*,#14367,.F.);
#14367 = EDGE_CURVE('',#14368,#14370,#14372,.T.);
#14368 = VERTEX_POINT('',#14369);
#14369 = CARTESIAN_POINT('',(11.,61.,6.25));
#14370 = VERTEX_POINT('',#14371);
#14371 = CARTESIAN_POINT('',(11.,62.425227291513,6.25));
#14372 = SURFACE_CURVE('',#14373,(#14377,#14384),.PCURVE_S1.);
#14373 = LINE('',#14374,#14375);
#14374 = CARTESIAN_POINT('',(11.,61.,6.25));
#14375 = VECTOR('',#14376,1.);
#14376 = DIRECTION('',(-0.,1.,0.));
#14377 = PCURVE('',#14309,#14378);
#14378 = DEFINITIONAL_REPRESENTATION('',(#14379),#14383);
#14379 = LINE('',#14380,#14381);
#14380 = CARTESIAN_POINT('',(0.,0.));
#14381 = VECTOR('',#14382,1.);
#14382 = DIRECTION('',(0.,1.));
#14383 = ( GEOMETRIC_REPRESENTATION_CONTEXT(2) 
PARAMETRIC_REPRESENTATION_CONTEXT() REPRESENTATION_CONTEXT('2D SPACE',''
  ) );
#14384 = PCURVE('',#733,#14385);
#14385 = DEFINITIONAL_REPRESENTATION('',(#14386),#14390);
#14386 = LINE('',#14387,#14388);
#14387 = CARTESIAN_POINT('',(3.,0.));
#14388 = VECTOR('',#14389,1.);
#14389 = DIRECTION('',(0.,-1.));
#14390 = ( GEOMETRIC_REPRESENTATION_CONTEXT(2) 
PARAMETRIC_REPRESENTATION_CONTEXT() REPRESENTATION_CONTEXT('2D SPACE',''
  ) );
#14391 = ORIENTED_EDGE('',*,*,#14392,.T.);
#14392 = EDGE_CURVE('',#14368,#14292,#14393,.T.);
#14393 = SURFACE_CURVE('',#14394,(#14399,#14406),.PCURVE_S1.);
#14394 = CIRCLE('',#14395,3.);
#14395 = AXIS2_PLACEMENT_3D('',#14396,#14397,#14398);
#14396 = CARTESIAN_POINT('',(8.,61.,6.25));
#14397 = DIRECTION('',(-0.,1.,0.));
#14398 = DIRECTION('',(0.,0.,1.));
#14399 = PCURVE('',#14309,#14400);
#14400 = DEFINITIONAL_REPRESENTATION('',(#14401),#14405);
#14401 = LINE('',#14402,#14403);
#14402 = CARTESIAN_POINT('',(-1.570796326795,0.));
#14403 = VECTOR('',#14404,1.);
#14404 = DIRECTION('',(1.,0.));
#14405 = ( GEOMETRIC_REPRESENTATION_CONTEXT(2) 
PARAMETRIC_REPRESENTATION_CONTEXT() REPRESENTATION_CONTEXT('2D SPACE',''
  ) );
#14406 = PCURVE('',#759,#14407);
#14407 = DEFINITIONAL_REPRESENTATION('',(#14408),#14412);
#14408 = CIRCLE('',#14409,3.);
#14409 = AXIS2_PLACEMENT_2D('',#14410,#14411);
#14410 = CARTESIAN_POINT('',(3.,19.));
#14411 = DIRECTION('',(1.,0.));
#14412 = ( GEOMETRIC_REPRESENTATION_CONTEXT(2) 
PARAMETRIC_REPRESENTATION_CONTEXT() REPRESENTATION_CONTEXT('2D SPACE',''
  ) );
#14413 = ORIENTED_EDGE('',*,*,#14291,.T.);
#14414 = ORIENTED_EDGE('',*,*,#14415,.T.);
#14415 = EDGE_CURVE('',#14294,#14416,#14418,.T.);
#14416 = VERTEX_POINT('',#14417);
#14417 = CARTESIAN_POINT('',(11.,66.2,6.25));
#14418 = SURFACE_CURVE('',#14419,(#14424,#14431),.PCURVE_S1.);
#14419 = CIRCLE('',#14420,3.);
#14420 = AXIS2_PLACEMENT_3D('',#14421,#14422,#14423);
#14421 = CARTESIAN_POINT('',(8.,66.2,6.25));
#14422 = DIRECTION('',(0.,-1.,0.));
#14423 = DIRECTION('',(0.,0.,-1.));
#14424 = PCURVE('',#14309,#14425);
#14425 = DEFINITIONAL_REPRESENTATION('',(#14426),#14430);
#14426 = LINE('',#14427,#14428);
#14427 = CARTESIAN_POINT('',(1.570796326795,5.2));
#14428 = VECTOR('',#14429,1.);
#14429 = DIRECTION('',(-1.,-0.));
#14430 = ( GEOMETRIC_REPRESENTATION_CONTEXT(2) 
PARAMETRIC_REPRESENTATION_CONTEXT() REPRESENTATION_CONTEXT('2D SPACE',''
  ) );
#14431 = PCURVE('',#13944,#14432);
#14432 = DEFINITIONAL_REPRESENTATION('',(#14433),#14437);
#14433 = LINE('',#14434,#14435);
#14434 = CARTESIAN_POINT('',(-0.,-0.));
#14435 = VECTOR('',#14436,1.);
#14436 = DIRECTION('',(-1.,-0.));
#14437 = ( GEOMETRIC_REPRESENTATION_CONTEXT(2) 
PARAMETRIC_REPRESENTATION_CONTEXT() REPRESENTATION_CONTEXT('2D SPACE',''
  ) );
#14438 = ORIENTED_EDGE('',*,*,#14439,.F.);
#14439 = EDGE_CURVE('',#14440,#14416,#14442,.T.);
#14440 = VERTEX_POINT('',#14441);
#14441 = CARTESIAN_POINT('',(11.,65.174772708487,6.25));
#14442 = SURFACE_CURVE('',#14443,(#14447,#14454),.PCURVE_S1.);
#14443 = LINE('',#14444,#14445);
#14444 = CARTESIAN_POINT('',(11.,61.,6.25));
#14445 = VECTOR('',#14446,1.);
#14446 = DIRECTION('',(-0.,1.,0.));
#14447 = PCURVE('',#14309,#14448);
#14448 = DEFINITIONAL_REPRESENTATION('',(#14449),#14453);
#14449 = LINE('',#14450,#14451);
#14450 = CARTESIAN_POINT('',(0.,0.));
#14451 = VECTOR('',#14452,1.);
#14452 = DIRECTION('',(0.,1.));
#14453 = ( GEOMETRIC_REPRESENTATION_CONTEXT(2) 
PARAMETRIC_REPRESENTATION_CONTEXT() REPRESENTATION_CONTEXT('2D SPACE',''
  ) );
#14454 = PCURVE('',#634,#14455);
#14455 = DEFINITIONAL_REPRESENTATION('',(#14456),#14460);
#14456 = LINE('',#14457,#14458);
#14457 = CARTESIAN_POINT('',(3.,0.));
#14458 = VECTOR('',#14459,1.);
#14459 = DIRECTION('',(0.,-1.));
#14460 = ( GEOMETRIC_REPRESENTATION_CONTEXT(2) 
PARAMETRIC_REPRESENTATION_CONTEXT() REPRESENTATION_CONTEXT('2D SPACE',''
  ) );
#14461 = ORIENTED_EDGE('',*,*,#14462,.T.);
#14462 = EDGE_CURVE('',#14440,#14370,#14463,.T.);
#14463 = SURFACE_CURVE('',#14464,(#14491,#14542),.PCURVE_S1.);
#14464 = B_SPLINE_CURVE_WITH_KNOTS('',7,(#14465,#14466,#14467,#14468,
    #14469,#14470,#14471,#14472,#14473,#14474,#14475,#14476,#14477,
    #14478,#14479,#14480,#14481,#14482,#14483,#14484,#14485,#14486,
    #14487,#14488,#14489,#14490),.UNSPECIFIED.,.F.,.F.,(8,6,6,6,8),(0.,
    0.201179431393,1.,1.797483907336,1.999998291904),.UNSPECIFIED.);
#14465 = CARTESIAN_POINT('',(11.,65.174772708487,6.25));
#14466 = CARTESIAN_POINT('',(11.,65.145036278885,6.209119168135));
#14467 = CARTESIAN_POINT('',(10.999349941527,65.114139067591,
    6.169623883331));
#14468 = CARTESIAN_POINT('',(10.998129429203,65.082160812123,
    6.131530999601));
#14469 = CARTESIAN_POINT('',(10.996414397255,65.049179675339,
    6.094854106793));
#14470 = CARTESIAN_POINT('',(10.99427710952,65.015272245437,
    6.059603530589));
#14471 = CARTESIAN_POINT('',(10.991786159445,64.980513535954,
    6.0257863325));
#14472 = CARTESIAN_POINT('',(10.977969193445,64.803872465141,
    5.864835372447));
#14473 = CARTESIAN_POINT('',(10.962368567958,64.650388972624,
    5.75881758849));
#14474 = CARTESIAN_POINT('',(10.946164045815,64.488211758986,
    5.674861430154));
#14475 = CARTESIAN_POINT('',(10.932153748,64.320076338379,5.612363184604
    ));
#14476 = CARTESIAN_POINT('',(10.922188169922,64.148136087837,
    5.570826570571));
#14477 = CARTESIAN_POINT('',(10.917190429163,63.974206014794,5.55));
#14478 = CARTESIAN_POINT('',(10.917190429163,63.626085483,5.55));
#14479 = CARTESIAN_POINT('',(10.922171456638,63.452445075292,
    5.570756934233));
#14480 = CARTESIAN_POINT('',(10.932103863329,63.280784853912,
    5.612155231032));
#14481 = CARTESIAN_POINT('',(10.946070572521,63.112911028813,
    5.674444480915));
#14482 = CARTESIAN_POINT('',(10.962233343964,62.950965200419,
    5.758117374504));
#14483 = CARTESIAN_POINT('',(10.977812809526,62.797666131317,
    5.863773824038));
#14484 = CARTESIAN_POINT('',(10.991686823893,62.620870020985,
    6.024441718121));
#14485 = CARTESIAN_POINT('',(10.994206065091,62.585852337004,
    6.058435446902));
#14486 = CARTESIAN_POINT('',(10.996368766096,62.551695464832,
    6.093881592999));
#14487 = CARTESIAN_POINT('',(10.998105055341,62.518475729743,
    6.130773133741));
#14488 = CARTESIAN_POINT('',(10.999341278802,62.486271103132,
    6.169099719983));
#14489 = CARTESIAN_POINT('',(11.,62.455161202512,6.208847676101));
#14490 = CARTESIAN_POINT('',(11.,62.425227291513,6.25));
#14491 = PCURVE('',#14309,#14492);
#14492 = DEFINITIONAL_REPRESENTATION('',(#14493),#14541);
#14493 = B_SPLINE_CURVE_WITH_KNOTS('',3,(#14494,#14495,#14496,#14497,
    #14498,#14499,#14500,#14501,#14502,#14503,#14504,#14505,#14506,
    #14507,#14508,#14509,#14510,#14511,#14512,#14513,#14514,#14515,
    #14516,#14517,#14518,#14519,#14520,#14521,#14522,#14523,#14524,
    #14525,#14526,#14527,#14528,#14529,#14530,#14531,#14532,#14533,
    #14534,#14535,#14536,#14537,#14538,#14539,#14540),.UNSPECIFIED.,.F.,
  .F.,(4,1,1,1,1,1,1,1,1,1,1,1,1,1,1,1,1,1,1,1,1,1,1,1,1,1,1,1,1,1,1,1,1
    ,1,1,1,1,1,1,1,1,1,1,1,4),(0.,4.545450663419E-02,9.090901326838E-02,
    0.136363519903,0.181818026537,0.227272533171,0.272727039805,
    0.318181546439,0.363636053074,0.409090559708,0.454545066342,
    0.499999572976,0.54545407961,0.590908586244,0.636363092879,
    0.681817599513,0.727272106147,0.772726612781,0.818181119415,
    0.86363562605,0.909090132684,0.954544639318,0.999999145952,
    1.045453652586,1.090908159221,1.136362665855,1.181817172489,
    1.227271679123,1.272726185757,1.318180692391,1.363635199026,
    1.40908970566,1.454544212294,1.499998718928,1.545453225562,
    1.590907732197,1.636362238831,1.681816745465,1.727271252099,
    1.772725758733,1.818180265368,1.863634772002,1.909089278636,
    1.95454378527,1.999998291904),.QUASI_UNIFORM_KNOTS.);
#14494 = CARTESIAN_POINT('',(0.,4.174772708487));
#14495 = CARTESIAN_POINT('',(7.184035688633E-03,4.15909556486));
#14496 = CARTESIAN_POINT('',(2.122204447887E-02,4.126912787489));
#14497 = CARTESIAN_POINT('',(4.128511217418E-02,4.076340665073));
#14498 = CARTESIAN_POINT('',(6.035030282775E-02,4.023659904428));
#14499 = CARTESIAN_POINT('',(7.841429326742E-02,3.969053509201));
#14500 = CARTESIAN_POINT('',(9.547269735475E-02,3.91270725491));
#14501 = CARTESIAN_POINT('',(0.111534079148,3.854759158411));
#14502 = CARTESIAN_POINT('',(0.126604323337,3.795342598604));
#14503 = CARTESIAN_POINT('',(0.140688328418,3.734584086927));
#14504 = CARTESIAN_POINT('',(0.15379021326,3.672602952055));
#14505 = CARTESIAN_POINT('',(0.165913400558,3.609512054275));
#14506 = CARTESIAN_POINT('',(0.177060715877,3.545418201976));
#14507 = CARTESIAN_POINT('',(0.187234466254,3.480422627369));
#14508 = CARTESIAN_POINT('',(0.196436508917,3.414621427409));
#14509 = CARTESIAN_POINT('',(0.204668307987,3.348105995758));
#14510 = CARTESIAN_POINT('',(0.211930980234,3.280963443322));
#14511 = CARTESIAN_POINT('',(0.218225329877,3.213276998211));
#14512 = CARTESIAN_POINT('',(0.223551872573,3.145126431103));
#14513 = CARTESIAN_POINT('',(0.227910848503,3.076588338049));
#14514 = CARTESIAN_POINT('',(0.231302224386,3.007736913429));
#14515 = CARTESIAN_POINT('',(0.233725684281,2.938642857077));
#14516 = CARTESIAN_POINT('',(0.235180608523,2.869379213617));
#14517 = CARTESIAN_POINT('',(0.235666041721,2.800001314688));
#14518 = CARTESIAN_POINT('',(0.235180644918,2.730623350126));
#14519 = CARTESIAN_POINT('',(0.233725752447,2.661359545036));
#14520 = CARTESIAN_POINT('',(0.231302316948,2.592265255643));
#14521 = CARTESIAN_POINT('',(0.227910956391,2.523413550413));
#14522 = CARTESIAN_POINT('',(0.223551986092,2.454875149626));
#14523 = CARTESIAN_POINT('',(0.218225439549,2.38672426544));
#14524 = CARTESIAN_POINT('',(0.211931077499,2.319037508842));
#14525 = CARTESIAN_POINT('',(0.204668385724,2.251894662671));
#14526 = CARTESIAN_POINT('',(0.196436561795,2.185378964445));
#14527 = CARTESIAN_POINT('',(0.187234490908,2.119577531728));
#14528 = CARTESIAN_POINT('',(0.177060710917,2.054581762171));
#14529 = CARTESIAN_POINT('',(0.165913366313,1.99048775384));
#14530 = CARTESIAN_POINT('',(0.153790151601,1.927396738064));
#14531 = CARTESIAN_POINT('',(0.140688241343,1.865415517108));
#14532 = CARTESIAN_POINT('',(0.12660421513,1.804656952067));
#14533 = CARTESIAN_POINT('',(0.111533944153,1.745240333914));
#14534 = CARTESIAN_POINT('',(9.547256024707E-02,1.687292267442));
#14535 = CARTESIAN_POINT('',(7.841405220099E-02,1.630945723063));
#14536 = CARTESIAN_POINT('',(6.035006395274E-02,1.576339413803));
#14537 = CARTESIAN_POINT('',(4.128500858962E-02,1.523659074945));
#14538 = CARTESIAN_POINT('',(2.122207412204E-02,1.47308728581));
#14539 = CARTESIAN_POINT('',(7.184072908707E-03,1.440904524821));
#14540 = CARTESIAN_POINT('',(0.,1.425227291513));
#14541 = ( GEOMETRIC_REPRESENTATION_CONTEXT(2) 
PARAMETRIC_REPRESENTATION_CONTEXT() REPRESENTATION_CONTEXT('2D SPACE',''
  ) );
#14542 = PCURVE('',#660,#14543);
#14543 = DEFINITIONAL_REPRESENTATION('',(#14544),#14592);
#14544 = B_SPLINE_CURVE_WITH_KNOTS('',3,(#14545,#14546,#14547,#14548,
    #14549,#14550,#14551,#14552,#14553,#14554,#14555,#14556,#14557,
    #14558,#14559,#14560,#14561,#14562,#14563,#14564,#14565,#14566,
    #14567,#14568,#14569,#14570,#14571,#14572,#14573,#14574,#14575,
    #14576,#14577,#14578,#14579,#14580,#14581,#14582,#14583,#14584,
    #14585,#14586,#14587,#14588,#14589,#14590,#14591),.UNSPECIFIED.,.F.,
  .F.,(4,1,1,1,1,1,1,1,1,1,1,1,1,1,1,1,1,1,1,1,1,1,1,1,1,1,1,1,1,1,1,1,1
    ,1,1,1,1,1,1,1,1,1,1,1,4),(0.,4.545450663419E-02,9.090901326838E-02,
    0.136363519903,0.181818026537,0.227272533171,0.272727039805,
    0.318181546439,0.363636053074,0.409090559708,0.454545066342,
    0.499999572976,0.54545407961,0.590908586244,0.636363092879,
    0.681817599513,0.727272106147,0.772726612781,0.818181119415,
    0.86363562605,0.909090132684,0.954544639318,0.999999145952,
    1.045453652586,1.090908159221,1.136362665855,1.181817172489,
    1.227271679123,1.272726185757,1.318180692391,1.363635199026,
    1.40908970566,1.454544212294,1.499998718928,1.545453225562,
    1.590907732197,1.636362238831,1.681816745465,1.727271252099,
    1.772725758733,1.818180265368,1.863634772002,1.909089278636,
    1.95454378527,1.999998291904),.QUASI_UNIFORM_KNOTS.);
#14545 = CARTESIAN_POINT('',(7.225106708479,26.));
#14546 = CARTESIAN_POINT('',(7.209430047165,25.999999330449));
#14547 = CARTESIAN_POINT('',(7.178259980766,25.999535948257));
#14548 = CARTESIAN_POINT('',(7.132040683546,25.997634705945));
#14549 = CARTESIAN_POINT('',(7.086342703987,25.994710460625));
#14550 = CARTESIAN_POINT('',(7.041153371794,25.990935158094));
#14551 = CARTESIAN_POINT('',(6.996466023464,25.986474211554));
#14552 = CARTESIAN_POINT('',(6.95224208751,25.981479874027));
#14553 = CARTESIAN_POINT('',(6.908448008376,25.976094427259));
#14554 = CARTESIAN_POINT('',(6.865051942176,25.970450510128));
#14555 = CARTESIAN_POINT('',(6.822023084043,25.964671225948));
#14556 = CARTESIAN_POINT('',(6.779331604199,25.958870411729));
#14557 = CARTESIAN_POINT('',(6.736948452661,25.953152830687));
#14558 = CARTESIAN_POINT('',(6.694845225266,25.94761435452));
#14559 = CARTESIAN_POINT('',(6.652994034231,25.942342120189));
#14560 = CARTESIAN_POINT('',(6.611367393061,25.937414667851));
#14561 = CARTESIAN_POINT('',(6.569938110391,25.932902060725));
#14562 = CARTESIAN_POINT('',(6.528679183419,25.928865989239));
#14563 = CARTESIAN_POINT('',(6.487563714383,25.925359861387));
#14564 = CARTESIAN_POINT('',(6.446564748072,25.922428881346));
#14565 = CARTESIAN_POINT('',(6.40565539924,25.92011011836));
#14566 = CARTESIAN_POINT('',(6.364807882421,25.918432567877));
#14567 = CARTESIAN_POINT('',(6.323996612839,25.917417207157));
#14568 = CARTESIAN_POINT('',(6.283186080309,25.917077046557));
#14569 = CARTESIAN_POINT('',(6.242375510473,25.917417181592));
#14570 = CARTESIAN_POINT('',(6.201564149384,25.918432520261));
#14571 = CARTESIAN_POINT('',(6.160716500545,25.920110054501));
#14572 = CARTESIAN_POINT('',(6.119806992202,25.922428808167));
#14573 = CARTESIAN_POINT('',(6.078807849846,25.925359786002));
#14574 = CARTESIAN_POINT('',(6.037692197689,25.928865918219));
#14575 = CARTESIAN_POINT('',(5.996433088499,25.932901999563));
#14576 = CARTESIAN_POINT('',(5.955003631124,25.937414620609));
#14577 = CARTESIAN_POINT('',(5.913376828061,25.942342089318));
#14578 = CARTESIAN_POINT('',(5.87152549194,25.947614340837));
#14579 = CARTESIAN_POINT('',(5.829422138981,25.953152833487));
#14580 = CARTESIAN_POINT('',(5.787038882576,25.958870429047));
#14581 = CARTESIAN_POINT('',(5.74434731878,25.964671254838));
#14582 = CARTESIAN_POINT('',(5.701318394078,25.970450547333));
#14583 = CARTESIAN_POINT('',(5.657922280953,25.976094468797));
#14584 = CARTESIAN_POINT('',(5.614128145845,25.981479919068));
#14585 = CARTESIAN_POINT('',(5.56990422095,25.986474250416));
#14586 = CARTESIAN_POINT('',(5.525216623382,25.990935219495));
#14587 = CARTESIAN_POINT('',(5.48002732928,25.994710501933));
#14588 = CARTESIAN_POINT('',(5.434329692605,25.997634713449));
#14589 = CARTESIAN_POINT('',(5.388110701391,25.999535945329));
#14590 = CARTESIAN_POINT('',(5.356940651332,25.99999932802));
#14591 = CARTESIAN_POINT('',(5.34126390588,26.));
#14592 = ( GEOMETRIC_REPRESENTATION_CONTEXT(2) 
PARAMETRIC_REPRESENTATION_CONTEXT() REPRESENTATION_CONTEXT('2D SPACE',''
  ) );
#14593 = ADVANCED_FACE('',(#14594),#13911,.T.);
#14594 = FACE_BOUND('',#14595,.F.);
#14595 = EDGE_LOOP('',(#14596,#14597,#14598,#14617));
#14596 = ORIENTED_EDGE('',*,*,#14002,.F.);
#14597 = ORIENTED_EDGE('',*,*,#13895,.T.);
#14598 = ORIENTED_EDGE('',*,*,#14599,.T.);
#14599 = EDGE_CURVE('',#13896,#14294,#14600,.T.);
#14600 = SURFACE_CURVE('',#14601,(#14605,#14611),.PCURVE_S1.);
#14601 = LINE('',#14602,#14603);
#14602 = CARTESIAN_POINT('',(8.,66.6,2.85));
#14603 = VECTOR('',#14604,1.);
#14604 = DIRECTION('',(1.2293179544E-34,-0.707106781187,0.707106781187)
  );
#14605 = PCURVE('',#13911,#14606);
#14606 = DEFINITIONAL_REPRESENTATION('',(#14607),#14610);
#14607 = B_SPLINE_CURVE_WITH_KNOTS('',1,(#14608,#14609),.UNSPECIFIED.,
  .F.,.F.,(2,2),(-0.565685424949,0.565685424949),
  .PIECEWISE_BEZIER_KNOTS.);
#14608 = CARTESIAN_POINT('',(-16.,-0.565685424949));
#14609 = CARTESIAN_POINT('',(-16.,0.565685424949));
#14610 = ( GEOMETRIC_REPRESENTATION_CONTEXT(2) 
PARAMETRIC_REPRESENTATION_CONTEXT() REPRESENTATION_CONTEXT('2D SPACE',''
  ) );
#14611 = PCURVE('',#13944,#14612);
#14612 = DEFINITIONAL_REPRESENTATION('',(#14613),#14616);
#14613 = B_SPLINE_CURVE_WITH_KNOTS('',1,(#14614,#14615),.UNSPECIFIED.,
  .F.,.F.,(2,2),(-0.565685424949,0.565685424949),
  .PIECEWISE_BEZIER_KNOTS.);
#14614 = CARTESIAN_POINT('',(0.,0.8));
#14615 = CARTESIAN_POINT('',(0.,1.727101704552E-15));
#14616 = ( GEOMETRIC_REPRESENTATION_CONTEXT(2) 
PARAMETRIC_REPRESENTATION_CONTEXT() REPRESENTATION_CONTEXT('2D SPACE',''
  ) );
#14617 = ORIENTED_EDGE('',*,*,#14321,.F.);
#14618 = ADVANCED_FACE('',(#14619),#13944,.F.);
#14619 = FACE_BOUND('',#14620,.F.);
#14620 = EDGE_LOOP('',(#14621,#14622,#14623,#14642));
#14621 = ORIENTED_EDGE('',*,*,#14599,.F.);
#14622 = ORIENTED_EDGE('',*,*,#13923,.T.);
#14623 = ORIENTED_EDGE('',*,*,#14624,.T.);
#14624 = EDGE_CURVE('',#13924,#14416,#14625,.T.);
#14625 = SURFACE_CURVE('',#14626,(#14630,#14636),.PCURVE_S1.);
#14626 = LINE('',#14627,#14628);
#14627 = CARTESIAN_POINT('',(11.,66.2,6.25));
#14628 = VECTOR('',#14629,1.);
#14629 = DIRECTION('',(-0.707106781187,-0.707106781187,
    4.329780281177E-17));
#14630 = PCURVE('',#13944,#14631);
#14631 = DEFINITIONAL_REPRESENTATION('',(#14632),#14635);
#14632 = B_SPLINE_CURVE_WITH_KNOTS('',1,(#14633,#14634),.UNSPECIFIED.,
  .F.,.F.,(2,2),(-1.131370849898,0.),.PIECEWISE_BEZIER_KNOTS.);
#14633 = CARTESIAN_POINT('',(-1.570796326795,0.8));
#14634 = CARTESIAN_POINT('',(-1.570796326795,0.));
#14635 = ( GEOMETRIC_REPRESENTATION_CONTEXT(2) 
PARAMETRIC_REPRESENTATION_CONTEXT() REPRESENTATION_CONTEXT('2D SPACE',''
  ) );
#14636 = PCURVE('',#607,#14637);
#14637 = DEFINITIONAL_REPRESENTATION('',(#14638),#14641);
#14638 = B_SPLINE_CURVE_WITH_KNOTS('',1,(#14639,#14640),.UNSPECIFIED.,
  .F.,.F.,(2,2),(-1.131370849898,0.),.PIECEWISE_BEZIER_KNOTS.);
#14639 = CARTESIAN_POINT('',(0.,-0.565685424949));
#14640 = CARTESIAN_POINT('',(0.,0.565685424949));
#14641 = ( GEOMETRIC_REPRESENTATION_CONTEXT(2) 
PARAMETRIC_REPRESENTATION_CONTEXT() REPRESENTATION_CONTEXT('2D SPACE',''
  ) );
#14642 = ORIENTED_EDGE('',*,*,#14415,.F.);
#14643 = ADVANCED_FACE('',(#14644),#607,.F.);
#14644 = FACE_BOUND('',#14645,.F.);
#14645 = EDGE_LOOP('',(#14646,#14647,#14648,#14649));
#14646 = ORIENTED_EDGE('',*,*,#14624,.F.);
#14647 = ORIENTED_EDGE('',*,*,#13956,.T.);
#14648 = ORIENTED_EDGE('',*,*,#591,.T.);
#14649 = ORIENTED_EDGE('',*,*,#14650,.F.);
#14650 = EDGE_CURVE('',#14416,#592,#14651,.T.);
#14651 = SURFACE_CURVE('',#14652,(#14656,#14663),.PCURVE_S1.);
#14652 = LINE('',#14653,#14654);
#14653 = CARTESIAN_POINT('',(11.,66.2,6.25));
#14654 = VECTOR('',#14655,1.);
#14655 = DIRECTION('',(0.,-0.,1.));
#14656 = PCURVE('',#607,#14657);
#14657 = DEFINITIONAL_REPRESENTATION('',(#14658),#14662);
#14658 = LINE('',#14659,#14660);
#14659 = CARTESIAN_POINT('',(0.,0.565685424949));
#14660 = VECTOR('',#14661,1.);
#14661 = DIRECTION('',(1.,0.));
#14662 = ( GEOMETRIC_REPRESENTATION_CONTEXT(2) 
PARAMETRIC_REPRESENTATION_CONTEXT() REPRESENTATION_CONTEXT('2D SPACE',''
  ) );
#14663 = PCURVE('',#634,#14664);
#14664 = DEFINITIONAL_REPRESENTATION('',(#14665),#14669);
#14665 = LINE('',#14666,#14667);
#14666 = CARTESIAN_POINT('',(3.,-5.2));
#14667 = VECTOR('',#14668,1.);
#14668 = DIRECTION('',(1.,0.));
#14669 = ( GEOMETRIC_REPRESENTATION_CONTEXT(2) 
PARAMETRIC_REPRESENTATION_CONTEXT() REPRESENTATION_CONTEXT('2D SPACE',''
  ) );
#14670 = ADVANCED_FACE('',(#14671),#634,.F.);
#14671 = FACE_BOUND('',#14672,.F.);
#14672 = EDGE_LOOP('',(#14673,#14674,#14695,#14696));
#14673 = ORIENTED_EDGE('',*,*,#619,.F.);
#14674 = ORIENTED_EDGE('',*,*,#14675,.F.);
#14675 = EDGE_CURVE('',#14440,#620,#14676,.T.);
#14676 = SURFACE_CURVE('',#14677,(#14682,#14689),.PCURVE_S1.);
#14677 = CIRCLE('',#14678,1.7);
#14678 = AXIS2_PLACEMENT_3D('',#14679,#14680,#14681);
#14679 = CARTESIAN_POINT('',(11.,63.8,7.25));
#14680 = DIRECTION('',(1.,0.,2.22044604925E-16));
#14681 = DIRECTION('',(2.22044604925E-16,0.,-1.));
#14682 = PCURVE('',#634,#14683);
#14683 = DEFINITIONAL_REPRESENTATION('',(#14684),#14688);
#14684 = CIRCLE('',#14685,1.7);
#14685 = AXIS2_PLACEMENT_2D('',#14686,#14687);
#14686 = CARTESIAN_POINT('',(4.,-2.8));
#14687 = DIRECTION('',(-1.,0.));
#14688 = ( GEOMETRIC_REPRESENTATION_CONTEXT(2) 
PARAMETRIC_REPRESENTATION_CONTEXT() REPRESENTATION_CONTEXT('2D SPACE',''
  ) );
#14689 = PCURVE('',#660,#14690);
#14690 = DEFINITIONAL_REPRESENTATION('',(#14691),#14694);
#14691 = B_SPLINE_CURVE_WITH_KNOTS('',1,(#14692,#14693),.UNSPECIFIED.,
  .F.,.F.,(2,2),(0.9419214013,1.570796326795),.PIECEWISE_BEZIER_KNOTS.);
#14692 = CARTESIAN_POINT('',(7.225106708479,26.));
#14693 = CARTESIAN_POINT('',(7.853981633974,26.));
#14694 = ( GEOMETRIC_REPRESENTATION_CONTEXT(2) 
PARAMETRIC_REPRESENTATION_CONTEXT() REPRESENTATION_CONTEXT('2D SPACE',''
  ) );
#14695 = ORIENTED_EDGE('',*,*,#14439,.T.);
#14696 = ORIENTED_EDGE('',*,*,#14650,.T.);
#14697 = ADVANCED_FACE('',(#14698),#686,.F.);
#14698 = FACE_BOUND('',#14699,.F.);
#14699 = EDGE_LOOP('',(#14700,#14722));
#14700 = ORIENTED_EDGE('',*,*,#14701,.T.);
#14701 = EDGE_CURVE('',#672,#646,#14702,.T.);
#14702 = SURFACE_CURVE('',#14703,(#14708,#14715),.PCURVE_S1.);
#14703 = CIRCLE('',#14704,1.7);
#14704 = AXIS2_PLACEMENT_3D('',#14705,#14706,#14707);
#14705 = CARTESIAN_POINT('',(15.,63.8,7.25));
#14706 = DIRECTION('',(1.,0.,0.));
#14707 = DIRECTION('',(0.,-1.,-1.567373681824E-15));
#14708 = PCURVE('',#686,#14709);
#14709 = DEFINITIONAL_REPRESENTATION('',(#14710),#14714);
#14710 = CIRCLE('',#14711,1.7);
#14711 = AXIS2_PLACEMENT_2D('',#14712,#14713);
#14712 = CARTESIAN_POINT('',(0.,0.));
#14713 = DIRECTION('',(1.567373681824E-15,-1.));
#14714 = ( GEOMETRIC_REPRESENTATION_CONTEXT(2) 
PARAMETRIC_REPRESENTATION_CONTEXT() REPRESENTATION_CONTEXT('2D SPACE',''
  ) );
#14715 = PCURVE('',#660,#14716);
#14716 = DEFINITIONAL_REPRESENTATION('',(#14717),#14721);
#14717 = LINE('',#14718,#14719);
#14718 = CARTESIAN_POINT('',(4.712388980385,30.));
#14719 = VECTOR('',#14720,1.);
#14720 = DIRECTION('',(1.,0.));
#14721 = ( GEOMETRIC_REPRESENTATION_CONTEXT(2) 
PARAMETRIC_REPRESENTATION_CONTEXT() REPRESENTATION_CONTEXT('2D SPACE',''
  ) );
#14722 = ORIENTED_EDGE('',*,*,#671,.F.);
#14723 = ADVANCED_FACE('',(#14724),#660,.F.);
#14724 = FACE_BOUND('',#14725,.F.);
#14725 = EDGE_LOOP('',(#14726,#14727,#14728,#14729,#14730,#14731));
#14726 = ORIENTED_EDGE('',*,*,#14462,.F.);
#14727 = ORIENTED_EDGE('',*,*,#14675,.T.);
#14728 = ORIENTED_EDGE('',*,*,#645,.T.);
#14729 = ORIENTED_EDGE('',*,*,#14701,.F.);
#14730 = ORIENTED_EDGE('',*,*,#697,.F.);
#14731 = ORIENTED_EDGE('',*,*,#14732,.T.);
#14732 = EDGE_CURVE('',#698,#14370,#14733,.T.);
#14733 = SURFACE_CURVE('',#14734,(#14739,#14745),.PCURVE_S1.);
#14734 = CIRCLE('',#14735,1.7);
#14735 = AXIS2_PLACEMENT_3D('',#14736,#14737,#14738);
#14736 = CARTESIAN_POINT('',(11.,63.8,7.25));
#14737 = DIRECTION('',(1.,0.,2.22044604925E-16));
#14738 = DIRECTION('',(2.22044604925E-16,0.,-1.));
#14739 = PCURVE('',#660,#14740);
#14740 = DEFINITIONAL_REPRESENTATION('',(#14741),#14744);
#14741 = B_SPLINE_CURVE_WITH_KNOTS('',1,(#14742,#14743),.UNSPECIFIED.,
  .F.,.F.,(2,2),(4.712388980385,5.34126390588),
  .PIECEWISE_BEZIER_KNOTS.);
#14742 = CARTESIAN_POINT('',(4.712388980385,26.));
#14743 = CARTESIAN_POINT('',(5.34126390588,26.));
#14744 = ( GEOMETRIC_REPRESENTATION_CONTEXT(2) 
PARAMETRIC_REPRESENTATION_CONTEXT() REPRESENTATION_CONTEXT('2D SPACE',''
  ) );
#14745 = PCURVE('',#733,#14746);
#14746 = DEFINITIONAL_REPRESENTATION('',(#14747),#14751);
#14747 = CIRCLE('',#14748,1.7);
#14748 = AXIS2_PLACEMENT_2D('',#14749,#14750);
#14749 = CARTESIAN_POINT('',(4.,-2.8));
#14750 = DIRECTION('',(-1.,0.));
#14751 = ( GEOMETRIC_REPRESENTATION_CONTEXT(2) 
PARAMETRIC_REPRESENTATION_CONTEXT() REPRESENTATION_CONTEXT('2D SPACE',''
  ) );
#14752 = ADVANCED_FACE('',(#14753),#733,.F.);
#14753 = FACE_BOUND('',#14754,.F.);
#14754 = EDGE_LOOP('',(#14755,#14756,#14777,#14778));
#14755 = ORIENTED_EDGE('',*,*,#718,.F.);
#14756 = ORIENTED_EDGE('',*,*,#14757,.F.);
#14757 = EDGE_CURVE('',#14368,#719,#14758,.T.);
#14758 = SURFACE_CURVE('',#14759,(#14763,#14770),.PCURVE_S1.);
#14759 = LINE('',#14760,#14761);
#14760 = CARTESIAN_POINT('',(11.,61.,3.25));
#14761 = VECTOR('',#14762,1.);
#14762 = DIRECTION('',(0.,0.,1.));
#14763 = PCURVE('',#733,#14764);
#14764 = DEFINITIONAL_REPRESENTATION('',(#14765),#14769);
#14765 = LINE('',#14766,#14767);
#14766 = CARTESIAN_POINT('',(0.,0.));
#14767 = VECTOR('',#14768,1.);
#14768 = DIRECTION('',(1.,0.));
#14769 = ( GEOMETRIC_REPRESENTATION_CONTEXT(2) 
PARAMETRIC_REPRESENTATION_CONTEXT() REPRESENTATION_CONTEXT('2D SPACE',''
  ) );
#14770 = PCURVE('',#759,#14771);
#14771 = DEFINITIONAL_REPRESENTATION('',(#14772),#14776);
#14772 = LINE('',#14773,#14774);
#14773 = CARTESIAN_POINT('',(0.,22.));
#14774 = VECTOR('',#14775,1.);
#14775 = DIRECTION('',(1.,0.));
#14776 = ( GEOMETRIC_REPRESENTATION_CONTEXT(2) 
PARAMETRIC_REPRESENTATION_CONTEXT() REPRESENTATION_CONTEXT('2D SPACE',''
  ) );
#14777 = ORIENTED_EDGE('',*,*,#14367,.T.);
#14778 = ORIENTED_EDGE('',*,*,#14732,.F.);
#14779 = ADVANCED_FACE('',(#14780),#759,.T.);
#14780 = FACE_BOUND('',#14781,.T.);
#14781 = EDGE_LOOP('',(#14782,#14783,#14784,#14805,#14806,#14807));
#14782 = ORIENTED_EDGE('',*,*,#14343,.F.);
#14783 = ORIENTED_EDGE('',*,*,#14078,.F.);
#14784 = ORIENTED_EDGE('',*,*,#14785,.T.);
#14785 = EDGE_CURVE('',#14054,#745,#14786,.T.);
#14786 = SURFACE_CURVE('',#14787,(#14791,#14798),.PCURVE_S1.);
#14787 = LINE('',#14788,#14789);
#14788 = CARTESIAN_POINT('',(-11.,61.,3.25));
#14789 = VECTOR('',#14790,1.);
#14790 = DIRECTION('',(0.,0.,1.));
#14791 = PCURVE('',#759,#14792);
#14792 = DEFINITIONAL_REPRESENTATION('',(#14793),#14797);
#14793 = LINE('',#14794,#14795);
#14794 = CARTESIAN_POINT('',(0.,0.));
#14795 = VECTOR('',#14796,1.);
#14796 = DIRECTION('',(1.,0.));
#14797 = ( GEOMETRIC_REPRESENTATION_CONTEXT(2) 
PARAMETRIC_REPRESENTATION_CONTEXT() REPRESENTATION_CONTEXT('2D SPACE',''
  ) );
#14798 = PCURVE('',#785,#14799);
#14799 = DEFINITIONAL_REPRESENTATION('',(#14800),#14804);
#14800 = LINE('',#14801,#14802);
#14801 = CARTESIAN_POINT('',(0.,0.));
#14802 = VECTOR('',#14803,1.);
#14803 = DIRECTION('',(1.,0.));
#14804 = ( GEOMETRIC_REPRESENTATION_CONTEXT(2) 
PARAMETRIC_REPRESENTATION_CONTEXT() REPRESENTATION_CONTEXT('2D SPACE',''
  ) );
#14805 = ORIENTED_EDGE('',*,*,#744,.F.);
#14806 = ORIENTED_EDGE('',*,*,#14757,.F.);
#14807 = ORIENTED_EDGE('',*,*,#14392,.T.);
#14808 = ADVANCED_FACE('',(#14809),#785,.T.);
#14809 = FACE_BOUND('',#14810,.T.);
#14810 = EDGE_LOOP('',(#14811,#14812,#14813,#14814));
#14811 = ORIENTED_EDGE('',*,*,#770,.F.);
#14812 = ORIENTED_EDGE('',*,*,#14785,.F.);
#14813 = ORIENTED_EDGE('',*,*,#14053,.T.);
#14814 = ORIENTED_EDGE('',*,*,#14815,.F.);
#14815 = EDGE_CURVE('',#771,#14056,#14816,.T.);
#14816 = SURFACE_CURVE('',#14817,(#14822,#14829),.PCURVE_S1.);
#14817 = CIRCLE('',#14818,1.7);
#14818 = AXIS2_PLACEMENT_3D('',#14819,#14820,#14821);
#14819 = CARTESIAN_POINT('',(-11.,63.8,7.25));
#14820 = DIRECTION('',(1.,0.,2.22044604925E-16));
#14821 = DIRECTION('',(2.22044604925E-16,0.,-1.));
#14822 = PCURVE('',#785,#14823);
#14823 = DEFINITIONAL_REPRESENTATION('',(#14824),#14828);
#14824 = CIRCLE('',#14825,1.7);
#14825 = AXIS2_PLACEMENT_2D('',#14826,#14827);
#14826 = CARTESIAN_POINT('',(4.,-2.8));
#14827 = DIRECTION('',(-1.,0.));
#14828 = ( GEOMETRIC_REPRESENTATION_CONTEXT(2) 
PARAMETRIC_REPRESENTATION_CONTEXT() REPRESENTATION_CONTEXT('2D SPACE',''
  ) );
#14829 = PCURVE('',#811,#14830);
#14830 = DEFINITIONAL_REPRESENTATION('',(#14831),#14834);
#14831 = B_SPLINE_CURVE_WITH_KNOTS('',1,(#14832,#14833),.UNSPECIFIED.,
  .F.,.F.,(2,2),(4.712388980385,5.34126390588),
  .PIECEWISE_BEZIER_KNOTS.);
#14832 = CARTESIAN_POINT('',(4.712388980385,4.));
#14833 = CARTESIAN_POINT('',(5.34126390588,4.));
#14834 = ( GEOMETRIC_REPRESENTATION_CONTEXT(2) 
PARAMETRIC_REPRESENTATION_CONTEXT() REPRESENTATION_CONTEXT('2D SPACE',''
  ) );
#14835 = ADVANCED_FACE('',(#14836),#837,.T.);
#14836 = FACE_BOUND('',#14837,.T.);
#14837 = EDGE_LOOP('',(#14838,#14839));
#14838 = ORIENTED_EDGE('',*,*,#822,.F.);
#14839 = ORIENTED_EDGE('',*,*,#14840,.F.);
#14840 = EDGE_CURVE('',#823,#797,#14841,.T.);
#14841 = SURFACE_CURVE('',#14842,(#14847,#14858),.PCURVE_S1.);
#14842 = CIRCLE('',#14843,1.7);
#14843 = AXIS2_PLACEMENT_3D('',#14844,#14845,#14846);
#14844 = CARTESIAN_POINT('',(-15.,63.8,7.25));
#14845 = DIRECTION('',(-1.,0.,0.));
#14846 = DIRECTION('',(0.,1.,2.089831575765E-15));
#14847 = PCURVE('',#837,#14848);
#14848 = DEFINITIONAL_REPRESENTATION('',(#14849),#14857);
#14849 = ( BOUNDED_CURVE() B_SPLINE_CURVE(2,(#14850,#14851,#14852,#14853
    ,#14854,#14855,#14856),.UNSPECIFIED.,.T.,.F.) 
B_SPLINE_CURVE_WITH_KNOTS((1,2,2,2,2,1),(-2.094395102393,0.,
    2.094395102393,4.188790204786,6.28318530718,8.377580409573),
.UNSPECIFIED.) CURVE() GEOMETRIC_REPRESENTATION_ITEM() 
RATIONAL_B_SPLINE_CURVE((1.,0.5,1.,0.5,1.,0.5,1.)) REPRESENTATION_ITEM(
  '') );
#14850 = CARTESIAN_POINT('',(-3.5527136788E-15,1.7));
#14851 = CARTESIAN_POINT('',(2.944486372867,1.7));
#14852 = CARTESIAN_POINT('',(1.472243186434,-0.85));
#14853 = CARTESIAN_POINT('',(7.521807269311E-15,-3.4));
#14854 = CARTESIAN_POINT('',(-1.472243186434,-0.85));
#14855 = CARTESIAN_POINT('',(-2.944486372867,1.7));
#14856 = CARTESIAN_POINT('',(-3.5527136788E-15,1.7));
#14857 = ( GEOMETRIC_REPRESENTATION_CONTEXT(2) 
PARAMETRIC_REPRESENTATION_CONTEXT() REPRESENTATION_CONTEXT('2D SPACE',''
  ) );
#14858 = PCURVE('',#811,#14859);
#14859 = DEFINITIONAL_REPRESENTATION('',(#14860),#14864);
#14860 = LINE('',#14861,#14862);
#14861 = CARTESIAN_POINT('',(7.853981633974,0.));
#14862 = VECTOR('',#14863,1.);
#14863 = DIRECTION('',(-1.,-0.));
#14864 = ( GEOMETRIC_REPRESENTATION_CONTEXT(2) 
PARAMETRIC_REPRESENTATION_CONTEXT() REPRESENTATION_CONTEXT('2D SPACE',''
  ) );
#14865 = ADVANCED_FACE('',(#14866),#811,.F.);
#14866 = FACE_BOUND('',#14867,.F.);
#14867 = EDGE_LOOP('',(#14868,#14869,#14870,#14871,#14872,#14873));
#14868 = ORIENTED_EDGE('',*,*,#14156,.F.);
#14869 = ORIENTED_EDGE('',*,*,#14815,.F.);
#14870 = ORIENTED_EDGE('',*,*,#796,.F.);
#14871 = ORIENTED_EDGE('',*,*,#14840,.F.);
#14872 = ORIENTED_EDGE('',*,*,#848,.T.);
#14873 = ORIENTED_EDGE('',*,*,#14874,.F.);
#14874 = EDGE_CURVE('',#14134,#849,#14875,.T.);
#14875 = SURFACE_CURVE('',#14876,(#14881,#14887),.PCURVE_S1.);
#14876 = CIRCLE('',#14877,1.7);
#14877 = AXIS2_PLACEMENT_3D('',#14878,#14879,#14880);
#14878 = CARTESIAN_POINT('',(-11.,63.8,7.25));
#14879 = DIRECTION('',(1.,0.,2.22044604925E-16));
#14880 = DIRECTION('',(2.22044604925E-16,0.,-1.));
#14881 = PCURVE('',#811,#14882);
#14882 = DEFINITIONAL_REPRESENTATION('',(#14883),#14886);
#14883 = B_SPLINE_CURVE_WITH_KNOTS('',1,(#14884,#14885),.UNSPECIFIED.,
  .F.,.F.,(2,2),(0.9419214013,1.570796326795),.PIECEWISE_BEZIER_KNOTS.);
#14884 = CARTESIAN_POINT('',(7.225106708479,4.));
#14885 = CARTESIAN_POINT('',(7.853981633974,4.));
#14886 = ( GEOMETRIC_REPRESENTATION_CONTEXT(2) 
PARAMETRIC_REPRESENTATION_CONTEXT() REPRESENTATION_CONTEXT('2D SPACE',''
  ) );
#14887 = PCURVE('',#882,#14888);
#14888 = DEFINITIONAL_REPRESENTATION('',(#14889),#14893);
#14889 = CIRCLE('',#14890,1.7);
#14890 = AXIS2_PLACEMENT_2D('',#14891,#14892);
#14891 = CARTESIAN_POINT('',(4.,-2.8));
#14892 = DIRECTION('',(-1.,0.));
#14893 = ( GEOMETRIC_REPRESENTATION_CONTEXT(2) 
PARAMETRIC_REPRESENTATION_CONTEXT() REPRESENTATION_CONTEXT('2D SPACE',''
  ) );
#14894 = ADVANCED_FACE('',(#14895),#882,.T.);
#14895 = FACE_BOUND('',#14896,.T.);
#14896 = EDGE_LOOP('',(#14897,#14898,#14899,#14900));
#14897 = ORIENTED_EDGE('',*,*,#869,.F.);
#14898 = ORIENTED_EDGE('',*,*,#14874,.F.);
#14899 = ORIENTED_EDGE('',*,*,#14133,.T.);
#14900 = ORIENTED_EDGE('',*,*,#14901,.F.);
#14901 = EDGE_CURVE('',#46,#13981,#14902,.T.);
#14902 = SURFACE_CURVE('',#14903,(#14907,#14914),.PCURVE_S1.);
#14903 = LINE('',#14904,#14905);
#14904 = CARTESIAN_POINT('',(-11.,66.2,7.25));
#14905 = VECTOR('',#14906,1.);
#14906 = DIRECTION('',(-0.,0.,-1.));
#14907 = PCURVE('',#882,#14908);
#14908 = DEFINITIONAL_REPRESENTATION('',(#14909),#14913);
#14909 = LINE('',#14910,#14911);
#14910 = CARTESIAN_POINT('',(4.,-5.2));
#14911 = VECTOR('',#14912,1.);
#14912 = DIRECTION('',(-1.,-0.));
#14913 = ( GEOMETRIC_REPRESENTATION_CONTEXT(2) 
PARAMETRIC_REPRESENTATION_CONTEXT() REPRESENTATION_CONTEXT('2D SPACE',''
  ) );
#14914 = PCURVE('',#66,#14915);
#14915 = DEFINITIONAL_REPRESENTATION('',(#14916),#14920);
#14916 = LINE('',#14917,#14918);
#14917 = CARTESIAN_POINT('',(-0.,0.565685424949));
#14918 = VECTOR('',#14919,1.);
#14919 = DIRECTION('',(-1.,0.));
#14920 = ( GEOMETRIC_REPRESENTATION_CONTEXT(2) 
PARAMETRIC_REPRESENTATION_CONTEXT() REPRESENTATION_CONTEXT('2D SPACE',''
  ) );
#14921 = ADVANCED_FACE('',(#14922),#66,.T.);
#14922 = FACE_BOUND('',#14923,.F.);
#14923 = EDGE_LOOP('',(#14924,#14925,#14926,#14927));
#14924 = ORIENTED_EDGE('',*,*,#43,.F.);
#14925 = ORIENTED_EDGE('',*,*,#13839,.T.);
#14926 = ORIENTED_EDGE('',*,*,#13980,.T.);
#14927 = ORIENTED_EDGE('',*,*,#14901,.F.);
#14928 = ( GEOMETRIC_REPRESENTATION_CONTEXT(3) 
GLOBAL_UNCERTAINTY_ASSIGNED_CONTEXT((#14932)) 
GLOBAL_UNIT_ASSIGNED_CONTEXT((#14929,#14930,#14931)) 
REPRESENTATION_CONTEXT('Context #1',
  '3D Context with UNIT and UNCERTAINTY') );
#14929 = ( LENGTH_UNIT() NAMED_UNIT(*) SI_UNIT(.MILLI.,.METRE.) );
#14930 = ( NAMED_UNIT(*) PLANE_ANGLE_UNIT() SI_UNIT($,.RADIAN.) );
#14931 = ( NAMED_UNIT(*) SI_UNIT($,.STERADIAN.) SOLID_ANGLE_UNIT() );
#14932 = UNCERTAINTY_MEASURE_WITH_UNIT(LENGTH_MEASURE(1.E-06),#14929,
  'distance_accuracy_value','confusion accuracy');
#14933 = CONTEXT_DEPENDENT_SHAPE_REPRESENTATION(#14934,#14936);
#14934 = ( REPRESENTATION_RELATIONSHIP('','',#36,#10) 
REPRESENTATION_RELATIONSHIP_WITH_TRANSFORMATION(#14935) 
SHAPE_REPRESENTATION_RELATIONSHIP() );
#14935 = ITEM_DEFINED_TRANSFORMATION('','',#11,#15);
#14936 = PRODUCT_DEFINITION_SHAPE('Placement','Placement of an item',
  #14937);
#14937 = NEXT_ASSEMBLY_USAGE_OCCURRENCE('1','back_shell_medium','',#5,
  #31,$);
#14938 = PRODUCT_RELATED_PRODUCT_CATEGORY('part',$,(#33));
#14939 = SHAPE_DEFINITION_REPRESENTATION(#14940,#14946);
#14940 = PRODUCT_DEFINITION_SHAPE('','',#14941);
#14941 = PRODUCT_DEFINITION('design','',#14942,#14945);
#14942 = PRODUCT_DEFINITION_FORMATION('','',#14943);
#14943 = PRODUCT('switch_R13_603','switch_R13_603','',(#14944));
#14944 = PRODUCT_CONTEXT('',#2,'mechanical');
#14945 = PRODUCT_DEFINITION_CONTEXT('part definition',#2,'design');
#14946 = SHAPE_REPRESENTATION('',(#11,#14947,#14951,#14955,#14959),
  #14963);
#14947 = AXIS2_PLACEMENT_3D('',#14948,#14949,#14950);
#14948 = CARTESIAN_POINT('',(-21.5,40.,1.3));
#14949 = DIRECTION('',(0.,0.,1.));
#14950 = DIRECTION('',(1.,0.,-0.));
#14951 = AXIS2_PLACEMENT_3D('',#14952,#14953,#14954);
#14952 = CARTESIAN_POINT('',(-21.5,40.,4.7));
#14953 = DIRECTION('',(0.,0.,1.));
#14954 = DIRECTION('',(1.,0.,-0.));
#14955 = AXIS2_PLACEMENT_3D('',#14956,#14957,#14958);
#14956 = CARTESIAN_POINT('',(-21.5,41.5,-1.6));
#14957 = DIRECTION('',(0.,0.,1.));
#14958 = DIRECTION('',(1.,0.,-0.));
#14959 = AXIS2_PLACEMENT_3D('',#14960,#14961,#14962);
#14960 = CARTESIAN_POINT('',(0.,0.,0.));
#14961 = DIRECTION('',(0.,0.,1.));
#14962 = DIRECTION('',(1.,0.,-0.));
#14963 = ( GEOMETRIC_REPRESENTATION_CONTEXT(3) 
GLOBAL_UNCERTAINTY_ASSIGNED_CONTEXT((#14967)) 
GLOBAL_UNIT_ASSIGNED_CONTEXT((#14964,#14965,#14966)) 
REPRESENTATION_CONTEXT('Context #1',
  '3D Context with UNIT and UNCERTAINTY') );
#14964 = ( LENGTH_UNIT() NAMED_UNIT(*) SI_UNIT(.MILLI.,.METRE.) );
#14965 = ( NAMED_UNIT(*) PLANE_ANGLE_UNIT() SI_UNIT($,.RADIAN.) );
#14966 = ( NAMED_UNIT(*) SI_UNIT($,.STERADIAN.) SOLID_ANGLE_UNIT() );
#14967 = UNCERTAINTY_MEASURE_WITH_UNIT(LENGTH_MEASURE(1.E-07),#14964,
  'distance_accuracy_value','confusion accuracy');
#14968 = CONTEXT_DEPENDENT_SHAPE_REPRESENTATION(#14969,#14971);
#14969 = ( REPRESENTATION_RELATIONSHIP('','',#14946,#10) 
REPRESENTATION_RELATIONSHIP_WITH_TRANSFORMATION(#14970) 
SHAPE_REPRESENTATION_RELATIONSHIP() );
#14970 = ITEM_DEFINED_TRANSFORMATION('','',#11,#19);
#14971 = PRODUCT_DEFINITION_SHAPE('Placement','Placement of an item',
  #14972);
#14972 = NEXT_ASSEMBLY_USAGE_OCCURRENCE('9','switch_R13_603','',#5,
  #14941,$);
#14973 = PRODUCT_RELATED_PRODUCT_CATEGORY('part',$,(#14943));
#14974 = SHAPE_DEFINITION_REPRESENTATION(#14975,#14981);
#14975 = PRODUCT_DEFINITION_SHAPE('','',#14976);
#14976 = PRODUCT_DEFINITION('design','',#14977,#14980);
#14977 = PRODUCT_DEFINITION_FORMATION('','',#14978);
#14978 = PRODUCT('COMPOUND','COMPOUND','',(#14979));
#14979 = PRODUCT_CONTEXT('',#2,'mechanical');
#14980 = PRODUCT_DEFINITION_CONTEXT('part definition',#2,'design');
#14981 = ADVANCED_BREP_SHAPE_REPRESENTATION('',(#11,#14982),#15632);
#14982 = MANIFOLD_SOLID_BREP('',#14983);
#14983 = CLOSED_SHELL('',(#14984,#15104,#15182,#15258,#15336,#15412,
    #15490,#15561,#15610,#15621));
#14984 = ADVANCED_FACE('',(#14985),#14999,.T.);
#14985 = FACE_BOUND('',#14986,.T.);
#14986 = EDGE_LOOP('',(#14987,#15022,#15050,#15078));
#14987 = ORIENTED_EDGE('',*,*,#14988,.T.);
#14988 = EDGE_CURVE('',#14989,#14991,#14993,.T.);
#14989 = VERTEX_POINT('',#14990);
#14990 = CARTESIAN_POINT('',(-4.,-5.85,0.));
#14991 = VERTEX_POINT('',#14992);
#14992 = CARTESIAN_POINT('',(-4.,-5.85,0.5));
#14993 = SURFACE_CURVE('',#14994,(#14998,#15010),.PCURVE_S1.);
#14994 = LINE('',#14995,#14996);
#14995 = CARTESIAN_POINT('',(-4.,-5.85,0.));
#14996 = VECTOR('',#14997,1.);
#14997 = DIRECTION('',(0.,0.,1.));
#14998 = PCURVE('',#14999,#15004);
#14999 = PLANE('',#15000);
#15000 = AXIS2_PLACEMENT_3D('',#15001,#15002,#15003);
#15001 = CARTESIAN_POINT('',(-3.999999999039,-5.85,0.));
#15002 = DIRECTION('',(-1.,0.,0.));
#15003 = DIRECTION('',(0.,1.,0.));
#15004 = DEFINITIONAL_REPRESENTATION('',(#15005),#15009);
#15005 = LINE('',#15006,#15007);
#15006 = CARTESIAN_POINT('',(0.,0.));
#15007 = VECTOR('',#15008,1.);
#15008 = DIRECTION('',(0.,-1.));
#15009 = ( GEOMETRIC_REPRESENTATION_CONTEXT(2) 
PARAMETRIC_REPRESENTATION_CONTEXT() REPRESENTATION_CONTEXT('2D SPACE',''
  ) );
#15010 = PCURVE('',#15011,#15016);
#15011 = CYLINDRICAL_SURFACE('',#15012,3.9);
#15012 = AXIS2_PLACEMENT_3D('',#15013,#15014,#15015);
#15013 = CARTESIAN_POINT('',(-0.100000000961,-5.85,0.));
#15014 = DIRECTION('',(-0.,-0.,-1.));
#15015 = DIRECTION('',(1.,0.,0.));
#15016 = DEFINITIONAL_REPRESENTATION('',(#15017),#15021);
#15017 = LINE('',#15018,#15019);
#15018 = CARTESIAN_POINT('',(-3.14159265359,0.));
#15019 = VECTOR('',#15020,1.);
#15020 = DIRECTION('',(-0.,-1.));
#15021 = ( GEOMETRIC_REPRESENTATION_CONTEXT(2) 
PARAMETRIC_REPRESENTATION_CONTEXT() REPRESENTATION_CONTEXT('2D SPACE',''
  ) );
#15022 = ORIENTED_EDGE('',*,*,#15023,.T.);
#15023 = EDGE_CURVE('',#14991,#15024,#15026,.T.);
#15024 = VERTEX_POINT('',#15025);
#15025 = CARTESIAN_POINT('',(-4.,5.85,0.5));
#15026 = SURFACE_CURVE('',#15027,(#15031,#15038),.PCURVE_S1.);
#15027 = LINE('',#15028,#15029);
#15028 = CARTESIAN_POINT('',(-3.999999999039,0.,0.5));
#15029 = VECTOR('',#15030,1.);
#15030 = DIRECTION('',(0.,1.,0.));
#15031 = PCURVE('',#14999,#15032);
#15032 = DEFINITIONAL_REPRESENTATION('',(#15033),#15037);
#15033 = LINE('',#15034,#15035);
#15034 = CARTESIAN_POINT('',(5.85,-0.5));
#15035 = VECTOR('',#15036,1.);
#15036 = DIRECTION('',(1.,0.));
#15037 = ( GEOMETRIC_REPRESENTATION_CONTEXT(2) 
PARAMETRIC_REPRESENTATION_CONTEXT() REPRESENTATION_CONTEXT('2D SPACE',''
  ) );
#15038 = PCURVE('',#15039,#15044);
#15039 = PLANE('',#15040);
#15040 = AXIS2_PLACEMENT_3D('',#15041,#15042,#15043);
#15041 = CARTESIAN_POINT('',(-2.634899104781E-09,-2.959025055771E-16,0.5
    ));
#15042 = DIRECTION('',(0.,0.,1.));
#15043 = DIRECTION('',(1.,0.,-0.));
#15044 = DEFINITIONAL_REPRESENTATION('',(#15045),#15049);
#15045 = LINE('',#15046,#15047);
#15046 = CARTESIAN_POINT('',(-3.999999996404,2.959025055771E-16));
#15047 = VECTOR('',#15048,1.);
#15048 = DIRECTION('',(0.,1.));
#15049 = ( GEOMETRIC_REPRESENTATION_CONTEXT(2) 
PARAMETRIC_REPRESENTATION_CONTEXT() REPRESENTATION_CONTEXT('2D SPACE',''
  ) );
#15050 = ORIENTED_EDGE('',*,*,#15051,.F.);
#15051 = EDGE_CURVE('',#15052,#15024,#15054,.T.);
#15052 = VERTEX_POINT('',#15053);
#15053 = CARTESIAN_POINT('',(-4.,5.85,0.));
#15054 = SURFACE_CURVE('',#15055,(#15059,#15066),.PCURVE_S1.);
#15055 = LINE('',#15056,#15057);
#15056 = CARTESIAN_POINT('',(-4.,5.85,0.));
#15057 = VECTOR('',#15058,1.);
#15058 = DIRECTION('',(0.,0.,1.));
#15059 = PCURVE('',#14999,#15060);
#15060 = DEFINITIONAL_REPRESENTATION('',(#15061),#15065);
#15061 = LINE('',#15062,#15063);
#15062 = CARTESIAN_POINT('',(11.7,0.));
#15063 = VECTOR('',#15064,1.);
#15064 = DIRECTION('',(0.,-1.));
#15065 = ( GEOMETRIC_REPRESENTATION_CONTEXT(2) 
PARAMETRIC_REPRESENTATION_CONTEXT() REPRESENTATION_CONTEXT('2D SPACE',''
  ) );
#15066 = PCURVE('',#15067,#15072);
#15067 = CYLINDRICAL_SURFACE('',#15068,3.9);
#15068 = AXIS2_PLACEMENT_3D('',#15069,#15070,#15071);
#15069 = CARTESIAN_POINT('',(-0.100000000961,5.85,0.));
#15070 = DIRECTION('',(-0.,-0.,-1.));
#15071 = DIRECTION('',(1.,0.,0.));
#15072 = DEFINITIONAL_REPRESENTATION('',(#15073),#15077);
#15073 = LINE('',#15074,#15075);
#15074 = CARTESIAN_POINT('',(-3.14159265359,0.));
#15075 = VECTOR('',#15076,1.);
#15076 = DIRECTION('',(-0.,-1.));
#15077 = ( GEOMETRIC_REPRESENTATION_CONTEXT(2) 
PARAMETRIC_REPRESENTATION_CONTEXT() REPRESENTATION_CONTEXT('2D SPACE',''
  ) );
#15078 = ORIENTED_EDGE('',*,*,#15079,.F.);
#15079 = EDGE_CURVE('',#14989,#15052,#15080,.T.);
#15080 = SURFACE_CURVE('',#15081,(#15085,#15092),.PCURVE_S1.);
#15081 = LINE('',#15082,#15083);
#15082 = CARTESIAN_POINT('',(-3.999999999039,0.,0.));
#15083 = VECTOR('',#15084,1.);
#15084 = DIRECTION('',(0.,1.,0.));
#15085 = PCURVE('',#14999,#15086);
#15086 = DEFINITIONAL_REPRESENTATION('',(#15087),#15091);
#15087 = LINE('',#15088,#15089);
#15088 = CARTESIAN_POINT('',(5.85,0.));
#15089 = VECTOR('',#15090,1.);
#15090 = DIRECTION('',(1.,0.));
#15091 = ( GEOMETRIC_REPRESENTATION_CONTEXT(2) 
PARAMETRIC_REPRESENTATION_CONTEXT() REPRESENTATION_CONTEXT('2D SPACE',''
  ) );
#15092 = PCURVE('',#15093,#15098);
#15093 = PLANE('',#15094);
#15094 = AXIS2_PLACEMENT_3D('',#15095,#15096,#15097);
#15095 = CARTESIAN_POINT('',(-2.634899104781E-09,-2.959025055771E-16,0.)
  );
#15096 = DIRECTION('',(0.,0.,1.));
#15097 = DIRECTION('',(1.,0.,-0.));
#15098 = DEFINITIONAL_REPRESENTATION('',(#15099),#15103);
#15099 = LINE('',#15100,#15101);
#15100 = CARTESIAN_POINT('',(-3.999999996404,2.959025055771E-16));
#15101 = VECTOR('',#15102,1.);
#15102 = DIRECTION('',(0.,1.));
#15103 = ( GEOMETRIC_REPRESENTATION_CONTEXT(2) 
PARAMETRIC_REPRESENTATION_CONTEXT() REPRESENTATION_CONTEXT('2D SPACE',''
  ) );
#15104 = ADVANCED_FACE('',(#15105),#15011,.T.);
#15105 = FACE_BOUND('',#15106,.F.);
#15106 = EDGE_LOOP('',(#15107,#15108,#15132,#15160));
#15107 = ORIENTED_EDGE('',*,*,#14988,.T.);
#15108 = ORIENTED_EDGE('',*,*,#15109,.T.);
#15109 = EDGE_CURVE('',#14991,#15110,#15112,.T.);
#15110 = VERTEX_POINT('',#15111);
#15111 = CARTESIAN_POINT('',(-0.100000000961,-9.75,0.5));
#15112 = SURFACE_CURVE('',#15113,(#15118,#15125),.PCURVE_S1.);
#15113 = CIRCLE('',#15114,3.9);
#15114 = AXIS2_PLACEMENT_3D('',#15115,#15116,#15117);
#15115 = CARTESIAN_POINT('',(-0.100000000961,-5.85,0.5));
#15116 = DIRECTION('',(0.,0.,1.));
#15117 = DIRECTION('',(1.,0.,0.));
#15118 = PCURVE('',#15011,#15119);
#15119 = DEFINITIONAL_REPRESENTATION('',(#15120),#15124);
#15120 = LINE('',#15121,#15122);
#15121 = CARTESIAN_POINT('',(-0.,-0.5));
#15122 = VECTOR('',#15123,1.);
#15123 = DIRECTION('',(-1.,0.));
#15124 = ( GEOMETRIC_REPRESENTATION_CONTEXT(2) 
PARAMETRIC_REPRESENTATION_CONTEXT() REPRESENTATION_CONTEXT('2D SPACE',''
  ) );
#15125 = PCURVE('',#15039,#15126);
#15126 = DEFINITIONAL_REPRESENTATION('',(#15127),#15131);
#15127 = CIRCLE('',#15128,3.9);
#15128 = AXIS2_PLACEMENT_2D('',#15129,#15130);
#15129 = CARTESIAN_POINT('',(-9.999999832652E-02,-5.85));
#15130 = DIRECTION('',(1.,0.));
#15131 = ( GEOMETRIC_REPRESENTATION_CONTEXT(2) 
PARAMETRIC_REPRESENTATION_CONTEXT() REPRESENTATION_CONTEXT('2D SPACE',''
  ) );
#15132 = ORIENTED_EDGE('',*,*,#15133,.F.);
#15133 = EDGE_CURVE('',#15134,#15110,#15136,.T.);
#15134 = VERTEX_POINT('',#15135);
#15135 = CARTESIAN_POINT('',(-0.100000000961,-9.75,0.));
#15136 = SURFACE_CURVE('',#15137,(#15141,#15148),.PCURVE_S1.);
#15137 = LINE('',#15138,#15139);
#15138 = CARTESIAN_POINT('',(-0.100000000961,-9.75,0.));
#15139 = VECTOR('',#15140,1.);
#15140 = DIRECTION('',(0.,0.,1.));
#15141 = PCURVE('',#15011,#15142);
#15142 = DEFINITIONAL_REPRESENTATION('',(#15143),#15147);
#15143 = LINE('',#15144,#15145);
#15144 = CARTESIAN_POINT('',(-4.712388980385,0.));
#15145 = VECTOR('',#15146,1.);
#15146 = DIRECTION('',(-0.,-1.));
#15147 = ( GEOMETRIC_REPRESENTATION_CONTEXT(2) 
PARAMETRIC_REPRESENTATION_CONTEXT() REPRESENTATION_CONTEXT('2D SPACE',''
  ) );
#15148 = PCURVE('',#15149,#15154);
#15149 = PLANE('',#15150);
#15150 = AXIS2_PLACEMENT_3D('',#15151,#15152,#15153);
#15151 = CARTESIAN_POINT('',(-0.100000000961,-9.75,0.));
#15152 = DIRECTION('',(0.,1.,0.));
#15153 = DIRECTION('',(1.,0.,0.));
#15154 = DEFINITIONAL_REPRESENTATION('',(#15155),#15159);
#15155 = LINE('',#15156,#15157);
#15156 = CARTESIAN_POINT('',(-9.575673587392E-16,0.));
#15157 = VECTOR('',#15158,1.);
#15158 = DIRECTION('',(0.,-1.));
#15159 = ( GEOMETRIC_REPRESENTATION_CONTEXT(2) 
PARAMETRIC_REPRESENTATION_CONTEXT() REPRESENTATION_CONTEXT('2D SPACE',''
  ) );
#15160 = ORIENTED_EDGE('',*,*,#15161,.F.);
#15161 = EDGE_CURVE('',#14989,#15134,#15162,.T.);
#15162 = SURFACE_CURVE('',#15163,(#15168,#15175),.PCURVE_S1.);
#15163 = CIRCLE('',#15164,3.9);
#15164 = AXIS2_PLACEMENT_3D('',#15165,#15166,#15167);
#15165 = CARTESIAN_POINT('',(-0.100000000961,-5.85,0.));
#15166 = DIRECTION('',(0.,0.,1.));
#15167 = DIRECTION('',(1.,0.,0.));
#15168 = PCURVE('',#15011,#15169);
#15169 = DEFINITIONAL_REPRESENTATION('',(#15170),#15174);
#15170 = LINE('',#15171,#15172);
#15171 = CARTESIAN_POINT('',(-0.,0.));
#15172 = VECTOR('',#15173,1.);
#15173 = DIRECTION('',(-1.,0.));
#15174 = ( GEOMETRIC_REPRESENTATION_CONTEXT(2) 
PARAMETRIC_REPRESENTATION_CONTEXT() REPRESENTATION_CONTEXT('2D SPACE',''
  ) );
#15175 = PCURVE('',#15093,#15176);
#15176 = DEFINITIONAL_REPRESENTATION('',(#15177),#15181);
#15177 = CIRCLE('',#15178,3.9);
#15178 = AXIS2_PLACEMENT_2D('',#15179,#15180);
#15179 = CARTESIAN_POINT('',(-9.999999832652E-02,-5.85));
#15180 = DIRECTION('',(1.,0.));
#15181 = ( GEOMETRIC_REPRESENTATION_CONTEXT(2) 
PARAMETRIC_REPRESENTATION_CONTEXT() REPRESENTATION_CONTEXT('2D SPACE',''
  ) );
#15182 = ADVANCED_FACE('',(#15183),#15149,.F.);
#15183 = FACE_BOUND('',#15184,.F.);
#15184 = EDGE_LOOP('',(#15185,#15186,#15209,#15237));
#15185 = ORIENTED_EDGE('',*,*,#15133,.T.);
#15186 = ORIENTED_EDGE('',*,*,#15187,.T.);
#15187 = EDGE_CURVE('',#15110,#15188,#15190,.T.);
#15188 = VERTEX_POINT('',#15189);
#15189 = CARTESIAN_POINT('',(9.999998885692E-02,-9.75,0.5));
#15190 = SURFACE_CURVE('',#15191,(#15195,#15202),.PCURVE_S1.);
#15191 = LINE('',#15192,#15193);
#15192 = CARTESIAN_POINT('',(9.614193885454E-10,-9.75,0.5));
#15193 = VECTOR('',#15194,1.);
#15194 = DIRECTION('',(1.,0.,0.));
#15195 = PCURVE('',#15149,#15196);
#15196 = DEFINITIONAL_REPRESENTATION('',(#15197),#15201);
#15197 = LINE('',#15198,#15199);
#15198 = CARTESIAN_POINT('',(0.100000001923,-0.5));
#15199 = VECTOR('',#15200,1.);
#15200 = DIRECTION('',(1.,0.));
#15201 = ( GEOMETRIC_REPRESENTATION_CONTEXT(2) 
PARAMETRIC_REPRESENTATION_CONTEXT() REPRESENTATION_CONTEXT('2D SPACE',''
  ) );
#15202 = PCURVE('',#15039,#15203);
#15203 = DEFINITIONAL_REPRESENTATION('',(#15204),#15208);
#15204 = LINE('',#15205,#15206);
#15205 = CARTESIAN_POINT('',(3.596318493326E-09,-9.75));
#15206 = VECTOR('',#15207,1.);
#15207 = DIRECTION('',(1.,0.));
#15208 = ( GEOMETRIC_REPRESENTATION_CONTEXT(2) 
PARAMETRIC_REPRESENTATION_CONTEXT() REPRESENTATION_CONTEXT('2D SPACE',''
  ) );
#15209 = ORIENTED_EDGE('',*,*,#15210,.F.);
#15210 = EDGE_CURVE('',#15211,#15188,#15213,.T.);
#15211 = VERTEX_POINT('',#15212);
#15212 = CARTESIAN_POINT('',(9.999998885692E-02,-9.75,0.));
#15213 = SURFACE_CURVE('',#15214,(#15218,#15225),.PCURVE_S1.);
#15214 = LINE('',#15215,#15216);
#15215 = CARTESIAN_POINT('',(9.999998885692E-02,-9.75,0.));
#15216 = VECTOR('',#15217,1.);
#15217 = DIRECTION('',(0.,0.,1.));
#15218 = PCURVE('',#15149,#15219);
#15219 = DEFINITIONAL_REPRESENTATION('',(#15220),#15224);
#15220 = LINE('',#15221,#15222);
#15221 = CARTESIAN_POINT('',(0.199999989818,0.));
#15222 = VECTOR('',#15223,1.);
#15223 = DIRECTION('',(0.,-1.));
#15224 = ( GEOMETRIC_REPRESENTATION_CONTEXT(2) 
PARAMETRIC_REPRESENTATION_CONTEXT() REPRESENTATION_CONTEXT('2D SPACE',''
  ) );
#15225 = PCURVE('',#15226,#15231);
#15226 = CYLINDRICAL_SURFACE('',#15227,3.9);
#15227 = AXIS2_PLACEMENT_3D('',#15228,#15229,#15230);
#15228 = CARTESIAN_POINT('',(9.999998885692E-02,-5.85,0.));
#15229 = DIRECTION('',(-0.,-0.,-1.));
#15230 = DIRECTION('',(1.,0.,0.));
#15231 = DEFINITIONAL_REPRESENTATION('',(#15232),#15236);
#15232 = LINE('',#15233,#15234);
#15233 = CARTESIAN_POINT('',(-4.712388980385,0.));
#15234 = VECTOR('',#15235,1.);
#15235 = DIRECTION('',(-0.,-1.));
#15236 = ( GEOMETRIC_REPRESENTATION_CONTEXT(2) 
PARAMETRIC_REPRESENTATION_CONTEXT() REPRESENTATION_CONTEXT('2D SPACE',''
  ) );
#15237 = ORIENTED_EDGE('',*,*,#15238,.F.);
#15238 = EDGE_CURVE('',#15134,#15211,#15239,.T.);
#15239 = SURFACE_CURVE('',#15240,(#15244,#15251),.PCURVE_S1.);
#15240 = LINE('',#15241,#15242);
#15241 = CARTESIAN_POINT('',(9.614193885454E-10,-9.75,0.));
#15242 = VECTOR('',#15243,1.);
#15243 = DIRECTION('',(1.,0.,0.));
#15244 = PCURVE('',#15149,#15245);
#15245 = DEFINITIONAL_REPRESENTATION('',(#15246),#15250);
#15246 = LINE('',#15247,#15248);
#15247 = CARTESIAN_POINT('',(0.100000001923,0.));
#15248 = VECTOR('',#15249,1.);
#15249 = DIRECTION('',(1.,0.));
#15250 = ( GEOMETRIC_REPRESENTATION_CONTEXT(2) 
PARAMETRIC_REPRESENTATION_CONTEXT() REPRESENTATION_CONTEXT('2D SPACE',''
  ) );
#15251 = PCURVE('',#15093,#15252);
#15252 = DEFINITIONAL_REPRESENTATION('',(#15253),#15257);
#15253 = LINE('',#15254,#15255);
#15254 = CARTESIAN_POINT('',(3.596318493326E-09,-9.75));
#15255 = VECTOR('',#15256,1.);
#15256 = DIRECTION('',(1.,0.));
#15257 = ( GEOMETRIC_REPRESENTATION_CONTEXT(2) 
PARAMETRIC_REPRESENTATION_CONTEXT() REPRESENTATION_CONTEXT('2D SPACE',''
  ) );
#15258 = ADVANCED_FACE('',(#15259),#15226,.T.);
#15259 = FACE_BOUND('',#15260,.F.);
#15260 = EDGE_LOOP('',(#15261,#15262,#15286,#15314));
#15261 = ORIENTED_EDGE('',*,*,#15210,.T.);
#15262 = ORIENTED_EDGE('',*,*,#15263,.T.);
#15263 = EDGE_CURVE('',#15188,#15264,#15266,.T.);
#15264 = VERTEX_POINT('',#15265);
#15265 = CARTESIAN_POINT('',(3.999999994909,-5.85,0.5));
#15266 = SURFACE_CURVE('',#15267,(#15272,#15279),.PCURVE_S1.);
#15267 = CIRCLE('',#15268,3.9);
#15268 = AXIS2_PLACEMENT_3D('',#15269,#15270,#15271);
#15269 = CARTESIAN_POINT('',(9.999998885692E-02,-5.85,0.5));
#15270 = DIRECTION('',(0.,0.,1.));
#15271 = DIRECTION('',(1.,0.,0.));
#15272 = PCURVE('',#15226,#15273);
#15273 = DEFINITIONAL_REPRESENTATION('',(#15274),#15278);
#15274 = LINE('',#15275,#15276);
#15275 = CARTESIAN_POINT('',(-0.,-0.5));
#15276 = VECTOR('',#15277,1.);
#15277 = DIRECTION('',(-1.,0.));
#15278 = ( GEOMETRIC_REPRESENTATION_CONTEXT(2) 
PARAMETRIC_REPRESENTATION_CONTEXT() REPRESENTATION_CONTEXT('2D SPACE',''
  ) );
#15279 = PCURVE('',#15039,#15280);
#15280 = DEFINITIONAL_REPRESENTATION('',(#15281),#15285);
#15281 = CIRCLE('',#15282,3.9);
#15282 = AXIS2_PLACEMENT_2D('',#15283,#15284);
#15283 = CARTESIAN_POINT('',(9.999999149182E-02,-5.85));
#15284 = DIRECTION('',(1.,0.));
#15285 = ( GEOMETRIC_REPRESENTATION_CONTEXT(2) 
PARAMETRIC_REPRESENTATION_CONTEXT() REPRESENTATION_CONTEXT('2D SPACE',''
  ) );
#15286 = ORIENTED_EDGE('',*,*,#15287,.F.);
#15287 = EDGE_CURVE('',#15288,#15264,#15290,.T.);
#15288 = VERTEX_POINT('',#15289);
#15289 = CARTESIAN_POINT('',(3.999999994909,-5.85,0.));
#15290 = SURFACE_CURVE('',#15291,(#15295,#15302),.PCURVE_S1.);
#15291 = LINE('',#15292,#15293);
#15292 = CARTESIAN_POINT('',(3.999999994909,-5.85,0.));
#15293 = VECTOR('',#15294,1.);
#15294 = DIRECTION('',(0.,0.,1.));
#15295 = PCURVE('',#15226,#15296);
#15296 = DEFINITIONAL_REPRESENTATION('',(#15297),#15301);
#15297 = LINE('',#15298,#15299);
#15298 = CARTESIAN_POINT('',(-6.28318530718,0.));
#15299 = VECTOR('',#15300,1.);
#15300 = DIRECTION('',(-0.,-1.));
#15301 = ( GEOMETRIC_REPRESENTATION_CONTEXT(2) 
PARAMETRIC_REPRESENTATION_CONTEXT() REPRESENTATION_CONTEXT('2D SPACE',''
  ) );
#15302 = PCURVE('',#15303,#15308);
#15303 = PLANE('',#15304);
#15304 = AXIS2_PLACEMENT_3D('',#15305,#15306,#15307);
#15305 = CARTESIAN_POINT('',(4.000000000961,-5.85,0.));
#15306 = DIRECTION('',(-1.,0.,0.));
#15307 = DIRECTION('',(0.,1.,0.));
#15308 = DEFINITIONAL_REPRESENTATION('',(#15309),#15313);
#15309 = LINE('',#15310,#15311);
#15310 = CARTESIAN_POINT('',(-8.881784197001E-16,0.));
#15311 = VECTOR('',#15312,1.);
#15312 = DIRECTION('',(0.,-1.));
#15313 = ( GEOMETRIC_REPRESENTATION_CONTEXT(2) 
PARAMETRIC_REPRESENTATION_CONTEXT() REPRESENTATION_CONTEXT('2D SPACE',''
  ) );
#15314 = ORIENTED_EDGE('',*,*,#15315,.F.);
#15315 = EDGE_CURVE('',#15211,#15288,#15316,.T.);
#15316 = SURFACE_CURVE('',#15317,(#15322,#15329),.PCURVE_S1.);
#15317 = CIRCLE('',#15318,3.9);
#15318 = AXIS2_PLACEMENT_3D('',#15319,#15320,#15321);
#15319 = CARTESIAN_POINT('',(9.999998885692E-02,-5.85,0.));
#15320 = DIRECTION('',(0.,0.,1.));
#15321 = DIRECTION('',(1.,0.,0.));
#15322 = PCURVE('',#15226,#15323);
#15323 = DEFINITIONAL_REPRESENTATION('',(#15324),#15328);
#15324 = LINE('',#15325,#15326);
#15325 = CARTESIAN_POINT('',(-0.,0.));
#15326 = VECTOR('',#15327,1.);
#15327 = DIRECTION('',(-1.,0.));
#15328 = ( GEOMETRIC_REPRESENTATION_CONTEXT(2) 
PARAMETRIC_REPRESENTATION_CONTEXT() REPRESENTATION_CONTEXT('2D SPACE',''
  ) );
#15329 = PCURVE('',#15093,#15330);
#15330 = DEFINITIONAL_REPRESENTATION('',(#15331),#15335);
#15331 = CIRCLE('',#15332,3.9);
#15332 = AXIS2_PLACEMENT_2D('',#15333,#15334);
#15333 = CARTESIAN_POINT('',(9.999999149182E-02,-5.85));
#15334 = DIRECTION('',(1.,0.));
#15335 = ( GEOMETRIC_REPRESENTATION_CONTEXT(2) 
PARAMETRIC_REPRESENTATION_CONTEXT() REPRESENTATION_CONTEXT('2D SPACE',''
  ) );
#15336 = ADVANCED_FACE('',(#15337),#15303,.F.);
#15337 = FACE_BOUND('',#15338,.F.);
#15338 = EDGE_LOOP('',(#15339,#15340,#15363,#15391));
#15339 = ORIENTED_EDGE('',*,*,#15287,.T.);
#15340 = ORIENTED_EDGE('',*,*,#15341,.T.);
#15341 = EDGE_CURVE('',#15264,#15342,#15344,.T.);
#15342 = VERTEX_POINT('',#15343);
#15343 = CARTESIAN_POINT('',(3.999999994909,5.85,0.5));
#15344 = SURFACE_CURVE('',#15345,(#15349,#15356),.PCURVE_S1.);
#15345 = LINE('',#15346,#15347);
#15346 = CARTESIAN_POINT('',(4.000000000961,0.,0.5));
#15347 = VECTOR('',#15348,1.);
#15348 = DIRECTION('',(0.,1.,0.));
#15349 = PCURVE('',#15303,#15350);
#15350 = DEFINITIONAL_REPRESENTATION('',(#15351),#15355);
#15351 = LINE('',#15352,#15353);
#15352 = CARTESIAN_POINT('',(5.85,-0.5));
#15353 = VECTOR('',#15354,1.);
#15354 = DIRECTION('',(1.,0.));
#15355 = ( GEOMETRIC_REPRESENTATION_CONTEXT(2) 
PARAMETRIC_REPRESENTATION_CONTEXT() REPRESENTATION_CONTEXT('2D SPACE',''
  ) );
#15356 = PCURVE('',#15039,#15357);
#15357 = DEFINITIONAL_REPRESENTATION('',(#15358),#15362);
#15358 = LINE('',#15359,#15360);
#15359 = CARTESIAN_POINT('',(4.000000003596,2.959025055771E-16));
#15360 = VECTOR('',#15361,1.);
#15361 = DIRECTION('',(0.,1.));
#15362 = ( GEOMETRIC_REPRESENTATION_CONTEXT(2) 
PARAMETRIC_REPRESENTATION_CONTEXT() REPRESENTATION_CONTEXT('2D SPACE',''
  ) );
#15363 = ORIENTED_EDGE('',*,*,#15364,.F.);
#15364 = EDGE_CURVE('',#15365,#15342,#15367,.T.);
#15365 = VERTEX_POINT('',#15366);
#15366 = CARTESIAN_POINT('',(3.999999994909,5.85,0.));
#15367 = SURFACE_CURVE('',#15368,(#15372,#15379),.PCURVE_S1.);
#15368 = LINE('',#15369,#15370);
#15369 = CARTESIAN_POINT('',(3.999999994909,5.85,0.));
#15370 = VECTOR('',#15371,1.);
#15371 = DIRECTION('',(0.,0.,1.));
#15372 = PCURVE('',#15303,#15373);
#15373 = DEFINITIONAL_REPRESENTATION('',(#15374),#15378);
#15374 = LINE('',#15375,#15376);
#15375 = CARTESIAN_POINT('',(11.7,0.));
#15376 = VECTOR('',#15377,1.);
#15377 = DIRECTION('',(0.,-1.));
#15378 = ( GEOMETRIC_REPRESENTATION_CONTEXT(2) 
PARAMETRIC_REPRESENTATION_CONTEXT() REPRESENTATION_CONTEXT('2D SPACE',''
  ) );
#15379 = PCURVE('',#15380,#15385);
#15380 = CYLINDRICAL_SURFACE('',#15381,3.9);
#15381 = AXIS2_PLACEMENT_3D('',#15382,#15383,#15384);
#15382 = CARTESIAN_POINT('',(9.999998885692E-02,5.85,0.));
#15383 = DIRECTION('',(-0.,-0.,-1.));
#15384 = DIRECTION('',(1.,0.,0.));
#15385 = DEFINITIONAL_REPRESENTATION('',(#15386),#15390);
#15386 = LINE('',#15387,#15388);
#15387 = CARTESIAN_POINT('',(-0.,0.));
#15388 = VECTOR('',#15389,1.);
#15389 = DIRECTION('',(-0.,-1.));
#15390 = ( GEOMETRIC_REPRESENTATION_CONTEXT(2) 
PARAMETRIC_REPRESENTATION_CONTEXT() REPRESENTATION_CONTEXT('2D SPACE',''
  ) );
#15391 = ORIENTED_EDGE('',*,*,#15392,.F.);
#15392 = EDGE_CURVE('',#15288,#15365,#15393,.T.);
#15393 = SURFACE_CURVE('',#15394,(#15398,#15405),.PCURVE_S1.);
#15394 = LINE('',#15395,#15396);
#15395 = CARTESIAN_POINT('',(4.000000000961,0.,0.));
#15396 = VECTOR('',#15397,1.);
#15397 = DIRECTION('',(0.,1.,0.));
#15398 = PCURVE('',#15303,#15399);
#15399 = DEFINITIONAL_REPRESENTATION('',(#15400),#15404);
#15400 = LINE('',#15401,#15402);
#15401 = CARTESIAN_POINT('',(5.85,0.));
#15402 = VECTOR('',#15403,1.);
#15403 = DIRECTION('',(1.,0.));
#15404 = ( GEOMETRIC_REPRESENTATION_CONTEXT(2) 
PARAMETRIC_REPRESENTATION_CONTEXT() REPRESENTATION_CONTEXT('2D SPACE',''
  ) );
#15405 = PCURVE('',#15093,#15406);
#15406 = DEFINITIONAL_REPRESENTATION('',(#15407),#15411);
#15407 = LINE('',#15408,#15409);
#15408 = CARTESIAN_POINT('',(4.000000003596,2.959025055771E-16));
#15409 = VECTOR('',#15410,1.);
#15410 = DIRECTION('',(0.,1.));
#15411 = ( GEOMETRIC_REPRESENTATION_CONTEXT(2) 
PARAMETRIC_REPRESENTATION_CONTEXT() REPRESENTATION_CONTEXT('2D SPACE',''
  ) );
#15412 = ADVANCED_FACE('',(#15413),#15380,.T.);
#15413 = FACE_BOUND('',#15414,.F.);
#15414 = EDGE_LOOP('',(#15415,#15416,#15440,#15468));
#15415 = ORIENTED_EDGE('',*,*,#15364,.T.);
#15416 = ORIENTED_EDGE('',*,*,#15417,.T.);
#15417 = EDGE_CURVE('',#15342,#15418,#15420,.T.);
#15418 = VERTEX_POINT('',#15419);
#15419 = CARTESIAN_POINT('',(9.999998885692E-02,9.75,0.5));
#15420 = SURFACE_CURVE('',#15421,(#15426,#15433),.PCURVE_S1.);
#15421 = CIRCLE('',#15422,3.9);
#15422 = AXIS2_PLACEMENT_3D('',#15423,#15424,#15425);
#15423 = CARTESIAN_POINT('',(9.999998885692E-02,5.85,0.5));
#15424 = DIRECTION('',(0.,0.,1.));
#15425 = DIRECTION('',(1.,0.,0.));
#15426 = PCURVE('',#15380,#15427);
#15427 = DEFINITIONAL_REPRESENTATION('',(#15428),#15432);
#15428 = LINE('',#15429,#15430);
#15429 = CARTESIAN_POINT('',(-0.,-0.5));
#15430 = VECTOR('',#15431,1.);
#15431 = DIRECTION('',(-1.,0.));
#15432 = ( GEOMETRIC_REPRESENTATION_CONTEXT(2) 
PARAMETRIC_REPRESENTATION_CONTEXT() REPRESENTATION_CONTEXT('2D SPACE',''
  ) );
#15433 = PCURVE('',#15039,#15434);
#15434 = DEFINITIONAL_REPRESENTATION('',(#15435),#15439);
#15435 = CIRCLE('',#15436,3.9);
#15436 = AXIS2_PLACEMENT_2D('',#15437,#15438);
#15437 = CARTESIAN_POINT('',(9.999999149182E-02,5.85));
#15438 = DIRECTION('',(1.,0.));
#15439 = ( GEOMETRIC_REPRESENTATION_CONTEXT(2) 
PARAMETRIC_REPRESENTATION_CONTEXT() REPRESENTATION_CONTEXT('2D SPACE',''
  ) );
#15440 = ORIENTED_EDGE('',*,*,#15441,.F.);
#15441 = EDGE_CURVE('',#15442,#15418,#15444,.T.);
#15442 = VERTEX_POINT('',#15443);
#15443 = CARTESIAN_POINT('',(9.999998885692E-02,9.75,0.));
#15444 = SURFACE_CURVE('',#15445,(#15449,#15456),.PCURVE_S1.);
#15445 = LINE('',#15446,#15447);
#15446 = CARTESIAN_POINT('',(9.999998885692E-02,9.75,0.));
#15447 = VECTOR('',#15448,1.);
#15448 = DIRECTION('',(0.,0.,1.));
#15449 = PCURVE('',#15380,#15450);
#15450 = DEFINITIONAL_REPRESENTATION('',(#15451),#15455);
#15451 = LINE('',#15452,#15453);
#15452 = CARTESIAN_POINT('',(-1.570796326795,0.));
#15453 = VECTOR('',#15454,1.);
#15454 = DIRECTION('',(-0.,-1.));
#15455 = ( GEOMETRIC_REPRESENTATION_CONTEXT(2) 
PARAMETRIC_REPRESENTATION_CONTEXT() REPRESENTATION_CONTEXT('2D SPACE',''
  ) );
#15456 = PCURVE('',#15457,#15462);
#15457 = PLANE('',#15458);
#15458 = AXIS2_PLACEMENT_3D('',#15459,#15460,#15461);
#15459 = CARTESIAN_POINT('',(-0.100000000961,9.75,0.));
#15460 = DIRECTION('',(0.,1.,0.));
#15461 = DIRECTION('',(1.,0.,0.));
#15462 = DEFINITIONAL_REPRESENTATION('',(#15463),#15467);
#15463 = LINE('',#15464,#15465);
#15464 = CARTESIAN_POINT('',(0.199999989818,0.));
#15465 = VECTOR('',#15466,1.);
#15466 = DIRECTION('',(0.,-1.));
#15467 = ( GEOMETRIC_REPRESENTATION_CONTEXT(2) 
PARAMETRIC_REPRESENTATION_CONTEXT() REPRESENTATION_CONTEXT('2D SPACE',''
  ) );
#15468 = ORIENTED_EDGE('',*,*,#15469,.F.);
#15469 = EDGE_CURVE('',#15365,#15442,#15470,.T.);
#15470 = SURFACE_CURVE('',#15471,(#15476,#15483),.PCURVE_S1.);
#15471 = CIRCLE('',#15472,3.9);
#15472 = AXIS2_PLACEMENT_3D('',#15473,#15474,#15475);
#15473 = CARTESIAN_POINT('',(9.999998885692E-02,5.85,0.));
#15474 = DIRECTION('',(0.,0.,1.));
#15475 = DIRECTION('',(1.,0.,0.));
#15476 = PCURVE('',#15380,#15477);
#15477 = DEFINITIONAL_REPRESENTATION('',(#15478),#15482);
#15478 = LINE('',#15479,#15480);
#15479 = CARTESIAN_POINT('',(-0.,0.));
#15480 = VECTOR('',#15481,1.);
#15481 = DIRECTION('',(-1.,0.));
#15482 = ( GEOMETRIC_REPRESENTATION_CONTEXT(2) 
PARAMETRIC_REPRESENTATION_CONTEXT() REPRESENTATION_CONTEXT('2D SPACE',''
  ) );
#15483 = PCURVE('',#15093,#15484);
#15484 = DEFINITIONAL_REPRESENTATION('',(#15485),#15489);
#15485 = CIRCLE('',#15486,3.9);
#15486 = AXIS2_PLACEMENT_2D('',#15487,#15488);
#15487 = CARTESIAN_POINT('',(9.999999149182E-02,5.85));
#15488 = DIRECTION('',(1.,0.));
#15489 = ( GEOMETRIC_REPRESENTATION_CONTEXT(2) 
PARAMETRIC_REPRESENTATION_CONTEXT() REPRESENTATION_CONTEXT('2D SPACE',''
  ) );
#15490 = ADVANCED_FACE('',(#15491),#15457,.T.);
#15491 = FACE_BOUND('',#15492,.T.);
#15492 = EDGE_LOOP('',(#15493,#15518,#15539,#15540));
#15493 = ORIENTED_EDGE('',*,*,#15494,.T.);
#15494 = EDGE_CURVE('',#15495,#15497,#15499,.T.);
#15495 = VERTEX_POINT('',#15496);
#15496 = CARTESIAN_POINT('',(-0.100000000961,9.75,0.));
#15497 = VERTEX_POINT('',#15498);
#15498 = CARTESIAN_POINT('',(-0.100000000961,9.75,0.5));
#15499 = SURFACE_CURVE('',#15500,(#15504,#15511),.PCURVE_S1.);
#15500 = LINE('',#15501,#15502);
#15501 = CARTESIAN_POINT('',(-0.100000000961,9.75,0.));
#15502 = VECTOR('',#15503,1.);
#15503 = DIRECTION('',(0.,0.,1.));
#15504 = PCURVE('',#15457,#15505);
#15505 = DEFINITIONAL_REPRESENTATION('',(#15506),#15510);
#15506 = LINE('',#15507,#15508);
#15507 = CARTESIAN_POINT('',(-6.938893903907E-17,0.));
#15508 = VECTOR('',#15509,1.);
#15509 = DIRECTION('',(0.,-1.));
#15510 = ( GEOMETRIC_REPRESENTATION_CONTEXT(2) 
PARAMETRIC_REPRESENTATION_CONTEXT() REPRESENTATION_CONTEXT('2D SPACE',''
  ) );
#15511 = PCURVE('',#15067,#15512);
#15512 = DEFINITIONAL_REPRESENTATION('',(#15513),#15517);
#15513 = LINE('',#15514,#15515);
#15514 = CARTESIAN_POINT('',(-1.570796326795,0.));
#15515 = VECTOR('',#15516,1.);
#15516 = DIRECTION('',(-0.,-1.));
#15517 = ( GEOMETRIC_REPRESENTATION_CONTEXT(2) 
PARAMETRIC_REPRESENTATION_CONTEXT() REPRESENTATION_CONTEXT('2D SPACE',''
  ) );
#15518 = ORIENTED_EDGE('',*,*,#15519,.T.);
#15519 = EDGE_CURVE('',#15497,#15418,#15520,.T.);
#15520 = SURFACE_CURVE('',#15521,(#15525,#15532),.PCURVE_S1.);
#15521 = LINE('',#15522,#15523);
#15522 = CARTESIAN_POINT('',(9.614193885454E-10,9.75,0.5));
#15523 = VECTOR('',#15524,1.);
#15524 = DIRECTION('',(1.,0.,0.));
#15525 = PCURVE('',#15457,#15526);
#15526 = DEFINITIONAL_REPRESENTATION('',(#15527),#15531);
#15527 = LINE('',#15528,#15529);
#15528 = CARTESIAN_POINT('',(0.100000001923,-0.5));
#15529 = VECTOR('',#15530,1.);
#15530 = DIRECTION('',(1.,0.));
#15531 = ( GEOMETRIC_REPRESENTATION_CONTEXT(2) 
PARAMETRIC_REPRESENTATION_CONTEXT() REPRESENTATION_CONTEXT('2D SPACE',''
  ) );
#15532 = PCURVE('',#15039,#15533);
#15533 = DEFINITIONAL_REPRESENTATION('',(#15534),#15538);
#15534 = LINE('',#15535,#15536);
#15535 = CARTESIAN_POINT('',(3.596318493326E-09,9.75));
#15536 = VECTOR('',#15537,1.);
#15537 = DIRECTION('',(1.,0.));
#15538 = ( GEOMETRIC_REPRESENTATION_CONTEXT(2) 
PARAMETRIC_REPRESENTATION_CONTEXT() REPRESENTATION_CONTEXT('2D SPACE',''
  ) );
#15539 = ORIENTED_EDGE('',*,*,#15441,.F.);
#15540 = ORIENTED_EDGE('',*,*,#15541,.F.);
#15541 = EDGE_CURVE('',#15495,#15442,#15542,.T.);
#15542 = SURFACE_CURVE('',#15543,(#15547,#15554),.PCURVE_S1.);
#15543 = LINE('',#15544,#15545);
#15544 = CARTESIAN_POINT('',(9.614193885454E-10,9.75,0.));
#15545 = VECTOR('',#15546,1.);
#15546 = DIRECTION('',(1.,0.,0.));
#15547 = PCURVE('',#15457,#15548);
#15548 = DEFINITIONAL_REPRESENTATION('',(#15549),#15553);
#15549 = LINE('',#15550,#15551);
#15550 = CARTESIAN_POINT('',(0.100000001923,0.));
#15551 = VECTOR('',#15552,1.);
#15552 = DIRECTION('',(1.,0.));
#15553 = ( GEOMETRIC_REPRESENTATION_CONTEXT(2) 
PARAMETRIC_REPRESENTATION_CONTEXT() REPRESENTATION_CONTEXT('2D SPACE',''
  ) );
#15554 = PCURVE('',#15093,#15555);
#15555 = DEFINITIONAL_REPRESENTATION('',(#15556),#15560);
#15556 = LINE('',#15557,#15558);
#15557 = CARTESIAN_POINT('',(3.596318493326E-09,9.75));
#15558 = VECTOR('',#15559,1.);
#15559 = DIRECTION('',(1.,0.));
#15560 = ( GEOMETRIC_REPRESENTATION_CONTEXT(2) 
PARAMETRIC_REPRESENTATION_CONTEXT() REPRESENTATION_CONTEXT('2D SPACE',''
  ) );
#15561 = ADVANCED_FACE('',(#15562),#15067,.T.);
#15562 = FACE_BOUND('',#15563,.F.);
#15563 = EDGE_LOOP('',(#15564,#15565,#15587,#15588));
#15564 = ORIENTED_EDGE('',*,*,#15494,.T.);
#15565 = ORIENTED_EDGE('',*,*,#15566,.T.);
#15566 = EDGE_CURVE('',#15497,#15024,#15567,.T.);
#15567 = SURFACE_CURVE('',#15568,(#15573,#15580),.PCURVE_S1.);
#15568 = CIRCLE('',#15569,3.9);
#15569 = AXIS2_PLACEMENT_3D('',#15570,#15571,#15572);
#15570 = CARTESIAN_POINT('',(-0.100000000961,5.85,0.5));
#15571 = DIRECTION('',(0.,0.,1.));
#15572 = DIRECTION('',(1.,0.,0.));
#15573 = PCURVE('',#15067,#15574);
#15574 = DEFINITIONAL_REPRESENTATION('',(#15575),#15579);
#15575 = LINE('',#15576,#15577);
#15576 = CARTESIAN_POINT('',(-0.,-0.5));
#15577 = VECTOR('',#15578,1.);
#15578 = DIRECTION('',(-1.,0.));
#15579 = ( GEOMETRIC_REPRESENTATION_CONTEXT(2) 
PARAMETRIC_REPRESENTATION_CONTEXT() REPRESENTATION_CONTEXT('2D SPACE',''
  ) );
#15580 = PCURVE('',#15039,#15581);
#15581 = DEFINITIONAL_REPRESENTATION('',(#15582),#15586);
#15582 = CIRCLE('',#15583,3.9);
#15583 = AXIS2_PLACEMENT_2D('',#15584,#15585);
#15584 = CARTESIAN_POINT('',(-9.999999832652E-02,5.85));
#15585 = DIRECTION('',(1.,0.));
#15586 = ( GEOMETRIC_REPRESENTATION_CONTEXT(2) 
PARAMETRIC_REPRESENTATION_CONTEXT() REPRESENTATION_CONTEXT('2D SPACE',''
  ) );
#15587 = ORIENTED_EDGE('',*,*,#15051,.F.);
#15588 = ORIENTED_EDGE('',*,*,#15589,.F.);
#15589 = EDGE_CURVE('',#15495,#15052,#15590,.T.);
#15590 = SURFACE_CURVE('',#15591,(#15596,#15603),.PCURVE_S1.);
#15591 = CIRCLE('',#15592,3.9);
#15592 = AXIS2_PLACEMENT_3D('',#15593,#15594,#15595);
#15593 = CARTESIAN_POINT('',(-0.100000000961,5.85,0.));
#15594 = DIRECTION('',(0.,0.,1.));
#15595 = DIRECTION('',(1.,0.,0.));
#15596 = PCURVE('',#15067,#15597);
#15597 = DEFINITIONAL_REPRESENTATION('',(#15598),#15602);
#15598 = LINE('',#15599,#15600);
#15599 = CARTESIAN_POINT('',(-0.,0.));
#15600 = VECTOR('',#15601,1.);
#15601 = DIRECTION('',(-1.,0.));
#15602 = ( GEOMETRIC_REPRESENTATION_CONTEXT(2) 
PARAMETRIC_REPRESENTATION_CONTEXT() REPRESENTATION_CONTEXT('2D SPACE',''
  ) );
#15603 = PCURVE('',#15093,#15604);
#15604 = DEFINITIONAL_REPRESENTATION('',(#15605),#15609);
#15605 = CIRCLE('',#15606,3.9);
#15606 = AXIS2_PLACEMENT_2D('',#15607,#15608);
#15607 = CARTESIAN_POINT('',(-9.999999832652E-02,5.85));
#15608 = DIRECTION('',(1.,0.));
#15609 = ( GEOMETRIC_REPRESENTATION_CONTEXT(2) 
PARAMETRIC_REPRESENTATION_CONTEXT() REPRESENTATION_CONTEXT('2D SPACE',''
  ) );
#15610 = ADVANCED_FACE('',(#15611),#15093,.F.);
#15611 = FACE_BOUND('',#15612,.F.);
#15612 = EDGE_LOOP('',(#15613,#15614,#15615,#15616,#15617,#15618,#15619,
    #15620));
#15613 = ORIENTED_EDGE('',*,*,#15079,.F.);
#15614 = ORIENTED_EDGE('',*,*,#15161,.T.);
#15615 = ORIENTED_EDGE('',*,*,#15238,.T.);
#15616 = ORIENTED_EDGE('',*,*,#15315,.T.);
#15617 = ORIENTED_EDGE('',*,*,#15392,.T.);
#15618 = ORIENTED_EDGE('',*,*,#15469,.T.);
#15619 = ORIENTED_EDGE('',*,*,#15541,.F.);
#15620 = ORIENTED_EDGE('',*,*,#15589,.T.);
#15621 = ADVANCED_FACE('',(#15622),#15039,.T.);
#15622 = FACE_BOUND('',#15623,.T.);
#15623 = EDGE_LOOP('',(#15624,#15625,#15626,#15627,#15628,#15629,#15630,
    #15631));
#15624 = ORIENTED_EDGE('',*,*,#15023,.F.);
#15625 = ORIENTED_EDGE('',*,*,#15109,.T.);
#15626 = ORIENTED_EDGE('',*,*,#15187,.T.);
#15627 = ORIENTED_EDGE('',*,*,#15263,.T.);
#15628 = ORIENTED_EDGE('',*,*,#15341,.T.);
#15629 = ORIENTED_EDGE('',*,*,#15417,.T.);
#15630 = ORIENTED_EDGE('',*,*,#15519,.F.);
#15631 = ORIENTED_EDGE('',*,*,#15566,.T.);
#15632 = ( GEOMETRIC_REPRESENTATION_CONTEXT(3) 
GLOBAL_UNCERTAINTY_ASSIGNED_CONTEXT((#15636)) 
GLOBAL_UNIT_ASSIGNED_CONTEXT((#15633,#15634,#15635)) 
REPRESENTATION_CONTEXT('Context #1',
  '3D Context with UNIT and UNCERTAINTY') );
#15633 = ( LENGTH_UNIT() NAMED_UNIT(*) SI_UNIT(.MILLI.,.METRE.) );
#15634 = ( NAMED_UNIT(*) PLANE_ANGLE_UNIT() SI_UNIT($,.RADIAN.) );
#15635 = ( NAMED_UNIT(*) SI_UNIT($,.STERADIAN.) SOLID_ANGLE_UNIT() );
#15636 = UNCERTAINTY_MEASURE_WITH_UNIT(LENGTH_MEASURE(1.E-07),#15633,
  'distance_accuracy_value','confusion accuracy');
#15637 = CONTEXT_DEPENDENT_SHAPE_REPRESENTATION(#15638,#15640);
#15638 = ( REPRESENTATION_RELATIONSHIP('','',#14981,#14946) 
REPRESENTATION_RELATIONSHIP_WITH_TRANSFORMATION(#15639) 
SHAPE_REPRESENTATION_RELATIONSHIP() );
#15639 = ITEM_DEFINED_TRANSFORMATION('','',#11,#14947);
#15640 = PRODUCT_DEFINITION_SHAPE('Placement','Placement of an item',
  #15641);
#15641 = NEXT_ASSEMBLY_USAGE_OCCURRENCE('2','=>[0:1:1:4]','',#14941,
  #14976,$);
#15642 = PRODUCT_RELATED_PRODUCT_CATEGORY('part',$,(#14978));
#15643 = SHAPE_DEFINITION_REPRESENTATION(#15644,#15650);
#15644 = PRODUCT_DEFINITION_SHAPE('','',#15645);
#15645 = PRODUCT_DEFINITION('design','',#15646,#15649);
#15646 = PRODUCT_DEFINITION_FORMATION('','',#15647);
#15647 = PRODUCT('COMPOUND','COMPOUND','',(#15648));
#15648 = PRODUCT_CONTEXT('',#2,'mechanical');
#15649 = PRODUCT_DEFINITION_CONTEXT('part definition',#2,'design');
#15650 = ADVANCED_BREP_SHAPE_REPRESENTATION('',(#11,#15651),#15981);
#15651 = MANIFOLD_SOLID_BREP('',#15652);
#15652 = CLOSED_SHELL('',(#15653,#15773,#15873,#15920,#15967,#15974));
#15653 = ADVANCED_FACE('',(#15654),#15668,.F.);
#15654 = FACE_BOUND('',#15655,.F.);
#15655 = EDGE_LOOP('',(#15656,#15691,#15719,#15747));
#15656 = ORIENTED_EDGE('',*,*,#15657,.F.);
#15657 = EDGE_CURVE('',#15658,#15660,#15662,.T.);
#15658 = VERTEX_POINT('',#15659);
#15659 = CARTESIAN_POINT('',(-1.7,-5.8,-2.9));
#15660 = VERTEX_POINT('',#15661);
#15661 = CARTESIAN_POINT('',(-1.7,-5.8,2.9));
#15662 = SURFACE_CURVE('',#15663,(#15667,#15679),.PCURVE_S1.);
#15663 = LINE('',#15664,#15665);
#15664 = CARTESIAN_POINT('',(-1.7,-5.8,-2.9));
#15665 = VECTOR('',#15666,1.);
#15666 = DIRECTION('',(0.,0.,1.));
#15667 = PCURVE('',#15668,#15673);
#15668 = PLANE('',#15669);
#15669 = AXIS2_PLACEMENT_3D('',#15670,#15671,#15672);
#15670 = CARTESIAN_POINT('',(-1.7,-5.8,-2.9));
#15671 = DIRECTION('',(1.,0.,-0.));
#15672 = DIRECTION('',(0.,0.,1.));
#15673 = DEFINITIONAL_REPRESENTATION('',(#15674),#15678);
#15674 = LINE('',#15675,#15676);
#15675 = CARTESIAN_POINT('',(0.,0.));
#15676 = VECTOR('',#15677,1.);
#15677 = DIRECTION('',(1.,0.));
#15678 = ( GEOMETRIC_REPRESENTATION_CONTEXT(2) 
PARAMETRIC_REPRESENTATION_CONTEXT() REPRESENTATION_CONTEXT('2D SPACE',''
  ) );
#15679 = PCURVE('',#15680,#15685);
#15680 = PLANE('',#15681);
#15681 = AXIS2_PLACEMENT_3D('',#15682,#15683,#15684);
#15682 = CARTESIAN_POINT('',(-1.7,-5.8,-2.9));
#15683 = DIRECTION('',(-0.,1.,0.));
#15684 = DIRECTION('',(0.,0.,1.));
#15685 = DEFINITIONAL_REPRESENTATION('',(#15686),#15690);
#15686 = LINE('',#15687,#15688);
#15687 = CARTESIAN_POINT('',(0.,0.));
#15688 = VECTOR('',#15689,1.);
#15689 = DIRECTION('',(1.,0.));
#15690 = ( GEOMETRIC_REPRESENTATION_CONTEXT(2) 
PARAMETRIC_REPRESENTATION_CONTEXT() REPRESENTATION_CONTEXT('2D SPACE',''
  ) );
#15691 = ORIENTED_EDGE('',*,*,#15692,.T.);
#15692 = EDGE_CURVE('',#15658,#15693,#15695,.T.);
#15693 = VERTEX_POINT('',#15694);
#15694 = CARTESIAN_POINT('',(-1.7,5.8,-2.9));
#15695 = SURFACE_CURVE('',#15696,(#15700,#15707),.PCURVE_S1.);
#15696 = LINE('',#15697,#15698);
#15697 = CARTESIAN_POINT('',(-1.7,-5.8,-2.9));
#15698 = VECTOR('',#15699,1.);
#15699 = DIRECTION('',(-0.,1.,0.));
#15700 = PCURVE('',#15668,#15701);
#15701 = DEFINITIONAL_REPRESENTATION('',(#15702),#15706);
#15702 = LINE('',#15703,#15704);
#15703 = CARTESIAN_POINT('',(0.,0.));
#15704 = VECTOR('',#15705,1.);
#15705 = DIRECTION('',(0.,-1.));
#15706 = ( GEOMETRIC_REPRESENTATION_CONTEXT(2) 
PARAMETRIC_REPRESENTATION_CONTEXT() REPRESENTATION_CONTEXT('2D SPACE',''
  ) );
#15707 = PCURVE('',#15708,#15713);
#15708 = PLANE('',#15709);
#15709 = AXIS2_PLACEMENT_3D('',#15710,#15711,#15712);
#15710 = CARTESIAN_POINT('',(-1.7,-5.8,-2.9));
#15711 = DIRECTION('',(0.,0.,1.));
#15712 = DIRECTION('',(1.,0.,-0.));
#15713 = DEFINITIONAL_REPRESENTATION('',(#15714),#15718);
#15714 = LINE('',#15715,#15716);
#15715 = CARTESIAN_POINT('',(0.,0.));
#15716 = VECTOR('',#15717,1.);
#15717 = DIRECTION('',(0.,1.));
#15718 = ( GEOMETRIC_REPRESENTATION_CONTEXT(2) 
PARAMETRIC_REPRESENTATION_CONTEXT() REPRESENTATION_CONTEXT('2D SPACE',''
  ) );
#15719 = ORIENTED_EDGE('',*,*,#15720,.T.);
#15720 = EDGE_CURVE('',#15693,#15721,#15723,.T.);
#15721 = VERTEX_POINT('',#15722);
#15722 = CARTESIAN_POINT('',(-1.7,5.8,2.9));
#15723 = SURFACE_CURVE('',#15724,(#15728,#15735),.PCURVE_S1.);
#15724 = LINE('',#15725,#15726);
#15725 = CARTESIAN_POINT('',(-1.7,5.8,-2.9));
#15726 = VECTOR('',#15727,1.);
#15727 = DIRECTION('',(0.,0.,1.));
#15728 = PCURVE('',#15668,#15729);
#15729 = DEFINITIONAL_REPRESENTATION('',(#15730),#15734);
#15730 = LINE('',#15731,#15732);
#15731 = CARTESIAN_POINT('',(0.,-11.6));
#15732 = VECTOR('',#15733,1.);
#15733 = DIRECTION('',(1.,0.));
#15734 = ( GEOMETRIC_REPRESENTATION_CONTEXT(2) 
PARAMETRIC_REPRESENTATION_CONTEXT() REPRESENTATION_CONTEXT('2D SPACE',''
  ) );
#15735 = PCURVE('',#15736,#15741);
#15736 = PLANE('',#15737);
#15737 = AXIS2_PLACEMENT_3D('',#15738,#15739,#15740);
#15738 = CARTESIAN_POINT('',(-1.7,5.8,-2.9));
#15739 = DIRECTION('',(-0.,1.,0.));
#15740 = DIRECTION('',(0.,0.,1.));
#15741 = DEFINITIONAL_REPRESENTATION('',(#15742),#15746);
#15742 = LINE('',#15743,#15744);
#15743 = CARTESIAN_POINT('',(0.,0.));
#15744 = VECTOR('',#15745,1.);
#15745 = DIRECTION('',(1.,0.));
#15746 = ( GEOMETRIC_REPRESENTATION_CONTEXT(2) 
PARAMETRIC_REPRESENTATION_CONTEXT() REPRESENTATION_CONTEXT('2D SPACE',''
  ) );
#15747 = ORIENTED_EDGE('',*,*,#15748,.F.);
#15748 = EDGE_CURVE('',#15660,#15721,#15749,.T.);
#15749 = SURFACE_CURVE('',#15750,(#15754,#15761),.PCURVE_S1.);
#15750 = LINE('',#15751,#15752);
#15751 = CARTESIAN_POINT('',(-1.7,-5.8,2.9));
#15752 = VECTOR('',#15753,1.);
#15753 = DIRECTION('',(-0.,1.,0.));
#15754 = PCURVE('',#15668,#15755);
#15755 = DEFINITIONAL_REPRESENTATION('',(#15756),#15760);
#15756 = LINE('',#15757,#15758);
#15757 = CARTESIAN_POINT('',(5.8,0.));
#15758 = VECTOR('',#15759,1.);
#15759 = DIRECTION('',(0.,-1.));
#15760 = ( GEOMETRIC_REPRESENTATION_CONTEXT(2) 
PARAMETRIC_REPRESENTATION_CONTEXT() REPRESENTATION_CONTEXT('2D SPACE',''
  ) );
#15761 = PCURVE('',#15762,#15767);
#15762 = PLANE('',#15763);
#15763 = AXIS2_PLACEMENT_3D('',#15764,#15765,#15766);
#15764 = CARTESIAN_POINT('',(-1.7,-5.8,2.9));
#15765 = DIRECTION('',(0.,0.,1.));
#15766 = DIRECTION('',(1.,0.,-0.));
#15767 = DEFINITIONAL_REPRESENTATION('',(#15768),#15772);
#15768 = LINE('',#15769,#15770);
#15769 = CARTESIAN_POINT('',(0.,0.));
#15770 = VECTOR('',#15771,1.);
#15771 = DIRECTION('',(0.,1.));
#15772 = ( GEOMETRIC_REPRESENTATION_CONTEXT(2) 
PARAMETRIC_REPRESENTATION_CONTEXT() REPRESENTATION_CONTEXT('2D SPACE',''
  ) );
#15773 = ADVANCED_FACE('',(#15774),#15788,.T.);
#15774 = FACE_BOUND('',#15775,.T.);
#15775 = EDGE_LOOP('',(#15776,#15806,#15829,#15852));
#15776 = ORIENTED_EDGE('',*,*,#15777,.F.);
#15777 = EDGE_CURVE('',#15778,#15780,#15782,.T.);
#15778 = VERTEX_POINT('',#15779);
#15779 = CARTESIAN_POINT('',(1.7,-5.8,-2.9));
#15780 = VERTEX_POINT('',#15781);
#15781 = CARTESIAN_POINT('',(1.7,-5.8,2.9));
#15782 = SURFACE_CURVE('',#15783,(#15787,#15799),.PCURVE_S1.);
#15783 = LINE('',#15784,#15785);
#15784 = CARTESIAN_POINT('',(1.7,-5.8,-2.9));
#15785 = VECTOR('',#15786,1.);
#15786 = DIRECTION('',(0.,0.,1.));
#15787 = PCURVE('',#15788,#15793);
#15788 = PLANE('',#15789);
#15789 = AXIS2_PLACEMENT_3D('',#15790,#15791,#15792);
#15790 = CARTESIAN_POINT('',(1.7,-5.8,-2.9));
#15791 = DIRECTION('',(1.,0.,-0.));
#15792 = DIRECTION('',(0.,0.,1.));
#15793 = DEFINITIONAL_REPRESENTATION('',(#15794),#15798);
#15794 = LINE('',#15795,#15796);
#15795 = CARTESIAN_POINT('',(0.,0.));
#15796 = VECTOR('',#15797,1.);
#15797 = DIRECTION('',(1.,0.));
#15798 = ( GEOMETRIC_REPRESENTATION_CONTEXT(2) 
PARAMETRIC_REPRESENTATION_CONTEXT() REPRESENTATION_CONTEXT('2D SPACE',''
  ) );
#15799 = PCURVE('',#15680,#15800);
#15800 = DEFINITIONAL_REPRESENTATION('',(#15801),#15805);
#15801 = LINE('',#15802,#15803);
#15802 = CARTESIAN_POINT('',(0.,3.4));
#15803 = VECTOR('',#15804,1.);
#15804 = DIRECTION('',(1.,0.));
#15805 = ( GEOMETRIC_REPRESENTATION_CONTEXT(2) 
PARAMETRIC_REPRESENTATION_CONTEXT() REPRESENTATION_CONTEXT('2D SPACE',''
  ) );
#15806 = ORIENTED_EDGE('',*,*,#15807,.T.);
#15807 = EDGE_CURVE('',#15778,#15808,#15810,.T.);
#15808 = VERTEX_POINT('',#15809);
#15809 = CARTESIAN_POINT('',(1.7,5.8,-2.9));
#15810 = SURFACE_CURVE('',#15811,(#15815,#15822),.PCURVE_S1.);
#15811 = LINE('',#15812,#15813);
#15812 = CARTESIAN_POINT('',(1.7,-5.8,-2.9));
#15813 = VECTOR('',#15814,1.);
#15814 = DIRECTION('',(-0.,1.,0.));
#15815 = PCURVE('',#15788,#15816);
#15816 = DEFINITIONAL_REPRESENTATION('',(#15817),#15821);
#15817 = LINE('',#15818,#15819);
#15818 = CARTESIAN_POINT('',(0.,0.));
#15819 = VECTOR('',#15820,1.);
#15820 = DIRECTION('',(0.,-1.));
#15821 = ( GEOMETRIC_REPRESENTATION_CONTEXT(2) 
PARAMETRIC_REPRESENTATION_CONTEXT() REPRESENTATION_CONTEXT('2D SPACE',''
  ) );
#15822 = PCURVE('',#15708,#15823);
#15823 = DEFINITIONAL_REPRESENTATION('',(#15824),#15828);
#15824 = LINE('',#15825,#15826);
#15825 = CARTESIAN_POINT('',(3.4,0.));
#15826 = VECTOR('',#15827,1.);
#15827 = DIRECTION('',(0.,1.));
#15828 = ( GEOMETRIC_REPRESENTATION_CONTEXT(2) 
PARAMETRIC_REPRESENTATION_CONTEXT() REPRESENTATION_CONTEXT('2D SPACE',''
  ) );
#15829 = ORIENTED_EDGE('',*,*,#15830,.T.);
#15830 = EDGE_CURVE('',#15808,#15831,#15833,.T.);
#15831 = VERTEX_POINT('',#15832);
#15832 = CARTESIAN_POINT('',(1.7,5.8,2.9));
#15833 = SURFACE_CURVE('',#15834,(#15838,#15845),.PCURVE_S1.);
#15834 = LINE('',#15835,#15836);
#15835 = CARTESIAN_POINT('',(1.7,5.8,-2.9));
#15836 = VECTOR('',#15837,1.);
#15837 = DIRECTION('',(0.,0.,1.));
#15838 = PCURVE('',#15788,#15839);
#15839 = DEFINITIONAL_REPRESENTATION('',(#15840),#15844);
#15840 = LINE('',#15841,#15842);
#15841 = CARTESIAN_POINT('',(0.,-11.6));
#15842 = VECTOR('',#15843,1.);
#15843 = DIRECTION('',(1.,0.));
#15844 = ( GEOMETRIC_REPRESENTATION_CONTEXT(2) 
PARAMETRIC_REPRESENTATION_CONTEXT() REPRESENTATION_CONTEXT('2D SPACE',''
  ) );
#15845 = PCURVE('',#15736,#15846);
#15846 = DEFINITIONAL_REPRESENTATION('',(#15847),#15851);
#15847 = LINE('',#15848,#15849);
#15848 = CARTESIAN_POINT('',(0.,3.4));
#15849 = VECTOR('',#15850,1.);
#15850 = DIRECTION('',(1.,0.));
#15851 = ( GEOMETRIC_REPRESENTATION_CONTEXT(2) 
PARAMETRIC_REPRESENTATION_CONTEXT() REPRESENTATION_CONTEXT('2D SPACE',''
  ) );
#15852 = ORIENTED_EDGE('',*,*,#15853,.F.);
#15853 = EDGE_CURVE('',#15780,#15831,#15854,.T.);
#15854 = SURFACE_CURVE('',#15855,(#15859,#15866),.PCURVE_S1.);
#15855 = LINE('',#15856,#15857);
#15856 = CARTESIAN_POINT('',(1.7,-5.8,2.9));
#15857 = VECTOR('',#15858,1.);
#15858 = DIRECTION('',(-0.,1.,0.));
#15859 = PCURVE('',#15788,#15860);
#15860 = DEFINITIONAL_REPRESENTATION('',(#15861),#15865);
#15861 = LINE('',#15862,#15863);
#15862 = CARTESIAN_POINT('',(5.8,0.));
#15863 = VECTOR('',#15864,1.);
#15864 = DIRECTION('',(0.,-1.));
#15865 = ( GEOMETRIC_REPRESENTATION_CONTEXT(2) 
PARAMETRIC_REPRESENTATION_CONTEXT() REPRESENTATION_CONTEXT('2D SPACE',''
  ) );
#15866 = PCURVE('',#15762,#15867);
#15867 = DEFINITIONAL_REPRESENTATION('',(#15868),#15872);
#15868 = LINE('',#15869,#15870);
#15869 = CARTESIAN_POINT('',(3.4,0.));
#15870 = VECTOR('',#15871,1.);
#15871 = DIRECTION('',(0.,1.));
#15872 = ( GEOMETRIC_REPRESENTATION_CONTEXT(2) 
PARAMETRIC_REPRESENTATION_CONTEXT() REPRESENTATION_CONTEXT('2D SPACE',''
  ) );
#15873 = ADVANCED_FACE('',(#15874),#15680,.F.);
#15874 = FACE_BOUND('',#15875,.F.);
#15875 = EDGE_LOOP('',(#15876,#15897,#15898,#15919));
#15876 = ORIENTED_EDGE('',*,*,#15877,.F.);
#15877 = EDGE_CURVE('',#15658,#15778,#15878,.T.);
#15878 = SURFACE_CURVE('',#15879,(#15883,#15890),.PCURVE_S1.);
#15879 = LINE('',#15880,#15881);
#15880 = CARTESIAN_POINT('',(-1.7,-5.8,-2.9));
#15881 = VECTOR('',#15882,1.);
#15882 = DIRECTION('',(1.,0.,-0.));
#15883 = PCURVE('',#15680,#15884);
#15884 = DEFINITIONAL_REPRESENTATION('',(#15885),#15889);
#15885 = LINE('',#15886,#15887);
#15886 = CARTESIAN_POINT('',(0.,0.));
#15887 = VECTOR('',#15888,1.);
#15888 = DIRECTION('',(0.,1.));
#15889 = ( GEOMETRIC_REPRESENTATION_CONTEXT(2) 
PARAMETRIC_REPRESENTATION_CONTEXT() REPRESENTATION_CONTEXT('2D SPACE',''
  ) );
#15890 = PCURVE('',#15708,#15891);
#15891 = DEFINITIONAL_REPRESENTATION('',(#15892),#15896);
#15892 = LINE('',#15893,#15894);
#15893 = CARTESIAN_POINT('',(0.,0.));
#15894 = VECTOR('',#15895,1.);
#15895 = DIRECTION('',(1.,0.));
#15896 = ( GEOMETRIC_REPRESENTATION_CONTEXT(2) 
PARAMETRIC_REPRESENTATION_CONTEXT() REPRESENTATION_CONTEXT('2D SPACE',''
  ) );
#15897 = ORIENTED_EDGE('',*,*,#15657,.T.);
#15898 = ORIENTED_EDGE('',*,*,#15899,.T.);
#15899 = EDGE_CURVE('',#15660,#15780,#15900,.T.);
#15900 = SURFACE_CURVE('',#15901,(#15905,#15912),.PCURVE_S1.);
#15901 = LINE('',#15902,#15903);
#15902 = CARTESIAN_POINT('',(-1.7,-5.8,2.9));
#15903 = VECTOR('',#15904,1.);
#15904 = DIRECTION('',(1.,0.,-0.));
#15905 = PCURVE('',#15680,#15906);
#15906 = DEFINITIONAL_REPRESENTATION('',(#15907),#15911);
#15907 = LINE('',#15908,#15909);
#15908 = CARTESIAN_POINT('',(5.8,0.));
#15909 = VECTOR('',#15910,1.);
#15910 = DIRECTION('',(0.,1.));
#15911 = ( GEOMETRIC_REPRESENTATION_CONTEXT(2) 
PARAMETRIC_REPRESENTATION_CONTEXT() REPRESENTATION_CONTEXT('2D SPACE',''
  ) );
#15912 = PCURVE('',#15762,#15913);
#15913 = DEFINITIONAL_REPRESENTATION('',(#15914),#15918);
#15914 = LINE('',#15915,#15916);
#15915 = CARTESIAN_POINT('',(0.,0.));
#15916 = VECTOR('',#15917,1.);
#15917 = DIRECTION('',(1.,0.));
#15918 = ( GEOMETRIC_REPRESENTATION_CONTEXT(2) 
PARAMETRIC_REPRESENTATION_CONTEXT() REPRESENTATION_CONTEXT('2D SPACE',''
  ) );
#15919 = ORIENTED_EDGE('',*,*,#15777,.F.);
#15920 = ADVANCED_FACE('',(#15921),#15736,.T.);
#15921 = FACE_BOUND('',#15922,.T.);
#15922 = EDGE_LOOP('',(#15923,#15944,#15945,#15966));
#15923 = ORIENTED_EDGE('',*,*,#15924,.F.);
#15924 = EDGE_CURVE('',#15693,#15808,#15925,.T.);
#15925 = SURFACE_CURVE('',#15926,(#15930,#15937),.PCURVE_S1.);
#15926 = LINE('',#15927,#15928);
#15927 = CARTESIAN_POINT('',(-1.7,5.8,-2.9));
#15928 = VECTOR('',#15929,1.);
#15929 = DIRECTION('',(1.,0.,-0.));
#15930 = PCURVE('',#15736,#15931);
#15931 = DEFINITIONAL_REPRESENTATION('',(#15932),#15936);
#15932 = LINE('',#15933,#15934);
#15933 = CARTESIAN_POINT('',(0.,0.));
#15934 = VECTOR('',#15935,1.);
#15935 = DIRECTION('',(0.,1.));
#15936 = ( GEOMETRIC_REPRESENTATION_CONTEXT(2) 
PARAMETRIC_REPRESENTATION_CONTEXT() REPRESENTATION_CONTEXT('2D SPACE',''
  ) );
#15937 = PCURVE('',#15708,#15938);
#15938 = DEFINITIONAL_REPRESENTATION('',(#15939),#15943);
#15939 = LINE('',#15940,#15941);
#15940 = CARTESIAN_POINT('',(0.,11.6));
#15941 = VECTOR('',#15942,1.);
#15942 = DIRECTION('',(1.,0.));
#15943 = ( GEOMETRIC_REPRESENTATION_CONTEXT(2) 
PARAMETRIC_REPRESENTATION_CONTEXT() REPRESENTATION_CONTEXT('2D SPACE',''
  ) );
#15944 = ORIENTED_EDGE('',*,*,#15720,.T.);
#15945 = ORIENTED_EDGE('',*,*,#15946,.T.);
#15946 = EDGE_CURVE('',#15721,#15831,#15947,.T.);
#15947 = SURFACE_CURVE('',#15948,(#15952,#15959),.PCURVE_S1.);
#15948 = LINE('',#15949,#15950);
#15949 = CARTESIAN_POINT('',(-1.7,5.8,2.9));
#15950 = VECTOR('',#15951,1.);
#15951 = DIRECTION('',(1.,0.,-0.));
#15952 = PCURVE('',#15736,#15953);
#15953 = DEFINITIONAL_REPRESENTATION('',(#15954),#15958);
#15954 = LINE('',#15955,#15956);
#15955 = CARTESIAN_POINT('',(5.8,0.));
#15956 = VECTOR('',#15957,1.);
#15957 = DIRECTION('',(0.,1.));
#15958 = ( GEOMETRIC_REPRESENTATION_CONTEXT(2) 
PARAMETRIC_REPRESENTATION_CONTEXT() REPRESENTATION_CONTEXT('2D SPACE',''
  ) );
#15959 = PCURVE('',#15762,#15960);
#15960 = DEFINITIONAL_REPRESENTATION('',(#15961),#15965);
#15961 = LINE('',#15962,#15963);
#15962 = CARTESIAN_POINT('',(0.,11.6));
#15963 = VECTOR('',#15964,1.);
#15964 = DIRECTION('',(1.,0.));
#15965 = ( GEOMETRIC_REPRESENTATION_CONTEXT(2) 
PARAMETRIC_REPRESENTATION_CONTEXT() REPRESENTATION_CONTEXT('2D SPACE',''
  ) );
#15966 = ORIENTED_EDGE('',*,*,#15830,.F.);
#15967 = ADVANCED_FACE('',(#15968),#15708,.F.);
#15968 = FACE_BOUND('',#15969,.F.);
#15969 = EDGE_LOOP('',(#15970,#15971,#15972,#15973));
#15970 = ORIENTED_EDGE('',*,*,#15692,.F.);
#15971 = ORIENTED_EDGE('',*,*,#15877,.T.);
#15972 = ORIENTED_EDGE('',*,*,#15807,.T.);
#15973 = ORIENTED_EDGE('',*,*,#15924,.F.);
#15974 = ADVANCED_FACE('',(#15975),#15762,.T.);
#15975 = FACE_BOUND('',#15976,.T.);
#15976 = EDGE_LOOP('',(#15977,#15978,#15979,#15980));
#15977 = ORIENTED_EDGE('',*,*,#15748,.F.);
#15978 = ORIENTED_EDGE('',*,*,#15899,.T.);
#15979 = ORIENTED_EDGE('',*,*,#15853,.T.);
#15980 = ORIENTED_EDGE('',*,*,#15946,.F.);
#15981 = ( GEOMETRIC_REPRESENTATION_CONTEXT(3) 
GLOBAL_UNCERTAINTY_ASSIGNED_CONTEXT((#15985)) 
GLOBAL_UNIT_ASSIGNED_CONTEXT((#15982,#15983,#15984)) 
REPRESENTATION_CONTEXT('Context #1',
  '3D Context with UNIT and UNCERTAINTY') );
#15982 = ( LENGTH_UNIT() NAMED_UNIT(*) SI_UNIT(.MILLI.,.METRE.) );
#15983 = ( NAMED_UNIT(*) PLANE_ANGLE_UNIT() SI_UNIT($,.RADIAN.) );
#15984 = ( NAMED_UNIT(*) SI_UNIT($,.STERADIAN.) SOLID_ANGLE_UNIT() );
#15985 = UNCERTAINTY_MEASURE_WITH_UNIT(LENGTH_MEASURE(1.E-07),#15982,
  'distance_accuracy_value','confusion accuracy');
#15986 = CONTEXT_DEPENDENT_SHAPE_REPRESENTATION(#15987,#15989);
#15987 = ( REPRESENTATION_RELATIONSHIP('','',#15650,#14946) 
REPRESENTATION_RELATIONSHIP_WITH_TRANSFORMATION(#15988) 
SHAPE_REPRESENTATION_RELATIONSHIP() );
#15988 = ITEM_DEFINED_TRANSFORMATION('','',#11,#14951);
#15989 = PRODUCT_DEFINITION_SHAPE('Placement','Placement of an item',
  #15990);
#15990 = NEXT_ASSEMBLY_USAGE_OCCURRENCE('3','=>[0:1:1:5]','',#14941,
  #15645,$);
#15991 = PRODUCT_RELATED_PRODUCT_CATEGORY('part',$,(#15647));
#15992 = SHAPE_DEFINITION_REPRESENTATION(#15993,#15999);
#15993 = PRODUCT_DEFINITION_SHAPE('','',#15994);
#15994 = PRODUCT_DEFINITION('design','',#15995,#15998);
#15995 = PRODUCT_DEFINITION_FORMATION('','',#15996);
#15996 = PRODUCT('COMPOUND','COMPOUND','',(#15997));
#15997 = PRODUCT_CONTEXT('',#2,'mechanical');
#15998 = PRODUCT_DEFINITION_CONTEXT('part definition',#2,'design');
#15999 = ADVANCED_BREP_SHAPE_REPRESENTATION('',(#11,#16000),#16682);
#16000 = MANIFOLD_SOLID_BREP('',#16001);
#16001 = CLOSED_SHELL('',(#16002,#16122,#16208,#16284,#16370,#16446,
    #16532,#16603,#16660,#16671));
#16002 = ADVANCED_FACE('',(#16003),#16017,.T.);
#16003 = FACE_BOUND('',#16004,.T.);
#16004 = EDGE_LOOP('',(#16005,#16040,#16068,#16096));
#16005 = ORIENTED_EDGE('',*,*,#16006,.T.);
#16006 = EDGE_CURVE('',#16007,#16009,#16011,.T.);
#16007 = VERTEX_POINT('',#16008);
#16008 = CARTESIAN_POINT('',(-1.5,-1.10000003873,0.));
#16009 = VERTEX_POINT('',#16010);
#16010 = CARTESIAN_POINT('',(-1.5,-1.10000003873,3.4));
#16011 = SURFACE_CURVE('',#16012,(#16016,#16028),.PCURVE_S1.);
#16012 = LINE('',#16013,#16014);
#16013 = CARTESIAN_POINT('',(-1.5,-1.10000003873,0.));
#16014 = VECTOR('',#16015,1.);
#16015 = DIRECTION('',(0.,0.,1.));
#16016 = PCURVE('',#16017,#16022);
#16017 = PLANE('',#16018);
#16018 = AXIS2_PLACEMENT_3D('',#16019,#16020,#16021);
#16019 = CARTESIAN_POINT('',(-1.5,-1.10000003873,0.));
#16020 = DIRECTION('',(-1.,0.,0.));
#16021 = DIRECTION('',(0.,1.,0.));
#16022 = DEFINITIONAL_REPRESENTATION('',(#16023),#16027);
#16023 = LINE('',#16024,#16025);
#16024 = CARTESIAN_POINT('',(0.,0.));
#16025 = VECTOR('',#16026,1.);
#16026 = DIRECTION('',(0.,-1.));
#16027 = ( GEOMETRIC_REPRESENTATION_CONTEXT(2) 
PARAMETRIC_REPRESENTATION_CONTEXT() REPRESENTATION_CONTEXT('2D SPACE',''
  ) );
#16028 = PCURVE('',#16029,#16034);
#16029 = CYLINDRICAL_SURFACE('',#16030,0.4);
#16030 = AXIS2_PLACEMENT_3D('',#16031,#16032,#16033);
#16031 = CARTESIAN_POINT('',(-1.1,-1.10000003873,0.));
#16032 = DIRECTION('',(0.,0.,-1.));
#16033 = DIRECTION('',(-1.,0.,0.));
#16034 = DEFINITIONAL_REPRESENTATION('',(#16035),#16039);
#16035 = LINE('',#16036,#16037);
#16036 = CARTESIAN_POINT('',(6.28318530718,0.));
#16037 = VECTOR('',#16038,1.);
#16038 = DIRECTION('',(0.,-1.));
#16039 = ( GEOMETRIC_REPRESENTATION_CONTEXT(2) 
PARAMETRIC_REPRESENTATION_CONTEXT() REPRESENTATION_CONTEXT('2D SPACE',''
  ) );
#16040 = ORIENTED_EDGE('',*,*,#16041,.T.);
#16041 = EDGE_CURVE('',#16009,#16042,#16044,.T.);
#16042 = VERTEX_POINT('',#16043);
#16043 = CARTESIAN_POINT('',(-1.5,1.100000026439,3.4));
#16044 = SURFACE_CURVE('',#16045,(#16049,#16056),.PCURVE_S1.);
#16045 = LINE('',#16046,#16047);
#16046 = CARTESIAN_POINT('',(-1.5,3.872994880361E-08,3.4));
#16047 = VECTOR('',#16048,1.);
#16048 = DIRECTION('',(0.,1.,0.));
#16049 = PCURVE('',#16017,#16050);
#16050 = DEFINITIONAL_REPRESENTATION('',(#16051),#16055);
#16051 = LINE('',#16052,#16053);
#16052 = CARTESIAN_POINT('',(1.10000007746,-3.4));
#16053 = VECTOR('',#16054,1.);
#16054 = DIRECTION('',(1.,0.));
#16055 = ( GEOMETRIC_REPRESENTATION_CONTEXT(2) 
PARAMETRIC_REPRESENTATION_CONTEXT() REPRESENTATION_CONTEXT('2D SPACE',''
  ) );
#16056 = PCURVE('',#16057,#16062);
#16057 = PLANE('',#16058);
#16058 = AXIS2_PLACEMENT_3D('',#16059,#16060,#16061);
#16059 = CARTESIAN_POINT('',(-1.21709686777E-08,2.479996444022E-08,3.4)
  );
#16060 = DIRECTION('',(0.,0.,1.));
#16061 = DIRECTION('',(1.,0.,-0.));
#16062 = DEFINITIONAL_REPRESENTATION('',(#16063),#16067);
#16063 = LINE('',#16064,#16065);
#16064 = CARTESIAN_POINT('',(-1.499999987829,1.392998436338E-08));
#16065 = VECTOR('',#16066,1.);
#16066 = DIRECTION('',(0.,1.));
#16067 = ( GEOMETRIC_REPRESENTATION_CONTEXT(2) 
PARAMETRIC_REPRESENTATION_CONTEXT() REPRESENTATION_CONTEXT('2D SPACE',''
  ) );
#16068 = ORIENTED_EDGE('',*,*,#16069,.F.);
#16069 = EDGE_CURVE('',#16070,#16042,#16072,.T.);
#16070 = VERTEX_POINT('',#16071);
#16071 = CARTESIAN_POINT('',(-1.5,1.100000026439,0.));
#16072 = SURFACE_CURVE('',#16073,(#16077,#16084),.PCURVE_S1.);
#16073 = LINE('',#16074,#16075);
#16074 = CARTESIAN_POINT('',(-1.5,1.100000026439,0.));
#16075 = VECTOR('',#16076,1.);
#16076 = DIRECTION('',(0.,0.,1.));
#16077 = PCURVE('',#16017,#16078);
#16078 = DEFINITIONAL_REPRESENTATION('',(#16079),#16083);
#16079 = LINE('',#16080,#16081);
#16080 = CARTESIAN_POINT('',(2.200000065169,0.));
#16081 = VECTOR('',#16082,1.);
#16082 = DIRECTION('',(0.,-1.));
#16083 = ( GEOMETRIC_REPRESENTATION_CONTEXT(2) 
PARAMETRIC_REPRESENTATION_CONTEXT() REPRESENTATION_CONTEXT('2D SPACE',''
  ) );
#16084 = PCURVE('',#16085,#16090);
#16085 = CYLINDRICAL_SURFACE('',#16086,0.4);
#16086 = AXIS2_PLACEMENT_3D('',#16087,#16088,#16089);
#16087 = CARTESIAN_POINT('',(-1.1,1.100000026439,0.));
#16088 = DIRECTION('',(0.,0.,-1.));
#16089 = DIRECTION('',(-1.,0.,0.));
#16090 = DEFINITIONAL_REPRESENTATION('',(#16091),#16095);
#16091 = LINE('',#16092,#16093);
#16092 = CARTESIAN_POINT('',(0.,0.));
#16093 = VECTOR('',#16094,1.);
#16094 = DIRECTION('',(0.,-1.));
#16095 = ( GEOMETRIC_REPRESENTATION_CONTEXT(2) 
PARAMETRIC_REPRESENTATION_CONTEXT() REPRESENTATION_CONTEXT('2D SPACE',''
  ) );
#16096 = ORIENTED_EDGE('',*,*,#16097,.F.);
#16097 = EDGE_CURVE('',#16007,#16070,#16098,.T.);
#16098 = SURFACE_CURVE('',#16099,(#16103,#16110),.PCURVE_S1.);
#16099 = LINE('',#16100,#16101);
#16100 = CARTESIAN_POINT('',(-1.5,3.872994880361E-08,0.));
#16101 = VECTOR('',#16102,1.);
#16102 = DIRECTION('',(0.,1.,0.));
#16103 = PCURVE('',#16017,#16104);
#16104 = DEFINITIONAL_REPRESENTATION('',(#16105),#16109);
#16105 = LINE('',#16106,#16107);
#16106 = CARTESIAN_POINT('',(1.10000007746,0.));
#16107 = VECTOR('',#16108,1.);
#16108 = DIRECTION('',(1.,0.));
#16109 = ( GEOMETRIC_REPRESENTATION_CONTEXT(2) 
PARAMETRIC_REPRESENTATION_CONTEXT() REPRESENTATION_CONTEXT('2D SPACE',''
  ) );
#16110 = PCURVE('',#16111,#16116);
#16111 = PLANE('',#16112);
#16112 = AXIS2_PLACEMENT_3D('',#16113,#16114,#16115);
#16113 = CARTESIAN_POINT('',(-1.21709686777E-08,2.479996444022E-08,0.));
#16114 = DIRECTION('',(0.,0.,1.));
#16115 = DIRECTION('',(1.,0.,-0.));
#16116 = DEFINITIONAL_REPRESENTATION('',(#16117),#16121);
#16117 = LINE('',#16118,#16119);
#16118 = CARTESIAN_POINT('',(-1.499999987829,1.392998436338E-08));
#16119 = VECTOR('',#16120,1.);
#16120 = DIRECTION('',(0.,1.));
#16121 = ( GEOMETRIC_REPRESENTATION_CONTEXT(2) 
PARAMETRIC_REPRESENTATION_CONTEXT() REPRESENTATION_CONTEXT('2D SPACE',''
  ) );
#16122 = ADVANCED_FACE('',(#16123),#16029,.T.);
#16123 = FACE_BOUND('',#16124,.T.);
#16124 = EDGE_LOOP('',(#16125,#16155,#16181,#16182));
#16125 = ORIENTED_EDGE('',*,*,#16126,.T.);
#16126 = EDGE_CURVE('',#16127,#16129,#16131,.T.);
#16127 = VERTEX_POINT('',#16128);
#16128 = CARTESIAN_POINT('',(-1.1,-1.5,0.));
#16129 = VERTEX_POINT('',#16130);
#16130 = CARTESIAN_POINT('',(-1.1,-1.5,3.4));
#16131 = SURFACE_CURVE('',#16132,(#16136,#16143),.PCURVE_S1.);
#16132 = LINE('',#16133,#16134);
#16133 = CARTESIAN_POINT('',(-1.1,-1.5,0.));
#16134 = VECTOR('',#16135,1.);
#16135 = DIRECTION('',(0.,0.,1.));
#16136 = PCURVE('',#16029,#16137);
#16137 = DEFINITIONAL_REPRESENTATION('',(#16138),#16142);
#16138 = LINE('',#16139,#16140);
#16139 = CARTESIAN_POINT('',(4.712388980385,0.));
#16140 = VECTOR('',#16141,1.);
#16141 = DIRECTION('',(0.,-1.));
#16142 = ( GEOMETRIC_REPRESENTATION_CONTEXT(2) 
PARAMETRIC_REPRESENTATION_CONTEXT() REPRESENTATION_CONTEXT('2D SPACE',''
  ) );
#16143 = PCURVE('',#16144,#16149);
#16144 = PLANE('',#16145);
#16145 = AXIS2_PLACEMENT_3D('',#16146,#16147,#16148);
#16146 = CARTESIAN_POINT('',(-1.1,-1.49999996127,0.));
#16147 = DIRECTION('',(0.,1.,0.));
#16148 = DIRECTION('',(1.,0.,0.));
#16149 = DEFINITIONAL_REPRESENTATION('',(#16150),#16154);
#16150 = LINE('',#16151,#16152);
#16151 = CARTESIAN_POINT('',(0.,0.));
#16152 = VECTOR('',#16153,1.);
#16153 = DIRECTION('',(0.,-1.));
#16154 = ( GEOMETRIC_REPRESENTATION_CONTEXT(2) 
PARAMETRIC_REPRESENTATION_CONTEXT() REPRESENTATION_CONTEXT('2D SPACE',''
  ) );
#16155 = ORIENTED_EDGE('',*,*,#16156,.T.);
#16156 = EDGE_CURVE('',#16129,#16009,#16157,.T.);
#16157 = SURFACE_CURVE('',#16158,(#16163,#16170),.PCURVE_S1.);
#16158 = CIRCLE('',#16159,0.4);
#16159 = AXIS2_PLACEMENT_3D('',#16160,#16161,#16162);
#16160 = CARTESIAN_POINT('',(-1.1,-1.10000003873,3.4));
#16161 = DIRECTION('',(0.,0.,-1.));
#16162 = DIRECTION('',(-1.,0.,0.));
#16163 = PCURVE('',#16029,#16164);
#16164 = DEFINITIONAL_REPRESENTATION('',(#16165),#16169);
#16165 = LINE('',#16166,#16167);
#16166 = CARTESIAN_POINT('',(0.,-3.4));
#16167 = VECTOR('',#16168,1.);
#16168 = DIRECTION('',(1.,0.));
#16169 = ( GEOMETRIC_REPRESENTATION_CONTEXT(2) 
PARAMETRIC_REPRESENTATION_CONTEXT() REPRESENTATION_CONTEXT('2D SPACE',''
  ) );
#16170 = PCURVE('',#16057,#16171);
#16171 = DEFINITIONAL_REPRESENTATION('',(#16172),#16180);
#16172 = ( BOUNDED_CURVE() B_SPLINE_CURVE(2,(#16173,#16174,#16175,#16176
    ,#16177,#16178,#16179),.UNSPECIFIED.,.T.,.F.) 
B_SPLINE_CURVE_WITH_KNOTS((1,2,2,2,2,1),(-2.094395102393,0.,
    2.094395102393,4.188790204786,6.28318530718,8.377580409573),
.UNSPECIFIED.) CURVE() GEOMETRIC_REPRESENTATION_ITEM() 
RATIONAL_B_SPLINE_CURVE((1.,0.5,1.,0.5,1.,0.5,1.)) REPRESENTATION_ITEM(
  '') );
#16173 = CARTESIAN_POINT('',(-1.499999987829,-1.10000006353));
#16174 = CARTESIAN_POINT('',(-1.499999987829,-0.407179740502));
#16175 = CARTESIAN_POINT('',(-0.899999987829,-0.753589902016));
#16176 = CARTESIAN_POINT('',(-0.299999987829,-1.10000006353));
#16177 = CARTESIAN_POINT('',(-0.899999987829,-1.446410225044));
#16178 = CARTESIAN_POINT('',(-1.499999987829,-1.792820386557));
#16179 = CARTESIAN_POINT('',(-1.499999987829,-1.10000006353));
#16180 = ( GEOMETRIC_REPRESENTATION_CONTEXT(2) 
PARAMETRIC_REPRESENTATION_CONTEXT() REPRESENTATION_CONTEXT('2D SPACE',''
  ) );
#16181 = ORIENTED_EDGE('',*,*,#16006,.F.);
#16182 = ORIENTED_EDGE('',*,*,#16183,.F.);
#16183 = EDGE_CURVE('',#16127,#16007,#16184,.T.);
#16184 = SURFACE_CURVE('',#16185,(#16190,#16197),.PCURVE_S1.);
#16185 = CIRCLE('',#16186,0.4);
#16186 = AXIS2_PLACEMENT_3D('',#16187,#16188,#16189);
#16187 = CARTESIAN_POINT('',(-1.1,-1.10000003873,0.));
#16188 = DIRECTION('',(0.,0.,-1.));
#16189 = DIRECTION('',(-1.,0.,0.));
#16190 = PCURVE('',#16029,#16191);
#16191 = DEFINITIONAL_REPRESENTATION('',(#16192),#16196);
#16192 = LINE('',#16193,#16194);
#16193 = CARTESIAN_POINT('',(0.,0.));
#16194 = VECTOR('',#16195,1.);
#16195 = DIRECTION('',(1.,0.));
#16196 = ( GEOMETRIC_REPRESENTATION_CONTEXT(2) 
PARAMETRIC_REPRESENTATION_CONTEXT() REPRESENTATION_CONTEXT('2D SPACE',''
  ) );
#16197 = PCURVE('',#16111,#16198);
#16198 = DEFINITIONAL_REPRESENTATION('',(#16199),#16207);
#16199 = ( BOUNDED_CURVE() B_SPLINE_CURVE(2,(#16200,#16201,#16202,#16203
    ,#16204,#16205,#16206),.UNSPECIFIED.,.T.,.F.) 
B_SPLINE_CURVE_WITH_KNOTS((1,2,2,2,2,1),(-2.094395102393,0.,
    2.094395102393,4.188790204786,6.28318530718,8.377580409573),
.UNSPECIFIED.) CURVE() GEOMETRIC_REPRESENTATION_ITEM() 
RATIONAL_B_SPLINE_CURVE((1.,0.5,1.,0.5,1.,0.5,1.)) REPRESENTATION_ITEM(
  '') );
#16200 = CARTESIAN_POINT('',(-1.499999987829,-1.10000006353));
#16201 = CARTESIAN_POINT('',(-1.499999987829,-0.407179740502));
#16202 = CARTESIAN_POINT('',(-0.899999987829,-0.753589902016));
#16203 = CARTESIAN_POINT('',(-0.299999987829,-1.10000006353));
#16204 = CARTESIAN_POINT('',(-0.899999987829,-1.446410225044));
#16205 = CARTESIAN_POINT('',(-1.499999987829,-1.792820386557));
#16206 = CARTESIAN_POINT('',(-1.499999987829,-1.10000006353));
#16207 = ( GEOMETRIC_REPRESENTATION_CONTEXT(2) 
PARAMETRIC_REPRESENTATION_CONTEXT() REPRESENTATION_CONTEXT('2D SPACE',''
  ) );
#16208 = ADVANCED_FACE('',(#16209),#16144,.F.);
#16209 = FACE_BOUND('',#16210,.F.);
#16210 = EDGE_LOOP('',(#16211,#16212,#16235,#16263));
#16211 = ORIENTED_EDGE('',*,*,#16126,.T.);
#16212 = ORIENTED_EDGE('',*,*,#16213,.T.);
#16213 = EDGE_CURVE('',#16129,#16214,#16216,.T.);
#16214 = VERTEX_POINT('',#16215);
#16215 = CARTESIAN_POINT('',(1.099999987709,-1.49999996127,3.4));
#16216 = SURFACE_CURVE('',#16217,(#16221,#16228),.PCURVE_S1.);
#16217 = LINE('',#16218,#16219);
#16218 = CARTESIAN_POINT('',(0.,-1.49999996127,3.4));
#16219 = VECTOR('',#16220,1.);
#16220 = DIRECTION('',(1.,0.,0.));
#16221 = PCURVE('',#16144,#16222);
#16222 = DEFINITIONAL_REPRESENTATION('',(#16223),#16227);
#16223 = LINE('',#16224,#16225);
#16224 = CARTESIAN_POINT('',(1.1,-3.4));
#16225 = VECTOR('',#16226,1.);
#16226 = DIRECTION('',(1.,0.));
#16227 = ( GEOMETRIC_REPRESENTATION_CONTEXT(2) 
PARAMETRIC_REPRESENTATION_CONTEXT() REPRESENTATION_CONTEXT('2D SPACE',''
  ) );
#16228 = PCURVE('',#16057,#16229);
#16229 = DEFINITIONAL_REPRESENTATION('',(#16230),#16234);
#16230 = LINE('',#16231,#16232);
#16231 = CARTESIAN_POINT('',(1.21709686777E-08,-1.49999998607));
#16232 = VECTOR('',#16233,1.);
#16233 = DIRECTION('',(1.,0.));
#16234 = ( GEOMETRIC_REPRESENTATION_CONTEXT(2) 
PARAMETRIC_REPRESENTATION_CONTEXT() REPRESENTATION_CONTEXT('2D SPACE',''
  ) );
#16235 = ORIENTED_EDGE('',*,*,#16236,.F.);
#16236 = EDGE_CURVE('',#16237,#16214,#16239,.T.);
#16237 = VERTEX_POINT('',#16238);
#16238 = CARTESIAN_POINT('',(1.099999987709,-1.49999996127,0.));
#16239 = SURFACE_CURVE('',#16240,(#16244,#16251),.PCURVE_S1.);
#16240 = LINE('',#16241,#16242);
#16241 = CARTESIAN_POINT('',(1.099999987709,-1.49999996127,0.));
#16242 = VECTOR('',#16243,1.);
#16243 = DIRECTION('',(0.,0.,1.));
#16244 = PCURVE('',#16144,#16245);
#16245 = DEFINITIONAL_REPRESENTATION('',(#16246),#16250);
#16246 = LINE('',#16247,#16248);
#16247 = CARTESIAN_POINT('',(2.199999987709,0.));
#16248 = VECTOR('',#16249,1.);
#16249 = DIRECTION('',(0.,-1.));
#16250 = ( GEOMETRIC_REPRESENTATION_CONTEXT(2) 
PARAMETRIC_REPRESENTATION_CONTEXT() REPRESENTATION_CONTEXT('2D SPACE',''
  ) );
#16251 = PCURVE('',#16252,#16257);
#16252 = CYLINDRICAL_SURFACE('',#16253,0.4);
#16253 = AXIS2_PLACEMENT_3D('',#16254,#16255,#16256);
#16254 = CARTESIAN_POINT('',(1.099999987709,-1.09999996127,0.));
#16255 = DIRECTION('',(0.,0.,-1.));
#16256 = DIRECTION('',(-1.,0.,0.));
#16257 = DEFINITIONAL_REPRESENTATION('',(#16258),#16262);
#16258 = LINE('',#16259,#16260);
#16259 = CARTESIAN_POINT('',(4.712388980385,0.));
#16260 = VECTOR('',#16261,1.);
#16261 = DIRECTION('',(0.,-1.));
#16262 = ( GEOMETRIC_REPRESENTATION_CONTEXT(2) 
PARAMETRIC_REPRESENTATION_CONTEXT() REPRESENTATION_CONTEXT('2D SPACE',''
  ) );
#16263 = ORIENTED_EDGE('',*,*,#16264,.F.);
#16264 = EDGE_CURVE('',#16127,#16237,#16265,.T.);
#16265 = SURFACE_CURVE('',#16266,(#16270,#16277),.PCURVE_S1.);
#16266 = LINE('',#16267,#16268);
#16267 = CARTESIAN_POINT('',(0.,-1.49999996127,0.));
#16268 = VECTOR('',#16269,1.);
#16269 = DIRECTION('',(1.,0.,0.));
#16270 = PCURVE('',#16144,#16271);
#16271 = DEFINITIONAL_REPRESENTATION('',(#16272),#16276);
#16272 = LINE('',#16273,#16274);
#16273 = CARTESIAN_POINT('',(1.1,0.));
#16274 = VECTOR('',#16275,1.);
#16275 = DIRECTION('',(1.,0.));
#16276 = ( GEOMETRIC_REPRESENTATION_CONTEXT(2) 
PARAMETRIC_REPRESENTATION_CONTEXT() REPRESENTATION_CONTEXT('2D SPACE',''
  ) );
#16277 = PCURVE('',#16111,#16278);
#16278 = DEFINITIONAL_REPRESENTATION('',(#16279),#16283);
#16279 = LINE('',#16280,#16281);
#16280 = CARTESIAN_POINT('',(1.21709686777E-08,-1.49999998607));
#16281 = VECTOR('',#16282,1.);
#16282 = DIRECTION('',(1.,0.));
#16283 = ( GEOMETRIC_REPRESENTATION_CONTEXT(2) 
PARAMETRIC_REPRESENTATION_CONTEXT() REPRESENTATION_CONTEXT('2D SPACE',''
  ) );
#16284 = ADVANCED_FACE('',(#16285),#16252,.T.);
#16285 = FACE_BOUND('',#16286,.T.);
#16286 = EDGE_LOOP('',(#16287,#16317,#16343,#16344));
#16287 = ORIENTED_EDGE('',*,*,#16288,.T.);
#16288 = EDGE_CURVE('',#16289,#16291,#16293,.T.);
#16289 = VERTEX_POINT('',#16290);
#16290 = CARTESIAN_POINT('',(1.499999993854,-1.09999996127,0.));
#16291 = VERTEX_POINT('',#16292);
#16292 = CARTESIAN_POINT('',(1.499999993854,-1.09999996127,3.4));
#16293 = SURFACE_CURVE('',#16294,(#16298,#16305),.PCURVE_S1.);
#16294 = LINE('',#16295,#16296);
#16295 = CARTESIAN_POINT('',(1.499999993854,-1.09999996127,0.));
#16296 = VECTOR('',#16297,1.);
#16297 = DIRECTION('',(0.,0.,1.));
#16298 = PCURVE('',#16252,#16299);
#16299 = DEFINITIONAL_REPRESENTATION('',(#16300),#16304);
#16300 = LINE('',#16301,#16302);
#16301 = CARTESIAN_POINT('',(3.14159265359,0.));
#16302 = VECTOR('',#16303,1.);
#16303 = DIRECTION('',(0.,-1.));
#16304 = ( GEOMETRIC_REPRESENTATION_CONTEXT(2) 
PARAMETRIC_REPRESENTATION_CONTEXT() REPRESENTATION_CONTEXT('2D SPACE',''
  ) );
#16305 = PCURVE('',#16306,#16311);
#16306 = PLANE('',#16307);
#16307 = AXIS2_PLACEMENT_3D('',#16308,#16309,#16310);
#16308 = CARTESIAN_POINT('',(1.5,-1.09999996127,0.));
#16309 = DIRECTION('',(-1.,0.,0.));
#16310 = DIRECTION('',(0.,1.,0.));
#16311 = DEFINITIONAL_REPRESENTATION('',(#16312),#16316);
#16312 = LINE('',#16313,#16314);
#16313 = CARTESIAN_POINT('',(0.,0.));
#16314 = VECTOR('',#16315,1.);
#16315 = DIRECTION('',(0.,-1.));
#16316 = ( GEOMETRIC_REPRESENTATION_CONTEXT(2) 
PARAMETRIC_REPRESENTATION_CONTEXT() REPRESENTATION_CONTEXT('2D SPACE',''
  ) );
#16317 = ORIENTED_EDGE('',*,*,#16318,.T.);
#16318 = EDGE_CURVE('',#16291,#16214,#16319,.T.);
#16319 = SURFACE_CURVE('',#16320,(#16325,#16332),.PCURVE_S1.);
#16320 = CIRCLE('',#16321,0.4);
#16321 = AXIS2_PLACEMENT_3D('',#16322,#16323,#16324);
#16322 = CARTESIAN_POINT('',(1.099999987709,-1.09999996127,3.4));
#16323 = DIRECTION('',(0.,0.,-1.));
#16324 = DIRECTION('',(-1.,0.,0.));
#16325 = PCURVE('',#16252,#16326);
#16326 = DEFINITIONAL_REPRESENTATION('',(#16327),#16331);
#16327 = LINE('',#16328,#16329);
#16328 = CARTESIAN_POINT('',(0.,-3.4));
#16329 = VECTOR('',#16330,1.);
#16330 = DIRECTION('',(1.,0.));
#16331 = ( GEOMETRIC_REPRESENTATION_CONTEXT(2) 
PARAMETRIC_REPRESENTATION_CONTEXT() REPRESENTATION_CONTEXT('2D SPACE',''
  ) );
#16332 = PCURVE('',#16057,#16333);
#16333 = DEFINITIONAL_REPRESENTATION('',(#16334),#16342);
#16334 = ( BOUNDED_CURVE() B_SPLINE_CURVE(2,(#16335,#16336,#16337,#16338
    ,#16339,#16340,#16341),.UNSPECIFIED.,.T.,.F.) 
B_SPLINE_CURVE_WITH_KNOTS((1,2,2,2,2,1),(-2.094395102393,0.,
    2.094395102393,4.188790204786,6.28318530718,8.377580409573),
.UNSPECIFIED.) CURVE() GEOMETRIC_REPRESENTATION_ITEM() 
RATIONAL_B_SPLINE_CURVE((1.,0.5,1.,0.5,1.,0.5,1.)) REPRESENTATION_ITEM(
  '') );
#16335 = CARTESIAN_POINT('',(0.69999999988,-1.09999998607));
#16336 = CARTESIAN_POINT('',(0.69999999988,-0.407179663042));
#16337 = CARTESIAN_POINT('',(1.29999999988,-0.753589824556));
#16338 = CARTESIAN_POINT('',(1.89999999988,-1.09999998607));
#16339 = CARTESIAN_POINT('',(1.29999999988,-1.446410147584));
#16340 = CARTESIAN_POINT('',(0.69999999988,-1.792820309098));
#16341 = CARTESIAN_POINT('',(0.69999999988,-1.09999998607));
#16342 = ( GEOMETRIC_REPRESENTATION_CONTEXT(2) 
PARAMETRIC_REPRESENTATION_CONTEXT() REPRESENTATION_CONTEXT('2D SPACE',''
  ) );
#16343 = ORIENTED_EDGE('',*,*,#16236,.F.);
#16344 = ORIENTED_EDGE('',*,*,#16345,.F.);
#16345 = EDGE_CURVE('',#16289,#16237,#16346,.T.);
#16346 = SURFACE_CURVE('',#16347,(#16352,#16359),.PCURVE_S1.);
#16347 = CIRCLE('',#16348,0.4);
#16348 = AXIS2_PLACEMENT_3D('',#16349,#16350,#16351);
#16349 = CARTESIAN_POINT('',(1.099999987709,-1.09999996127,0.));
#16350 = DIRECTION('',(0.,0.,-1.));
#16351 = DIRECTION('',(-1.,0.,0.));
#16352 = PCURVE('',#16252,#16353);
#16353 = DEFINITIONAL_REPRESENTATION('',(#16354),#16358);
#16354 = LINE('',#16355,#16356);
#16355 = CARTESIAN_POINT('',(0.,0.));
#16356 = VECTOR('',#16357,1.);
#16357 = DIRECTION('',(1.,0.));
#16358 = ( GEOMETRIC_REPRESENTATION_CONTEXT(2) 
PARAMETRIC_REPRESENTATION_CONTEXT() REPRESENTATION_CONTEXT('2D SPACE',''
  ) );
#16359 = PCURVE('',#16111,#16360);
#16360 = DEFINITIONAL_REPRESENTATION('',(#16361),#16369);
#16361 = ( BOUNDED_CURVE() B_SPLINE_CURVE(2,(#16362,#16363,#16364,#16365
    ,#16366,#16367,#16368),.UNSPECIFIED.,.T.,.F.) 
B_SPLINE_CURVE_WITH_KNOTS((1,2,2,2,2,1),(-2.094395102393,0.,
    2.094395102393,4.188790204786,6.28318530718,8.377580409573),
.UNSPECIFIED.) CURVE() GEOMETRIC_REPRESENTATION_ITEM() 
RATIONAL_B_SPLINE_CURVE((1.,0.5,1.,0.5,1.,0.5,1.)) REPRESENTATION_ITEM(
  '') );
#16362 = CARTESIAN_POINT('',(0.69999999988,-1.09999998607));
#16363 = CARTESIAN_POINT('',(0.69999999988,-0.407179663042));
#16364 = CARTESIAN_POINT('',(1.29999999988,-0.753589824556));
#16365 = CARTESIAN_POINT('',(1.89999999988,-1.09999998607));
#16366 = CARTESIAN_POINT('',(1.29999999988,-1.446410147584));
#16367 = CARTESIAN_POINT('',(0.69999999988,-1.792820309098));
#16368 = CARTESIAN_POINT('',(0.69999999988,-1.09999998607));
#16369 = ( GEOMETRIC_REPRESENTATION_CONTEXT(2) 
PARAMETRIC_REPRESENTATION_CONTEXT() REPRESENTATION_CONTEXT('2D SPACE',''
  ) );
#16370 = ADVANCED_FACE('',(#16371),#16306,.F.);
#16371 = FACE_BOUND('',#16372,.F.);
#16372 = EDGE_LOOP('',(#16373,#16374,#16397,#16425));
#16373 = ORIENTED_EDGE('',*,*,#16288,.T.);
#16374 = ORIENTED_EDGE('',*,*,#16375,.T.);
#16375 = EDGE_CURVE('',#16291,#16376,#16378,.T.);
#16376 = VERTEX_POINT('',#16377);
#16377 = CARTESIAN_POINT('',(1.5,1.100000026439,3.4));
#16378 = SURFACE_CURVE('',#16379,(#16383,#16390),.PCURVE_S1.);
#16379 = LINE('',#16380,#16381);
#16380 = CARTESIAN_POINT('',(1.5,3.872994880361E-08,3.4));
#16381 = VECTOR('',#16382,1.);
#16382 = DIRECTION('',(0.,1.,0.));
#16383 = PCURVE('',#16306,#16384);
#16384 = DEFINITIONAL_REPRESENTATION('',(#16385),#16389);
#16385 = LINE('',#16386,#16387);
#16386 = CARTESIAN_POINT('',(1.1,-3.4));
#16387 = VECTOR('',#16388,1.);
#16388 = DIRECTION('',(1.,0.));
#16389 = ( GEOMETRIC_REPRESENTATION_CONTEXT(2) 
PARAMETRIC_REPRESENTATION_CONTEXT() REPRESENTATION_CONTEXT('2D SPACE',''
  ) );
#16390 = PCURVE('',#16057,#16391);
#16391 = DEFINITIONAL_REPRESENTATION('',(#16392),#16396);
#16392 = LINE('',#16393,#16394);
#16393 = CARTESIAN_POINT('',(1.500000012171,1.392998436338E-08));
#16394 = VECTOR('',#16395,1.);
#16395 = DIRECTION('',(0.,1.));
#16396 = ( GEOMETRIC_REPRESENTATION_CONTEXT(2) 
PARAMETRIC_REPRESENTATION_CONTEXT() REPRESENTATION_CONTEXT('2D SPACE',''
  ) );
#16397 = ORIENTED_EDGE('',*,*,#16398,.F.);
#16398 = EDGE_CURVE('',#16399,#16376,#16401,.T.);
#16399 = VERTEX_POINT('',#16400);
#16400 = CARTESIAN_POINT('',(1.5,1.100000026439,0.));
#16401 = SURFACE_CURVE('',#16402,(#16406,#16413),.PCURVE_S1.);
#16402 = LINE('',#16403,#16404);
#16403 = CARTESIAN_POINT('',(1.5,1.100000026439,0.));
#16404 = VECTOR('',#16405,1.);
#16405 = DIRECTION('',(0.,0.,1.));
#16406 = PCURVE('',#16306,#16407);
#16407 = DEFINITIONAL_REPRESENTATION('',(#16408),#16412);
#16408 = LINE('',#16409,#16410);
#16409 = CARTESIAN_POINT('',(2.199999987709,0.));
#16410 = VECTOR('',#16411,1.);
#16411 = DIRECTION('',(0.,-1.));
#16412 = ( GEOMETRIC_REPRESENTATION_CONTEXT(2) 
PARAMETRIC_REPRESENTATION_CONTEXT() REPRESENTATION_CONTEXT('2D SPACE',''
  ) );
#16413 = PCURVE('',#16414,#16419);
#16414 = CYLINDRICAL_SURFACE('',#16415,0.4);
#16415 = AXIS2_PLACEMENT_3D('',#16416,#16417,#16418);
#16416 = CARTESIAN_POINT('',(1.1,1.100000026439,0.));
#16417 = DIRECTION('',(0.,0.,-1.));
#16418 = DIRECTION('',(-1.,0.,0.));
#16419 = DEFINITIONAL_REPRESENTATION('',(#16420),#16424);
#16420 = LINE('',#16421,#16422);
#16421 = CARTESIAN_POINT('',(3.14159265359,0.));
#16422 = VECTOR('',#16423,1.);
#16423 = DIRECTION('',(0.,-1.));
#16424 = ( GEOMETRIC_REPRESENTATION_CONTEXT(2) 
PARAMETRIC_REPRESENTATION_CONTEXT() REPRESENTATION_CONTEXT('2D SPACE',''
  ) );
#16425 = ORIENTED_EDGE('',*,*,#16426,.F.);
#16426 = EDGE_CURVE('',#16289,#16399,#16427,.T.);
#16427 = SURFACE_CURVE('',#16428,(#16432,#16439),.PCURVE_S1.);
#16428 = LINE('',#16429,#16430);
#16429 = CARTESIAN_POINT('',(1.5,3.872994880361E-08,0.));
#16430 = VECTOR('',#16431,1.);
#16431 = DIRECTION('',(0.,1.,0.));
#16432 = PCURVE('',#16306,#16433);
#16433 = DEFINITIONAL_REPRESENTATION('',(#16434),#16438);
#16434 = LINE('',#16435,#16436);
#16435 = CARTESIAN_POINT('',(1.1,0.));
#16436 = VECTOR('',#16437,1.);
#16437 = DIRECTION('',(1.,0.));
#16438 = ( GEOMETRIC_REPRESENTATION_CONTEXT(2) 
PARAMETRIC_REPRESENTATION_CONTEXT() REPRESENTATION_CONTEXT('2D SPACE',''
  ) );
#16439 = PCURVE('',#16111,#16440);
#16440 = DEFINITIONAL_REPRESENTATION('',(#16441),#16445);
#16441 = LINE('',#16442,#16443);
#16442 = CARTESIAN_POINT('',(1.500000012171,1.392998436338E-08));
#16443 = VECTOR('',#16444,1.);
#16444 = DIRECTION('',(0.,1.));
#16445 = ( GEOMETRIC_REPRESENTATION_CONTEXT(2) 
PARAMETRIC_REPRESENTATION_CONTEXT() REPRESENTATION_CONTEXT('2D SPACE',''
  ) );
#16446 = ADVANCED_FACE('',(#16447),#16414,.T.);
#16447 = FACE_BOUND('',#16448,.T.);
#16448 = EDGE_LOOP('',(#16449,#16479,#16505,#16506));
#16449 = ORIENTED_EDGE('',*,*,#16450,.T.);
#16450 = EDGE_CURVE('',#16451,#16453,#16455,.T.);
#16451 = VERTEX_POINT('',#16452);
#16452 = CARTESIAN_POINT('',(1.1,1.500000032584,0.));
#16453 = VERTEX_POINT('',#16454);
#16454 = CARTESIAN_POINT('',(1.1,1.500000032584,3.4));
#16455 = SURFACE_CURVE('',#16456,(#16460,#16467),.PCURVE_S1.);
#16456 = LINE('',#16457,#16458);
#16457 = CARTESIAN_POINT('',(1.1,1.500000032584,0.));
#16458 = VECTOR('',#16459,1.);
#16459 = DIRECTION('',(0.,0.,1.));
#16460 = PCURVE('',#16414,#16461);
#16461 = DEFINITIONAL_REPRESENTATION('',(#16462),#16466);
#16462 = LINE('',#16463,#16464);
#16463 = CARTESIAN_POINT('',(1.570796326795,0.));
#16464 = VECTOR('',#16465,1.);
#16465 = DIRECTION('',(0.,-1.));
#16466 = ( GEOMETRIC_REPRESENTATION_CONTEXT(2) 
PARAMETRIC_REPRESENTATION_CONTEXT() REPRESENTATION_CONTEXT('2D SPACE',''
  ) );
#16467 = PCURVE('',#16468,#16473);
#16468 = PLANE('',#16469);
#16469 = AXIS2_PLACEMENT_3D('',#16470,#16471,#16472);
#16470 = CARTESIAN_POINT('',(-1.1,1.50000003873,0.));
#16471 = DIRECTION('',(0.,1.,0.));
#16472 = DIRECTION('',(1.,0.,0.));
#16473 = DEFINITIONAL_REPRESENTATION('',(#16474),#16478);
#16474 = LINE('',#16475,#16476);
#16475 = CARTESIAN_POINT('',(2.2,0.));
#16476 = VECTOR('',#16477,1.);
#16477 = DIRECTION('',(0.,-1.));
#16478 = ( GEOMETRIC_REPRESENTATION_CONTEXT(2) 
PARAMETRIC_REPRESENTATION_CONTEXT() REPRESENTATION_CONTEXT('2D SPACE',''
  ) );
#16479 = ORIENTED_EDGE('',*,*,#16480,.T.);
#16480 = EDGE_CURVE('',#16453,#16376,#16481,.T.);
#16481 = SURFACE_CURVE('',#16482,(#16487,#16494),.PCURVE_S1.);
#16482 = CIRCLE('',#16483,0.4);
#16483 = AXIS2_PLACEMENT_3D('',#16484,#16485,#16486);
#16484 = CARTESIAN_POINT('',(1.1,1.100000026439,3.4));
#16485 = DIRECTION('',(0.,0.,-1.));
#16486 = DIRECTION('',(-1.,0.,0.));
#16487 = PCURVE('',#16414,#16488);
#16488 = DEFINITIONAL_REPRESENTATION('',(#16489),#16493);
#16489 = LINE('',#16490,#16491);
#16490 = CARTESIAN_POINT('',(0.,-3.4));
#16491 = VECTOR('',#16492,1.);
#16492 = DIRECTION('',(1.,0.));
#16493 = ( GEOMETRIC_REPRESENTATION_CONTEXT(2) 
PARAMETRIC_REPRESENTATION_CONTEXT() REPRESENTATION_CONTEXT('2D SPACE',''
  ) );
#16494 = PCURVE('',#16057,#16495);
#16495 = DEFINITIONAL_REPRESENTATION('',(#16496),#16504);
#16496 = ( BOUNDED_CURVE() B_SPLINE_CURVE(2,(#16497,#16498,#16499,#16500
    ,#16501,#16502,#16503),.UNSPECIFIED.,.T.,.F.) 
B_SPLINE_CURVE_WITH_KNOTS((1,2,2,2,2,1),(-2.094395102393,0.,
    2.094395102393,4.188790204786,6.28318530718,8.377580409573),
.UNSPECIFIED.) CURVE() GEOMETRIC_REPRESENTATION_ITEM() 
RATIONAL_B_SPLINE_CURVE((1.,0.5,1.,0.5,1.,0.5,1.)) REPRESENTATION_ITEM(
  '') );
#16497 = CARTESIAN_POINT('',(0.700000012171,1.100000001639));
#16498 = CARTESIAN_POINT('',(0.700000012171,1.792820324666));
#16499 = CARTESIAN_POINT('',(1.300000012171,1.446410163152));
#16500 = CARTESIAN_POINT('',(1.900000012171,1.100000001639));
#16501 = CARTESIAN_POINT('',(1.300000012171,0.753589840125));
#16502 = CARTESIAN_POINT('',(0.700000012171,0.407179678611));
#16503 = CARTESIAN_POINT('',(0.700000012171,1.100000001639));
#16504 = ( GEOMETRIC_REPRESENTATION_CONTEXT(2) 
PARAMETRIC_REPRESENTATION_CONTEXT() REPRESENTATION_CONTEXT('2D SPACE',''
  ) );
#16505 = ORIENTED_EDGE('',*,*,#16398,.F.);
#16506 = ORIENTED_EDGE('',*,*,#16507,.F.);
#16507 = EDGE_CURVE('',#16451,#16399,#16508,.T.);
#16508 = SURFACE_CURVE('',#16509,(#16514,#16521),.PCURVE_S1.);
#16509 = CIRCLE('',#16510,0.4);
#16510 = AXIS2_PLACEMENT_3D('',#16511,#16512,#16513);
#16511 = CARTESIAN_POINT('',(1.1,1.100000026439,0.));
#16512 = DIRECTION('',(0.,0.,-1.));
#16513 = DIRECTION('',(-1.,0.,0.));
#16514 = PCURVE('',#16414,#16515);
#16515 = DEFINITIONAL_REPRESENTATION('',(#16516),#16520);
#16516 = LINE('',#16517,#16518);
#16517 = CARTESIAN_POINT('',(0.,0.));
#16518 = VECTOR('',#16519,1.);
#16519 = DIRECTION('',(1.,0.));
#16520 = ( GEOMETRIC_REPRESENTATION_CONTEXT(2) 
PARAMETRIC_REPRESENTATION_CONTEXT() REPRESENTATION_CONTEXT('2D SPACE',''
  ) );
#16521 = PCURVE('',#16111,#16522);
#16522 = DEFINITIONAL_REPRESENTATION('',(#16523),#16531);
#16523 = ( BOUNDED_CURVE() B_SPLINE_CURVE(2,(#16524,#16525,#16526,#16527
    ,#16528,#16529,#16530),.UNSPECIFIED.,.T.,.F.) 
B_SPLINE_CURVE_WITH_KNOTS((1,2,2,2,2,1),(-2.094395102393,0.,
    2.094395102393,4.188790204786,6.28318530718,8.377580409573),
.UNSPECIFIED.) CURVE() GEOMETRIC_REPRESENTATION_ITEM() 
RATIONAL_B_SPLINE_CURVE((1.,0.5,1.,0.5,1.,0.5,1.)) REPRESENTATION_ITEM(
  '') );
#16524 = CARTESIAN_POINT('',(0.700000012171,1.100000001639));
#16525 = CARTESIAN_POINT('',(0.700000012171,1.792820324666));
#16526 = CARTESIAN_POINT('',(1.300000012171,1.446410163152));
#16527 = CARTESIAN_POINT('',(1.900000012171,1.100000001639));
#16528 = CARTESIAN_POINT('',(1.300000012171,0.753589840125));
#16529 = CARTESIAN_POINT('',(0.700000012171,0.407179678611));
#16530 = CARTESIAN_POINT('',(0.700000012171,1.100000001639));
#16531 = ( GEOMETRIC_REPRESENTATION_CONTEXT(2) 
PARAMETRIC_REPRESENTATION_CONTEXT() REPRESENTATION_CONTEXT('2D SPACE',''
  ) );
#16532 = ADVANCED_FACE('',(#16533),#16468,.T.);
#16533 = FACE_BOUND('',#16534,.T.);
#16534 = EDGE_LOOP('',(#16535,#16560,#16581,#16582));
#16535 = ORIENTED_EDGE('',*,*,#16536,.T.);
#16536 = EDGE_CURVE('',#16537,#16539,#16541,.T.);
#16537 = VERTEX_POINT('',#16538);
#16538 = CARTESIAN_POINT('',(-1.1,1.500000032584,0.));
#16539 = VERTEX_POINT('',#16540);
#16540 = CARTESIAN_POINT('',(-1.1,1.500000032584,3.4));
#16541 = SURFACE_CURVE('',#16542,(#16546,#16553),.PCURVE_S1.);
#16542 = LINE('',#16543,#16544);
#16543 = CARTESIAN_POINT('',(-1.1,1.500000032584,0.));
#16544 = VECTOR('',#16545,1.);
#16545 = DIRECTION('',(0.,0.,1.));
#16546 = PCURVE('',#16468,#16547);
#16547 = DEFINITIONAL_REPRESENTATION('',(#16548),#16552);
#16548 = LINE('',#16549,#16550);
#16549 = CARTESIAN_POINT('',(0.,0.));
#16550 = VECTOR('',#16551,1.);
#16551 = DIRECTION('',(0.,-1.));
#16552 = ( GEOMETRIC_REPRESENTATION_CONTEXT(2) 
PARAMETRIC_REPRESENTATION_CONTEXT() REPRESENTATION_CONTEXT('2D SPACE',''
  ) );
#16553 = PCURVE('',#16085,#16554);
#16554 = DEFINITIONAL_REPRESENTATION('',(#16555),#16559);
#16555 = LINE('',#16556,#16557);
#16556 = CARTESIAN_POINT('',(1.570796326795,0.));
#16557 = VECTOR('',#16558,1.);
#16558 = DIRECTION('',(0.,-1.));
#16559 = ( GEOMETRIC_REPRESENTATION_CONTEXT(2) 
PARAMETRIC_REPRESENTATION_CONTEXT() REPRESENTATION_CONTEXT('2D SPACE',''
  ) );
#16560 = ORIENTED_EDGE('',*,*,#16561,.T.);
#16561 = EDGE_CURVE('',#16539,#16453,#16562,.T.);
#16562 = SURFACE_CURVE('',#16563,(#16567,#16574),.PCURVE_S1.);
#16563 = LINE('',#16564,#16565);
#16564 = CARTESIAN_POINT('',(0.,1.50000003873,3.4));
#16565 = VECTOR('',#16566,1.);
#16566 = DIRECTION('',(1.,0.,0.));
#16567 = PCURVE('',#16468,#16568);
#16568 = DEFINITIONAL_REPRESENTATION('',(#16569),#16573);
#16569 = LINE('',#16570,#16571);
#16570 = CARTESIAN_POINT('',(1.1,-3.4));
#16571 = VECTOR('',#16572,1.);
#16572 = DIRECTION('',(1.,0.));
#16573 = ( GEOMETRIC_REPRESENTATION_CONTEXT(2) 
PARAMETRIC_REPRESENTATION_CONTEXT() REPRESENTATION_CONTEXT('2D SPACE',''
  ) );
#16574 = PCURVE('',#16057,#16575);
#16575 = DEFINITIONAL_REPRESENTATION('',(#16576),#16580);
#16576 = LINE('',#16577,#16578);
#16577 = CARTESIAN_POINT('',(1.21709686777E-08,1.50000001393));
#16578 = VECTOR('',#16579,1.);
#16579 = DIRECTION('',(1.,0.));
#16580 = ( GEOMETRIC_REPRESENTATION_CONTEXT(2) 
PARAMETRIC_REPRESENTATION_CONTEXT() REPRESENTATION_CONTEXT('2D SPACE',''
  ) );
#16581 = ORIENTED_EDGE('',*,*,#16450,.F.);
#16582 = ORIENTED_EDGE('',*,*,#16583,.F.);
#16583 = EDGE_CURVE('',#16537,#16451,#16584,.T.);
#16584 = SURFACE_CURVE('',#16585,(#16589,#16596),.PCURVE_S1.);
#16585 = LINE('',#16586,#16587);
#16586 = CARTESIAN_POINT('',(0.,1.50000003873,0.));
#16587 = VECTOR('',#16588,1.);
#16588 = DIRECTION('',(1.,0.,0.));
#16589 = PCURVE('',#16468,#16590);
#16590 = DEFINITIONAL_REPRESENTATION('',(#16591),#16595);
#16591 = LINE('',#16592,#16593);
#16592 = CARTESIAN_POINT('',(1.1,0.));
#16593 = VECTOR('',#16594,1.);
#16594 = DIRECTION('',(1.,0.));
#16595 = ( GEOMETRIC_REPRESENTATION_CONTEXT(2) 
PARAMETRIC_REPRESENTATION_CONTEXT() REPRESENTATION_CONTEXT('2D SPACE',''
  ) );
#16596 = PCURVE('',#16111,#16597);
#16597 = DEFINITIONAL_REPRESENTATION('',(#16598),#16602);
#16598 = LINE('',#16599,#16600);
#16599 = CARTESIAN_POINT('',(1.21709686777E-08,1.50000001393));
#16600 = VECTOR('',#16601,1.);
#16601 = DIRECTION('',(1.,0.));
#16602 = ( GEOMETRIC_REPRESENTATION_CONTEXT(2) 
PARAMETRIC_REPRESENTATION_CONTEXT() REPRESENTATION_CONTEXT('2D SPACE',''
  ) );
#16603 = ADVANCED_FACE('',(#16604),#16085,.T.);
#16604 = FACE_BOUND('',#16605,.T.);
#16605 = EDGE_LOOP('',(#16606,#16607,#16633,#16634));
#16606 = ORIENTED_EDGE('',*,*,#16069,.T.);
#16607 = ORIENTED_EDGE('',*,*,#16608,.T.);
#16608 = EDGE_CURVE('',#16042,#16539,#16609,.T.);
#16609 = SURFACE_CURVE('',#16610,(#16615,#16622),.PCURVE_S1.);
#16610 = CIRCLE('',#16611,0.4);
#16611 = AXIS2_PLACEMENT_3D('',#16612,#16613,#16614);
#16612 = CARTESIAN_POINT('',(-1.1,1.100000026439,3.4));
#16613 = DIRECTION('',(0.,0.,-1.));
#16614 = DIRECTION('',(-1.,0.,0.));
#16615 = PCURVE('',#16085,#16616);
#16616 = DEFINITIONAL_REPRESENTATION('',(#16617),#16621);
#16617 = LINE('',#16618,#16619);
#16618 = CARTESIAN_POINT('',(0.,-3.4));
#16619 = VECTOR('',#16620,1.);
#16620 = DIRECTION('',(1.,0.));
#16621 = ( GEOMETRIC_REPRESENTATION_CONTEXT(2) 
PARAMETRIC_REPRESENTATION_CONTEXT() REPRESENTATION_CONTEXT('2D SPACE',''
  ) );
#16622 = PCURVE('',#16057,#16623);
#16623 = DEFINITIONAL_REPRESENTATION('',(#16624),#16632);
#16624 = ( BOUNDED_CURVE() B_SPLINE_CURVE(2,(#16625,#16626,#16627,#16628
    ,#16629,#16630,#16631),.UNSPECIFIED.,.T.,.F.) 
B_SPLINE_CURVE_WITH_KNOTS((1,2,2,2,2,1),(-2.094395102393,0.,
    2.094395102393,4.188790204786,6.28318530718,8.377580409573),
.UNSPECIFIED.) CURVE() GEOMETRIC_REPRESENTATION_ITEM() 
RATIONAL_B_SPLINE_CURVE((1.,0.5,1.,0.5,1.,0.5,1.)) REPRESENTATION_ITEM(
  '') );
#16625 = CARTESIAN_POINT('',(-1.499999987829,1.100000001639));
#16626 = CARTESIAN_POINT('',(-1.499999987829,1.792820324666));
#16627 = CARTESIAN_POINT('',(-0.899999987829,1.446410163152));
#16628 = CARTESIAN_POINT('',(-0.299999987829,1.100000001639));
#16629 = CARTESIAN_POINT('',(-0.899999987829,0.753589840125));
#16630 = CARTESIAN_POINT('',(-1.499999987829,0.407179678611));
#16631 = CARTESIAN_POINT('',(-1.499999987829,1.100000001639));
#16632 = ( GEOMETRIC_REPRESENTATION_CONTEXT(2) 
PARAMETRIC_REPRESENTATION_CONTEXT() REPRESENTATION_CONTEXT('2D SPACE',''
  ) );
#16633 = ORIENTED_EDGE('',*,*,#16536,.F.);
#16634 = ORIENTED_EDGE('',*,*,#16635,.F.);
#16635 = EDGE_CURVE('',#16070,#16537,#16636,.T.);
#16636 = SURFACE_CURVE('',#16637,(#16642,#16649),.PCURVE_S1.);
#16637 = CIRCLE('',#16638,0.4);
#16638 = AXIS2_PLACEMENT_3D('',#16639,#16640,#16641);
#16639 = CARTESIAN_POINT('',(-1.1,1.100000026439,0.));
#16640 = DIRECTION('',(0.,0.,-1.));
#16641 = DIRECTION('',(-1.,0.,0.));
#16642 = PCURVE('',#16085,#16643);
#16643 = DEFINITIONAL_REPRESENTATION('',(#16644),#16648);
#16644 = LINE('',#16645,#16646);
#16645 = CARTESIAN_POINT('',(0.,0.));
#16646 = VECTOR('',#16647,1.);
#16647 = DIRECTION('',(1.,0.));
#16648 = ( GEOMETRIC_REPRESENTATION_CONTEXT(2) 
PARAMETRIC_REPRESENTATION_CONTEXT() REPRESENTATION_CONTEXT('2D SPACE',''
  ) );
#16649 = PCURVE('',#16111,#16650);
#16650 = DEFINITIONAL_REPRESENTATION('',(#16651),#16659);
#16651 = ( BOUNDED_CURVE() B_SPLINE_CURVE(2,(#16652,#16653,#16654,#16655
    ,#16656,#16657,#16658),.UNSPECIFIED.,.T.,.F.) 
B_SPLINE_CURVE_WITH_KNOTS((1,2,2,2,2,1),(-2.094395102393,0.,
    2.094395102393,4.188790204786,6.28318530718,8.377580409573),
.UNSPECIFIED.) CURVE() GEOMETRIC_REPRESENTATION_ITEM() 
RATIONAL_B_SPLINE_CURVE((1.,0.5,1.,0.5,1.,0.5,1.)) REPRESENTATION_ITEM(
  '') );
#16652 = CARTESIAN_POINT('',(-1.499999987829,1.100000001639));
#16653 = CARTESIAN_POINT('',(-1.499999987829,1.792820324666));
#16654 = CARTESIAN_POINT('',(-0.899999987829,1.446410163152));
#16655 = CARTESIAN_POINT('',(-0.299999987829,1.100000001639));
#16656 = CARTESIAN_POINT('',(-0.899999987829,0.753589840125));
#16657 = CARTESIAN_POINT('',(-1.499999987829,0.407179678611));
#16658 = CARTESIAN_POINT('',(-1.499999987829,1.100000001639));
#16659 = ( GEOMETRIC_REPRESENTATION_CONTEXT(2) 
PARAMETRIC_REPRESENTATION_CONTEXT() REPRESENTATION_CONTEXT('2D SPACE',''
  ) );
#16660 = ADVANCED_FACE('',(#16661),#16111,.F.);
#16661 = FACE_BOUND('',#16662,.F.);
#16662 = EDGE_LOOP('',(#16663,#16664,#16665,#16666,#16667,#16668,#16669,
    #16670));
#16663 = ORIENTED_EDGE('',*,*,#16097,.F.);
#16664 = ORIENTED_EDGE('',*,*,#16183,.F.);
#16665 = ORIENTED_EDGE('',*,*,#16264,.T.);
#16666 = ORIENTED_EDGE('',*,*,#16345,.F.);
#16667 = ORIENTED_EDGE('',*,*,#16426,.T.);
#16668 = ORIENTED_EDGE('',*,*,#16507,.F.);
#16669 = ORIENTED_EDGE('',*,*,#16583,.F.);
#16670 = ORIENTED_EDGE('',*,*,#16635,.F.);
#16671 = ADVANCED_FACE('',(#16672),#16057,.T.);
#16672 = FACE_BOUND('',#16673,.T.);
#16673 = EDGE_LOOP('',(#16674,#16675,#16676,#16677,#16678,#16679,#16680,
    #16681));
#16674 = ORIENTED_EDGE('',*,*,#16041,.F.);
#16675 = ORIENTED_EDGE('',*,*,#16156,.F.);
#16676 = ORIENTED_EDGE('',*,*,#16213,.T.);
#16677 = ORIENTED_EDGE('',*,*,#16318,.F.);
#16678 = ORIENTED_EDGE('',*,*,#16375,.T.);
#16679 = ORIENTED_EDGE('',*,*,#16480,.F.);
#16680 = ORIENTED_EDGE('',*,*,#16561,.F.);
#16681 = ORIENTED_EDGE('',*,*,#16608,.F.);
#16682 = ( GEOMETRIC_REPRESENTATION_CONTEXT(3) 
GLOBAL_UNCERTAINTY_ASSIGNED_CONTEXT((#16686)) 
GLOBAL_UNIT_ASSIGNED_CONTEXT((#16683,#16684,#16685)) 
REPRESENTATION_CONTEXT('Context #1',
  '3D Context with UNIT and UNCERTAINTY') );
#16683 = ( LENGTH_UNIT() NAMED_UNIT(*) SI_UNIT(.MILLI.,.METRE.) );
#16684 = ( NAMED_UNIT(*) PLANE_ANGLE_UNIT() SI_UNIT($,.RADIAN.) );
#16685 = ( NAMED_UNIT(*) SI_UNIT($,.STERADIAN.) SOLID_ANGLE_UNIT() );
#16686 = UNCERTAINTY_MEASURE_WITH_UNIT(LENGTH_MEASURE(1.E-07),#16683,
  'distance_accuracy_value','confusion accuracy');
#16687 = CONTEXT_DEPENDENT_SHAPE_REPRESENTATION(#16688,#16690);
#16688 = ( REPRESENTATION_RELATIONSHIP('','',#15999,#14946) 
REPRESENTATION_RELATIONSHIP_WITH_TRANSFORMATION(#16689) 
SHAPE_REPRESENTATION_RELATIONSHIP() );
#16689 = ITEM_DEFINED_TRANSFORMATION('','',#11,#14955);
#16690 = PRODUCT_DEFINITION_SHAPE('Placement','Placement of an item',
  #16691);
#16691 = NEXT_ASSEMBLY_USAGE_OCCURRENCE('4','=>[0:1:1:6]','',#14941,
  #15994,$);
#16692 = PRODUCT_RELATED_PRODUCT_CATEGORY('part',$,(#15996));
#16693 = SHAPE_DEFINITION_REPRESENTATION(#16694,#16700);
#16694 = PRODUCT_DEFINITION_SHAPE('','',#16695);
#16695 = PRODUCT_DEFINITION('design','',#16696,#16699);
#16696 = PRODUCT_DEFINITION_FORMATION('','',#16697);
#16697 = PRODUCT('COMPOUND','COMPOUND','',(#16698));
#16698 = PRODUCT_CONTEXT('',#2,'mechanical');
#16699 = PRODUCT_DEFINITION_CONTEXT('part definition',#2,'design');
#16700 = SHAPE_REPRESENTATION('',(#11,#16701,#16705,#16709),#16713);
#16701 = AXIS2_PLACEMENT_3D('',#16702,#16703,#16704);
#16702 = CARTESIAN_POINT('',(-21.5,36.,9.2));
#16703 = DIRECTION('',(0.,0.,1.));
#16704 = DIRECTION('',(1.,0.,-0.));
#16705 = AXIS2_PLACEMENT_3D('',#16706,#16707,#16708);
#16706 = CARTESIAN_POINT('',(-21.5,40.,9.2));
#16707 = DIRECTION('',(0.,0.,1.));
#16708 = DIRECTION('',(1.,0.,-0.));
#16709 = AXIS2_PLACEMENT_3D('',#16710,#16711,#16712);
#16710 = CARTESIAN_POINT('',(-21.5,44.,9.2));
#16711 = DIRECTION('',(0.,0.,1.));
#16712 = DIRECTION('',(1.,0.,-0.));
#16713 = ( GEOMETRIC_REPRESENTATION_CONTEXT(3) 
GLOBAL_UNCERTAINTY_ASSIGNED_CONTEXT((#16717)) 
GLOBAL_UNIT_ASSIGNED_CONTEXT((#16714,#16715,#16716)) 
REPRESENTATION_CONTEXT('Context #1',
  '3D Context with UNIT and UNCERTAINTY') );
#16714 = ( LENGTH_UNIT() NAMED_UNIT(*) SI_UNIT(.MILLI.,.METRE.) );
#16715 = ( NAMED_UNIT(*) PLANE_ANGLE_UNIT() SI_UNIT($,.RADIAN.) );
#16716 = ( NAMED_UNIT(*) SI_UNIT($,.STERADIAN.) SOLID_ANGLE_UNIT() );
#16717 = UNCERTAINTY_MEASURE_WITH_UNIT(LENGTH_MEASURE(1.E-07),#16714,
  'distance_accuracy_value','confusion accuracy');
#16718 = CONTEXT_DEPENDENT_SHAPE_REPRESENTATION(#16719,#16721);
#16719 = ( REPRESENTATION_RELATIONSHIP('','',#16700,#14946) 
REPRESENTATION_RELATIONSHIP_WITH_TRANSFORMATION(#16720) 
SHAPE_REPRESENTATION_RELATIONSHIP() );
#16720 = ITEM_DEFINED_TRANSFORMATION('','',#11,#14959);
#16721 = PRODUCT_DEFINITION_SHAPE('Placement','Placement of an item',
  #16722);
#16722 = NEXT_ASSEMBLY_USAGE_OCCURRENCE('8','=>[0:1:1:7]','',#14941,
  #16695,$);
#16723 = PRODUCT_RELATED_PRODUCT_CATEGORY('part',$,(#16697));
#16724 = SHAPE_DEFINITION_REPRESENTATION(#16725,#16731);
#16725 = PRODUCT_DEFINITION_SHAPE('','',#16726);
#16726 = PRODUCT_DEFINITION('design','',#16727,#16730);
#16727 = PRODUCT_DEFINITION_FORMATION('','',#16728);
#16728 = PRODUCT('COMPOUND','COMPOUND','',(#16729));
#16729 = PRODUCT_CONTEXT('',#2,'mechanical');
#16730 = PRODUCT_DEFINITION_CONTEXT('part definition',#2,'design');
#16731 = ADVANCED_BREP_SHAPE_REPRESENTATION('',(#11,#16732),#17062);
#16732 = MANIFOLD_SOLID_BREP('',#16733);
#16733 = CLOSED_SHELL('',(#16734,#16854,#16954,#17001,#17048,#17055));
#16734 = ADVANCED_FACE('',(#16735),#16749,.F.);
#16735 = FACE_BOUND('',#16736,.F.);
#16736 = EDGE_LOOP('',(#16737,#16772,#16800,#16828));
#16737 = ORIENTED_EDGE('',*,*,#16738,.F.);
#16738 = EDGE_CURVE('',#16739,#16741,#16743,.T.);
#16739 = VERTEX_POINT('',#16740);
#16740 = CARTESIAN_POINT('',(-0.25,-1.,-1.6));
#16741 = VERTEX_POINT('',#16742);
#16742 = CARTESIAN_POINT('',(-0.25,-1.,1.6));
#16743 = SURFACE_CURVE('',#16744,(#16748,#16760),.PCURVE_S1.);
#16744 = LINE('',#16745,#16746);
#16745 = CARTESIAN_POINT('',(-0.25,-1.,-1.6));
#16746 = VECTOR('',#16747,1.);
#16747 = DIRECTION('',(0.,0.,1.));
#16748 = PCURVE('',#16749,#16754);
#16749 = PLANE('',#16750);
#16750 = AXIS2_PLACEMENT_3D('',#16751,#16752,#16753);
#16751 = CARTESIAN_POINT('',(-0.25,-1.,-1.6));
#16752 = DIRECTION('',(1.,0.,-0.));
#16753 = DIRECTION('',(0.,0.,1.));
#16754 = DEFINITIONAL_REPRESENTATION('',(#16755),#16759);
#16755 = LINE('',#16756,#16757);
#16756 = CARTESIAN_POINT('',(0.,0.));
#16757 = VECTOR('',#16758,1.);
#16758 = DIRECTION('',(1.,0.));
#16759 = ( GEOMETRIC_REPRESENTATION_CONTEXT(2) 
PARAMETRIC_REPRESENTATION_CONTEXT() REPRESENTATION_CONTEXT('2D SPACE',''
  ) );
#16760 = PCURVE('',#16761,#16766);
#16761 = PLANE('',#16762);
#16762 = AXIS2_PLACEMENT_3D('',#16763,#16764,#16765);
#16763 = CARTESIAN_POINT('',(-0.25,-1.,-1.6));
#16764 = DIRECTION('',(-0.,1.,0.));
#16765 = DIRECTION('',(0.,0.,1.));
#16766 = DEFINITIONAL_REPRESENTATION('',(#16767),#16771);
#16767 = LINE('',#16768,#16769);
#16768 = CARTESIAN_POINT('',(0.,0.));
#16769 = VECTOR('',#16770,1.);
#16770 = DIRECTION('',(1.,0.));
#16771 = ( GEOMETRIC_REPRESENTATION_CONTEXT(2) 
PARAMETRIC_REPRESENTATION_CONTEXT() REPRESENTATION_CONTEXT('2D SPACE',''
  ) );
#16772 = ORIENTED_EDGE('',*,*,#16773,.T.);
#16773 = EDGE_CURVE('',#16739,#16774,#16776,.T.);
#16774 = VERTEX_POINT('',#16775);
#16775 = CARTESIAN_POINT('',(-0.25,1.,-1.6));
#16776 = SURFACE_CURVE('',#16777,(#16781,#16788),.PCURVE_S1.);
#16777 = LINE('',#16778,#16779);
#16778 = CARTESIAN_POINT('',(-0.25,-1.,-1.6));
#16779 = VECTOR('',#16780,1.);
#16780 = DIRECTION('',(-0.,1.,0.));
#16781 = PCURVE('',#16749,#16782);
#16782 = DEFINITIONAL_REPRESENTATION('',(#16783),#16787);
#16783 = LINE('',#16784,#16785);
#16784 = CARTESIAN_POINT('',(0.,0.));
#16785 = VECTOR('',#16786,1.);
#16786 = DIRECTION('',(0.,-1.));
#16787 = ( GEOMETRIC_REPRESENTATION_CONTEXT(2) 
PARAMETRIC_REPRESENTATION_CONTEXT() REPRESENTATION_CONTEXT('2D SPACE',''
  ) );
#16788 = PCURVE('',#16789,#16794);
#16789 = PLANE('',#16790);
#16790 = AXIS2_PLACEMENT_3D('',#16791,#16792,#16793);
#16791 = CARTESIAN_POINT('',(-0.25,-1.,-1.6));
#16792 = DIRECTION('',(0.,0.,1.));
#16793 = DIRECTION('',(1.,0.,-0.));
#16794 = DEFINITIONAL_REPRESENTATION('',(#16795),#16799);
#16795 = LINE('',#16796,#16797);
#16796 = CARTESIAN_POINT('',(0.,0.));
#16797 = VECTOR('',#16798,1.);
#16798 = DIRECTION('',(0.,1.));
#16799 = ( GEOMETRIC_REPRESENTATION_CONTEXT(2) 
PARAMETRIC_REPRESENTATION_CONTEXT() REPRESENTATION_CONTEXT('2D SPACE',''
  ) );
#16800 = ORIENTED_EDGE('',*,*,#16801,.T.);
#16801 = EDGE_CURVE('',#16774,#16802,#16804,.T.);
#16802 = VERTEX_POINT('',#16803);
#16803 = CARTESIAN_POINT('',(-0.25,1.,1.6));
#16804 = SURFACE_CURVE('',#16805,(#16809,#16816),.PCURVE_S1.);
#16805 = LINE('',#16806,#16807);
#16806 = CARTESIAN_POINT('',(-0.25,1.,-1.6));
#16807 = VECTOR('',#16808,1.);
#16808 = DIRECTION('',(0.,0.,1.));
#16809 = PCURVE('',#16749,#16810);
#16810 = DEFINITIONAL_REPRESENTATION('',(#16811),#16815);
#16811 = LINE('',#16812,#16813);
#16812 = CARTESIAN_POINT('',(0.,-2.));
#16813 = VECTOR('',#16814,1.);
#16814 = DIRECTION('',(1.,0.));
#16815 = ( GEOMETRIC_REPRESENTATION_CONTEXT(2) 
PARAMETRIC_REPRESENTATION_CONTEXT() REPRESENTATION_CONTEXT('2D SPACE',''
  ) );
#16816 = PCURVE('',#16817,#16822);
#16817 = PLANE('',#16818);
#16818 = AXIS2_PLACEMENT_3D('',#16819,#16820,#16821);
#16819 = CARTESIAN_POINT('',(-0.25,1.,-1.6));
#16820 = DIRECTION('',(-0.,1.,0.));
#16821 = DIRECTION('',(0.,0.,1.));
#16822 = DEFINITIONAL_REPRESENTATION('',(#16823),#16827);
#16823 = LINE('',#16824,#16825);
#16824 = CARTESIAN_POINT('',(0.,0.));
#16825 = VECTOR('',#16826,1.);
#16826 = DIRECTION('',(1.,0.));
#16827 = ( GEOMETRIC_REPRESENTATION_CONTEXT(2) 
PARAMETRIC_REPRESENTATION_CONTEXT() REPRESENTATION_CONTEXT('2D SPACE',''
  ) );
#16828 = ORIENTED_EDGE('',*,*,#16829,.F.);
#16829 = EDGE_CURVE('',#16741,#16802,#16830,.T.);
#16830 = SURFACE_CURVE('',#16831,(#16835,#16842),.PCURVE_S1.);
#16831 = LINE('',#16832,#16833);
#16832 = CARTESIAN_POINT('',(-0.25,-1.,1.6));
#16833 = VECTOR('',#16834,1.);
#16834 = DIRECTION('',(-0.,1.,0.));
#16835 = PCURVE('',#16749,#16836);
#16836 = DEFINITIONAL_REPRESENTATION('',(#16837),#16841);
#16837 = LINE('',#16838,#16839);
#16838 = CARTESIAN_POINT('',(3.2,0.));
#16839 = VECTOR('',#16840,1.);
#16840 = DIRECTION('',(0.,-1.));
#16841 = ( GEOMETRIC_REPRESENTATION_CONTEXT(2) 
PARAMETRIC_REPRESENTATION_CONTEXT() REPRESENTATION_CONTEXT('2D SPACE',''
  ) );
#16842 = PCURVE('',#16843,#16848);
#16843 = PLANE('',#16844);
#16844 = AXIS2_PLACEMENT_3D('',#16845,#16846,#16847);
#16845 = CARTESIAN_POINT('',(-0.25,-1.,1.6));
#16846 = DIRECTION('',(0.,0.,1.));
#16847 = DIRECTION('',(1.,0.,-0.));
#16848 = DEFINITIONAL_REPRESENTATION('',(#16849),#16853);
#16849 = LINE('',#16850,#16851);
#16850 = CARTESIAN_POINT('',(0.,0.));
#16851 = VECTOR('',#16852,1.);
#16852 = DIRECTION('',(0.,1.));
#16853 = ( GEOMETRIC_REPRESENTATION_CONTEXT(2) 
PARAMETRIC_REPRESENTATION_CONTEXT() REPRESENTATION_CONTEXT('2D SPACE',''
  ) );
#16854 = ADVANCED_FACE('',(#16855),#16869,.T.);
#16855 = FACE_BOUND('',#16856,.T.);
#16856 = EDGE_LOOP('',(#16857,#16887,#16910,#16933));
#16857 = ORIENTED_EDGE('',*,*,#16858,.F.);
#16858 = EDGE_CURVE('',#16859,#16861,#16863,.T.);
#16859 = VERTEX_POINT('',#16860);
#16860 = CARTESIAN_POINT('',(0.25,-1.,-1.6));
#16861 = VERTEX_POINT('',#16862);
#16862 = CARTESIAN_POINT('',(0.25,-1.,1.6));
#16863 = SURFACE_CURVE('',#16864,(#16868,#16880),.PCURVE_S1.);
#16864 = LINE('',#16865,#16866);
#16865 = CARTESIAN_POINT('',(0.25,-1.,-1.6));
#16866 = VECTOR('',#16867,1.);
#16867 = DIRECTION('',(0.,0.,1.));
#16868 = PCURVE('',#16869,#16874);
#16869 = PLANE('',#16870);
#16870 = AXIS2_PLACEMENT_3D('',#16871,#16872,#16873);
#16871 = CARTESIAN_POINT('',(0.25,-1.,-1.6));
#16872 = DIRECTION('',(1.,0.,-0.));
#16873 = DIRECTION('',(0.,0.,1.));
#16874 = DEFINITIONAL_REPRESENTATION('',(#16875),#16879);
#16875 = LINE('',#16876,#16877);
#16876 = CARTESIAN_POINT('',(0.,0.));
#16877 = VECTOR('',#16878,1.);
#16878 = DIRECTION('',(1.,0.));
#16879 = ( GEOMETRIC_REPRESENTATION_CONTEXT(2) 
PARAMETRIC_REPRESENTATION_CONTEXT() REPRESENTATION_CONTEXT('2D SPACE',''
  ) );
#16880 = PCURVE('',#16761,#16881);
#16881 = DEFINITIONAL_REPRESENTATION('',(#16882),#16886);
#16882 = LINE('',#16883,#16884);
#16883 = CARTESIAN_POINT('',(0.,0.5));
#16884 = VECTOR('',#16885,1.);
#16885 = DIRECTION('',(1.,0.));
#16886 = ( GEOMETRIC_REPRESENTATION_CONTEXT(2) 
PARAMETRIC_REPRESENTATION_CONTEXT() REPRESENTATION_CONTEXT('2D SPACE',''
  ) );
#16887 = ORIENTED_EDGE('',*,*,#16888,.T.);
#16888 = EDGE_CURVE('',#16859,#16889,#16891,.T.);
#16889 = VERTEX_POINT('',#16890);
#16890 = CARTESIAN_POINT('',(0.25,1.,-1.6));
#16891 = SURFACE_CURVE('',#16892,(#16896,#16903),.PCURVE_S1.);
#16892 = LINE('',#16893,#16894);
#16893 = CARTESIAN_POINT('',(0.25,-1.,-1.6));
#16894 = VECTOR('',#16895,1.);
#16895 = DIRECTION('',(-0.,1.,0.));
#16896 = PCURVE('',#16869,#16897);
#16897 = DEFINITIONAL_REPRESENTATION('',(#16898),#16902);
#16898 = LINE('',#16899,#16900);
#16899 = CARTESIAN_POINT('',(0.,0.));
#16900 = VECTOR('',#16901,1.);
#16901 = DIRECTION('',(0.,-1.));
#16902 = ( GEOMETRIC_REPRESENTATION_CONTEXT(2) 
PARAMETRIC_REPRESENTATION_CONTEXT() REPRESENTATION_CONTEXT('2D SPACE',''
  ) );
#16903 = PCURVE('',#16789,#16904);
#16904 = DEFINITIONAL_REPRESENTATION('',(#16905),#16909);
#16905 = LINE('',#16906,#16907);
#16906 = CARTESIAN_POINT('',(0.5,0.));
#16907 = VECTOR('',#16908,1.);
#16908 = DIRECTION('',(0.,1.));
#16909 = ( GEOMETRIC_REPRESENTATION_CONTEXT(2) 
PARAMETRIC_REPRESENTATION_CONTEXT() REPRESENTATION_CONTEXT('2D SPACE',''
  ) );
#16910 = ORIENTED_EDGE('',*,*,#16911,.T.);
#16911 = EDGE_CURVE('',#16889,#16912,#16914,.T.);
#16912 = VERTEX_POINT('',#16913);
#16913 = CARTESIAN_POINT('',(0.25,1.,1.6));
#16914 = SURFACE_CURVE('',#16915,(#16919,#16926),.PCURVE_S1.);
#16915 = LINE('',#16916,#16917);
#16916 = CARTESIAN_POINT('',(0.25,1.,-1.6));
#16917 = VECTOR('',#16918,1.);
#16918 = DIRECTION('',(0.,0.,1.));
#16919 = PCURVE('',#16869,#16920);
#16920 = DEFINITIONAL_REPRESENTATION('',(#16921),#16925);
#16921 = LINE('',#16922,#16923);
#16922 = CARTESIAN_POINT('',(0.,-2.));
#16923 = VECTOR('',#16924,1.);
#16924 = DIRECTION('',(1.,0.));
#16925 = ( GEOMETRIC_REPRESENTATION_CONTEXT(2) 
PARAMETRIC_REPRESENTATION_CONTEXT() REPRESENTATION_CONTEXT('2D SPACE',''
  ) );
#16926 = PCURVE('',#16817,#16927);
#16927 = DEFINITIONAL_REPRESENTATION('',(#16928),#16932);
#16928 = LINE('',#16929,#16930);
#16929 = CARTESIAN_POINT('',(0.,0.5));
#16930 = VECTOR('',#16931,1.);
#16931 = DIRECTION('',(1.,0.));
#16932 = ( GEOMETRIC_REPRESENTATION_CONTEXT(2) 
PARAMETRIC_REPRESENTATION_CONTEXT() REPRESENTATION_CONTEXT('2D SPACE',''
  ) );
#16933 = ORIENTED_EDGE('',*,*,#16934,.F.);
#16934 = EDGE_CURVE('',#16861,#16912,#16935,.T.);
#16935 = SURFACE_CURVE('',#16936,(#16940,#16947),.PCURVE_S1.);
#16936 = LINE('',#16937,#16938);
#16937 = CARTESIAN_POINT('',(0.25,-1.,1.6));
#16938 = VECTOR('',#16939,1.);
#16939 = DIRECTION('',(-0.,1.,0.));
#16940 = PCURVE('',#16869,#16941);
#16941 = DEFINITIONAL_REPRESENTATION('',(#16942),#16946);
#16942 = LINE('',#16943,#16944);
#16943 = CARTESIAN_POINT('',(3.2,0.));
#16944 = VECTOR('',#16945,1.);
#16945 = DIRECTION('',(0.,-1.));
#16946 = ( GEOMETRIC_REPRESENTATION_CONTEXT(2) 
PARAMETRIC_REPRESENTATION_CONTEXT() REPRESENTATION_CONTEXT('2D SPACE',''
  ) );
#16947 = PCURVE('',#16843,#16948);
#16948 = DEFINITIONAL_REPRESENTATION('',(#16949),#16953);
#16949 = LINE('',#16950,#16951);
#16950 = CARTESIAN_POINT('',(0.5,0.));
#16951 = VECTOR('',#16952,1.);
#16952 = DIRECTION('',(0.,1.));
#16953 = ( GEOMETRIC_REPRESENTATION_CONTEXT(2) 
PARAMETRIC_REPRESENTATION_CONTEXT() REPRESENTATION_CONTEXT('2D SPACE',''
  ) );
#16954 = ADVANCED_FACE('',(#16955),#16761,.F.);
#16955 = FACE_BOUND('',#16956,.F.);
#16956 = EDGE_LOOP('',(#16957,#16978,#16979,#17000));
#16957 = ORIENTED_EDGE('',*,*,#16958,.F.);
#16958 = EDGE_CURVE('',#16739,#16859,#16959,.T.);
#16959 = SURFACE_CURVE('',#16960,(#16964,#16971),.PCURVE_S1.);
#16960 = LINE('',#16961,#16962);
#16961 = CARTESIAN_POINT('',(-0.25,-1.,-1.6));
#16962 = VECTOR('',#16963,1.);
#16963 = DIRECTION('',(1.,0.,-0.));
#16964 = PCURVE('',#16761,#16965);
#16965 = DEFINITIONAL_REPRESENTATION('',(#16966),#16970);
#16966 = LINE('',#16967,#16968);
#16967 = CARTESIAN_POINT('',(0.,0.));
#16968 = VECTOR('',#16969,1.);
#16969 = DIRECTION('',(0.,1.));
#16970 = ( GEOMETRIC_REPRESENTATION_CONTEXT(2) 
PARAMETRIC_REPRESENTATION_CONTEXT() REPRESENTATION_CONTEXT('2D SPACE',''
  ) );
#16971 = PCURVE('',#16789,#16972);
#16972 = DEFINITIONAL_REPRESENTATION('',(#16973),#16977);
#16973 = LINE('',#16974,#16975);
#16974 = CARTESIAN_POINT('',(0.,0.));
#16975 = VECTOR('',#16976,1.);
#16976 = DIRECTION('',(1.,0.));
#16977 = ( GEOMETRIC_REPRESENTATION_CONTEXT(2) 
PARAMETRIC_REPRESENTATION_CONTEXT() REPRESENTATION_CONTEXT('2D SPACE',''
  ) );
#16978 = ORIENTED_EDGE('',*,*,#16738,.T.);
#16979 = ORIENTED_EDGE('',*,*,#16980,.T.);
#16980 = EDGE_CURVE('',#16741,#16861,#16981,.T.);
#16981 = SURFACE_CURVE('',#16982,(#16986,#16993),.PCURVE_S1.);
#16982 = LINE('',#16983,#16984);
#16983 = CARTESIAN_POINT('',(-0.25,-1.,1.6));
#16984 = VECTOR('',#16985,1.);
#16985 = DIRECTION('',(1.,0.,-0.));
#16986 = PCURVE('',#16761,#16987);
#16987 = DEFINITIONAL_REPRESENTATION('',(#16988),#16992);
#16988 = LINE('',#16989,#16990);
#16989 = CARTESIAN_POINT('',(3.2,0.));
#16990 = VECTOR('',#16991,1.);
#16991 = DIRECTION('',(0.,1.));
#16992 = ( GEOMETRIC_REPRESENTATION_CONTEXT(2) 
PARAMETRIC_REPRESENTATION_CONTEXT() REPRESENTATION_CONTEXT('2D SPACE',''
  ) );
#16993 = PCURVE('',#16843,#16994);
#16994 = DEFINITIONAL_REPRESENTATION('',(#16995),#16999);
#16995 = LINE('',#16996,#16997);
#16996 = CARTESIAN_POINT('',(0.,0.));
#16997 = VECTOR('',#16998,1.);
#16998 = DIRECTION('',(1.,0.));
#16999 = ( GEOMETRIC_REPRESENTATION_CONTEXT(2) 
PARAMETRIC_REPRESENTATION_CONTEXT() REPRESENTATION_CONTEXT('2D SPACE',''
  ) );
#17000 = ORIENTED_EDGE('',*,*,#16858,.F.);
#17001 = ADVANCED_FACE('',(#17002),#16817,.T.);
#17002 = FACE_BOUND('',#17003,.T.);
#17003 = EDGE_LOOP('',(#17004,#17025,#17026,#17047));
#17004 = ORIENTED_EDGE('',*,*,#17005,.F.);
#17005 = EDGE_CURVE('',#16774,#16889,#17006,.T.);
#17006 = SURFACE_CURVE('',#17007,(#17011,#17018),.PCURVE_S1.);
#17007 = LINE('',#17008,#17009);
#17008 = CARTESIAN_POINT('',(-0.25,1.,-1.6));
#17009 = VECTOR('',#17010,1.);
#17010 = DIRECTION('',(1.,0.,-0.));
#17011 = PCURVE('',#16817,#17012);
#17012 = DEFINITIONAL_REPRESENTATION('',(#17013),#17017);
#17013 = LINE('',#17014,#17015);
#17014 = CARTESIAN_POINT('',(0.,0.));
#17015 = VECTOR('',#17016,1.);
#17016 = DIRECTION('',(0.,1.));
#17017 = ( GEOMETRIC_REPRESENTATION_CONTEXT(2) 
PARAMETRIC_REPRESENTATION_CONTEXT() REPRESENTATION_CONTEXT('2D SPACE',''
  ) );
#17018 = PCURVE('',#16789,#17019);
#17019 = DEFINITIONAL_REPRESENTATION('',(#17020),#17024);
#17020 = LINE('',#17021,#17022);
#17021 = CARTESIAN_POINT('',(0.,2.));
#17022 = VECTOR('',#17023,1.);
#17023 = DIRECTION('',(1.,0.));
#17024 = ( GEOMETRIC_REPRESENTATION_CONTEXT(2) 
PARAMETRIC_REPRESENTATION_CONTEXT() REPRESENTATION_CONTEXT('2D SPACE',''
  ) );
#17025 = ORIENTED_EDGE('',*,*,#16801,.T.);
#17026 = ORIENTED_EDGE('',*,*,#17027,.T.);
#17027 = EDGE_CURVE('',#16802,#16912,#17028,.T.);
#17028 = SURFACE_CURVE('',#17029,(#17033,#17040),.PCURVE_S1.);
#17029 = LINE('',#17030,#17031);
#17030 = CARTESIAN_POINT('',(-0.25,1.,1.6));
#17031 = VECTOR('',#17032,1.);
#17032 = DIRECTION('',(1.,0.,-0.));
#17033 = PCURVE('',#16817,#17034);
#17034 = DEFINITIONAL_REPRESENTATION('',(#17035),#17039);
#17035 = LINE('',#17036,#17037);
#17036 = CARTESIAN_POINT('',(3.2,0.));
#17037 = VECTOR('',#17038,1.);
#17038 = DIRECTION('',(0.,1.));
#17039 = ( GEOMETRIC_REPRESENTATION_CONTEXT(2) 
PARAMETRIC_REPRESENTATION_CONTEXT() REPRESENTATION_CONTEXT('2D SPACE',''
  ) );
#17040 = PCURVE('',#16843,#17041);
#17041 = DEFINITIONAL_REPRESENTATION('',(#17042),#17046);
#17042 = LINE('',#17043,#17044);
#17043 = CARTESIAN_POINT('',(0.,2.));
#17044 = VECTOR('',#17045,1.);
#17045 = DIRECTION('',(1.,0.));
#17046 = ( GEOMETRIC_REPRESENTATION_CONTEXT(2) 
PARAMETRIC_REPRESENTATION_CONTEXT() REPRESENTATION_CONTEXT('2D SPACE',''
  ) );
#17047 = ORIENTED_EDGE('',*,*,#16911,.F.);
#17048 = ADVANCED_FACE('',(#17049),#16789,.F.);
#17049 = FACE_BOUND('',#17050,.F.);
#17050 = EDGE_LOOP('',(#17051,#17052,#17053,#17054));
#17051 = ORIENTED_EDGE('',*,*,#16773,.F.);
#17052 = ORIENTED_EDGE('',*,*,#16958,.T.);
#17053 = ORIENTED_EDGE('',*,*,#16888,.T.);
#17054 = ORIENTED_EDGE('',*,*,#17005,.F.);
#17055 = ADVANCED_FACE('',(#17056),#16843,.T.);
#17056 = FACE_BOUND('',#17057,.T.);
#17057 = EDGE_LOOP('',(#17058,#17059,#17060,#17061));
#17058 = ORIENTED_EDGE('',*,*,#16829,.F.);
#17059 = ORIENTED_EDGE('',*,*,#16980,.T.);
#17060 = ORIENTED_EDGE('',*,*,#16934,.T.);
#17061 = ORIENTED_EDGE('',*,*,#17027,.F.);
#17062 = ( GEOMETRIC_REPRESENTATION_CONTEXT(3) 
GLOBAL_UNCERTAINTY_ASSIGNED_CONTEXT((#17066)) 
GLOBAL_UNIT_ASSIGNED_CONTEXT((#17063,#17064,#17065)) 
REPRESENTATION_CONTEXT('Context #1',
  '3D Context with UNIT and UNCERTAINTY') );
#17063 = ( LENGTH_UNIT() NAMED_UNIT(*) SI_UNIT(.MILLI.,.METRE.) );
#17064 = ( NAMED_UNIT(*) PLANE_ANGLE_UNIT() SI_UNIT($,.RADIAN.) );
#17065 = ( NAMED_UNIT(*) SI_UNIT($,.STERADIAN.) SOLID_ANGLE_UNIT() );
#17066 = UNCERTAINTY_MEASURE_WITH_UNIT(LENGTH_MEASURE(1.E-07),#17063,
  'distance_accuracy_value','confusion accuracy');
#17067 = CONTEXT_DEPENDENT_SHAPE_REPRESENTATION(#17068,#17070);
#17068 = ( REPRESENTATION_RELATIONSHIP('','',#16731,#16700) 
REPRESENTATION_RELATIONSHIP_WITH_TRANSFORMATION(#17069) 
SHAPE_REPRESENTATION_RELATIONSHIP() );
#17069 = ITEM_DEFINED_TRANSFORMATION('','',#11,#16701);
#17070 = PRODUCT_DEFINITION_SHAPE('Placement','Placement of an item',
  #17071);
#17071 = NEXT_ASSEMBLY_USAGE_OCCURRENCE('5','=>[0:1:1:8]','',#16695,
  #16726,$);
#17072 = PRODUCT_RELATED_PRODUCT_CATEGORY('part',$,(#16728));
#17073 = SHAPE_DEFINITION_REPRESENTATION(#17074,#17080);
#17074 = PRODUCT_DEFINITION_SHAPE('','',#17075);
#17075 = PRODUCT_DEFINITION('design','',#17076,#17079);
#17076 = PRODUCT_DEFINITION_FORMATION('','',#17077);
#17077 = PRODUCT('COMPOUND','COMPOUND','',(#17078));
#17078 = PRODUCT_CONTEXT('',#2,'mechanical');
#17079 = PRODUCT_DEFINITION_CONTEXT('part definition',#2,'design');
#17080 = ADVANCED_BREP_SHAPE_REPRESENTATION('',(#11,#17081),#17411);
#17081 = MANIFOLD_SOLID_BREP('',#17082);
#17082 = CLOSED_SHELL('',(#17083,#17203,#17303,#17350,#17397,#17404));
#17083 = ADVANCED_FACE('',(#17084),#17098,.F.);
#17084 = FACE_BOUND('',#17085,.F.);
#17085 = EDGE_LOOP('',(#17086,#17121,#17149,#17177));
#17086 = ORIENTED_EDGE('',*,*,#17087,.F.);
#17087 = EDGE_CURVE('',#17088,#17090,#17092,.T.);
#17088 = VERTEX_POINT('',#17089);
#17089 = CARTESIAN_POINT('',(-0.25,-1.,-1.6));
#17090 = VERTEX_POINT('',#17091);
#17091 = CARTESIAN_POINT('',(-0.25,-1.,1.6));
#17092 = SURFACE_CURVE('',#17093,(#17097,#17109),.PCURVE_S1.);
#17093 = LINE('',#17094,#17095);
#17094 = CARTESIAN_POINT('',(-0.25,-1.,-1.6));
#17095 = VECTOR('',#17096,1.);
#17096 = DIRECTION('',(0.,0.,1.));
#17097 = PCURVE('',#17098,#17103);
#17098 = PLANE('',#17099);
#17099 = AXIS2_PLACEMENT_3D('',#17100,#17101,#17102);
#17100 = CARTESIAN_POINT('',(-0.25,-1.,-1.6));
#17101 = DIRECTION('',(1.,0.,-0.));
#17102 = DIRECTION('',(0.,0.,1.));
#17103 = DEFINITIONAL_REPRESENTATION('',(#17104),#17108);
#17104 = LINE('',#17105,#17106);
#17105 = CARTESIAN_POINT('',(0.,0.));
#17106 = VECTOR('',#17107,1.);
#17107 = DIRECTION('',(1.,0.));
#17108 = ( GEOMETRIC_REPRESENTATION_CONTEXT(2) 
PARAMETRIC_REPRESENTATION_CONTEXT() REPRESENTATION_CONTEXT('2D SPACE',''
  ) );
#17109 = PCURVE('',#17110,#17115);
#17110 = PLANE('',#17111);
#17111 = AXIS2_PLACEMENT_3D('',#17112,#17113,#17114);
#17112 = CARTESIAN_POINT('',(-0.25,-1.,-1.6));
#17113 = DIRECTION('',(-0.,1.,0.));
#17114 = DIRECTION('',(0.,0.,1.));
#17115 = DEFINITIONAL_REPRESENTATION('',(#17116),#17120);
#17116 = LINE('',#17117,#17118);
#17117 = CARTESIAN_POINT('',(0.,0.));
#17118 = VECTOR('',#17119,1.);
#17119 = DIRECTION('',(1.,0.));
#17120 = ( GEOMETRIC_REPRESENTATION_CONTEXT(2) 
PARAMETRIC_REPRESENTATION_CONTEXT() REPRESENTATION_CONTEXT('2D SPACE',''
  ) );
#17121 = ORIENTED_EDGE('',*,*,#17122,.T.);
#17122 = EDGE_CURVE('',#17088,#17123,#17125,.T.);
#17123 = VERTEX_POINT('',#17124);
#17124 = CARTESIAN_POINT('',(-0.25,1.,-1.6));
#17125 = SURFACE_CURVE('',#17126,(#17130,#17137),.PCURVE_S1.);
#17126 = LINE('',#17127,#17128);
#17127 = CARTESIAN_POINT('',(-0.25,-1.,-1.6));
#17128 = VECTOR('',#17129,1.);
#17129 = DIRECTION('',(-0.,1.,0.));
#17130 = PCURVE('',#17098,#17131);
#17131 = DEFINITIONAL_REPRESENTATION('',(#17132),#17136);
#17132 = LINE('',#17133,#17134);
#17133 = CARTESIAN_POINT('',(0.,0.));
#17134 = VECTOR('',#17135,1.);
#17135 = DIRECTION('',(0.,-1.));
#17136 = ( GEOMETRIC_REPRESENTATION_CONTEXT(2) 
PARAMETRIC_REPRESENTATION_CONTEXT() REPRESENTATION_CONTEXT('2D SPACE',''
  ) );
#17137 = PCURVE('',#17138,#17143);
#17138 = PLANE('',#17139);
#17139 = AXIS2_PLACEMENT_3D('',#17140,#17141,#17142);
#17140 = CARTESIAN_POINT('',(-0.25,-1.,-1.6));
#17141 = DIRECTION('',(0.,0.,1.));
#17142 = DIRECTION('',(1.,0.,-0.));
#17143 = DEFINITIONAL_REPRESENTATION('',(#17144),#17148);
#17144 = LINE('',#17145,#17146);
#17145 = CARTESIAN_POINT('',(0.,0.));
#17146 = VECTOR('',#17147,1.);
#17147 = DIRECTION('',(0.,1.));
#17148 = ( GEOMETRIC_REPRESENTATION_CONTEXT(2) 
PARAMETRIC_REPRESENTATION_CONTEXT() REPRESENTATION_CONTEXT('2D SPACE',''
  ) );
#17149 = ORIENTED_EDGE('',*,*,#17150,.T.);
#17150 = EDGE_CURVE('',#17123,#17151,#17153,.T.);
#17151 = VERTEX_POINT('',#17152);
#17152 = CARTESIAN_POINT('',(-0.25,1.,1.6));
#17153 = SURFACE_CURVE('',#17154,(#17158,#17165),.PCURVE_S1.);
#17154 = LINE('',#17155,#17156);
#17155 = CARTESIAN_POINT('',(-0.25,1.,-1.6));
#17156 = VECTOR('',#17157,1.);
#17157 = DIRECTION('',(0.,0.,1.));
#17158 = PCURVE('',#17098,#17159);
#17159 = DEFINITIONAL_REPRESENTATION('',(#17160),#17164);
#17160 = LINE('',#17161,#17162);
#17161 = CARTESIAN_POINT('',(0.,-2.));
#17162 = VECTOR('',#17163,1.);
#17163 = DIRECTION('',(1.,0.));
#17164 = ( GEOMETRIC_REPRESENTATION_CONTEXT(2) 
PARAMETRIC_REPRESENTATION_CONTEXT() REPRESENTATION_CONTEXT('2D SPACE',''
  ) );
#17165 = PCURVE('',#17166,#17171);
#17166 = PLANE('',#17167);
#17167 = AXIS2_PLACEMENT_3D('',#17168,#17169,#17170);
#17168 = CARTESIAN_POINT('',(-0.25,1.,-1.6));
#17169 = DIRECTION('',(-0.,1.,0.));
#17170 = DIRECTION('',(0.,0.,1.));
#17171 = DEFINITIONAL_REPRESENTATION('',(#17172),#17176);
#17172 = LINE('',#17173,#17174);
#17173 = CARTESIAN_POINT('',(0.,0.));
#17174 = VECTOR('',#17175,1.);
#17175 = DIRECTION('',(1.,0.));
#17176 = ( GEOMETRIC_REPRESENTATION_CONTEXT(2) 
PARAMETRIC_REPRESENTATION_CONTEXT() REPRESENTATION_CONTEXT('2D SPACE',''
  ) );
#17177 = ORIENTED_EDGE('',*,*,#17178,.F.);
#17178 = EDGE_CURVE('',#17090,#17151,#17179,.T.);
#17179 = SURFACE_CURVE('',#17180,(#17184,#17191),.PCURVE_S1.);
#17180 = LINE('',#17181,#17182);
#17181 = CARTESIAN_POINT('',(-0.25,-1.,1.6));
#17182 = VECTOR('',#17183,1.);
#17183 = DIRECTION('',(-0.,1.,0.));
#17184 = PCURVE('',#17098,#17185);
#17185 = DEFINITIONAL_REPRESENTATION('',(#17186),#17190);
#17186 = LINE('',#17187,#17188);
#17187 = CARTESIAN_POINT('',(3.2,0.));
#17188 = VECTOR('',#17189,1.);
#17189 = DIRECTION('',(0.,-1.));
#17190 = ( GEOMETRIC_REPRESENTATION_CONTEXT(2) 
PARAMETRIC_REPRESENTATION_CONTEXT() REPRESENTATION_CONTEXT('2D SPACE',''
  ) );
#17191 = PCURVE('',#17192,#17197);
#17192 = PLANE('',#17193);
#17193 = AXIS2_PLACEMENT_3D('',#17194,#17195,#17196);
#17194 = CARTESIAN_POINT('',(-0.25,-1.,1.6));
#17195 = DIRECTION('',(0.,0.,1.));
#17196 = DIRECTION('',(1.,0.,-0.));
#17197 = DEFINITIONAL_REPRESENTATION('',(#17198),#17202);
#17198 = LINE('',#17199,#17200);
#17199 = CARTESIAN_POINT('',(0.,0.));
#17200 = VECTOR('',#17201,1.);
#17201 = DIRECTION('',(0.,1.));
#17202 = ( GEOMETRIC_REPRESENTATION_CONTEXT(2) 
PARAMETRIC_REPRESENTATION_CONTEXT() REPRESENTATION_CONTEXT('2D SPACE',''
  ) );
#17203 = ADVANCED_FACE('',(#17204),#17218,.T.);
#17204 = FACE_BOUND('',#17205,.T.);
#17205 = EDGE_LOOP('',(#17206,#17236,#17259,#17282));
#17206 = ORIENTED_EDGE('',*,*,#17207,.F.);
#17207 = EDGE_CURVE('',#17208,#17210,#17212,.T.);
#17208 = VERTEX_POINT('',#17209);
#17209 = CARTESIAN_POINT('',(0.25,-1.,-1.6));
#17210 = VERTEX_POINT('',#17211);
#17211 = CARTESIAN_POINT('',(0.25,-1.,1.6));
#17212 = SURFACE_CURVE('',#17213,(#17217,#17229),.PCURVE_S1.);
#17213 = LINE('',#17214,#17215);
#17214 = CARTESIAN_POINT('',(0.25,-1.,-1.6));
#17215 = VECTOR('',#17216,1.);
#17216 = DIRECTION('',(0.,0.,1.));
#17217 = PCURVE('',#17218,#17223);
#17218 = PLANE('',#17219);
#17219 = AXIS2_PLACEMENT_3D('',#17220,#17221,#17222);
#17220 = CARTESIAN_POINT('',(0.25,-1.,-1.6));
#17221 = DIRECTION('',(1.,0.,-0.));
#17222 = DIRECTION('',(0.,0.,1.));
#17223 = DEFINITIONAL_REPRESENTATION('',(#17224),#17228);
#17224 = LINE('',#17225,#17226);
#17225 = CARTESIAN_POINT('',(0.,0.));
#17226 = VECTOR('',#17227,1.);
#17227 = DIRECTION('',(1.,0.));
#17228 = ( GEOMETRIC_REPRESENTATION_CONTEXT(2) 
PARAMETRIC_REPRESENTATION_CONTEXT() REPRESENTATION_CONTEXT('2D SPACE',''
  ) );
#17229 = PCURVE('',#17110,#17230);
#17230 = DEFINITIONAL_REPRESENTATION('',(#17231),#17235);
#17231 = LINE('',#17232,#17233);
#17232 = CARTESIAN_POINT('',(0.,0.5));
#17233 = VECTOR('',#17234,1.);
#17234 = DIRECTION('',(1.,0.));
#17235 = ( GEOMETRIC_REPRESENTATION_CONTEXT(2) 
PARAMETRIC_REPRESENTATION_CONTEXT() REPRESENTATION_CONTEXT('2D SPACE',''
  ) );
#17236 = ORIENTED_EDGE('',*,*,#17237,.T.);
#17237 = EDGE_CURVE('',#17208,#17238,#17240,.T.);
#17238 = VERTEX_POINT('',#17239);
#17239 = CARTESIAN_POINT('',(0.25,1.,-1.6));
#17240 = SURFACE_CURVE('',#17241,(#17245,#17252),.PCURVE_S1.);
#17241 = LINE('',#17242,#17243);
#17242 = CARTESIAN_POINT('',(0.25,-1.,-1.6));
#17243 = VECTOR('',#17244,1.);
#17244 = DIRECTION('',(-0.,1.,0.));
#17245 = PCURVE('',#17218,#17246);
#17246 = DEFINITIONAL_REPRESENTATION('',(#17247),#17251);
#17247 = LINE('',#17248,#17249);
#17248 = CARTESIAN_POINT('',(0.,0.));
#17249 = VECTOR('',#17250,1.);
#17250 = DIRECTION('',(0.,-1.));
#17251 = ( GEOMETRIC_REPRESENTATION_CONTEXT(2) 
PARAMETRIC_REPRESENTATION_CONTEXT() REPRESENTATION_CONTEXT('2D SPACE',''
  ) );
#17252 = PCURVE('',#17138,#17253);
#17253 = DEFINITIONAL_REPRESENTATION('',(#17254),#17258);
#17254 = LINE('',#17255,#17256);
#17255 = CARTESIAN_POINT('',(0.5,0.));
#17256 = VECTOR('',#17257,1.);
#17257 = DIRECTION('',(0.,1.));
#17258 = ( GEOMETRIC_REPRESENTATION_CONTEXT(2) 
PARAMETRIC_REPRESENTATION_CONTEXT() REPRESENTATION_CONTEXT('2D SPACE',''
  ) );
#17259 = ORIENTED_EDGE('',*,*,#17260,.T.);
#17260 = EDGE_CURVE('',#17238,#17261,#17263,.T.);
#17261 = VERTEX_POINT('',#17262);
#17262 = CARTESIAN_POINT('',(0.25,1.,1.6));
#17263 = SURFACE_CURVE('',#17264,(#17268,#17275),.PCURVE_S1.);
#17264 = LINE('',#17265,#17266);
#17265 = CARTESIAN_POINT('',(0.25,1.,-1.6));
#17266 = VECTOR('',#17267,1.);
#17267 = DIRECTION('',(0.,0.,1.));
#17268 = PCURVE('',#17218,#17269);
#17269 = DEFINITIONAL_REPRESENTATION('',(#17270),#17274);
#17270 = LINE('',#17271,#17272);
#17271 = CARTESIAN_POINT('',(0.,-2.));
#17272 = VECTOR('',#17273,1.);
#17273 = DIRECTION('',(1.,0.));
#17274 = ( GEOMETRIC_REPRESENTATION_CONTEXT(2) 
PARAMETRIC_REPRESENTATION_CONTEXT() REPRESENTATION_CONTEXT('2D SPACE',''
  ) );
#17275 = PCURVE('',#17166,#17276);
#17276 = DEFINITIONAL_REPRESENTATION('',(#17277),#17281);
#17277 = LINE('',#17278,#17279);
#17278 = CARTESIAN_POINT('',(0.,0.5));
#17279 = VECTOR('',#17280,1.);
#17280 = DIRECTION('',(1.,0.));
#17281 = ( GEOMETRIC_REPRESENTATION_CONTEXT(2) 
PARAMETRIC_REPRESENTATION_CONTEXT() REPRESENTATION_CONTEXT('2D SPACE',''
  ) );
#17282 = ORIENTED_EDGE('',*,*,#17283,.F.);
#17283 = EDGE_CURVE('',#17210,#17261,#17284,.T.);
#17284 = SURFACE_CURVE('',#17285,(#17289,#17296),.PCURVE_S1.);
#17285 = LINE('',#17286,#17287);
#17286 = CARTESIAN_POINT('',(0.25,-1.,1.6));
#17287 = VECTOR('',#17288,1.);
#17288 = DIRECTION('',(-0.,1.,0.));
#17289 = PCURVE('',#17218,#17290);
#17290 = DEFINITIONAL_REPRESENTATION('',(#17291),#17295);
#17291 = LINE('',#17292,#17293);
#17292 = CARTESIAN_POINT('',(3.2,0.));
#17293 = VECTOR('',#17294,1.);
#17294 = DIRECTION('',(0.,-1.));
#17295 = ( GEOMETRIC_REPRESENTATION_CONTEXT(2) 
PARAMETRIC_REPRESENTATION_CONTEXT() REPRESENTATION_CONTEXT('2D SPACE',''
  ) );
#17296 = PCURVE('',#17192,#17297);
#17297 = DEFINITIONAL_REPRESENTATION('',(#17298),#17302);
#17298 = LINE('',#17299,#17300);
#17299 = CARTESIAN_POINT('',(0.5,0.));
#17300 = VECTOR('',#17301,1.);
#17301 = DIRECTION('',(0.,1.));
#17302 = ( GEOMETRIC_REPRESENTATION_CONTEXT(2) 
PARAMETRIC_REPRESENTATION_CONTEXT() REPRESENTATION_CONTEXT('2D SPACE',''
  ) );
#17303 = ADVANCED_FACE('',(#17304),#17110,.F.);
#17304 = FACE_BOUND('',#17305,.F.);
#17305 = EDGE_LOOP('',(#17306,#17327,#17328,#17349));
#17306 = ORIENTED_EDGE('',*,*,#17307,.F.);
#17307 = EDGE_CURVE('',#17088,#17208,#17308,.T.);
#17308 = SURFACE_CURVE('',#17309,(#17313,#17320),.PCURVE_S1.);
#17309 = LINE('',#17310,#17311);
#17310 = CARTESIAN_POINT('',(-0.25,-1.,-1.6));
#17311 = VECTOR('',#17312,1.);
#17312 = DIRECTION('',(1.,0.,-0.));
#17313 = PCURVE('',#17110,#17314);
#17314 = DEFINITIONAL_REPRESENTATION('',(#17315),#17319);
#17315 = LINE('',#17316,#17317);
#17316 = CARTESIAN_POINT('',(0.,0.));
#17317 = VECTOR('',#17318,1.);
#17318 = DIRECTION('',(0.,1.));
#17319 = ( GEOMETRIC_REPRESENTATION_CONTEXT(2) 
PARAMETRIC_REPRESENTATION_CONTEXT() REPRESENTATION_CONTEXT('2D SPACE',''
  ) );
#17320 = PCURVE('',#17138,#17321);
#17321 = DEFINITIONAL_REPRESENTATION('',(#17322),#17326);
#17322 = LINE('',#17323,#17324);
#17323 = CARTESIAN_POINT('',(0.,0.));
#17324 = VECTOR('',#17325,1.);
#17325 = DIRECTION('',(1.,0.));
#17326 = ( GEOMETRIC_REPRESENTATION_CONTEXT(2) 
PARAMETRIC_REPRESENTATION_CONTEXT() REPRESENTATION_CONTEXT('2D SPACE',''
  ) );
#17327 = ORIENTED_EDGE('',*,*,#17087,.T.);
#17328 = ORIENTED_EDGE('',*,*,#17329,.T.);
#17329 = EDGE_CURVE('',#17090,#17210,#17330,.T.);
#17330 = SURFACE_CURVE('',#17331,(#17335,#17342),.PCURVE_S1.);
#17331 = LINE('',#17332,#17333);
#17332 = CARTESIAN_POINT('',(-0.25,-1.,1.6));
#17333 = VECTOR('',#17334,1.);
#17334 = DIRECTION('',(1.,0.,-0.));
#17335 = PCURVE('',#17110,#17336);
#17336 = DEFINITIONAL_REPRESENTATION('',(#17337),#17341);
#17337 = LINE('',#17338,#17339);
#17338 = CARTESIAN_POINT('',(3.2,0.));
#17339 = VECTOR('',#17340,1.);
#17340 = DIRECTION('',(0.,1.));
#17341 = ( GEOMETRIC_REPRESENTATION_CONTEXT(2) 
PARAMETRIC_REPRESENTATION_CONTEXT() REPRESENTATION_CONTEXT('2D SPACE',''
  ) );
#17342 = PCURVE('',#17192,#17343);
#17343 = DEFINITIONAL_REPRESENTATION('',(#17344),#17348);
#17344 = LINE('',#17345,#17346);
#17345 = CARTESIAN_POINT('',(0.,0.));
#17346 = VECTOR('',#17347,1.);
#17347 = DIRECTION('',(1.,0.));
#17348 = ( GEOMETRIC_REPRESENTATION_CONTEXT(2) 
PARAMETRIC_REPRESENTATION_CONTEXT() REPRESENTATION_CONTEXT('2D SPACE',''
  ) );
#17349 = ORIENTED_EDGE('',*,*,#17207,.F.);
#17350 = ADVANCED_FACE('',(#17351),#17166,.T.);
#17351 = FACE_BOUND('',#17352,.T.);
#17352 = EDGE_LOOP('',(#17353,#17374,#17375,#17396));
#17353 = ORIENTED_EDGE('',*,*,#17354,.F.);
#17354 = EDGE_CURVE('',#17123,#17238,#17355,.T.);
#17355 = SURFACE_CURVE('',#17356,(#17360,#17367),.PCURVE_S1.);
#17356 = LINE('',#17357,#17358);
#17357 = CARTESIAN_POINT('',(-0.25,1.,-1.6));
#17358 = VECTOR('',#17359,1.);
#17359 = DIRECTION('',(1.,0.,-0.));
#17360 = PCURVE('',#17166,#17361);
#17361 = DEFINITIONAL_REPRESENTATION('',(#17362),#17366);
#17362 = LINE('',#17363,#17364);
#17363 = CARTESIAN_POINT('',(0.,0.));
#17364 = VECTOR('',#17365,1.);
#17365 = DIRECTION('',(0.,1.));
#17366 = ( GEOMETRIC_REPRESENTATION_CONTEXT(2) 
PARAMETRIC_REPRESENTATION_CONTEXT() REPRESENTATION_CONTEXT('2D SPACE',''
  ) );
#17367 = PCURVE('',#17138,#17368);
#17368 = DEFINITIONAL_REPRESENTATION('',(#17369),#17373);
#17369 = LINE('',#17370,#17371);
#17370 = CARTESIAN_POINT('',(0.,2.));
#17371 = VECTOR('',#17372,1.);
#17372 = DIRECTION('',(1.,0.));
#17373 = ( GEOMETRIC_REPRESENTATION_CONTEXT(2) 
PARAMETRIC_REPRESENTATION_CONTEXT() REPRESENTATION_CONTEXT('2D SPACE',''
  ) );
#17374 = ORIENTED_EDGE('',*,*,#17150,.T.);
#17375 = ORIENTED_EDGE('',*,*,#17376,.T.);
#17376 = EDGE_CURVE('',#17151,#17261,#17377,.T.);
#17377 = SURFACE_CURVE('',#17378,(#17382,#17389),.PCURVE_S1.);
#17378 = LINE('',#17379,#17380);
#17379 = CARTESIAN_POINT('',(-0.25,1.,1.6));
#17380 = VECTOR('',#17381,1.);
#17381 = DIRECTION('',(1.,0.,-0.));
#17382 = PCURVE('',#17166,#17383);
#17383 = DEFINITIONAL_REPRESENTATION('',(#17384),#17388);
#17384 = LINE('',#17385,#17386);
#17385 = CARTESIAN_POINT('',(3.2,0.));
#17386 = VECTOR('',#17387,1.);
#17387 = DIRECTION('',(0.,1.));
#17388 = ( GEOMETRIC_REPRESENTATION_CONTEXT(2) 
PARAMETRIC_REPRESENTATION_CONTEXT() REPRESENTATION_CONTEXT('2D SPACE',''
  ) );
#17389 = PCURVE('',#17192,#17390);
#17390 = DEFINITIONAL_REPRESENTATION('',(#17391),#17395);
#17391 = LINE('',#17392,#17393);
#17392 = CARTESIAN_POINT('',(0.,2.));
#17393 = VECTOR('',#17394,1.);
#17394 = DIRECTION('',(1.,0.));
#17395 = ( GEOMETRIC_REPRESENTATION_CONTEXT(2) 
PARAMETRIC_REPRESENTATION_CONTEXT() REPRESENTATION_CONTEXT('2D SPACE',''
  ) );
#17396 = ORIENTED_EDGE('',*,*,#17260,.F.);
#17397 = ADVANCED_FACE('',(#17398),#17138,.F.);
#17398 = FACE_BOUND('',#17399,.F.);
#17399 = EDGE_LOOP('',(#17400,#17401,#17402,#17403));
#17400 = ORIENTED_EDGE('',*,*,#17122,.F.);
#17401 = ORIENTED_EDGE('',*,*,#17307,.T.);
#17402 = ORIENTED_EDGE('',*,*,#17237,.T.);
#17403 = ORIENTED_EDGE('',*,*,#17354,.F.);
#17404 = ADVANCED_FACE('',(#17405),#17192,.T.);
#17405 = FACE_BOUND('',#17406,.T.);
#17406 = EDGE_LOOP('',(#17407,#17408,#17409,#17410));
#17407 = ORIENTED_EDGE('',*,*,#17178,.F.);
#17408 = ORIENTED_EDGE('',*,*,#17329,.T.);
#17409 = ORIENTED_EDGE('',*,*,#17283,.T.);
#17410 = ORIENTED_EDGE('',*,*,#17376,.F.);
#17411 = ( GEOMETRIC_REPRESENTATION_CONTEXT(3) 
GLOBAL_UNCERTAINTY_ASSIGNED_CONTEXT((#17415)) 
GLOBAL_UNIT_ASSIGNED_CONTEXT((#17412,#17413,#17414)) 
REPRESENTATION_CONTEXT('Context #1',
  '3D Context with UNIT and UNCERTAINTY') );
#17412 = ( LENGTH_UNIT() NAMED_UNIT(*) SI_UNIT(.MILLI.,.METRE.) );
#17413 = ( NAMED_UNIT(*) PLANE_ANGLE_UNIT() SI_UNIT($,.RADIAN.) );
#17414 = ( NAMED_UNIT(*) SI_UNIT($,.STERADIAN.) SOLID_ANGLE_UNIT() );
#17415 = UNCERTAINTY_MEASURE_WITH_UNIT(LENGTH_MEASURE(1.E-07),#17412,
  'distance_accuracy_value','confusion accuracy');
#17416 = CONTEXT_DEPENDENT_SHAPE_REPRESENTATION(#17417,#17419);
#17417 = ( REPRESENTATION_RELATIONSHIP('','',#17080,#16700) 
REPRESENTATION_RELATIONSHIP_WITH_TRANSFORMATION(#17418) 
SHAPE_REPRESENTATION_RELATIONSHIP() );
#17418 = ITEM_DEFINED_TRANSFORMATION('','',#11,#16705);
#17419 = PRODUCT_DEFINITION_SHAPE('Placement','Placement of an item',
  #17420);
#17420 = NEXT_ASSEMBLY_USAGE_OCCURRENCE('6','=>[0:1:1:9]','',#16695,
  #17075,$);
#17421 = PRODUCT_RELATED_PRODUCT_CATEGORY('part',$,(#17077));
#17422 = SHAPE_DEFINITION_REPRESENTATION(#17423,#17429);
#17423 = PRODUCT_DEFINITION_SHAPE('','',#17424);
#17424 = PRODUCT_DEFINITION('design','',#17425,#17428);
#17425 = PRODUCT_DEFINITION_FORMATION('','',#17426);
#17426 = PRODUCT('COMPOUND','COMPOUND','',(#17427));
#17427 = PRODUCT_CONTEXT('',#2,'mechanical');
#17428 = PRODUCT_DEFINITION_CONTEXT('part definition',#2,'design');
#17429 = ADVANCED_BREP_SHAPE_REPRESENTATION('',(#11,#17430),#17760);
#17430 = MANIFOLD_SOLID_BREP('',#17431);
#17431 = CLOSED_SHELL('',(#17432,#17552,#17652,#17699,#17746,#17753));
#17432 = ADVANCED_FACE('',(#17433),#17447,.F.);
#17433 = FACE_BOUND('',#17434,.F.);
#17434 = EDGE_LOOP('',(#17435,#17470,#17498,#17526));
#17435 = ORIENTED_EDGE('',*,*,#17436,.F.);
#17436 = EDGE_CURVE('',#17437,#17439,#17441,.T.);
#17437 = VERTEX_POINT('',#17438);
#17438 = CARTESIAN_POINT('',(-0.25,-1.,-1.6));
#17439 = VERTEX_POINT('',#17440);
#17440 = CARTESIAN_POINT('',(-0.25,-1.,1.6));
#17441 = SURFACE_CURVE('',#17442,(#17446,#17458),.PCURVE_S1.);
#17442 = LINE('',#17443,#17444);
#17443 = CARTESIAN_POINT('',(-0.25,-1.,-1.6));
#17444 = VECTOR('',#17445,1.);
#17445 = DIRECTION('',(0.,0.,1.));
#17446 = PCURVE('',#17447,#17452);
#17447 = PLANE('',#17448);
#17448 = AXIS2_PLACEMENT_3D('',#17449,#17450,#17451);
#17449 = CARTESIAN_POINT('',(-0.25,-1.,-1.6));
#17450 = DIRECTION('',(1.,0.,-0.));
#17451 = DIRECTION('',(0.,0.,1.));
#17452 = DEFINITIONAL_REPRESENTATION('',(#17453),#17457);
#17453 = LINE('',#17454,#17455);
#17454 = CARTESIAN_POINT('',(0.,0.));
#17455 = VECTOR('',#17456,1.);
#17456 = DIRECTION('',(1.,0.));
#17457 = ( GEOMETRIC_REPRESENTATION_CONTEXT(2) 
PARAMETRIC_REPRESENTATION_CONTEXT() REPRESENTATION_CONTEXT('2D SPACE',''
  ) );
#17458 = PCURVE('',#17459,#17464);
#17459 = PLANE('',#17460);
#17460 = AXIS2_PLACEMENT_3D('',#17461,#17462,#17463);
#17461 = CARTESIAN_POINT('',(-0.25,-1.,-1.6));
#17462 = DIRECTION('',(-0.,1.,0.));
#17463 = DIRECTION('',(0.,0.,1.));
#17464 = DEFINITIONAL_REPRESENTATION('',(#17465),#17469);
#17465 = LINE('',#17466,#17467);
#17466 = CARTESIAN_POINT('',(0.,0.));
#17467 = VECTOR('',#17468,1.);
#17468 = DIRECTION('',(1.,0.));
#17469 = ( GEOMETRIC_REPRESENTATION_CONTEXT(2) 
PARAMETRIC_REPRESENTATION_CONTEXT() REPRESENTATION_CONTEXT('2D SPACE',''
  ) );
#17470 = ORIENTED_EDGE('',*,*,#17471,.T.);
#17471 = EDGE_CURVE('',#17437,#17472,#17474,.T.);
#17472 = VERTEX_POINT('',#17473);
#17473 = CARTESIAN_POINT('',(-0.25,1.,-1.6));
#17474 = SURFACE_CURVE('',#17475,(#17479,#17486),.PCURVE_S1.);
#17475 = LINE('',#17476,#17477);
#17476 = CARTESIAN_POINT('',(-0.25,-1.,-1.6));
#17477 = VECTOR('',#17478,1.);
#17478 = DIRECTION('',(-0.,1.,0.));
#17479 = PCURVE('',#17447,#17480);
#17480 = DEFINITIONAL_REPRESENTATION('',(#17481),#17485);
#17481 = LINE('',#17482,#17483);
#17482 = CARTESIAN_POINT('',(0.,0.));
#17483 = VECTOR('',#17484,1.);
#17484 = DIRECTION('',(0.,-1.));
#17485 = ( GEOMETRIC_REPRESENTATION_CONTEXT(2) 
PARAMETRIC_REPRESENTATION_CONTEXT() REPRESENTATION_CONTEXT('2D SPACE',''
  ) );
#17486 = PCURVE('',#17487,#17492);
#17487 = PLANE('',#17488);
#17488 = AXIS2_PLACEMENT_3D('',#17489,#17490,#17491);
#17489 = CARTESIAN_POINT('',(-0.25,-1.,-1.6));
#17490 = DIRECTION('',(0.,0.,1.));
#17491 = DIRECTION('',(1.,0.,-0.));
#17492 = DEFINITIONAL_REPRESENTATION('',(#17493),#17497);
#17493 = LINE('',#17494,#17495);
#17494 = CARTESIAN_POINT('',(0.,0.));
#17495 = VECTOR('',#17496,1.);
#17496 = DIRECTION('',(0.,1.));
#17497 = ( GEOMETRIC_REPRESENTATION_CONTEXT(2) 
PARAMETRIC_REPRESENTATION_CONTEXT() REPRESENTATION_CONTEXT('2D SPACE',''
  ) );
#17498 = ORIENTED_EDGE('',*,*,#17499,.T.);
#17499 = EDGE_CURVE('',#17472,#17500,#17502,.T.);
#17500 = VERTEX_POINT('',#17501);
#17501 = CARTESIAN_POINT('',(-0.25,1.,1.6));
#17502 = SURFACE_CURVE('',#17503,(#17507,#17514),.PCURVE_S1.);
#17503 = LINE('',#17504,#17505);
#17504 = CARTESIAN_POINT('',(-0.25,1.,-1.6));
#17505 = VECTOR('',#17506,1.);
#17506 = DIRECTION('',(0.,0.,1.));
#17507 = PCURVE('',#17447,#17508);
#17508 = DEFINITIONAL_REPRESENTATION('',(#17509),#17513);
#17509 = LINE('',#17510,#17511);
#17510 = CARTESIAN_POINT('',(0.,-2.));
#17511 = VECTOR('',#17512,1.);
#17512 = DIRECTION('',(1.,0.));
#17513 = ( GEOMETRIC_REPRESENTATION_CONTEXT(2) 
PARAMETRIC_REPRESENTATION_CONTEXT() REPRESENTATION_CONTEXT('2D SPACE',''
  ) );
#17514 = PCURVE('',#17515,#17520);
#17515 = PLANE('',#17516);
#17516 = AXIS2_PLACEMENT_3D('',#17517,#17518,#17519);
#17517 = CARTESIAN_POINT('',(-0.25,1.,-1.6));
#17518 = DIRECTION('',(-0.,1.,0.));
#17519 = DIRECTION('',(0.,0.,1.));
#17520 = DEFINITIONAL_REPRESENTATION('',(#17521),#17525);
#17521 = LINE('',#17522,#17523);
#17522 = CARTESIAN_POINT('',(0.,0.));
#17523 = VECTOR('',#17524,1.);
#17524 = DIRECTION('',(1.,0.));
#17525 = ( GEOMETRIC_REPRESENTATION_CONTEXT(2) 
PARAMETRIC_REPRESENTATION_CONTEXT() REPRESENTATION_CONTEXT('2D SPACE',''
  ) );
#17526 = ORIENTED_EDGE('',*,*,#17527,.F.);
#17527 = EDGE_CURVE('',#17439,#17500,#17528,.T.);
#17528 = SURFACE_CURVE('',#17529,(#17533,#17540),.PCURVE_S1.);
#17529 = LINE('',#17530,#17531);
#17530 = CARTESIAN_POINT('',(-0.25,-1.,1.6));
#17531 = VECTOR('',#17532,1.);
#17532 = DIRECTION('',(-0.,1.,0.));
#17533 = PCURVE('',#17447,#17534);
#17534 = DEFINITIONAL_REPRESENTATION('',(#17535),#17539);
#17535 = LINE('',#17536,#17537);
#17536 = CARTESIAN_POINT('',(3.2,0.));
#17537 = VECTOR('',#17538,1.);
#17538 = DIRECTION('',(0.,-1.));
#17539 = ( GEOMETRIC_REPRESENTATION_CONTEXT(2) 
PARAMETRIC_REPRESENTATION_CONTEXT() REPRESENTATION_CONTEXT('2D SPACE',''
  ) );
#17540 = PCURVE('',#17541,#17546);
#17541 = PLANE('',#17542);
#17542 = AXIS2_PLACEMENT_3D('',#17543,#17544,#17545);
#17543 = CARTESIAN_POINT('',(-0.25,-1.,1.6));
#17544 = DIRECTION('',(0.,0.,1.));
#17545 = DIRECTION('',(1.,0.,-0.));
#17546 = DEFINITIONAL_REPRESENTATION('',(#17547),#17551);
#17547 = LINE('',#17548,#17549);
#17548 = CARTESIAN_POINT('',(0.,0.));
#17549 = VECTOR('',#17550,1.);
#17550 = DIRECTION('',(0.,1.));
#17551 = ( GEOMETRIC_REPRESENTATION_CONTEXT(2) 
PARAMETRIC_REPRESENTATION_CONTEXT() REPRESENTATION_CONTEXT('2D SPACE',''
  ) );
#17552 = ADVANCED_FACE('',(#17553),#17567,.T.);
#17553 = FACE_BOUND('',#17554,.T.);
#17554 = EDGE_LOOP('',(#17555,#17585,#17608,#17631));
#17555 = ORIENTED_EDGE('',*,*,#17556,.F.);
#17556 = EDGE_CURVE('',#17557,#17559,#17561,.T.);
#17557 = VERTEX_POINT('',#17558);
#17558 = CARTESIAN_POINT('',(0.25,-1.,-1.6));
#17559 = VERTEX_POINT('',#17560);
#17560 = CARTESIAN_POINT('',(0.25,-1.,1.6));
#17561 = SURFACE_CURVE('',#17562,(#17566,#17578),.PCURVE_S1.);
#17562 = LINE('',#17563,#17564);
#17563 = CARTESIAN_POINT('',(0.25,-1.,-1.6));
#17564 = VECTOR('',#17565,1.);
#17565 = DIRECTION('',(0.,0.,1.));
#17566 = PCURVE('',#17567,#17572);
#17567 = PLANE('',#17568);
#17568 = AXIS2_PLACEMENT_3D('',#17569,#17570,#17571);
#17569 = CARTESIAN_POINT('',(0.25,-1.,-1.6));
#17570 = DIRECTION('',(1.,0.,-0.));
#17571 = DIRECTION('',(0.,0.,1.));
#17572 = DEFINITIONAL_REPRESENTATION('',(#17573),#17577);
#17573 = LINE('',#17574,#17575);
#17574 = CARTESIAN_POINT('',(0.,0.));
#17575 = VECTOR('',#17576,1.);
#17576 = DIRECTION('',(1.,0.));
#17577 = ( GEOMETRIC_REPRESENTATION_CONTEXT(2) 
PARAMETRIC_REPRESENTATION_CONTEXT() REPRESENTATION_CONTEXT('2D SPACE',''
  ) );
#17578 = PCURVE('',#17459,#17579);
#17579 = DEFINITIONAL_REPRESENTATION('',(#17580),#17584);
#17580 = LINE('',#17581,#17582);
#17581 = CARTESIAN_POINT('',(0.,0.5));
#17582 = VECTOR('',#17583,1.);
#17583 = DIRECTION('',(1.,0.));
#17584 = ( GEOMETRIC_REPRESENTATION_CONTEXT(2) 
PARAMETRIC_REPRESENTATION_CONTEXT() REPRESENTATION_CONTEXT('2D SPACE',''
  ) );
#17585 = ORIENTED_EDGE('',*,*,#17586,.T.);
#17586 = EDGE_CURVE('',#17557,#17587,#17589,.T.);
#17587 = VERTEX_POINT('',#17588);
#17588 = CARTESIAN_POINT('',(0.25,1.,-1.6));
#17589 = SURFACE_CURVE('',#17590,(#17594,#17601),.PCURVE_S1.);
#17590 = LINE('',#17591,#17592);
#17591 = CARTESIAN_POINT('',(0.25,-1.,-1.6));
#17592 = VECTOR('',#17593,1.);
#17593 = DIRECTION('',(-0.,1.,0.));
#17594 = PCURVE('',#17567,#17595);
#17595 = DEFINITIONAL_REPRESENTATION('',(#17596),#17600);
#17596 = LINE('',#17597,#17598);
#17597 = CARTESIAN_POINT('',(0.,0.));
#17598 = VECTOR('',#17599,1.);
#17599 = DIRECTION('',(0.,-1.));
#17600 = ( GEOMETRIC_REPRESENTATION_CONTEXT(2) 
PARAMETRIC_REPRESENTATION_CONTEXT() REPRESENTATION_CONTEXT('2D SPACE',''
  ) );
#17601 = PCURVE('',#17487,#17602);
#17602 = DEFINITIONAL_REPRESENTATION('',(#17603),#17607);
#17603 = LINE('',#17604,#17605);
#17604 = CARTESIAN_POINT('',(0.5,0.));
#17605 = VECTOR('',#17606,1.);
#17606 = DIRECTION('',(0.,1.));
#17607 = ( GEOMETRIC_REPRESENTATION_CONTEXT(2) 
PARAMETRIC_REPRESENTATION_CONTEXT() REPRESENTATION_CONTEXT('2D SPACE',''
  ) );
#17608 = ORIENTED_EDGE('',*,*,#17609,.T.);
#17609 = EDGE_CURVE('',#17587,#17610,#17612,.T.);
#17610 = VERTEX_POINT('',#17611);
#17611 = CARTESIAN_POINT('',(0.25,1.,1.6));
#17612 = SURFACE_CURVE('',#17613,(#17617,#17624),.PCURVE_S1.);
#17613 = LINE('',#17614,#17615);
#17614 = CARTESIAN_POINT('',(0.25,1.,-1.6));
#17615 = VECTOR('',#17616,1.);
#17616 = DIRECTION('',(0.,0.,1.));
#17617 = PCURVE('',#17567,#17618);
#17618 = DEFINITIONAL_REPRESENTATION('',(#17619),#17623);
#17619 = LINE('',#17620,#17621);
#17620 = CARTESIAN_POINT('',(0.,-2.));
#17621 = VECTOR('',#17622,1.);
#17622 = DIRECTION('',(1.,0.));
#17623 = ( GEOMETRIC_REPRESENTATION_CONTEXT(2) 
PARAMETRIC_REPRESENTATION_CONTEXT() REPRESENTATION_CONTEXT('2D SPACE',''
  ) );
#17624 = PCURVE('',#17515,#17625);
#17625 = DEFINITIONAL_REPRESENTATION('',(#17626),#17630);
#17626 = LINE('',#17627,#17628);
#17627 = CARTESIAN_POINT('',(0.,0.5));
#17628 = VECTOR('',#17629,1.);
#17629 = DIRECTION('',(1.,0.));
#17630 = ( GEOMETRIC_REPRESENTATION_CONTEXT(2) 
PARAMETRIC_REPRESENTATION_CONTEXT() REPRESENTATION_CONTEXT('2D SPACE',''
  ) );
#17631 = ORIENTED_EDGE('',*,*,#17632,.F.);
#17632 = EDGE_CURVE('',#17559,#17610,#17633,.T.);
#17633 = SURFACE_CURVE('',#17634,(#17638,#17645),.PCURVE_S1.);
#17634 = LINE('',#17635,#17636);
#17635 = CARTESIAN_POINT('',(0.25,-1.,1.6));
#17636 = VECTOR('',#17637,1.);
#17637 = DIRECTION('',(-0.,1.,0.));
#17638 = PCURVE('',#17567,#17639);
#17639 = DEFINITIONAL_REPRESENTATION('',(#17640),#17644);
#17640 = LINE('',#17641,#17642);
#17641 = CARTESIAN_POINT('',(3.2,0.));
#17642 = VECTOR('',#17643,1.);
#17643 = DIRECTION('',(0.,-1.));
#17644 = ( GEOMETRIC_REPRESENTATION_CONTEXT(2) 
PARAMETRIC_REPRESENTATION_CONTEXT() REPRESENTATION_CONTEXT('2D SPACE',''
  ) );
#17645 = PCURVE('',#17541,#17646);
#17646 = DEFINITIONAL_REPRESENTATION('',(#17647),#17651);
#17647 = LINE('',#17648,#17649);
#17648 = CARTESIAN_POINT('',(0.5,0.));
#17649 = VECTOR('',#17650,1.);
#17650 = DIRECTION('',(0.,1.));
#17651 = ( GEOMETRIC_REPRESENTATION_CONTEXT(2) 
PARAMETRIC_REPRESENTATION_CONTEXT() REPRESENTATION_CONTEXT('2D SPACE',''
  ) );
#17652 = ADVANCED_FACE('',(#17653),#17459,.F.);
#17653 = FACE_BOUND('',#17654,.F.);
#17654 = EDGE_LOOP('',(#17655,#17676,#17677,#17698));
#17655 = ORIENTED_EDGE('',*,*,#17656,.F.);
#17656 = EDGE_CURVE('',#17437,#17557,#17657,.T.);
#17657 = SURFACE_CURVE('',#17658,(#17662,#17669),.PCURVE_S1.);
#17658 = LINE('',#17659,#17660);
#17659 = CARTESIAN_POINT('',(-0.25,-1.,-1.6));
#17660 = VECTOR('',#17661,1.);
#17661 = DIRECTION('',(1.,0.,-0.));
#17662 = PCURVE('',#17459,#17663);
#17663 = DEFINITIONAL_REPRESENTATION('',(#17664),#17668);
#17664 = LINE('',#17665,#17666);
#17665 = CARTESIAN_POINT('',(0.,0.));
#17666 = VECTOR('',#17667,1.);
#17667 = DIRECTION('',(0.,1.));
#17668 = ( GEOMETRIC_REPRESENTATION_CONTEXT(2) 
PARAMETRIC_REPRESENTATION_CONTEXT() REPRESENTATION_CONTEXT('2D SPACE',''
  ) );
#17669 = PCURVE('',#17487,#17670);
#17670 = DEFINITIONAL_REPRESENTATION('',(#17671),#17675);
#17671 = LINE('',#17672,#17673);
#17672 = CARTESIAN_POINT('',(0.,0.));
#17673 = VECTOR('',#17674,1.);
#17674 = DIRECTION('',(1.,0.));
#17675 = ( GEOMETRIC_REPRESENTATION_CONTEXT(2) 
PARAMETRIC_REPRESENTATION_CONTEXT() REPRESENTATION_CONTEXT('2D SPACE',''
  ) );
#17676 = ORIENTED_EDGE('',*,*,#17436,.T.);
#17677 = ORIENTED_EDGE('',*,*,#17678,.T.);
#17678 = EDGE_CURVE('',#17439,#17559,#17679,.T.);
#17679 = SURFACE_CURVE('',#17680,(#17684,#17691),.PCURVE_S1.);
#17680 = LINE('',#17681,#17682);
#17681 = CARTESIAN_POINT('',(-0.25,-1.,1.6));
#17682 = VECTOR('',#17683,1.);
#17683 = DIRECTION('',(1.,0.,-0.));
#17684 = PCURVE('',#17459,#17685);
#17685 = DEFINITIONAL_REPRESENTATION('',(#17686),#17690);
#17686 = LINE('',#17687,#17688);
#17687 = CARTESIAN_POINT('',(3.2,0.));
#17688 = VECTOR('',#17689,1.);
#17689 = DIRECTION('',(0.,1.));
#17690 = ( GEOMETRIC_REPRESENTATION_CONTEXT(2) 
PARAMETRIC_REPRESENTATION_CONTEXT() REPRESENTATION_CONTEXT('2D SPACE',''
  ) );
#17691 = PCURVE('',#17541,#17692);
#17692 = DEFINITIONAL_REPRESENTATION('',(#17693),#17697);
#17693 = LINE('',#17694,#17695);
#17694 = CARTESIAN_POINT('',(0.,0.));
#17695 = VECTOR('',#17696,1.);
#17696 = DIRECTION('',(1.,0.));
#17697 = ( GEOMETRIC_REPRESENTATION_CONTEXT(2) 
PARAMETRIC_REPRESENTATION_CONTEXT() REPRESENTATION_CONTEXT('2D SPACE',''
  ) );
#17698 = ORIENTED_EDGE('',*,*,#17556,.F.);
#17699 = ADVANCED_FACE('',(#17700),#17515,.T.);
#17700 = FACE_BOUND('',#17701,.T.);
#17701 = EDGE_LOOP('',(#17702,#17723,#17724,#17745));
#17702 = ORIENTED_EDGE('',*,*,#17703,.F.);
#17703 = EDGE_CURVE('',#17472,#17587,#17704,.T.);
#17704 = SURFACE_CURVE('',#17705,(#17709,#17716),.PCURVE_S1.);
#17705 = LINE('',#17706,#17707);
#17706 = CARTESIAN_POINT('',(-0.25,1.,-1.6));
#17707 = VECTOR('',#17708,1.);
#17708 = DIRECTION('',(1.,0.,-0.));
#17709 = PCURVE('',#17515,#17710);
#17710 = DEFINITIONAL_REPRESENTATION('',(#17711),#17715);
#17711 = LINE('',#17712,#17713);
#17712 = CARTESIAN_POINT('',(0.,0.));
#17713 = VECTOR('',#17714,1.);
#17714 = DIRECTION('',(0.,1.));
#17715 = ( GEOMETRIC_REPRESENTATION_CONTEXT(2) 
PARAMETRIC_REPRESENTATION_CONTEXT() REPRESENTATION_CONTEXT('2D SPACE',''
  ) );
#17716 = PCURVE('',#17487,#17717);
#17717 = DEFINITIONAL_REPRESENTATION('',(#17718),#17722);
#17718 = LINE('',#17719,#17720);
#17719 = CARTESIAN_POINT('',(0.,2.));
#17720 = VECTOR('',#17721,1.);
#17721 = DIRECTION('',(1.,0.));
#17722 = ( GEOMETRIC_REPRESENTATION_CONTEXT(2) 
PARAMETRIC_REPRESENTATION_CONTEXT() REPRESENTATION_CONTEXT('2D SPACE',''
  ) );
#17723 = ORIENTED_EDGE('',*,*,#17499,.T.);
#17724 = ORIENTED_EDGE('',*,*,#17725,.T.);
#17725 = EDGE_CURVE('',#17500,#17610,#17726,.T.);
#17726 = SURFACE_CURVE('',#17727,(#17731,#17738),.PCURVE_S1.);
#17727 = LINE('',#17728,#17729);
#17728 = CARTESIAN_POINT('',(-0.25,1.,1.6));
#17729 = VECTOR('',#17730,1.);
#17730 = DIRECTION('',(1.,0.,-0.));
#17731 = PCURVE('',#17515,#17732);
#17732 = DEFINITIONAL_REPRESENTATION('',(#17733),#17737);
#17733 = LINE('',#17734,#17735);
#17734 = CARTESIAN_POINT('',(3.2,0.));
#17735 = VECTOR('',#17736,1.);
#17736 = DIRECTION('',(0.,1.));
#17737 = ( GEOMETRIC_REPRESENTATION_CONTEXT(2) 
PARAMETRIC_REPRESENTATION_CONTEXT() REPRESENTATION_CONTEXT('2D SPACE',''
  ) );
#17738 = PCURVE('',#17541,#17739);
#17739 = DEFINITIONAL_REPRESENTATION('',(#17740),#17744);
#17740 = LINE('',#17741,#17742);
#17741 = CARTESIAN_POINT('',(0.,2.));
#17742 = VECTOR('',#17743,1.);
#17743 = DIRECTION('',(1.,0.));
#17744 = ( GEOMETRIC_REPRESENTATION_CONTEXT(2) 
PARAMETRIC_REPRESENTATION_CONTEXT() REPRESENTATION_CONTEXT('2D SPACE',''
  ) );
#17745 = ORIENTED_EDGE('',*,*,#17609,.F.);
#17746 = ADVANCED_FACE('',(#17747),#17487,.F.);
#17747 = FACE_BOUND('',#17748,.F.);
#17748 = EDGE_LOOP('',(#17749,#17750,#17751,#17752));
#17749 = ORIENTED_EDGE('',*,*,#17471,.F.);
#17750 = ORIENTED_EDGE('',*,*,#17656,.T.);
#17751 = ORIENTED_EDGE('',*,*,#17586,.T.);
#17752 = ORIENTED_EDGE('',*,*,#17703,.F.);
#17753 = ADVANCED_FACE('',(#17754),#17541,.T.);
#17754 = FACE_BOUND('',#17755,.T.);
#17755 = EDGE_LOOP('',(#17756,#17757,#17758,#17759));
#17756 = ORIENTED_EDGE('',*,*,#17527,.F.);
#17757 = ORIENTED_EDGE('',*,*,#17678,.T.);
#17758 = ORIENTED_EDGE('',*,*,#17632,.T.);
#17759 = ORIENTED_EDGE('',*,*,#17725,.F.);
#17760 = ( GEOMETRIC_REPRESENTATION_CONTEXT(3) 
GLOBAL_UNCERTAINTY_ASSIGNED_CONTEXT((#17764)) 
GLOBAL_UNIT_ASSIGNED_CONTEXT((#17761,#17762,#17763)) 
REPRESENTATION_CONTEXT('Context #1',
  '3D Context with UNIT and UNCERTAINTY') );
#17761 = ( LENGTH_UNIT() NAMED_UNIT(*) SI_UNIT(.MILLI.,.METRE.) );
#17762 = ( NAMED_UNIT(*) PLANE_ANGLE_UNIT() SI_UNIT($,.RADIAN.) );
#17763 = ( NAMED_UNIT(*) SI_UNIT($,.STERADIAN.) SOLID_ANGLE_UNIT() );
#17764 = UNCERTAINTY_MEASURE_WITH_UNIT(LENGTH_MEASURE(1.E-07),#17761,
  'distance_accuracy_value','confusion accuracy');
#17765 = CONTEXT_DEPENDENT_SHAPE_REPRESENTATION(#17766,#17768);
#17766 = ( REPRESENTATION_RELATIONSHIP('','',#17429,#16700) 
REPRESENTATION_RELATIONSHIP_WITH_TRANSFORMATION(#17767) 
SHAPE_REPRESENTATION_RELATIONSHIP() );
#17767 = ITEM_DEFINED_TRANSFORMATION('','',#11,#16709);
#17768 = PRODUCT_DEFINITION_SHAPE('Placement','Placement of an item',
  #17769);
#17769 = NEXT_ASSEMBLY_USAGE_OCCURRENCE('7','=>[0:1:1:10]','',#16695,
  #17424,$);
#17770 = PRODUCT_RELATED_PRODUCT_CATEGORY('part',$,(#17426));
ENDSEC;
END-ISO-10303-21;
