ISO-10303-21;
HEADER;
FILE_DESCRIPTION(('Open CASCADE Model'),'2;1');
FILE_NAME('Open CASCADE Shape Model','2026-07-30T15:30:01',('Author'),(
    'Open CASCADE'),'Open CASCADE STEP processor 7.9','Open CASCADE 7.9'
  ,'Unknown');
FILE_SCHEMA(('AUTOMOTIVE_DESIGN { 1 0 10303 214 1 1 1 1 }'));
ENDSEC;
DATA;
#1 = APPLICATION_PROTOCOL_DEFINITION('international standard',
  'automotive_design',2000,#2);
#2 = APPLICATION_CONTEXT(
  'core data for automotive mechanical design processes');
#3 = SHAPE_DEFINITION_REPRESENTATION(#4,#10);
#4 = PRODUCT_DEFINITION_SHAPE('','',#5);
#5 = PRODUCT_DEFINITION('design','',#6,#9);
#6 = PRODUCT_DEFINITION_FORMATION('','',#7);
#7 = PRODUCT('corner_section','corner_section','',(#8));
#8 = PRODUCT_CONTEXT('',#2,'mechanical');
#9 = PRODUCT_DEFINITION_CONTEXT('part definition',#2,'design');
#10 = SHAPE_REPRESENTATION('',(#11,#15,#19,#23,#27),#31);
#11 = AXIS2_PLACEMENT_3D('',#12,#13,#14);
#12 = CARTESIAN_POINT('',(0.,0.,0.));
#13 = DIRECTION('',(0.,0.,1.));
#14 = DIRECTION('',(1.,0.,-0.));
#15 = AXIS2_PLACEMENT_3D('',#16,#17,#18);
#16 = CARTESIAN_POINT('',(0.,0.,0.));
#17 = DIRECTION('',(0.,0.,1.));
#18 = DIRECTION('',(1.,0.,-0.));
#19 = AXIS2_PLACEMENT_3D('',#20,#21,#22);
#20 = CARTESIAN_POINT('',(0.,0.,0.));
#21 = DIRECTION('',(0.,0.,1.));
#22 = DIRECTION('',(1.,0.,-0.));
#23 = AXIS2_PLACEMENT_3D('',#24,#25,#26);
#24 = CARTESIAN_POINT('',(0.,0.,0.));
#25 = DIRECTION('',(0.,0.,1.));
#26 = DIRECTION('',(1.,0.,-0.));
#27 = AXIS2_PLACEMENT_3D('',#28,#29,#30);
#28 = CARTESIAN_POINT('',(0.,0.,0.));
#29 = DIRECTION('',(0.,0.,1.));
#30 = DIRECTION('',(1.,0.,-0.));
#31 = ( GEOMETRIC_REPRESENTATION_CONTEXT(3) 
GLOBAL_UNCERTAINTY_ASSIGNED_CONTEXT((#35)) GLOBAL_UNIT_ASSIGNED_CONTEXT(
(#32,#33,#34)) REPRESENTATION_CONTEXT('Context #1',
  '3D Context with UNIT and UNCERTAINTY') );
#32 = ( LENGTH_UNIT() NAMED_UNIT(*) SI_UNIT(.MILLI.,.METRE.) );
#33 = ( NAMED_UNIT(*) PLANE_ANGLE_UNIT() SI_UNIT($,.RADIAN.) );
#34 = ( NAMED_UNIT(*) SI_UNIT($,.STERADIAN.) SOLID_ANGLE_UNIT() );
#35 = UNCERTAINTY_MEASURE_WITH_UNIT(LENGTH_MEASURE(2.E-07),#32,
  'distance_accuracy_value','confusion accuracy');
#36 = PRODUCT_RELATED_PRODUCT_CATEGORY('part',$,(#7));
#37 = SHAPE_DEFINITION_REPRESENTATION(#38,#44);
#38 = PRODUCT_DEFINITION_SHAPE('','',#39);
#39 = PRODUCT_DEFINITION('design','',#40,#43);
#40 = PRODUCT_DEFINITION_FORMATION('','',#41);
#41 = PRODUCT('front_shell','front_shell','',(#42));
#42 = PRODUCT_CONTEXT('',#2,'mechanical');
#43 = PRODUCT_DEFINITION_CONTEXT('part definition',#2,'design');
#44 = SHAPE_REPRESENTATION('',(#11,#45,#454),#1375);
#45 = MANIFOLD_SOLID_BREP('',#46);
#46 = CLOSED_SHELL('',(#47,#162,#249,#322,#369,#415,#447));
#47 = ADVANCED_FACE('',(#48),#63,.F.);
#48 = FACE_BOUND('',#49,.F.);
#49 = EDGE_LOOP('',(#50,#86,#112,#138));
#50 = ORIENTED_EDGE('',*,*,#51,.F.);
#51 = EDGE_CURVE('',#52,#54,#56,.T.);
#52 = VERTEX_POINT('',#53);
#53 = CARTESIAN_POINT('',(27.4,55.883398951148,0.));
#54 = VERTEX_POINT('',#55);
#55 = CARTESIAN_POINT('',(28.6,55.883398951148,0.));
#56 = SURFACE_CURVE('',#57,(#62,#74),.PCURVE_S1.);
#57 = CIRCLE('',#58,2.2);
#58 = AXIS2_PLACEMENT_3D('',#59,#60,#61);
#59 = CARTESIAN_POINT('',(28.,58.,0.));
#60 = DIRECTION('',(0.,0.,1.));
#61 = DIRECTION('',(1.,0.,-0.));
#62 = PCURVE('',#63,#68);
#63 = PLANE('',#64);
#64 = AXIS2_PLACEMENT_3D('',#65,#66,#67);
#65 = CARTESIAN_POINT('',(1.12850119938E-11,4.680582154577E-02,0.));
#66 = DIRECTION('',(0.,0.,1.));
#67 = DIRECTION('',(1.,0.,-0.));
#68 = DEFINITIONAL_REPRESENTATION('',(#69),#73);
#69 = CIRCLE('',#70,2.2);
#70 = AXIS2_PLACEMENT_2D('',#71,#72);
#71 = CARTESIAN_POINT('',(27.999999999989,57.953194178454));
#72 = DIRECTION('',(1.,0.));
#73 = ( GEOMETRIC_REPRESENTATION_CONTEXT(2) 
PARAMETRIC_REPRESENTATION_CONTEXT() REPRESENTATION_CONTEXT('2D SPACE',''
  ) );
#74 = PCURVE('',#75,#80);
#75 = CONICAL_SURFACE('',#76,2.2,0.785398163397);
#76 = AXIS2_PLACEMENT_3D('',#77,#78,#79);
#77 = CARTESIAN_POINT('',(28.,58.,0.));
#78 = DIRECTION('',(-0.,-0.,-1.));
#79 = DIRECTION('',(1.,0.,-0.));
#80 = DEFINITIONAL_REPRESENTATION('',(#81),#85);
#81 = LINE('',#82,#83);
#82 = CARTESIAN_POINT('',(-0.,-0.));
#83 = VECTOR('',#84,1.);
#84 = DIRECTION('',(-1.,-0.));
#85 = ( GEOMETRIC_REPRESENTATION_CONTEXT(2) 
PARAMETRIC_REPRESENTATION_CONTEXT() REPRESENTATION_CONTEXT('2D SPACE',''
  ) );
#86 = ORIENTED_EDGE('',*,*,#87,.F.);
#87 = EDGE_CURVE('',#88,#52,#90,.T.);
#88 = VERTEX_POINT('',#89);
#89 = CARTESIAN_POINT('',(27.4,52.,0.));
#90 = SURFACE_CURVE('',#91,(#95,#101),.PCURVE_S1.);
#91 = LINE('',#92,#93);
#92 = CARTESIAN_POINT('',(27.4,26.023402910773,0.));
#93 = VECTOR('',#94,1.);
#94 = DIRECTION('',(-0.,1.,0.));
#95 = PCURVE('',#63,#96);
#96 = DEFINITIONAL_REPRESENTATION('',(#97),#100);
#97 = B_SPLINE_CURVE_WITH_KNOTS('',1,(#98,#99),.UNSPECIFIED.,.F.,.F.,(2,
    2),(25.976597089227,34.476597089227),.PIECEWISE_BEZIER_KNOTS.);
#98 = CARTESIAN_POINT('',(27.399999999989,51.953194178454));
#99 = CARTESIAN_POINT('',(27.399999999989,60.453194178454));
#100 = ( GEOMETRIC_REPRESENTATION_CONTEXT(2) 
PARAMETRIC_REPRESENTATION_CONTEXT() REPRESENTATION_CONTEXT('2D SPACE',''
  ) );
#101 = PCURVE('',#102,#107);
#102 = PLANE('',#103);
#103 = AXIS2_PLACEMENT_3D('',#104,#105,#106);
#104 = CARTESIAN_POINT('',(27.4,52.,-1.));
#105 = DIRECTION('',(1.,0.,-0.));
#106 = DIRECTION('',(0.,0.,1.));
#107 = DEFINITIONAL_REPRESENTATION('',(#108),#111);
#108 = B_SPLINE_CURVE_WITH_KNOTS('',1,(#109,#110),.UNSPECIFIED.,.F.,.F.,
  (2,2),(25.976597089227,34.476597089227),.PIECEWISE_BEZIER_KNOTS.);
#109 = CARTESIAN_POINT('',(1.,0.));
#110 = CARTESIAN_POINT('',(1.,-8.5));
#111 = ( GEOMETRIC_REPRESENTATION_CONTEXT(2) 
PARAMETRIC_REPRESENTATION_CONTEXT() REPRESENTATION_CONTEXT('2D SPACE',''
  ) );
#112 = ORIENTED_EDGE('',*,*,#113,.F.);
#113 = EDGE_CURVE('',#114,#88,#116,.T.);
#114 = VERTEX_POINT('',#115);
#115 = CARTESIAN_POINT('',(28.6,52.,0.));
#116 = SURFACE_CURVE('',#117,(#121,#127),.PCURVE_S1.);
#117 = LINE('',#118,#119);
#118 = CARTESIAN_POINT('',(13.700000000006,52.,0.));
#119 = VECTOR('',#120,1.);
#120 = DIRECTION('',(-1.,-0.,0.));
#121 = PCURVE('',#63,#122);
#122 = DEFINITIONAL_REPRESENTATION('',(#123),#126);
#123 = B_SPLINE_CURVE_WITH_KNOTS('',1,(#124,#125),.UNSPECIFIED.,.F.,.F.,
  (2,2),(-14.89999999999,-13.69999999999),.PIECEWISE_BEZIER_KNOTS.);
#124 = CARTESIAN_POINT('',(28.599999999989,51.953194178454));
#125 = CARTESIAN_POINT('',(27.399999999989,51.953194178454));
#126 = ( GEOMETRIC_REPRESENTATION_CONTEXT(2) 
PARAMETRIC_REPRESENTATION_CONTEXT() REPRESENTATION_CONTEXT('2D SPACE',''
  ) );
#127 = PCURVE('',#128,#133);
#128 = PLANE('',#129);
#129 = AXIS2_PLACEMENT_3D('',#130,#131,#132);
#130 = CARTESIAN_POINT('',(27.4,52.,-1.));
#131 = DIRECTION('',(-0.,1.,0.));
#132 = DIRECTION('',(0.,0.,1.));
#133 = DEFINITIONAL_REPRESENTATION('',(#134),#137);
#134 = B_SPLINE_CURVE_WITH_KNOTS('',1,(#135,#136),.UNSPECIFIED.,.F.,.F.,
  (2,2),(-14.89999999999,-13.69999999999),.PIECEWISE_BEZIER_KNOTS.);
#135 = CARTESIAN_POINT('',(1.,1.2));
#136 = CARTESIAN_POINT('',(1.,0.));
#137 = ( GEOMETRIC_REPRESENTATION_CONTEXT(2) 
PARAMETRIC_REPRESENTATION_CONTEXT() REPRESENTATION_CONTEXT('2D SPACE',''
  ) );
#138 = ORIENTED_EDGE('',*,*,#139,.T.);
#139 = EDGE_CURVE('',#114,#54,#140,.T.);
#140 = SURFACE_CURVE('',#141,(#145,#151),.PCURVE_S1.);
#141 = LINE('',#142,#143);
#142 = CARTESIAN_POINT('',(28.6,26.023402910773,0.));
#143 = VECTOR('',#144,1.);
#144 = DIRECTION('',(-0.,1.,0.));
#145 = PCURVE('',#63,#146);
#146 = DEFINITIONAL_REPRESENTATION('',(#147),#150);
#147 = B_SPLINE_CURVE_WITH_KNOTS('',1,(#148,#149),.UNSPECIFIED.,.F.,.F.,
  (2,2),(25.976597089227,34.476597089227),.PIECEWISE_BEZIER_KNOTS.);
#148 = CARTESIAN_POINT('',(28.599999999989,51.953194178454));
#149 = CARTESIAN_POINT('',(28.599999999989,60.453194178454));
#150 = ( GEOMETRIC_REPRESENTATION_CONTEXT(2) 
PARAMETRIC_REPRESENTATION_CONTEXT() REPRESENTATION_CONTEXT('2D SPACE',''
  ) );
#151 = PCURVE('',#152,#157);
#152 = PLANE('',#153);
#153 = AXIS2_PLACEMENT_3D('',#154,#155,#156);
#154 = CARTESIAN_POINT('',(28.6,52.,-1.));
#155 = DIRECTION('',(1.,0.,-0.));
#156 = DIRECTION('',(0.,0.,1.));
#157 = DEFINITIONAL_REPRESENTATION('',(#158),#161);
#158 = B_SPLINE_CURVE_WITH_KNOTS('',1,(#159,#160),.UNSPECIFIED.,.F.,.F.,
  (2,2),(25.976597089227,34.476597089227),.PIECEWISE_BEZIER_KNOTS.);
#159 = CARTESIAN_POINT('',(1.,0.));
#160 = CARTESIAN_POINT('',(1.,-8.5));
#161 = ( GEOMETRIC_REPRESENTATION_CONTEXT(2) 
PARAMETRIC_REPRESENTATION_CONTEXT() REPRESENTATION_CONTEXT('2D SPACE',''
  ) );
#162 = ADVANCED_FACE('',(#163),#75,.F.);
#163 = FACE_BOUND('',#164,.F.);
#164 = EDGE_LOOP('',(#165,#193,#222,#248));
#165 = ORIENTED_EDGE('',*,*,#166,.T.);
#166 = EDGE_CURVE('',#54,#167,#169,.T.);
#167 = VERTEX_POINT('',#168);
#168 = CARTESIAN_POINT('',(28.6,56.960769515459,1.));
#169 = SURFACE_CURVE('',#170,(#175,#186),.PCURVE_S1.);
#170 = HYPERBOLA('',#171,0.6,0.6);
#171 = AXIS2_PLACEMENT_3D('',#172,#173,#174);
#172 = CARTESIAN_POINT('',(28.6,58.,2.2));
#173 = DIRECTION('',(1.,0.,0.));
#174 = DIRECTION('',(0.,-0.,-1.));
#175 = PCURVE('',#75,#176);
#176 = DEFINITIONAL_REPRESENTATION('',(#177),#185);
#177 = B_SPLINE_CURVE_WITH_KNOTS('',6,(#178,#179,#180,#181,#182,#183,
    #184),.UNSPECIFIED.,.F.,.F.,(7,7),(-1.97329392209,-1.316957896925),
  .PIECEWISE_BEZIER_KNOTS.);
#178 = CARTESIAN_POINT('',(-4.988615611148,-2.6645352591E-15));
#179 = CARTESIAN_POINT('',(-5.018449066838,-0.231533586544));
#180 = CARTESIAN_POINT('',(-5.052050007794,-0.431476955027));
#181 = CARTESIAN_POINT('',(-5.089966963774,-0.604816378397));
#182 = CARTESIAN_POINT('',(-5.132816368071,-0.755407364572));
#183 = CARTESIAN_POINT('',(-5.181293087219,-0.886319265758));
#184 = CARTESIAN_POINT('',(-5.235987755983,-1.));
#185 = ( GEOMETRIC_REPRESENTATION_CONTEXT(2) 
PARAMETRIC_REPRESENTATION_CONTEXT() REPRESENTATION_CONTEXT('2D SPACE',''
  ) );
#186 = PCURVE('',#152,#187);
#187 = DEFINITIONAL_REPRESENTATION('',(#188),#192);
#188 = ( BOUNDED_CURVE() B_SPLINE_CURVE(2,(#189,#190,#191),
.UNSPECIFIED.,.F.,.F.) B_SPLINE_CURVE_WITH_KNOTS((3,3),(-1.97329392209,
-1.316957896925),.PIECEWISE_BEZIER_KNOTS.) CURVE() 
GEOMETRIC_REPRESENTATION_ITEM() RATIONAL_B_SPLINE_CURVE((1.,
1.054332112459,1.)) REPRESENTATION_ITEM('') );
#189 = CARTESIAN_POINT('',(1.,-3.883398951148));
#190 = CARTESIAN_POINT('',(1.670695196006,-4.580521080996));
#191 = CARTESIAN_POINT('',(2.,-4.960769515459));
#192 = ( GEOMETRIC_REPRESENTATION_CONTEXT(2) 
PARAMETRIC_REPRESENTATION_CONTEXT() REPRESENTATION_CONTEXT('2D SPACE',''
  ) );
#193 = ORIENTED_EDGE('',*,*,#194,.F.);
#194 = EDGE_CURVE('',#195,#167,#197,.T.);
#195 = VERTEX_POINT('',#196);
#196 = CARTESIAN_POINT('',(27.4,56.960769515459,1.));
#197 = SURFACE_CURVE('',#198,(#203,#210),.PCURVE_S1.);
#198 = CIRCLE('',#199,1.2);
#199 = AXIS2_PLACEMENT_3D('',#200,#201,#202);
#200 = CARTESIAN_POINT('',(28.,58.,1.));
#201 = DIRECTION('',(0.,0.,1.));
#202 = DIRECTION('',(1.,0.,-0.));
#203 = PCURVE('',#75,#204);
#204 = DEFINITIONAL_REPRESENTATION('',(#205),#209);
#205 = LINE('',#206,#207);
#206 = CARTESIAN_POINT('',(-0.,-1.));
#207 = VECTOR('',#208,1.);
#208 = DIRECTION('',(-1.,-0.));
#209 = ( GEOMETRIC_REPRESENTATION_CONTEXT(2) 
PARAMETRIC_REPRESENTATION_CONTEXT() REPRESENTATION_CONTEXT('2D SPACE',''
  ) );
#210 = PCURVE('',#211,#216);
#211 = CYLINDRICAL_SURFACE('',#212,1.2);
#212 = AXIS2_PLACEMENT_3D('',#213,#214,#215);
#213 = CARTESIAN_POINT('',(28.,58.,0.));
#214 = DIRECTION('',(-0.,-0.,-1.));
#215 = DIRECTION('',(1.,0.,-0.));
#216 = DEFINITIONAL_REPRESENTATION('',(#217),#221);
#217 = LINE('',#218,#219);
#218 = CARTESIAN_POINT('',(-0.,-1.));
#219 = VECTOR('',#220,1.);
#220 = DIRECTION('',(-1.,0.));
#221 = ( GEOMETRIC_REPRESENTATION_CONTEXT(2) 
PARAMETRIC_REPRESENTATION_CONTEXT() REPRESENTATION_CONTEXT('2D SPACE',''
  ) );
#222 = ORIENTED_EDGE('',*,*,#223,.F.);
#223 = EDGE_CURVE('',#52,#195,#224,.T.);
#224 = SURFACE_CURVE('',#225,(#230,#241),.PCURVE_S1.);
#225 = HYPERBOLA('',#226,0.6,0.6);
#226 = AXIS2_PLACEMENT_3D('',#227,#228,#229);
#227 = CARTESIAN_POINT('',(27.4,58.,2.2));
#228 = DIRECTION('',(1.,0.,0.));
#229 = DIRECTION('',(0.,-0.,-1.));
#230 = PCURVE('',#75,#231);
#231 = DEFINITIONAL_REPRESENTATION('',(#232),#240);
#232 = B_SPLINE_CURVE_WITH_KNOTS('',6,(#233,#234,#235,#236,#237,#238,
    #239),.UNSPECIFIED.,.F.,.F.,(7,7),(-1.97329392209,-1.316957896925),
  .PIECEWISE_BEZIER_KNOTS.);
#233 = CARTESIAN_POINT('',(-4.436162349621,-1.554312234475E-15));
#234 = CARTESIAN_POINT('',(-4.406328893932,-0.231533586544));
#235 = CARTESIAN_POINT('',(-4.372727952976,-0.431476955027));
#236 = CARTESIAN_POINT('',(-4.334810996995,-0.604816378397));
#237 = CARTESIAN_POINT('',(-4.291961592699,-0.755407364572));
#238 = CARTESIAN_POINT('',(-4.24348487355,-0.886319265758));
#239 = CARTESIAN_POINT('',(-4.188790204786,-1.));
#240 = ( GEOMETRIC_REPRESENTATION_CONTEXT(2) 
PARAMETRIC_REPRESENTATION_CONTEXT() REPRESENTATION_CONTEXT('2D SPACE',''
  ) );
#241 = PCURVE('',#102,#242);
#242 = DEFINITIONAL_REPRESENTATION('',(#243),#247);
#243 = ( BOUNDED_CURVE() B_SPLINE_CURVE(2,(#244,#245,#246),
.UNSPECIFIED.,.F.,.F.) B_SPLINE_CURVE_WITH_KNOTS((3,3),(-1.97329392209,
-1.316957896925),.PIECEWISE_BEZIER_KNOTS.) CURVE() 
GEOMETRIC_REPRESENTATION_ITEM() RATIONAL_B_SPLINE_CURVE((1.,
1.054332112459,1.)) REPRESENTATION_ITEM('') );
#244 = CARTESIAN_POINT('',(1.,-3.883398951148));
#245 = CARTESIAN_POINT('',(1.670695196006,-4.580521080996));
#246 = CARTESIAN_POINT('',(2.,-4.960769515459));
#247 = ( GEOMETRIC_REPRESENTATION_CONTEXT(2) 
PARAMETRIC_REPRESENTATION_CONTEXT() REPRESENTATION_CONTEXT('2D SPACE',''
  ) );
#248 = ORIENTED_EDGE('',*,*,#51,.T.);
#249 = ADVANCED_FACE('',(#250),#152,.T.);
#250 = FACE_BOUND('',#251,.T.);
#251 = EDGE_LOOP('',(#252,#275,#276,#277,#298));
#252 = ORIENTED_EDGE('',*,*,#253,.F.);
#253 = EDGE_CURVE('',#114,#254,#256,.T.);
#254 = VERTEX_POINT('',#255);
#255 = CARTESIAN_POINT('',(28.6,52.,1.8));
#256 = SURFACE_CURVE('',#257,(#261,#268),.PCURVE_S1.);
#257 = LINE('',#258,#259);
#258 = CARTESIAN_POINT('',(28.6,52.,-1.));
#259 = VECTOR('',#260,1.);
#260 = DIRECTION('',(0.,0.,1.));
#261 = PCURVE('',#152,#262);
#262 = DEFINITIONAL_REPRESENTATION('',(#263),#267);
#263 = LINE('',#264,#265);
#264 = CARTESIAN_POINT('',(0.,0.));
#265 = VECTOR('',#266,1.);
#266 = DIRECTION('',(1.,0.));
#267 = ( GEOMETRIC_REPRESENTATION_CONTEXT(2) 
PARAMETRIC_REPRESENTATION_CONTEXT() REPRESENTATION_CONTEXT('2D SPACE',''
  ) );
#268 = PCURVE('',#128,#269);
#269 = DEFINITIONAL_REPRESENTATION('',(#270),#274);
#270 = LINE('',#271,#272);
#271 = CARTESIAN_POINT('',(0.,1.2));
#272 = VECTOR('',#273,1.);
#273 = DIRECTION('',(1.,0.));
#274 = ( GEOMETRIC_REPRESENTATION_CONTEXT(2) 
PARAMETRIC_REPRESENTATION_CONTEXT() REPRESENTATION_CONTEXT('2D SPACE',''
  ) );
#275 = ORIENTED_EDGE('',*,*,#139,.T.);
#276 = ORIENTED_EDGE('',*,*,#166,.T.);
#277 = ORIENTED_EDGE('',*,*,#278,.F.);
#278 = EDGE_CURVE('',#279,#167,#281,.T.);
#279 = VERTEX_POINT('',#280);
#280 = CARTESIAN_POINT('',(28.6,56.960769515459,1.8));
#281 = SURFACE_CURVE('',#282,(#286,#292),.PCURVE_S1.);
#282 = LINE('',#283,#284);
#283 = CARTESIAN_POINT('',(28.6,56.960769515459,0.));
#284 = VECTOR('',#285,1.);
#285 = DIRECTION('',(-0.,-0.,-1.));
#286 = PCURVE('',#152,#287);
#287 = DEFINITIONAL_REPRESENTATION('',(#288),#291);
#288 = B_SPLINE_CURVE_WITH_KNOTS('',1,(#289,#290),.UNSPECIFIED.,.F.,.F.,
  (2,2),(-1.8000006,-0.9999994),.PIECEWISE_BEZIER_KNOTS.);
#289 = CARTESIAN_POINT('',(2.8000006,-4.960769515459));
#290 = CARTESIAN_POINT('',(1.9999994,-4.960769515459));
#291 = ( GEOMETRIC_REPRESENTATION_CONTEXT(2) 
PARAMETRIC_REPRESENTATION_CONTEXT() REPRESENTATION_CONTEXT('2D SPACE',''
  ) );
#292 = PCURVE('',#211,#293);
#293 = DEFINITIONAL_REPRESENTATION('',(#294),#297);
#294 = B_SPLINE_CURVE_WITH_KNOTS('',1,(#295,#296),.UNSPECIFIED.,.F.,.F.,
  (2,2),(-1.8000006,-0.9999994),.PIECEWISE_BEZIER_KNOTS.);
#295 = CARTESIAN_POINT('',(-5.235987755983,-1.8000006));
#296 = CARTESIAN_POINT('',(-5.235987755983,-0.9999994));
#297 = ( GEOMETRIC_REPRESENTATION_CONTEXT(2) 
PARAMETRIC_REPRESENTATION_CONTEXT() REPRESENTATION_CONTEXT('2D SPACE',''
  ) );
#298 = ORIENTED_EDGE('',*,*,#299,.F.);
#299 = EDGE_CURVE('',#254,#279,#300,.T.);
#300 = SURFACE_CURVE('',#301,(#305,#311),.PCURVE_S1.);
#301 = LINE('',#302,#303);
#302 = CARTESIAN_POINT('',(28.6,26.023402910773,1.8));
#303 = VECTOR('',#304,1.);
#304 = DIRECTION('',(-0.,1.,0.));
#305 = PCURVE('',#152,#306);
#306 = DEFINITIONAL_REPRESENTATION('',(#307),#310);
#307 = B_SPLINE_CURVE_WITH_KNOTS('',1,(#308,#309),.UNSPECIFIED.,.F.,.F.,
  (2,2),(25.976597089227,34.176597089227),.PIECEWISE_BEZIER_KNOTS.);
#308 = CARTESIAN_POINT('',(2.8,0.));
#309 = CARTESIAN_POINT('',(2.8,-8.2));
#310 = ( GEOMETRIC_REPRESENTATION_CONTEXT(2) 
PARAMETRIC_REPRESENTATION_CONTEXT() REPRESENTATION_CONTEXT('2D SPACE',''
  ) );
#311 = PCURVE('',#312,#317);
#312 = PLANE('',#313);
#313 = AXIS2_PLACEMENT_3D('',#314,#315,#316);
#314 = CARTESIAN_POINT('',(1.12850119938E-11,4.680582154577E-02,1.8));
#315 = DIRECTION('',(0.,0.,1.));
#316 = DIRECTION('',(1.,0.,-0.));
#317 = DEFINITIONAL_REPRESENTATION('',(#318),#321);
#318 = B_SPLINE_CURVE_WITH_KNOTS('',1,(#319,#320),.UNSPECIFIED.,.F.,.F.,
  (2,2),(25.976597089227,34.176597089227),.PIECEWISE_BEZIER_KNOTS.);
#319 = CARTESIAN_POINT('',(28.599999999989,51.953194178454));
#320 = CARTESIAN_POINT('',(28.599999999989,60.153194178454));
#321 = ( GEOMETRIC_REPRESENTATION_CONTEXT(2) 
PARAMETRIC_REPRESENTATION_CONTEXT() REPRESENTATION_CONTEXT('2D SPACE',''
  ) );
#322 = ADVANCED_FACE('',(#323),#128,.F.);
#323 = FACE_BOUND('',#324,.F.);
#324 = EDGE_LOOP('',(#325,#326,#327,#350));
#325 = ORIENTED_EDGE('',*,*,#253,.F.);
#326 = ORIENTED_EDGE('',*,*,#113,.T.);
#327 = ORIENTED_EDGE('',*,*,#328,.T.);
#328 = EDGE_CURVE('',#88,#329,#331,.T.);
#329 = VERTEX_POINT('',#330);
#330 = CARTESIAN_POINT('',(27.4,52.,1.8));
#331 = SURFACE_CURVE('',#332,(#336,#343),.PCURVE_S1.);
#332 = LINE('',#333,#334);
#333 = CARTESIAN_POINT('',(27.4,52.,-1.));
#334 = VECTOR('',#335,1.);
#335 = DIRECTION('',(0.,0.,1.));
#336 = PCURVE('',#128,#337);
#337 = DEFINITIONAL_REPRESENTATION('',(#338),#342);
#338 = LINE('',#339,#340);
#339 = CARTESIAN_POINT('',(0.,0.));
#340 = VECTOR('',#341,1.);
#341 = DIRECTION('',(1.,0.));
#342 = ( GEOMETRIC_REPRESENTATION_CONTEXT(2) 
PARAMETRIC_REPRESENTATION_CONTEXT() REPRESENTATION_CONTEXT('2D SPACE',''
  ) );
#343 = PCURVE('',#102,#344);
#344 = DEFINITIONAL_REPRESENTATION('',(#345),#349);
#345 = LINE('',#346,#347);
#346 = CARTESIAN_POINT('',(0.,0.));
#347 = VECTOR('',#348,1.);
#348 = DIRECTION('',(1.,0.));
#349 = ( GEOMETRIC_REPRESENTATION_CONTEXT(2) 
PARAMETRIC_REPRESENTATION_CONTEXT() REPRESENTATION_CONTEXT('2D SPACE',''
  ) );
#350 = ORIENTED_EDGE('',*,*,#351,.F.);
#351 = EDGE_CURVE('',#254,#329,#352,.T.);
#352 = SURFACE_CURVE('',#353,(#357,#363),.PCURVE_S1.);
#353 = LINE('',#354,#355);
#354 = CARTESIAN_POINT('',(13.700000000006,52.,1.8));
#355 = VECTOR('',#356,1.);
#356 = DIRECTION('',(-1.,-0.,0.));
#357 = PCURVE('',#128,#358);
#358 = DEFINITIONAL_REPRESENTATION('',(#359),#362);
#359 = B_SPLINE_CURVE_WITH_KNOTS('',1,(#360,#361),.UNSPECIFIED.,.F.,.F.,
  (2,2),(-14.89999999999,-13.69999999999),.PIECEWISE_BEZIER_KNOTS.);
#360 = CARTESIAN_POINT('',(2.8,1.2));
#361 = CARTESIAN_POINT('',(2.8,0.));
#362 = ( GEOMETRIC_REPRESENTATION_CONTEXT(2) 
PARAMETRIC_REPRESENTATION_CONTEXT() REPRESENTATION_CONTEXT('2D SPACE',''
  ) );
#363 = PCURVE('',#312,#364);
#364 = DEFINITIONAL_REPRESENTATION('',(#365),#368);
#365 = B_SPLINE_CURVE_WITH_KNOTS('',1,(#366,#367),.UNSPECIFIED.,.F.,.F.,
  (2,2),(-14.89999999999,-13.69999999999),.PIECEWISE_BEZIER_KNOTS.);
#366 = CARTESIAN_POINT('',(28.599999999989,51.953194178454));
#367 = CARTESIAN_POINT('',(27.399999999989,51.953194178454));
#368 = ( GEOMETRIC_REPRESENTATION_CONTEXT(2) 
PARAMETRIC_REPRESENTATION_CONTEXT() REPRESENTATION_CONTEXT('2D SPACE',''
  ) );
#369 = ADVANCED_FACE('',(#370),#102,.F.);
#370 = FACE_BOUND('',#371,.F.);
#371 = EDGE_LOOP('',(#372,#373,#374,#375,#396));
#372 = ORIENTED_EDGE('',*,*,#328,.F.);
#373 = ORIENTED_EDGE('',*,*,#87,.T.);
#374 = ORIENTED_EDGE('',*,*,#223,.T.);
#375 = ORIENTED_EDGE('',*,*,#376,.F.);
#376 = EDGE_CURVE('',#377,#195,#379,.T.);
#377 = VERTEX_POINT('',#378);
#378 = CARTESIAN_POINT('',(27.4,56.960769515459,1.8));
#379 = SURFACE_CURVE('',#380,(#384,#390),.PCURVE_S1.);
#380 = LINE('',#381,#382);
#381 = CARTESIAN_POINT('',(27.4,56.960769515459,0.));
#382 = VECTOR('',#383,1.);
#383 = DIRECTION('',(-0.,-0.,-1.));
#384 = PCURVE('',#102,#385);
#385 = DEFINITIONAL_REPRESENTATION('',(#386),#389);
#386 = B_SPLINE_CURVE_WITH_KNOTS('',1,(#387,#388),.UNSPECIFIED.,.F.,.F.,
  (2,2),(-1.8000006,-0.9999994),.PIECEWISE_BEZIER_KNOTS.);
#387 = CARTESIAN_POINT('',(2.8000006,-4.960769515459));
#388 = CARTESIAN_POINT('',(1.9999994,-4.960769515459));
#389 = ( GEOMETRIC_REPRESENTATION_CONTEXT(2) 
PARAMETRIC_REPRESENTATION_CONTEXT() REPRESENTATION_CONTEXT('2D SPACE',''
  ) );
#390 = PCURVE('',#211,#391);
#391 = DEFINITIONAL_REPRESENTATION('',(#392),#395);
#392 = B_SPLINE_CURVE_WITH_KNOTS('',1,(#393,#394),.UNSPECIFIED.,.F.,.F.,
  (2,2),(-1.8000006,-0.9999994),.PIECEWISE_BEZIER_KNOTS.);
#393 = CARTESIAN_POINT('',(-4.188790204786,-1.8000006));
#394 = CARTESIAN_POINT('',(-4.188790204786,-0.9999994));
#395 = ( GEOMETRIC_REPRESENTATION_CONTEXT(2) 
PARAMETRIC_REPRESENTATION_CONTEXT() REPRESENTATION_CONTEXT('2D SPACE',''
  ) );
#396 = ORIENTED_EDGE('',*,*,#397,.F.);
#397 = EDGE_CURVE('',#329,#377,#398,.T.);
#398 = SURFACE_CURVE('',#399,(#403,#409),.PCURVE_S1.);
#399 = LINE('',#400,#401);
#400 = CARTESIAN_POINT('',(27.4,26.023402910773,1.8));
#401 = VECTOR('',#402,1.);
#402 = DIRECTION('',(-0.,1.,0.));
#403 = PCURVE('',#102,#404);
#404 = DEFINITIONAL_REPRESENTATION('',(#405),#408);
#405 = B_SPLINE_CURVE_WITH_KNOTS('',1,(#406,#407),.UNSPECIFIED.,.F.,.F.,
  (2,2),(25.976597089227,34.176597089227),.PIECEWISE_BEZIER_KNOTS.);
#406 = CARTESIAN_POINT('',(2.8,0.));
#407 = CARTESIAN_POINT('',(2.8,-8.2));
#408 = ( GEOMETRIC_REPRESENTATION_CONTEXT(2) 
PARAMETRIC_REPRESENTATION_CONTEXT() REPRESENTATION_CONTEXT('2D SPACE',''
  ) );
#409 = PCURVE('',#312,#410);
#410 = DEFINITIONAL_REPRESENTATION('',(#411),#414);
#411 = B_SPLINE_CURVE_WITH_KNOTS('',1,(#412,#413),.UNSPECIFIED.,.F.,.F.,
  (2,2),(25.976597089227,34.176597089227),.PIECEWISE_BEZIER_KNOTS.);
#412 = CARTESIAN_POINT('',(27.399999999989,51.953194178454));
#413 = CARTESIAN_POINT('',(27.399999999989,60.153194178454));
#414 = ( GEOMETRIC_REPRESENTATION_CONTEXT(2) 
PARAMETRIC_REPRESENTATION_CONTEXT() REPRESENTATION_CONTEXT('2D SPACE',''
  ) );
#415 = ADVANCED_FACE('',(#416),#211,.F.);
#416 = FACE_BOUND('',#417,.T.);
#417 = EDGE_LOOP('',(#418,#419,#420,#421));
#418 = ORIENTED_EDGE('',*,*,#278,.T.);
#419 = ORIENTED_EDGE('',*,*,#194,.F.);
#420 = ORIENTED_EDGE('',*,*,#376,.F.);
#421 = ORIENTED_EDGE('',*,*,#422,.F.);
#422 = EDGE_CURVE('',#279,#377,#423,.T.);
#423 = SURFACE_CURVE('',#424,(#429,#436),.PCURVE_S1.);
#424 = CIRCLE('',#425,1.2);
#425 = AXIS2_PLACEMENT_3D('',#426,#427,#428);
#426 = CARTESIAN_POINT('',(28.,58.,1.8));
#427 = DIRECTION('',(0.,-0.,-1.));
#428 = DIRECTION('',(1.,0.,-0.));
#429 = PCURVE('',#211,#430);
#430 = DEFINITIONAL_REPRESENTATION('',(#431),#435);
#431 = LINE('',#432,#433);
#432 = CARTESIAN_POINT('',(-6.28318530718,-1.8));
#433 = VECTOR('',#434,1.);
#434 = DIRECTION('',(1.,-0.));
#435 = ( GEOMETRIC_REPRESENTATION_CONTEXT(2) 
PARAMETRIC_REPRESENTATION_CONTEXT() REPRESENTATION_CONTEXT('2D SPACE',''
  ) );
#436 = PCURVE('',#312,#437);
#437 = DEFINITIONAL_REPRESENTATION('',(#438),#446);
#438 = ( BOUNDED_CURVE() B_SPLINE_CURVE(2,(#439,#440,#441,#442,#443,#444
,#445),.UNSPECIFIED.,.T.,.F.) B_SPLINE_CURVE_WITH_KNOTS((1,2,2,2,2,1),(
    -2.094395102393,0.,2.094395102393,4.188790204786,6.28318530718,
8.377580409573),.UNSPECIFIED.) CURVE() GEOMETRIC_REPRESENTATION_ITEM() 
RATIONAL_B_SPLINE_CURVE((1.,0.5,1.,0.5,1.,0.5,1.)) REPRESENTATION_ITEM(
  '') );
#439 = CARTESIAN_POINT('',(29.199999999989,57.953194178454));
#440 = CARTESIAN_POINT('',(29.199999999989,55.874733209372));
#441 = CARTESIAN_POINT('',(27.399999999989,56.913963693913));
#442 = CARTESIAN_POINT('',(25.599999999989,57.953194178454));
#443 = CARTESIAN_POINT('',(27.399999999989,58.992424662996));
#444 = CARTESIAN_POINT('',(29.199999999989,60.031655147537));
#445 = CARTESIAN_POINT('',(29.199999999989,57.953194178454));
#446 = ( GEOMETRIC_REPRESENTATION_CONTEXT(2) 
PARAMETRIC_REPRESENTATION_CONTEXT() REPRESENTATION_CONTEXT('2D SPACE',''
  ) );
#447 = ADVANCED_FACE('',(#448),#312,.T.);
#448 = FACE_BOUND('',#449,.T.);
#449 = EDGE_LOOP('',(#450,#451,#452,#453));
#450 = ORIENTED_EDGE('',*,*,#422,.T.);
#451 = ORIENTED_EDGE('',*,*,#397,.F.);
#452 = ORIENTED_EDGE('',*,*,#351,.F.);
#453 = ORIENTED_EDGE('',*,*,#299,.T.);
#454 = MANIFOLD_SOLID_BREP('',#455);
#455 = CLOSED_SHELL('',(#456,#636,#710,#763,#978,#1032,#1079,#1198,#1246
    ,#1278,#1307,#1335,#1367));
#456 = ADVANCED_FACE('',(#457),#471,.T.);
#457 = FACE_BOUND('',#458,.T.);
#458 = EDGE_LOOP('',(#459,#494,#520,#546,#579,#605));
#459 = ORIENTED_EDGE('',*,*,#460,.F.);
#460 = EDGE_CURVE('',#461,#463,#465,.T.);
#461 = VERTEX_POINT('',#462);
#462 = CARTESIAN_POINT('',(27.4,62.,7.25));
#463 = VERTEX_POINT('',#464);
#464 = CARTESIAN_POINT('',(28.,61.999999998755,7.25));
#465 = SURFACE_CURVE('',#466,(#470,#482),.PCURVE_S1.);
#466 = LINE('',#467,#468);
#467 = CARTESIAN_POINT('',(0.,62.,7.25));
#468 = VECTOR('',#469,1.);
#469 = DIRECTION('',(1.,0.,0.));
#470 = PCURVE('',#471,#476);
#471 = PLANE('',#472);
#472 = AXIS2_PLACEMENT_3D('',#473,#474,#475);
#473 = CARTESIAN_POINT('',(1.12850119938E-11,4.680582154577E-02,7.25));
#474 = DIRECTION('',(0.,0.,1.));
#475 = DIRECTION('',(1.,0.,-0.));
#476 = DEFINITIONAL_REPRESENTATION('',(#477),#481);
#477 = LINE('',#478,#479);
#478 = CARTESIAN_POINT('',(-1.12850119938E-11,61.953194178454));
#479 = VECTOR('',#480,1.);
#480 = DIRECTION('',(1.,0.));
#481 = ( GEOMETRIC_REPRESENTATION_CONTEXT(2) 
PARAMETRIC_REPRESENTATION_CONTEXT() REPRESENTATION_CONTEXT('2D SPACE',''
  ) );
#482 = PCURVE('',#483,#488);
#483 = PLANE('',#484);
#484 = AXIS2_PLACEMENT_3D('',#485,#486,#487);
#485 = CARTESIAN_POINT('',(-28.,62.,0.));
#486 = DIRECTION('',(0.,1.,0.));
#487 = DIRECTION('',(1.,0.,0.));
#488 = DEFINITIONAL_REPRESENTATION('',(#489),#493);
#489 = LINE('',#490,#491);
#490 = CARTESIAN_POINT('',(28.,-7.25));
#491 = VECTOR('',#492,1.);
#492 = DIRECTION('',(1.,0.));
#493 = ( GEOMETRIC_REPRESENTATION_CONTEXT(2) 
PARAMETRIC_REPRESENTATION_CONTEXT() REPRESENTATION_CONTEXT('2D SPACE',''
  ) );
#494 = ORIENTED_EDGE('',*,*,#495,.F.);
#495 = EDGE_CURVE('',#496,#461,#498,.T.);
#496 = VERTEX_POINT('',#497);
#497 = CARTESIAN_POINT('',(27.4,60.2,7.25));
#498 = SURFACE_CURVE('',#499,(#503,#509),.PCURVE_S1.);
#499 = LINE('',#500,#501);
#500 = CARTESIAN_POINT('',(27.4,26.023402910773,7.25));
#501 = VECTOR('',#502,1.);
#502 = DIRECTION('',(-0.,1.,0.));
#503 = PCURVE('',#471,#504);
#504 = DEFINITIONAL_REPRESENTATION('',(#505),#508);
#505 = B_SPLINE_CURVE_WITH_KNOTS('',1,(#506,#507),.UNSPECIFIED.,.F.,.F.,
  (2,2),(25.976597089227,35.976597089227),.PIECEWISE_BEZIER_KNOTS.);
#506 = CARTESIAN_POINT('',(27.399999999989,51.953194178454));
#507 = CARTESIAN_POINT('',(27.399999999989,61.953194178454));
#508 = ( GEOMETRIC_REPRESENTATION_CONTEXT(2) 
PARAMETRIC_REPRESENTATION_CONTEXT() REPRESENTATION_CONTEXT('2D SPACE',''
  ) );
#509 = PCURVE('',#510,#515);
#510 = PLANE('',#511);
#511 = AXIS2_PLACEMENT_3D('',#512,#513,#514);
#512 = CARTESIAN_POINT('',(27.4,52.,-1.));
#513 = DIRECTION('',(1.,0.,-0.));
#514 = DIRECTION('',(0.,0.,1.));
#515 = DEFINITIONAL_REPRESENTATION('',(#516),#519);
#516 = B_SPLINE_CURVE_WITH_KNOTS('',1,(#517,#518),.UNSPECIFIED.,.F.,.F.,
  (2,2),(25.976597089227,35.976597089227),.PIECEWISE_BEZIER_KNOTS.);
#517 = CARTESIAN_POINT('',(8.25,0.));
#518 = CARTESIAN_POINT('',(8.25,-10.));
#519 = ( GEOMETRIC_REPRESENTATION_CONTEXT(2) 
PARAMETRIC_REPRESENTATION_CONTEXT() REPRESENTATION_CONTEXT('2D SPACE',''
  ) );
#520 = ORIENTED_EDGE('',*,*,#521,.F.);
#521 = EDGE_CURVE('',#522,#496,#524,.T.);
#522 = VERTEX_POINT('',#523);
#523 = CARTESIAN_POINT('',(28.,60.2,7.25));
#524 = SURFACE_CURVE('',#525,(#529,#535),.PCURVE_S1.);
#525 = LINE('',#526,#527);
#526 = CARTESIAN_POINT('',(9.000000000006,60.2,7.25));
#527 = VECTOR('',#528,1.);
#528 = DIRECTION('',(-1.,0.,0.));
#529 = PCURVE('',#471,#530);
#530 = DEFINITIONAL_REPRESENTATION('',(#531),#534);
#531 = B_SPLINE_CURVE_WITH_KNOTS('',1,(#532,#533),.UNSPECIFIED.,.F.,.F.,
  (2,2),(-18.99999999999,-8.999999999994),.PIECEWISE_BEZIER_KNOTS.);
#532 = CARTESIAN_POINT('',(27.999999999989,60.153194178454));
#533 = CARTESIAN_POINT('',(17.999999999989,60.153194178454));
#534 = ( GEOMETRIC_REPRESENTATION_CONTEXT(2) 
PARAMETRIC_REPRESENTATION_CONTEXT() REPRESENTATION_CONTEXT('2D SPACE',''
  ) );
#535 = PCURVE('',#536,#541);
#536 = PLANE('',#537);
#537 = AXIS2_PLACEMENT_3D('',#538,#539,#540);
#538 = CARTESIAN_POINT('',(18.,60.2,1.8));
#539 = DIRECTION('',(0.,1.,0.));
#540 = DIRECTION('',(1.,0.,0.));
#541 = DEFINITIONAL_REPRESENTATION('',(#542),#545);
#542 = B_SPLINE_CURVE_WITH_KNOTS('',1,(#543,#544),.UNSPECIFIED.,.F.,.F.,
  (2,2),(-18.99999999999,-8.999999999994),.PIECEWISE_BEZIER_KNOTS.);
#543 = CARTESIAN_POINT('',(10.,-5.45));
#544 = CARTESIAN_POINT('',(0.,-5.45));
#545 = ( GEOMETRIC_REPRESENTATION_CONTEXT(2) 
PARAMETRIC_REPRESENTATION_CONTEXT() REPRESENTATION_CONTEXT('2D SPACE',''
  ) );
#546 = ORIENTED_EDGE('',*,*,#547,.T.);
#547 = EDGE_CURVE('',#522,#548,#550,.T.);
#548 = VERTEX_POINT('',#549);
#549 = CARTESIAN_POINT('',(28.6,60.116601046362,7.25));
#550 = SURFACE_CURVE('',#551,(#556,#567),.PCURVE_S1.);
#551 = CIRCLE('',#552,2.2);
#552 = AXIS2_PLACEMENT_3D('',#553,#554,#555);
#553 = CARTESIAN_POINT('',(28.,57.99999999751,7.25));
#554 = DIRECTION('',(0.,0.,-1.));
#555 = DIRECTION('',(-1.,0.,0.));
#556 = PCURVE('',#471,#557);
#557 = DEFINITIONAL_REPRESENTATION('',(#558),#566);
#558 = ( BOUNDED_CURVE() B_SPLINE_CURVE(2,(#559,#560,#561,#562,#563,#564
,#565),.UNSPECIFIED.,.T.,.F.) B_SPLINE_CURVE_WITH_KNOTS((1,2,2,2,2,1),(
    -2.094395102393,0.,2.094395102393,4.188790204786,6.28318530718,
8.377580409573),.UNSPECIFIED.) CURVE() GEOMETRIC_REPRESENTATION_ITEM() 
RATIONAL_B_SPLINE_CURVE((1.,0.5,1.,0.5,1.,0.5,1.)) REPRESENTATION_ITEM(
  '') );
#559 = CARTESIAN_POINT('',(25.799999999989,57.953194175964));
#560 = CARTESIAN_POINT('',(25.799999999989,61.763705952616));
#561 = CARTESIAN_POINT('',(29.099999999989,59.85845006429));
#562 = CARTESIAN_POINT('',(32.399999999989,57.953194175964));
#563 = CARTESIAN_POINT('',(29.099999999989,56.047938287639));
#564 = CARTESIAN_POINT('',(25.799999999989,54.142682399313));
#565 = CARTESIAN_POINT('',(25.799999999989,57.953194175964));
#566 = ( GEOMETRIC_REPRESENTATION_CONTEXT(2) 
PARAMETRIC_REPRESENTATION_CONTEXT() REPRESENTATION_CONTEXT('2D SPACE',''
  ) );
#567 = PCURVE('',#568,#573);
#568 = CYLINDRICAL_SURFACE('',#569,2.2);
#569 = AXIS2_PLACEMENT_3D('',#570,#571,#572);
#570 = CARTESIAN_POINT('',(28.,57.99999999751,1.8));
#571 = DIRECTION('',(0.,0.,-1.));
#572 = DIRECTION('',(-1.,0.,0.));
#573 = DEFINITIONAL_REPRESENTATION('',(#574),#578);
#574 = LINE('',#575,#576);
#575 = CARTESIAN_POINT('',(0.,-5.45));
#576 = VECTOR('',#577,1.);
#577 = DIRECTION('',(1.,0.));
#578 = ( GEOMETRIC_REPRESENTATION_CONTEXT(2) 
PARAMETRIC_REPRESENTATION_CONTEXT() REPRESENTATION_CONTEXT('2D SPACE',''
  ) );
#579 = ORIENTED_EDGE('',*,*,#580,.T.);
#580 = EDGE_CURVE('',#548,#581,#583,.T.);
#581 = VERTEX_POINT('',#582);
#582 = CARTESIAN_POINT('',(28.6,61.954743984167,7.25));
#583 = SURFACE_CURVE('',#584,(#588,#594),.PCURVE_S1.);
#584 = LINE('',#585,#586);
#585 = CARTESIAN_POINT('',(28.6,26.023402910773,7.25));
#586 = VECTOR('',#587,1.);
#587 = DIRECTION('',(-0.,1.,0.));
#588 = PCURVE('',#471,#589);
#589 = DEFINITIONAL_REPRESENTATION('',(#590),#593);
#590 = B_SPLINE_CURVE_WITH_KNOTS('',1,(#591,#592),.UNSPECIFIED.,.F.,.F.,
  (2,2),(25.976597089227,35.976597089227),.PIECEWISE_BEZIER_KNOTS.);
#591 = CARTESIAN_POINT('',(28.599999999989,51.953194178454));
#592 = CARTESIAN_POINT('',(28.599999999989,61.953194178454));
#593 = ( GEOMETRIC_REPRESENTATION_CONTEXT(2) 
PARAMETRIC_REPRESENTATION_CONTEXT() REPRESENTATION_CONTEXT('2D SPACE',''
  ) );
#594 = PCURVE('',#595,#600);
#595 = PLANE('',#596);
#596 = AXIS2_PLACEMENT_3D('',#597,#598,#599);
#597 = CARTESIAN_POINT('',(28.6,52.,-1.));
#598 = DIRECTION('',(1.,0.,-0.));
#599 = DIRECTION('',(0.,0.,1.));
#600 = DEFINITIONAL_REPRESENTATION('',(#601),#604);
#601 = B_SPLINE_CURVE_WITH_KNOTS('',1,(#602,#603),.UNSPECIFIED.,.F.,.F.,
  (2,2),(25.976597089227,35.976597089227),.PIECEWISE_BEZIER_KNOTS.);
#602 = CARTESIAN_POINT('',(8.25,0.));
#603 = CARTESIAN_POINT('',(8.25,-10.));
#604 = ( GEOMETRIC_REPRESENTATION_CONTEXT(2) 
PARAMETRIC_REPRESENTATION_CONTEXT() REPRESENTATION_CONTEXT('2D SPACE',''
  ) );
#605 = ORIENTED_EDGE('',*,*,#606,.F.);
#606 = EDGE_CURVE('',#463,#581,#607,.T.);
#607 = SURFACE_CURVE('',#608,(#613,#624),.PCURVE_S1.);
#608 = CIRCLE('',#609,4.);
#609 = AXIS2_PLACEMENT_3D('',#610,#611,#612);
#610 = CARTESIAN_POINT('',(28.,57.99999999751,7.25));
#611 = DIRECTION('',(0.,0.,-1.));
#612 = DIRECTION('',(-1.,0.,0.));
#613 = PCURVE('',#471,#614);
#614 = DEFINITIONAL_REPRESENTATION('',(#615),#623);
#615 = ( BOUNDED_CURVE() B_SPLINE_CURVE(2,(#616,#617,#618,#619,#620,#621
,#622),.UNSPECIFIED.,.T.,.F.) B_SPLINE_CURVE_WITH_KNOTS((1,2,2,2,2,1),(
    -2.094395102393,0.,2.094395102393,4.188790204786,6.28318530718,
8.377580409573),.UNSPECIFIED.) CURVE() GEOMETRIC_REPRESENTATION_ITEM() 
RATIONAL_B_SPLINE_CURVE((1.,0.5,1.,0.5,1.,0.5,1.)) REPRESENTATION_ITEM(
  '') );
#616 = CARTESIAN_POINT('',(23.999999999989,57.953194175964));
#617 = CARTESIAN_POINT('',(23.999999999989,64.88139740624));
#618 = CARTESIAN_POINT('',(29.999999999989,61.417295791102));
#619 = CARTESIAN_POINT('',(35.999999999989,57.953194175964));
#620 = CARTESIAN_POINT('',(29.999999999989,54.489092560827));
#621 = CARTESIAN_POINT('',(23.999999999989,51.024990945689));
#622 = CARTESIAN_POINT('',(23.999999999989,57.953194175964));
#623 = ( GEOMETRIC_REPRESENTATION_CONTEXT(2) 
PARAMETRIC_REPRESENTATION_CONTEXT() REPRESENTATION_CONTEXT('2D SPACE',''
  ) );
#624 = PCURVE('',#625,#630);
#625 = CYLINDRICAL_SURFACE('',#626,4.);
#626 = AXIS2_PLACEMENT_3D('',#627,#628,#629);
#627 = CARTESIAN_POINT('',(28.,57.99999999751,0.));
#628 = DIRECTION('',(0.,0.,-1.));
#629 = DIRECTION('',(-1.,0.,0.));
#630 = DEFINITIONAL_REPRESENTATION('',(#631),#635);
#631 = LINE('',#632,#633);
#632 = CARTESIAN_POINT('',(0.,-7.25));
#633 = VECTOR('',#634,1.);
#634 = DIRECTION('',(1.,0.));
#635 = ( GEOMETRIC_REPRESENTATION_CONTEXT(2) 
PARAMETRIC_REPRESENTATION_CONTEXT() REPRESENTATION_CONTEXT('2D SPACE',''
  ) );
#636 = ADVANCED_FACE('',(#637),#483,.T.);
#637 = FACE_BOUND('',#638,.T.);
#638 = EDGE_LOOP('',(#639,#660,#661,#684));
#639 = ORIENTED_EDGE('',*,*,#640,.F.);
#640 = EDGE_CURVE('',#461,#641,#643,.T.);
#641 = VERTEX_POINT('',#642);
#642 = CARTESIAN_POINT('',(27.4,62.,1.5));
#643 = SURFACE_CURVE('',#644,(#648,#654),.PCURVE_S1.);
#644 = LINE('',#645,#646);
#645 = CARTESIAN_POINT('',(27.4,62.,-0.5));
#646 = VECTOR('',#647,1.);
#647 = DIRECTION('',(-0.,0.,-1.));
#648 = PCURVE('',#483,#649);
#649 = DEFINITIONAL_REPRESENTATION('',(#650),#653);
#650 = B_SPLINE_CURVE_WITH_KNOTS('',1,(#651,#652),.UNSPECIFIED.,.F.,.F.,
  (2,2),(-7.75,-2.),.PIECEWISE_BEZIER_KNOTS.);
#651 = CARTESIAN_POINT('',(55.4,-7.25));
#652 = CARTESIAN_POINT('',(55.4,-1.5));
#653 = ( GEOMETRIC_REPRESENTATION_CONTEXT(2) 
PARAMETRIC_REPRESENTATION_CONTEXT() REPRESENTATION_CONTEXT('2D SPACE',''
  ) );
#654 = PCURVE('',#510,#655);
#655 = DEFINITIONAL_REPRESENTATION('',(#656),#659);
#656 = B_SPLINE_CURVE_WITH_KNOTS('',1,(#657,#658),.UNSPECIFIED.,.F.,.F.,
  (2,2),(-7.75,-2.),.PIECEWISE_BEZIER_KNOTS.);
#657 = CARTESIAN_POINT('',(8.25,-10.));
#658 = CARTESIAN_POINT('',(2.5,-10.));
#659 = ( GEOMETRIC_REPRESENTATION_CONTEXT(2) 
PARAMETRIC_REPRESENTATION_CONTEXT() REPRESENTATION_CONTEXT('2D SPACE',''
  ) );
#660 = ORIENTED_EDGE('',*,*,#460,.T.);
#661 = ORIENTED_EDGE('',*,*,#662,.F.);
#662 = EDGE_CURVE('',#663,#463,#665,.T.);
#663 = VERTEX_POINT('',#664);
#664 = CARTESIAN_POINT('',(28.,62.,1.5));
#665 = SURFACE_CURVE('',#666,(#670,#677),.PCURVE_S1.);
#666 = LINE('',#667,#668);
#667 = CARTESIAN_POINT('',(28.,61.999999998755,0.));
#668 = VECTOR('',#669,1.);
#669 = DIRECTION('',(0.,0.,1.));
#670 = PCURVE('',#483,#671);
#671 = DEFINITIONAL_REPRESENTATION('',(#672),#676);
#672 = LINE('',#673,#674);
#673 = CARTESIAN_POINT('',(56.,0.));
#674 = VECTOR('',#675,1.);
#675 = DIRECTION('',(0.,-1.));
#676 = ( GEOMETRIC_REPRESENTATION_CONTEXT(2) 
PARAMETRIC_REPRESENTATION_CONTEXT() REPRESENTATION_CONTEXT('2D SPACE',''
  ) );
#677 = PCURVE('',#625,#678);
#678 = DEFINITIONAL_REPRESENTATION('',(#679),#683);
#679 = LINE('',#680,#681);
#680 = CARTESIAN_POINT('',(1.570796326795,0.));
#681 = VECTOR('',#682,1.);
#682 = DIRECTION('',(0.,-1.));
#683 = ( GEOMETRIC_REPRESENTATION_CONTEXT(2) 
PARAMETRIC_REPRESENTATION_CONTEXT() REPRESENTATION_CONTEXT('2D SPACE',''
  ) );
#684 = ORIENTED_EDGE('',*,*,#685,.F.);
#685 = EDGE_CURVE('',#641,#663,#686,.T.);
#686 = SURFACE_CURVE('',#687,(#691,#698),.PCURVE_S1.);
#687 = LINE('',#688,#689);
#688 = CARTESIAN_POINT('',(-28.,62.,1.5));
#689 = VECTOR('',#690,1.);
#690 = DIRECTION('',(1.,0.,0.));
#691 = PCURVE('',#483,#692);
#692 = DEFINITIONAL_REPRESENTATION('',(#693),#697);
#693 = LINE('',#694,#695);
#694 = CARTESIAN_POINT('',(0.,-1.5));
#695 = VECTOR('',#696,1.);
#696 = DIRECTION('',(1.,0.));
#697 = ( GEOMETRIC_REPRESENTATION_CONTEXT(2) 
PARAMETRIC_REPRESENTATION_CONTEXT() REPRESENTATION_CONTEXT('2D SPACE',''
  ) );
#698 = PCURVE('',#699,#704);
#699 = CYLINDRICAL_SURFACE('',#700,1.5);
#700 = AXIS2_PLACEMENT_3D('',#701,#702,#703);
#701 = CARTESIAN_POINT('',(-28.,60.5,1.5));
#702 = DIRECTION('',(1.,0.,0.));
#703 = DIRECTION('',(-0.,1.,0.));
#704 = DEFINITIONAL_REPRESENTATION('',(#705),#709);
#705 = LINE('',#706,#707);
#706 = CARTESIAN_POINT('',(-0.,0.));
#707 = VECTOR('',#708,1.);
#708 = DIRECTION('',(-0.,1.));
#709 = ( GEOMETRIC_REPRESENTATION_CONTEXT(2) 
PARAMETRIC_REPRESENTATION_CONTEXT() REPRESENTATION_CONTEXT('2D SPACE',''
  ) );
#710 = ADVANCED_FACE('',(#711),#625,.T.);
#711 = FACE_BOUND('',#712,.T.);
#712 = EDGE_LOOP('',(#713,#742,#743,#744));
#713 = ORIENTED_EDGE('',*,*,#714,.F.);
#714 = EDGE_CURVE('',#663,#715,#717,.T.);
#715 = VERTEX_POINT('',#716);
#716 = CARTESIAN_POINT('',(28.6,61.954743984167,1.5));
#717 = SURFACE_CURVE('',#718,(#723,#730),.PCURVE_S1.);
#718 = CIRCLE('',#719,4.);
#719 = AXIS2_PLACEMENT_3D('',#720,#721,#722);
#720 = CARTESIAN_POINT('',(28.,57.99999999751,1.5));
#721 = DIRECTION('',(0.,-0.,-1.));
#722 = DIRECTION('',(0.,1.,-0.));
#723 = PCURVE('',#625,#724);
#724 = DEFINITIONAL_REPRESENTATION('',(#725),#729);
#725 = LINE('',#726,#727);
#726 = CARTESIAN_POINT('',(1.570796326795,-1.5));
#727 = VECTOR('',#728,1.);
#728 = DIRECTION('',(1.,0.));
#729 = ( GEOMETRIC_REPRESENTATION_CONTEXT(2) 
PARAMETRIC_REPRESENTATION_CONTEXT() REPRESENTATION_CONTEXT('2D SPACE',''
  ) );
#730 = PCURVE('',#731,#736);
#731 = TOROIDAL_SURFACE('',#732,2.5,1.5);
#732 = AXIS2_PLACEMENT_3D('',#733,#734,#735);
#733 = CARTESIAN_POINT('',(28.,57.99999999751,1.5));
#734 = DIRECTION('',(-0.,-0.,-1.));
#735 = DIRECTION('',(0.,1.,-0.));
#736 = DEFINITIONAL_REPRESENTATION('',(#737),#741);
#737 = LINE('',#738,#739);
#738 = CARTESIAN_POINT('',(0.,0.));
#739 = VECTOR('',#740,1.);
#740 = DIRECTION('',(1.,0.));
#741 = ( GEOMETRIC_REPRESENTATION_CONTEXT(2) 
PARAMETRIC_REPRESENTATION_CONTEXT() REPRESENTATION_CONTEXT('2D SPACE',''
  ) );
#742 = ORIENTED_EDGE('',*,*,#662,.T.);
#743 = ORIENTED_EDGE('',*,*,#606,.T.);
#744 = ORIENTED_EDGE('',*,*,#745,.T.);
#745 = EDGE_CURVE('',#581,#715,#746,.T.);
#746 = SURFACE_CURVE('',#747,(#751,#757),.PCURVE_S1.);
#747 = LINE('',#748,#749);
#748 = CARTESIAN_POINT('',(28.6,61.954743984167,0.));
#749 = VECTOR('',#750,1.);
#750 = DIRECTION('',(0.,0.,-1.));
#751 = PCURVE('',#625,#752);
#752 = DEFINITIONAL_REPRESENTATION('',(#753),#756);
#753 = B_SPLINE_CURVE_WITH_KNOTS('',1,(#754,#755),.UNSPECIFIED.,.F.,.F.,
  (2,2),(-7.2500006,-1.4999994),.PIECEWISE_BEZIER_KNOTS.);
#754 = CARTESIAN_POINT('',(1.721364599572,-7.2500006));
#755 = CARTESIAN_POINT('',(1.721364599572,-1.4999994));
#756 = ( GEOMETRIC_REPRESENTATION_CONTEXT(2) 
PARAMETRIC_REPRESENTATION_CONTEXT() REPRESENTATION_CONTEXT('2D SPACE',''
  ) );
#757 = PCURVE('',#595,#758);
#758 = DEFINITIONAL_REPRESENTATION('',(#759),#762);
#759 = B_SPLINE_CURVE_WITH_KNOTS('',1,(#760,#761),.UNSPECIFIED.,.F.,.F.,
  (2,2),(-7.2500006,-1.4999994),.PIECEWISE_BEZIER_KNOTS.);
#760 = CARTESIAN_POINT('',(8.2500006,-9.954743984167));
#761 = CARTESIAN_POINT('',(2.4999994,-9.954743984167));
#762 = ( GEOMETRIC_REPRESENTATION_CONTEXT(2) 
PARAMETRIC_REPRESENTATION_CONTEXT() REPRESENTATION_CONTEXT('2D SPACE',''
  ) );
#763 = ADVANCED_FACE('',(#764),#595,.T.);
#764 = FACE_BOUND('',#765,.T.);
#765 = EDGE_LOOP('',(#766,#767,#788,#814,#840,#873,#899,#977));
#766 = ORIENTED_EDGE('',*,*,#580,.F.);
#767 = ORIENTED_EDGE('',*,*,#768,.T.);
#768 = EDGE_CURVE('',#548,#769,#771,.T.);
#769 = VERTEX_POINT('',#770);
#770 = CARTESIAN_POINT('',(28.6,60.116601046362,1.8));
#771 = SURFACE_CURVE('',#772,(#776,#782),.PCURVE_S1.);
#772 = LINE('',#773,#774);
#773 = CARTESIAN_POINT('',(28.6,60.116601046362,1.8));
#774 = VECTOR('',#775,1.);
#775 = DIRECTION('',(0.,0.,-1.));
#776 = PCURVE('',#595,#777);
#777 = DEFINITIONAL_REPRESENTATION('',(#778),#781);
#778 = B_SPLINE_CURVE_WITH_KNOTS('',1,(#779,#780),.UNSPECIFIED.,.F.,.F.,
  (2,2),(-5.4500006,5.999999999062E-07),.PIECEWISE_BEZIER_KNOTS.);
#779 = CARTESIAN_POINT('',(8.2500006,-8.116601046362));
#780 = CARTESIAN_POINT('',(2.7999994,-8.116601046362));
#781 = ( GEOMETRIC_REPRESENTATION_CONTEXT(2) 
PARAMETRIC_REPRESENTATION_CONTEXT() REPRESENTATION_CONTEXT('2D SPACE',''
  ) );
#782 = PCURVE('',#568,#783);
#783 = DEFINITIONAL_REPRESENTATION('',(#784),#787);
#784 = B_SPLINE_CURVE_WITH_KNOTS('',1,(#785,#786),.UNSPECIFIED.,.F.,.F.,
  (2,2),(-5.4500006,5.999999999062E-07),.PIECEWISE_BEZIER_KNOTS.);
#785 = CARTESIAN_POINT('',(1.847022957558,-5.4500006));
#786 = CARTESIAN_POINT('',(1.847022957558,5.999999999062E-07));
#787 = ( GEOMETRIC_REPRESENTATION_CONTEXT(2) 
PARAMETRIC_REPRESENTATION_CONTEXT() REPRESENTATION_CONTEXT('2D SPACE',''
  ) );
#788 = ORIENTED_EDGE('',*,*,#789,.F.);
#789 = EDGE_CURVE('',#790,#769,#792,.T.);
#790 = VERTEX_POINT('',#791);
#791 = CARTESIAN_POINT('',(28.6,59.039230484541,1.8));
#792 = SURFACE_CURVE('',#793,(#797,#803),.PCURVE_S1.);
#793 = LINE('',#794,#795);
#794 = CARTESIAN_POINT('',(28.6,26.023402910773,1.8));
#795 = VECTOR('',#796,1.);
#796 = DIRECTION('',(-0.,1.,0.));
#797 = PCURVE('',#595,#798);
#798 = DEFINITIONAL_REPRESENTATION('',(#799),#802);
#799 = B_SPLINE_CURVE_WITH_KNOTS('',1,(#800,#801),.UNSPECIFIED.,.F.,.F.,
  (2,2),(25.976597089227,34.176597089227),.PIECEWISE_BEZIER_KNOTS.);
#800 = CARTESIAN_POINT('',(2.8,0.));
#801 = CARTESIAN_POINT('',(2.8,-8.2));
#802 = ( GEOMETRIC_REPRESENTATION_CONTEXT(2) 
PARAMETRIC_REPRESENTATION_CONTEXT() REPRESENTATION_CONTEXT('2D SPACE',''
  ) );
#803 = PCURVE('',#804,#809);
#804 = PLANE('',#805);
#805 = AXIS2_PLACEMENT_3D('',#806,#807,#808);
#806 = CARTESIAN_POINT('',(1.12850119938E-11,4.680582154577E-02,1.8));
#807 = DIRECTION('',(0.,0.,1.));
#808 = DIRECTION('',(1.,0.,-0.));
#809 = DEFINITIONAL_REPRESENTATION('',(#810),#813);
#810 = B_SPLINE_CURVE_WITH_KNOTS('',1,(#811,#812),.UNSPECIFIED.,.F.,.F.,
  (2,2),(25.976597089227,34.176597089227),.PIECEWISE_BEZIER_KNOTS.);
#811 = CARTESIAN_POINT('',(28.599999999989,51.953194178454));
#812 = CARTESIAN_POINT('',(28.599999999989,60.153194178454));
#813 = ( GEOMETRIC_REPRESENTATION_CONTEXT(2) 
PARAMETRIC_REPRESENTATION_CONTEXT() REPRESENTATION_CONTEXT('2D SPACE',''
  ) );
#814 = ORIENTED_EDGE('',*,*,#815,.T.);
#815 = EDGE_CURVE('',#790,#816,#818,.T.);
#816 = VERTEX_POINT('',#817);
#817 = CARTESIAN_POINT('',(28.6,59.039230484541,1.));
#818 = SURFACE_CURVE('',#819,(#823,#829),.PCURVE_S1.);
#819 = LINE('',#820,#821);
#820 = CARTESIAN_POINT('',(28.6,59.039230484541,0.));
#821 = VECTOR('',#822,1.);
#822 = DIRECTION('',(-0.,-0.,-1.));
#823 = PCURVE('',#595,#824);
#824 = DEFINITIONAL_REPRESENTATION('',(#825),#828);
#825 = B_SPLINE_CURVE_WITH_KNOTS('',1,(#826,#827),.UNSPECIFIED.,.F.,.F.,
  (2,2),(-1.8000006,-0.9999994),.PIECEWISE_BEZIER_KNOTS.);
#826 = CARTESIAN_POINT('',(2.8000006,-7.039230484541));
#827 = CARTESIAN_POINT('',(1.9999994,-7.039230484541));
#828 = ( GEOMETRIC_REPRESENTATION_CONTEXT(2) 
PARAMETRIC_REPRESENTATION_CONTEXT() REPRESENTATION_CONTEXT('2D SPACE',''
  ) );
#829 = PCURVE('',#830,#835);
#830 = CYLINDRICAL_SURFACE('',#831,1.2);
#831 = AXIS2_PLACEMENT_3D('',#832,#833,#834);
#832 = CARTESIAN_POINT('',(28.,58.,0.));
#833 = DIRECTION('',(-0.,-0.,-1.));
#834 = DIRECTION('',(1.,0.,-0.));
#835 = DEFINITIONAL_REPRESENTATION('',(#836),#839);
#836 = B_SPLINE_CURVE_WITH_KNOTS('',1,(#837,#838),.UNSPECIFIED.,.F.,.F.,
  (2,2),(-1.8000006,-0.9999994),.PIECEWISE_BEZIER_KNOTS.);
#837 = CARTESIAN_POINT('',(-1.047197551197,-1.8000006));
#838 = CARTESIAN_POINT('',(-1.047197551197,-0.9999994));
#839 = ( GEOMETRIC_REPRESENTATION_CONTEXT(2) 
PARAMETRIC_REPRESENTATION_CONTEXT() REPRESENTATION_CONTEXT('2D SPACE',''
  ) );
#840 = ORIENTED_EDGE('',*,*,#841,.T.);
#841 = EDGE_CURVE('',#816,#842,#844,.T.);
#842 = VERTEX_POINT('',#843);
#843 = CARTESIAN_POINT('',(28.6,60.116601048852,0.));
#844 = SURFACE_CURVE('',#845,(#850,#857),.PCURVE_S1.);
#845 = HYPERBOLA('',#846,0.6,0.6);
#846 = AXIS2_PLACEMENT_3D('',#847,#848,#849);
#847 = CARTESIAN_POINT('',(28.6,58.,2.2));
#848 = DIRECTION('',(1.,0.,0.));
#849 = DIRECTION('',(0.,-0.,-1.));
#850 = PCURVE('',#595,#851);
#851 = DEFINITIONAL_REPRESENTATION('',(#852),#856);
#852 = ( BOUNDED_CURVE() B_SPLINE_CURVE(2,(#853,#854,#855),
.UNSPECIFIED.,.F.,.F.) B_SPLINE_CURVE_WITH_KNOTS((3,3),(1.316957896925,
1.97329392209),.PIECEWISE_BEZIER_KNOTS.) CURVE() 
GEOMETRIC_REPRESENTATION_ITEM() RATIONAL_B_SPLINE_CURVE((1.,
1.054332112459,1.)) REPRESENTATION_ITEM('') );
#853 = CARTESIAN_POINT('',(2.,-7.039230484541));
#854 = CARTESIAN_POINT('',(1.670695196006,-7.419478919004));
#855 = CARTESIAN_POINT('',(1.,-8.116601048852));
#856 = ( GEOMETRIC_REPRESENTATION_CONTEXT(2) 
PARAMETRIC_REPRESENTATION_CONTEXT() REPRESENTATION_CONTEXT('2D SPACE',''
  ) );
#857 = PCURVE('',#858,#863);
#858 = CONICAL_SURFACE('',#859,2.2,0.785398163397);
#859 = AXIS2_PLACEMENT_3D('',#860,#861,#862);
#860 = CARTESIAN_POINT('',(28.,58.,0.));
#861 = DIRECTION('',(-0.,-0.,-1.));
#862 = DIRECTION('',(1.,0.,-0.));
#863 = DEFINITIONAL_REPRESENTATION('',(#864),#872);
#864 = B_SPLINE_CURVE_WITH_KNOTS('',6,(#865,#866,#867,#868,#869,#870,
    #871),.UNSPECIFIED.,.F.,.F.,(7,7),(1.316957896925,1.97329392209),
  .PIECEWISE_BEZIER_KNOTS.);
#865 = CARTESIAN_POINT('',(-1.047197551197,-1.));
#866 = CARTESIAN_POINT('',(-1.10189221996,-0.886319265758));
#867 = CARTESIAN_POINT('',(-1.150368939109,-0.755407364572));
#868 = CARTESIAN_POINT('',(-1.193218343405,-0.604816378397));
#869 = CARTESIAN_POINT('',(-1.231135299386,-0.431476955027));
#870 = CARTESIAN_POINT('',(-1.264736240342,-0.231533586544));
#871 = CARTESIAN_POINT('',(-1.294569696031,-2.6645352591E-15));
#872 = ( GEOMETRIC_REPRESENTATION_CONTEXT(2) 
PARAMETRIC_REPRESENTATION_CONTEXT() REPRESENTATION_CONTEXT('2D SPACE',''
  ) );
#873 = ORIENTED_EDGE('',*,*,#874,.T.);
#874 = EDGE_CURVE('',#842,#875,#877,.T.);
#875 = VERTEX_POINT('',#876);
#876 = CARTESIAN_POINT('',(28.6,60.426932217412,0.));
#877 = SURFACE_CURVE('',#878,(#882,#888),.PCURVE_S1.);
#878 = LINE('',#879,#880);
#879 = CARTESIAN_POINT('',(28.6,26.023402910773,0.));
#880 = VECTOR('',#881,1.);
#881 = DIRECTION('',(-0.,1.,0.));
#882 = PCURVE('',#595,#883);
#883 = DEFINITIONAL_REPRESENTATION('',(#884),#887);
#884 = B_SPLINE_CURVE_WITH_KNOTS('',1,(#885,#886),.UNSPECIFIED.,.F.,.F.,
  (2,2),(25.976597089227,34.476597089227),.PIECEWISE_BEZIER_KNOTS.);
#885 = CARTESIAN_POINT('',(1.,0.));
#886 = CARTESIAN_POINT('',(1.,-8.5));
#887 = ( GEOMETRIC_REPRESENTATION_CONTEXT(2) 
PARAMETRIC_REPRESENTATION_CONTEXT() REPRESENTATION_CONTEXT('2D SPACE',''
  ) );
#888 = PCURVE('',#889,#894);
#889 = PLANE('',#890);
#890 = AXIS2_PLACEMENT_3D('',#891,#892,#893);
#891 = CARTESIAN_POINT('',(1.12850119938E-11,4.680582154577E-02,0.));
#892 = DIRECTION('',(0.,0.,1.));
#893 = DIRECTION('',(1.,0.,-0.));
#894 = DEFINITIONAL_REPRESENTATION('',(#895),#898);
#895 = B_SPLINE_CURVE_WITH_KNOTS('',1,(#896,#897),.UNSPECIFIED.,.F.,.F.,
  (2,2),(25.976597089227,34.476597089227),.PIECEWISE_BEZIER_KNOTS.);
#896 = CARTESIAN_POINT('',(28.599999999989,51.953194178454));
#897 = CARTESIAN_POINT('',(28.599999999989,60.453194178454));
#898 = ( GEOMETRIC_REPRESENTATION_CONTEXT(2) 
PARAMETRIC_REPRESENTATION_CONTEXT() REPRESENTATION_CONTEXT('2D SPACE',''
  ) );
#899 = ORIENTED_EDGE('',*,*,#900,.F.);
#900 = EDGE_CURVE('',#715,#875,#901,.T.);
#901 = SURFACE_CURVE('',#902,(#925,#951),.PCURVE_S1.);
#902 = B_SPLINE_CURVE_WITH_KNOTS('',6,(#903,#904,#905,#906,#907,#908,
    #909,#910,#911,#912,#913,#914,#915,#916,#917,#918,#919,#920,#921,
    #922,#923,#924),.UNSPECIFIED.,.F.,.F.,(7,5,5,5,7),(0.,0.405988082168
    ,0.558615349912,0.754043268195,1.),.UNSPECIFIED.);
#903 = CARTESIAN_POINT('',(28.6,61.954743984167,1.5));
#904 = CARTESIAN_POINT('',(28.6,61.954743984167,1.339354280993));
#905 = CARTESIAN_POINT('',(28.6,61.933861836799,1.178655679164));
#906 = CARTESIAN_POINT('',(28.6,61.892073948867,1.021399059139));
#907 = CARTESIAN_POINT('',(28.6,61.830198032502,0.870874837975));
#908 = CARTESIAN_POINT('',(28.6,61.749623269972,0.730158480316));
#909 = CARTESIAN_POINT('',(28.6,61.615993187284,0.553746391734));
#910 = CARTESIAN_POINT('',(28.6,61.577138907852,0.507306954186));
#911 = CARTESIAN_POINT('',(28.6,61.53605162667,0.46276777594));
#912 = CARTESIAN_POINT('',(28.6,61.492851493965,0.420257366351));
#913 = CARTESIAN_POINT('',(28.6,61.447668513486,0.379893110312));
#914 = CARTESIAN_POINT('',(28.6,61.340429267701,0.292981875682));
#915 = CARTESIAN_POINT('',(28.6,61.277192592406,0.247873922348));
#916 = CARTESIAN_POINT('',(28.6,61.211226346508,0.206680572788));
#917 = CARTESIAN_POINT('',(28.6,61.142842697383,0.169588905922));
#918 = CARTESIAN_POINT('',(28.6,61.072369714984,0.136749531434));
#919 = CARTESIAN_POINT('',(28.6,60.909255134749,7.244096780235E-02));
#920 = CARTESIAN_POINT('',(28.6,60.815586841952,4.351919595153E-02));
#921 = CARTESIAN_POINT('',(28.6,60.719828019552,2.173817172855E-02));
#922 = CARTESIAN_POINT('',(28.6,60.622671422433,7.223006397623E-03));
#923 = CARTESIAN_POINT('',(28.6,60.52481065343,0.));
#924 = CARTESIAN_POINT('',(28.6,60.426932217412,0.));
#925 = PCURVE('',#595,#926);
#926 = DEFINITIONAL_REPRESENTATION('',(#927),#950);
#927 = B_SPLINE_CURVE_WITH_KNOTS('',6,(#928,#929,#930,#931,#932,#933,
    #934,#935,#936,#937,#938,#939,#940,#941,#942,#943,#944,#945,#946,
    #947,#948,#949),.UNSPECIFIED.,.F.,.F.,(7,5,5,5,7),(0.,0.405988082168
    ,0.558615349912,0.754043268195,1.),.UNSPECIFIED.);
#928 = CARTESIAN_POINT('',(2.5,-9.954743984167));
#929 = CARTESIAN_POINT('',(2.339354280993,-9.954743984167));
#930 = CARTESIAN_POINT('',(2.178655679164,-9.933861836799));
#931 = CARTESIAN_POINT('',(2.021399059139,-9.892073948867));
#932 = CARTESIAN_POINT('',(1.870874837975,-9.830198032502));
#933 = CARTESIAN_POINT('',(1.730158480316,-9.749623269972));
#934 = CARTESIAN_POINT('',(1.553746391734,-9.615993187284));
#935 = CARTESIAN_POINT('',(1.507306954186,-9.577138907852));
#936 = CARTESIAN_POINT('',(1.46276777594,-9.53605162667));
#937 = CARTESIAN_POINT('',(1.420257366351,-9.492851493965));
#938 = CARTESIAN_POINT('',(1.379893110312,-9.447668513486));
#939 = CARTESIAN_POINT('',(1.292981875682,-9.340429267701));
#940 = CARTESIAN_POINT('',(1.247873922348,-9.277192592406));
#941 = CARTESIAN_POINT('',(1.206680572788,-9.211226346508));
#942 = CARTESIAN_POINT('',(1.169588905922,-9.142842697383));
#943 = CARTESIAN_POINT('',(1.136749531434,-9.072369714984));
#944 = CARTESIAN_POINT('',(1.072440967802,-8.909255134749));
#945 = CARTESIAN_POINT('',(1.043519195952,-8.815586841952));
#946 = CARTESIAN_POINT('',(1.021738171729,-8.719828019552));
#947 = CARTESIAN_POINT('',(1.007223006398,-8.622671422433));
#948 = CARTESIAN_POINT('',(1.,-8.52481065343));
#949 = CARTESIAN_POINT('',(1.,-8.426932217412));
#950 = ( GEOMETRIC_REPRESENTATION_CONTEXT(2) 
PARAMETRIC_REPRESENTATION_CONTEXT() REPRESENTATION_CONTEXT('2D SPACE',''
  ) );
#951 = PCURVE('',#731,#952);
#952 = DEFINITIONAL_REPRESENTATION('',(#953),#976);
#953 = B_SPLINE_CURVE_WITH_KNOTS('',6,(#954,#955,#956,#957,#958,#959,
    #960,#961,#962,#963,#964,#965,#966,#967,#968,#969,#970,#971,#972,
    #973,#974,#975),.UNSPECIFIED.,.F.,.F.,(7,5,5,5,7),(0.,0.405988082168
    ,0.558615349912,0.754043268195,1.),.UNSPECIFIED.);
#954 = CARTESIAN_POINT('',(0.150568272777,0.));
#955 = CARTESIAN_POINT('',(0.150568272777,0.107097146004));
#956 = CARTESIAN_POINT('',(0.151351325017,0.214228720773));
#957 = CARTESIAN_POINT('',(0.152918483874,0.321281625788));
#958 = CARTESIAN_POINT('',(0.155299291331,0.428260312432));
#959 = CARTESIAN_POINT('',(0.158563573096,0.535166295109));
#960 = CARTESIAN_POINT('',(0.164415649423,0.681998044523));
#961 = CARTESIAN_POINT('',(0.166154556525,0.722094025188));
#962 = CARTESIAN_POINT('',(0.168039203259,0.762165717954));
#963 = CARTESIAN_POINT('',(0.170076328939,0.802210769957));
#964 = CARTESIAN_POINT('',(0.172273650413,0.842226747396));
#965 = CARTESIAN_POINT('',(0.177669620932,0.933408184727));
#966 = CARTESIAN_POINT('',(0.180976380741,0.984554512257));
#967 = CARTESIAN_POINT('',(0.184578379381,1.035642987208));
#968 = CARTESIAN_POINT('',(0.188497015603,1.086669356608));
#969 = CARTESIAN_POINT('',(0.192756917821,1.137629145009));
#970 = CARTESIAN_POINT('',(0.203211982445,1.252556626599));
#971 = CARTESIAN_POINT('',(0.209623232017,1.316485080337));
#972 = CARTESIAN_POINT('',(0.216674674306,1.380282608871));
#973 = CARTESIAN_POINT('',(0.224432144245,1.443940792255));
#974 = CARTESIAN_POINT('',(0.232969521181,1.507451172127));
#975 = CARTESIAN_POINT('',(0.242365851039,1.570796326795));
#976 = ( GEOMETRIC_REPRESENTATION_CONTEXT(2) 
PARAMETRIC_REPRESENTATION_CONTEXT() REPRESENTATION_CONTEXT('2D SPACE',''
  ) );
#977 = ORIENTED_EDGE('',*,*,#745,.F.);
#978 = ADVANCED_FACE('',(#979),#568,.F.);
#979 = FACE_BOUND('',#980,.F.);
#980 = EDGE_LOOP('',(#981,#1009,#1030,#1031));
#981 = ORIENTED_EDGE('',*,*,#982,.F.);
#982 = EDGE_CURVE('',#983,#769,#985,.T.);
#983 = VERTEX_POINT('',#984);
#984 = CARTESIAN_POINT('',(28.,60.2,1.8));
#985 = SURFACE_CURVE('',#986,(#991,#998),.PCURVE_S1.);
#986 = CIRCLE('',#987,2.2);
#987 = AXIS2_PLACEMENT_3D('',#988,#989,#990);
#988 = CARTESIAN_POINT('',(28.,57.99999999751,1.8));
#989 = DIRECTION('',(0.,0.,-1.));
#990 = DIRECTION('',(-1.,0.,0.));
#991 = PCURVE('',#568,#992);
#992 = DEFINITIONAL_REPRESENTATION('',(#993),#997);
#993 = LINE('',#994,#995);
#994 = CARTESIAN_POINT('',(0.,0.));
#995 = VECTOR('',#996,1.);
#996 = DIRECTION('',(1.,0.));
#997 = ( GEOMETRIC_REPRESENTATION_CONTEXT(2) 
PARAMETRIC_REPRESENTATION_CONTEXT() REPRESENTATION_CONTEXT('2D SPACE',''
  ) );
#998 = PCURVE('',#804,#999);
#999 = DEFINITIONAL_REPRESENTATION('',(#1000),#1008);
#1000 = ( BOUNDED_CURVE() B_SPLINE_CURVE(2,(#1001,#1002,#1003,#1004,
#1005,#1006,#1007),.UNSPECIFIED.,.T.,.F.) B_SPLINE_CURVE_WITH_KNOTS((1,2
    ,2,2,2,1),(-2.094395102393,0.,2.094395102393,4.188790204786,
6.28318530718,8.377580409573),.UNSPECIFIED.) CURVE() 
GEOMETRIC_REPRESENTATION_ITEM() RATIONAL_B_SPLINE_CURVE((1.,0.5,1.,0.5,
1.,0.5,1.)) REPRESENTATION_ITEM('') );
#1001 = CARTESIAN_POINT('',(25.799999999989,57.953194175964));
#1002 = CARTESIAN_POINT('',(25.799999999989,61.763705952616));
#1003 = CARTESIAN_POINT('',(29.099999999989,59.85845006429));
#1004 = CARTESIAN_POINT('',(32.399999999989,57.953194175964));
#1005 = CARTESIAN_POINT('',(29.099999999989,56.047938287639));
#1006 = CARTESIAN_POINT('',(25.799999999989,54.142682399313));
#1007 = CARTESIAN_POINT('',(25.799999999989,57.953194175964));
#1008 = ( GEOMETRIC_REPRESENTATION_CONTEXT(2) 
PARAMETRIC_REPRESENTATION_CONTEXT() REPRESENTATION_CONTEXT('2D SPACE',''
  ) );
#1009 = ORIENTED_EDGE('',*,*,#1010,.T.);
#1010 = EDGE_CURVE('',#983,#522,#1011,.T.);
#1011 = SURFACE_CURVE('',#1012,(#1016,#1023),.PCURVE_S1.);
#1012 = LINE('',#1013,#1014);
#1013 = CARTESIAN_POINT('',(28.,60.2,1.8));
#1014 = VECTOR('',#1015,1.);
#1015 = DIRECTION('',(0.,0.,1.));
#1016 = PCURVE('',#568,#1017);
#1017 = DEFINITIONAL_REPRESENTATION('',(#1018),#1022);
#1018 = LINE('',#1019,#1020);
#1019 = CARTESIAN_POINT('',(1.570796326795,0.));
#1020 = VECTOR('',#1021,1.);
#1021 = DIRECTION('',(0.,-1.));
#1022 = ( GEOMETRIC_REPRESENTATION_CONTEXT(2) 
PARAMETRIC_REPRESENTATION_CONTEXT() REPRESENTATION_CONTEXT('2D SPACE',''
  ) );
#1023 = PCURVE('',#536,#1024);
#1024 = DEFINITIONAL_REPRESENTATION('',(#1025),#1029);
#1025 = LINE('',#1026,#1027);
#1026 = CARTESIAN_POINT('',(10.,0.));
#1027 = VECTOR('',#1028,1.);
#1028 = DIRECTION('',(0.,-1.));
#1029 = ( GEOMETRIC_REPRESENTATION_CONTEXT(2) 
PARAMETRIC_REPRESENTATION_CONTEXT() REPRESENTATION_CONTEXT('2D SPACE',''
  ) );
#1030 = ORIENTED_EDGE('',*,*,#547,.T.);
#1031 = ORIENTED_EDGE('',*,*,#768,.T.);
#1032 = ADVANCED_FACE('',(#1033),#536,.F.);
#1033 = FACE_BOUND('',#1034,.F.);
#1034 = EDGE_LOOP('',(#1035,#1058,#1077,#1078));
#1035 = ORIENTED_EDGE('',*,*,#1036,.F.);
#1036 = EDGE_CURVE('',#1037,#983,#1039,.T.);
#1037 = VERTEX_POINT('',#1038);
#1038 = CARTESIAN_POINT('',(27.4,60.2,1.8));
#1039 = SURFACE_CURVE('',#1040,(#1044,#1051),.PCURVE_S1.);
#1040 = LINE('',#1041,#1042);
#1041 = CARTESIAN_POINT('',(0.,60.2,1.8));
#1042 = VECTOR('',#1043,1.);
#1043 = DIRECTION('',(1.,0.,0.));
#1044 = PCURVE('',#536,#1045);
#1045 = DEFINITIONAL_REPRESENTATION('',(#1046),#1050);
#1046 = LINE('',#1047,#1048);
#1047 = CARTESIAN_POINT('',(-18.,0.));
#1048 = VECTOR('',#1049,1.);
#1049 = DIRECTION('',(1.,0.));
#1050 = ( GEOMETRIC_REPRESENTATION_CONTEXT(2) 
PARAMETRIC_REPRESENTATION_CONTEXT() REPRESENTATION_CONTEXT('2D SPACE',''
  ) );
#1051 = PCURVE('',#804,#1052);
#1052 = DEFINITIONAL_REPRESENTATION('',(#1053),#1057);
#1053 = LINE('',#1054,#1055);
#1054 = CARTESIAN_POINT('',(-1.12850119938E-11,60.153194178454));
#1055 = VECTOR('',#1056,1.);
#1056 = DIRECTION('',(1.,0.));
#1057 = ( GEOMETRIC_REPRESENTATION_CONTEXT(2) 
PARAMETRIC_REPRESENTATION_CONTEXT() REPRESENTATION_CONTEXT('2D SPACE',''
  ) );
#1058 = ORIENTED_EDGE('',*,*,#1059,.F.);
#1059 = EDGE_CURVE('',#496,#1037,#1060,.T.);
#1060 = SURFACE_CURVE('',#1061,(#1065,#1071),.PCURVE_S1.);
#1061 = LINE('',#1062,#1063);
#1062 = CARTESIAN_POINT('',(27.4,60.2,0.4));
#1063 = VECTOR('',#1064,1.);
#1064 = DIRECTION('',(-0.,0.,-1.));
#1065 = PCURVE('',#536,#1066);
#1066 = DEFINITIONAL_REPRESENTATION('',(#1067),#1070);
#1067 = B_SPLINE_CURVE_WITH_KNOTS('',1,(#1068,#1069),.UNSPECIFIED.,.F.,
  .F.,(2,2),(-6.85,-1.4),.PIECEWISE_BEZIER_KNOTS.);
#1068 = CARTESIAN_POINT('',(9.4,-5.45));
#1069 = CARTESIAN_POINT('',(9.4,0.));
#1070 = ( GEOMETRIC_REPRESENTATION_CONTEXT(2) 
PARAMETRIC_REPRESENTATION_CONTEXT() REPRESENTATION_CONTEXT('2D SPACE',''
  ) );
#1071 = PCURVE('',#510,#1072);
#1072 = DEFINITIONAL_REPRESENTATION('',(#1073),#1076);
#1073 = B_SPLINE_CURVE_WITH_KNOTS('',1,(#1074,#1075),.UNSPECIFIED.,.F.,
  .F.,(2,2),(-6.85,-1.4),.PIECEWISE_BEZIER_KNOTS.);
#1074 = CARTESIAN_POINT('',(8.25,-8.2));
#1075 = CARTESIAN_POINT('',(2.8,-8.2));
#1076 = ( GEOMETRIC_REPRESENTATION_CONTEXT(2) 
PARAMETRIC_REPRESENTATION_CONTEXT() REPRESENTATION_CONTEXT('2D SPACE',''
  ) );
#1077 = ORIENTED_EDGE('',*,*,#521,.F.);
#1078 = ORIENTED_EDGE('',*,*,#1010,.F.);
#1079 = ADVANCED_FACE('',(#1080),#510,.F.);
#1080 = FACE_BOUND('',#1081,.F.);
#1081 = EDGE_LOOP('',(#1082,#1083,#1084,#1105,#1126,#1154,#1175,#1197));
#1082 = ORIENTED_EDGE('',*,*,#495,.F.);
#1083 = ORIENTED_EDGE('',*,*,#1059,.T.);
#1084 = ORIENTED_EDGE('',*,*,#1085,.F.);
#1085 = EDGE_CURVE('',#1086,#1037,#1088,.T.);
#1086 = VERTEX_POINT('',#1087);
#1087 = CARTESIAN_POINT('',(27.4,59.039230484541,1.8));
#1088 = SURFACE_CURVE('',#1089,(#1093,#1099),.PCURVE_S1.);
#1089 = LINE('',#1090,#1091);
#1090 = CARTESIAN_POINT('',(27.4,26.023402910773,1.8));
#1091 = VECTOR('',#1092,1.);
#1092 = DIRECTION('',(-0.,1.,0.));
#1093 = PCURVE('',#510,#1094);
#1094 = DEFINITIONAL_REPRESENTATION('',(#1095),#1098);
#1095 = B_SPLINE_CURVE_WITH_KNOTS('',1,(#1096,#1097),.UNSPECIFIED.,.F.,
  .F.,(2,2),(25.976597089227,34.176597089227),.PIECEWISE_BEZIER_KNOTS.);
#1096 = CARTESIAN_POINT('',(2.8,0.));
#1097 = CARTESIAN_POINT('',(2.8,-8.2));
#1098 = ( GEOMETRIC_REPRESENTATION_CONTEXT(2) 
PARAMETRIC_REPRESENTATION_CONTEXT() REPRESENTATION_CONTEXT('2D SPACE',''
  ) );
#1099 = PCURVE('',#804,#1100);
#1100 = DEFINITIONAL_REPRESENTATION('',(#1101),#1104);
#1101 = B_SPLINE_CURVE_WITH_KNOTS('',1,(#1102,#1103),.UNSPECIFIED.,.F.,
  .F.,(2,2),(25.976597089227,34.176597089227),.PIECEWISE_BEZIER_KNOTS.);
#1102 = CARTESIAN_POINT('',(27.399999999989,51.953194178454));
#1103 = CARTESIAN_POINT('',(27.399999999989,60.153194178454));
#1104 = ( GEOMETRIC_REPRESENTATION_CONTEXT(2) 
PARAMETRIC_REPRESENTATION_CONTEXT() REPRESENTATION_CONTEXT('2D SPACE',''
  ) );
#1105 = ORIENTED_EDGE('',*,*,#1106,.T.);
#1106 = EDGE_CURVE('',#1086,#1107,#1109,.T.);
#1107 = VERTEX_POINT('',#1108);
#1108 = CARTESIAN_POINT('',(27.4,59.039230484541,1.));
#1109 = SURFACE_CURVE('',#1110,(#1114,#1120),.PCURVE_S1.);
#1110 = LINE('',#1111,#1112);
#1111 = CARTESIAN_POINT('',(27.4,59.039230484541,0.));
#1112 = VECTOR('',#1113,1.);
#1113 = DIRECTION('',(-0.,-0.,-1.));
#1114 = PCURVE('',#510,#1115);
#1115 = DEFINITIONAL_REPRESENTATION('',(#1116),#1119);
#1116 = B_SPLINE_CURVE_WITH_KNOTS('',1,(#1117,#1118),.UNSPECIFIED.,.F.,
  .F.,(2,2),(-1.8000006,-0.9999994),.PIECEWISE_BEZIER_KNOTS.);
#1117 = CARTESIAN_POINT('',(2.8000006,-7.039230484541));
#1118 = CARTESIAN_POINT('',(1.9999994,-7.039230484541));
#1119 = ( GEOMETRIC_REPRESENTATION_CONTEXT(2) 
PARAMETRIC_REPRESENTATION_CONTEXT() REPRESENTATION_CONTEXT('2D SPACE',''
  ) );
#1120 = PCURVE('',#830,#1121);
#1121 = DEFINITIONAL_REPRESENTATION('',(#1122),#1125);
#1122 = B_SPLINE_CURVE_WITH_KNOTS('',1,(#1123,#1124),.UNSPECIFIED.,.F.,
  .F.,(2,2),(-1.8000006,-0.9999994),.PIECEWISE_BEZIER_KNOTS.);
#1123 = CARTESIAN_POINT('',(-2.094395102393,-1.8000006));
#1124 = CARTESIAN_POINT('',(-2.094395102393,-0.9999994));
#1125 = ( GEOMETRIC_REPRESENTATION_CONTEXT(2) 
PARAMETRIC_REPRESENTATION_CONTEXT() REPRESENTATION_CONTEXT('2D SPACE',''
  ) );
#1126 = ORIENTED_EDGE('',*,*,#1127,.T.);
#1127 = EDGE_CURVE('',#1107,#1128,#1130,.T.);
#1128 = VERTEX_POINT('',#1129);
#1129 = CARTESIAN_POINT('',(27.4,60.116601048852,0.));
#1130 = SURFACE_CURVE('',#1131,(#1136,#1143),.PCURVE_S1.);
#1131 = HYPERBOLA('',#1132,0.6,0.6);
#1132 = AXIS2_PLACEMENT_3D('',#1133,#1134,#1135);
#1133 = CARTESIAN_POINT('',(27.4,58.,2.2));
#1134 = DIRECTION('',(1.,0.,0.));
#1135 = DIRECTION('',(0.,-0.,-1.));
#1136 = PCURVE('',#510,#1137);
#1137 = DEFINITIONAL_REPRESENTATION('',(#1138),#1142);
#1138 = ( BOUNDED_CURVE() B_SPLINE_CURVE(2,(#1139,#1140,#1141),
.UNSPECIFIED.,.F.,.F.) B_SPLINE_CURVE_WITH_KNOTS((3,3),(1.316957896925,
1.97329392209),.PIECEWISE_BEZIER_KNOTS.) CURVE() 
GEOMETRIC_REPRESENTATION_ITEM() RATIONAL_B_SPLINE_CURVE((1.,
1.054332112459,1.)) REPRESENTATION_ITEM('') );
#1139 = CARTESIAN_POINT('',(2.,-7.039230484541));
#1140 = CARTESIAN_POINT('',(1.670695196006,-7.419478919004));
#1141 = CARTESIAN_POINT('',(1.,-8.116601048852));
#1142 = ( GEOMETRIC_REPRESENTATION_CONTEXT(2) 
PARAMETRIC_REPRESENTATION_CONTEXT() REPRESENTATION_CONTEXT('2D SPACE',''
  ) );
#1143 = PCURVE('',#858,#1144);
#1144 = DEFINITIONAL_REPRESENTATION('',(#1145),#1153);
#1145 = B_SPLINE_CURVE_WITH_KNOTS('',6,(#1146,#1147,#1148,#1149,#1150,
    #1151,#1152),.UNSPECIFIED.,.F.,.F.,(7,7),(1.316957896925,
    1.97329392209),.PIECEWISE_BEZIER_KNOTS.);
#1146 = CARTESIAN_POINT('',(-2.094395102393,-1.));
#1147 = CARTESIAN_POINT('',(-2.039700433629,-0.886319265758));
#1148 = CARTESIAN_POINT('',(-1.991223714481,-0.755407364572));
#1149 = CARTESIAN_POINT('',(-1.948374310184,-0.604816378397));
#1150 = CARTESIAN_POINT('',(-1.910457354204,-0.431476955027));
#1151 = CARTESIAN_POINT('',(-1.876856413248,-0.231533586544));
#1152 = CARTESIAN_POINT('',(-1.847022957558,-1.7763568394E-15));
#1153 = ( GEOMETRIC_REPRESENTATION_CONTEXT(2) 
PARAMETRIC_REPRESENTATION_CONTEXT() REPRESENTATION_CONTEXT('2D SPACE',''
  ) );
#1154 = ORIENTED_EDGE('',*,*,#1155,.T.);
#1155 = EDGE_CURVE('',#1128,#1156,#1158,.T.);
#1156 = VERTEX_POINT('',#1157);
#1157 = CARTESIAN_POINT('',(27.4,60.5,-2.22044604925E-16));
#1158 = SURFACE_CURVE('',#1159,(#1163,#1169),.PCURVE_S1.);
#1159 = LINE('',#1160,#1161);
#1160 = CARTESIAN_POINT('',(27.4,26.023402910773,0.));
#1161 = VECTOR('',#1162,1.);
#1162 = DIRECTION('',(-0.,1.,0.));
#1163 = PCURVE('',#510,#1164);
#1164 = DEFINITIONAL_REPRESENTATION('',(#1165),#1168);
#1165 = B_SPLINE_CURVE_WITH_KNOTS('',1,(#1166,#1167),.UNSPECIFIED.,.F.,
  .F.,(2,2),(25.976597089227,34.476597089227),.PIECEWISE_BEZIER_KNOTS.);
#1166 = CARTESIAN_POINT('',(1.,0.));
#1167 = CARTESIAN_POINT('',(1.,-8.5));
#1168 = ( GEOMETRIC_REPRESENTATION_CONTEXT(2) 
PARAMETRIC_REPRESENTATION_CONTEXT() REPRESENTATION_CONTEXT('2D SPACE',''
  ) );
#1169 = PCURVE('',#889,#1170);
#1170 = DEFINITIONAL_REPRESENTATION('',(#1171),#1174);
#1171 = B_SPLINE_CURVE_WITH_KNOTS('',1,(#1172,#1173),.UNSPECIFIED.,.F.,
  .F.,(2,2),(25.976597089227,34.476597089227),.PIECEWISE_BEZIER_KNOTS.);
#1172 = CARTESIAN_POINT('',(27.399999999989,51.953194178454));
#1173 = CARTESIAN_POINT('',(27.399999999989,60.453194178454));
#1174 = ( GEOMETRIC_REPRESENTATION_CONTEXT(2) 
PARAMETRIC_REPRESENTATION_CONTEXT() REPRESENTATION_CONTEXT('2D SPACE',''
  ) );
#1175 = ORIENTED_EDGE('',*,*,#1176,.T.);
#1176 = EDGE_CURVE('',#1156,#641,#1177,.T.);
#1177 = SURFACE_CURVE('',#1178,(#1183,#1190),.PCURVE_S1.);
#1178 = CIRCLE('',#1179,1.5);
#1179 = AXIS2_PLACEMENT_3D('',#1180,#1181,#1182);
#1180 = CARTESIAN_POINT('',(27.4,60.5,1.5));
#1181 = DIRECTION('',(1.,0.,0.));
#1182 = DIRECTION('',(-0.,1.,0.));
#1183 = PCURVE('',#510,#1184);
#1184 = DEFINITIONAL_REPRESENTATION('',(#1185),#1189);
#1185 = CIRCLE('',#1186,1.5);
#1186 = AXIS2_PLACEMENT_2D('',#1187,#1188);
#1187 = CARTESIAN_POINT('',(2.5,-8.5));
#1188 = DIRECTION('',(0.,-1.));
#1189 = ( GEOMETRIC_REPRESENTATION_CONTEXT(2) 
PARAMETRIC_REPRESENTATION_CONTEXT() REPRESENTATION_CONTEXT('2D SPACE',''
  ) );
#1190 = PCURVE('',#699,#1191);
#1191 = DEFINITIONAL_REPRESENTATION('',(#1192),#1196);
#1192 = LINE('',#1193,#1194);
#1193 = CARTESIAN_POINT('',(-6.28318530718,55.4));
#1194 = VECTOR('',#1195,1.);
#1195 = DIRECTION('',(1.,-0.));
#1196 = ( GEOMETRIC_REPRESENTATION_CONTEXT(2) 
PARAMETRIC_REPRESENTATION_CONTEXT() REPRESENTATION_CONTEXT('2D SPACE',''
  ) );
#1197 = ORIENTED_EDGE('',*,*,#640,.F.);
#1198 = ADVANCED_FACE('',(#1199),#699,.T.);
#1199 = FACE_BOUND('',#1200,.F.);
#1200 = EDGE_LOOP('',(#1201,#1202,#1203,#1226));
#1201 = ORIENTED_EDGE('',*,*,#685,.F.);
#1202 = ORIENTED_EDGE('',*,*,#1176,.F.);
#1203 = ORIENTED_EDGE('',*,*,#1204,.T.);
#1204 = EDGE_CURVE('',#1156,#1205,#1207,.T.);
#1205 = VERTEX_POINT('',#1206);
#1206 = CARTESIAN_POINT('',(28.,60.5,-2.22044604925E-16));
#1207 = SURFACE_CURVE('',#1208,(#1212,#1219),.PCURVE_S1.);
#1208 = LINE('',#1209,#1210);
#1209 = CARTESIAN_POINT('',(-28.,60.5,-2.22044604925E-16));
#1210 = VECTOR('',#1211,1.);
#1211 = DIRECTION('',(1.,0.,0.));
#1212 = PCURVE('',#699,#1213);
#1213 = DEFINITIONAL_REPRESENTATION('',(#1214),#1218);
#1214 = LINE('',#1215,#1216);
#1215 = CARTESIAN_POINT('',(-1.570796326795,0.));
#1216 = VECTOR('',#1217,1.);
#1217 = DIRECTION('',(-0.,1.));
#1218 = ( GEOMETRIC_REPRESENTATION_CONTEXT(2) 
PARAMETRIC_REPRESENTATION_CONTEXT() REPRESENTATION_CONTEXT('2D SPACE',''
  ) );
#1219 = PCURVE('',#889,#1220);
#1220 = DEFINITIONAL_REPRESENTATION('',(#1221),#1225);
#1221 = LINE('',#1222,#1223);
#1222 = CARTESIAN_POINT('',(-28.00000000001,60.453194178454));
#1223 = VECTOR('',#1224,1.);
#1224 = DIRECTION('',(1.,0.));
#1225 = ( GEOMETRIC_REPRESENTATION_CONTEXT(2) 
PARAMETRIC_REPRESENTATION_CONTEXT() REPRESENTATION_CONTEXT('2D SPACE',''
  ) );
#1226 = ORIENTED_EDGE('',*,*,#1227,.F.);
#1227 = EDGE_CURVE('',#663,#1205,#1228,.T.);
#1228 = SURFACE_CURVE('',#1229,(#1234,#1240),.PCURVE_S1.);
#1229 = CIRCLE('',#1230,1.5);
#1230 = AXIS2_PLACEMENT_3D('',#1231,#1232,#1233);
#1231 = CARTESIAN_POINT('',(28.,60.5,1.5));
#1232 = DIRECTION('',(-1.,0.,-0.));
#1233 = DIRECTION('',(-0.,1.,0.));
#1234 = PCURVE('',#699,#1235);
#1235 = DEFINITIONAL_REPRESENTATION('',(#1236),#1239);
#1236 = B_SPLINE_CURVE_WITH_KNOTS('',1,(#1237,#1238),.UNSPECIFIED.,.F.,
  .F.,(2,2),(0.,1.570796326795),.PIECEWISE_BEZIER_KNOTS.);
#1237 = CARTESIAN_POINT('',(0.,56.));
#1238 = CARTESIAN_POINT('',(-1.570796326795,56.));
#1239 = ( GEOMETRIC_REPRESENTATION_CONTEXT(2) 
PARAMETRIC_REPRESENTATION_CONTEXT() REPRESENTATION_CONTEXT('2D SPACE',''
  ) );
#1240 = PCURVE('',#731,#1241);
#1241 = DEFINITIONAL_REPRESENTATION('',(#1242),#1245);
#1242 = B_SPLINE_CURVE_WITH_KNOTS('',1,(#1243,#1244),.UNSPECIFIED.,.F.,
  .F.,(2,2),(0.,1.570796326795),.PIECEWISE_BEZIER_KNOTS.);
#1243 = CARTESIAN_POINT('',(0.,0.));
#1244 = CARTESIAN_POINT('',(0.,1.570796326795));
#1245 = ( GEOMETRIC_REPRESENTATION_CONTEXT(2) 
PARAMETRIC_REPRESENTATION_CONTEXT() REPRESENTATION_CONTEXT('2D SPACE',''
  ) );
#1246 = ADVANCED_FACE('',(#1247),#731,.T.);
#1247 = FACE_BOUND('',#1248,.T.);
#1248 = EDGE_LOOP('',(#1249,#1250,#1251,#1252));
#1249 = ORIENTED_EDGE('',*,*,#1227,.F.);
#1250 = ORIENTED_EDGE('',*,*,#714,.T.);
#1251 = ORIENTED_EDGE('',*,*,#900,.T.);
#1252 = ORIENTED_EDGE('',*,*,#1253,.F.);
#1253 = EDGE_CURVE('',#1205,#875,#1254,.T.);
#1254 = SURFACE_CURVE('',#1255,(#1260,#1267),.PCURVE_S1.);
#1255 = CIRCLE('',#1256,2.5);
#1256 = AXIS2_PLACEMENT_3D('',#1257,#1258,#1259);
#1257 = CARTESIAN_POINT('',(28.,57.99999999751,0.));
#1258 = DIRECTION('',(0.,-0.,-1.));
#1259 = DIRECTION('',(0.,1.,-0.));
#1260 = PCURVE('',#731,#1261);
#1261 = DEFINITIONAL_REPRESENTATION('',(#1262),#1266);
#1262 = LINE('',#1263,#1264);
#1263 = CARTESIAN_POINT('',(0.,1.570796326795));
#1264 = VECTOR('',#1265,1.);
#1265 = DIRECTION('',(1.,0.));
#1266 = ( GEOMETRIC_REPRESENTATION_CONTEXT(2) 
PARAMETRIC_REPRESENTATION_CONTEXT() REPRESENTATION_CONTEXT('2D SPACE',''
  ) );
#1267 = PCURVE('',#889,#1268);
#1268 = DEFINITIONAL_REPRESENTATION('',(#1269),#1277);
#1269 = ( BOUNDED_CURVE() B_SPLINE_CURVE(2,(#1270,#1271,#1272,#1273,
#1274,#1275,#1276),.UNSPECIFIED.,.T.,.F.) B_SPLINE_CURVE_WITH_KNOTS((1,2
    ,2,2,2,1),(-2.094395102393,0.,2.094395102393,4.188790204786,
6.28318530718,8.377580409573),.UNSPECIFIED.) CURVE() 
GEOMETRIC_REPRESENTATION_ITEM() RATIONAL_B_SPLINE_CURVE((1.,0.5,1.,0.5,
1.,0.5,1.)) REPRESENTATION_ITEM('') );
#1270 = CARTESIAN_POINT('',(27.999999999989,60.453194175964));
#1271 = CARTESIAN_POINT('',(32.330127018911,60.453194175964));
#1272 = CARTESIAN_POINT('',(30.16506350945,56.703194175964));
#1273 = CARTESIAN_POINT('',(27.999999999989,52.953194175964));
#1274 = CARTESIAN_POINT('',(25.834936490528,56.703194175964));
#1275 = CARTESIAN_POINT('',(23.669872981067,60.453194175964));
#1276 = CARTESIAN_POINT('',(27.999999999989,60.453194175964));
#1277 = ( GEOMETRIC_REPRESENTATION_CONTEXT(2) 
PARAMETRIC_REPRESENTATION_CONTEXT() REPRESENTATION_CONTEXT('2D SPACE',''
  ) );
#1278 = ADVANCED_FACE('',(#1279),#889,.F.);
#1279 = FACE_BOUND('',#1280,.F.);
#1280 = EDGE_LOOP('',(#1281,#1282,#1283,#1305,#1306));
#1281 = ORIENTED_EDGE('',*,*,#1204,.F.);
#1282 = ORIENTED_EDGE('',*,*,#1155,.F.);
#1283 = ORIENTED_EDGE('',*,*,#1284,.F.);
#1284 = EDGE_CURVE('',#842,#1128,#1285,.T.);
#1285 = SURFACE_CURVE('',#1286,(#1291,#1298),.PCURVE_S1.);
#1286 = CIRCLE('',#1287,2.2);
#1287 = AXIS2_PLACEMENT_3D('',#1288,#1289,#1290);
#1288 = CARTESIAN_POINT('',(28.,58.,0.));
#1289 = DIRECTION('',(0.,0.,1.));
#1290 = DIRECTION('',(1.,0.,-0.));
#1291 = PCURVE('',#889,#1292);
#1292 = DEFINITIONAL_REPRESENTATION('',(#1293),#1297);
#1293 = CIRCLE('',#1294,2.2);
#1294 = AXIS2_PLACEMENT_2D('',#1295,#1296);
#1295 = CARTESIAN_POINT('',(27.999999999989,57.953194178454));
#1296 = DIRECTION('',(1.,0.));
#1297 = ( GEOMETRIC_REPRESENTATION_CONTEXT(2) 
PARAMETRIC_REPRESENTATION_CONTEXT() REPRESENTATION_CONTEXT('2D SPACE',''
  ) );
#1298 = PCURVE('',#858,#1299);
#1299 = DEFINITIONAL_REPRESENTATION('',(#1300),#1304);
#1300 = LINE('',#1301,#1302);
#1301 = CARTESIAN_POINT('',(-0.,-0.));
#1302 = VECTOR('',#1303,1.);
#1303 = DIRECTION('',(-1.,-0.));
#1304 = ( GEOMETRIC_REPRESENTATION_CONTEXT(2) 
PARAMETRIC_REPRESENTATION_CONTEXT() REPRESENTATION_CONTEXT('2D SPACE',''
  ) );
#1305 = ORIENTED_EDGE('',*,*,#874,.T.);
#1306 = ORIENTED_EDGE('',*,*,#1253,.F.);
#1307 = ADVANCED_FACE('',(#1308),#858,.F.);
#1308 = FACE_BOUND('',#1309,.F.);
#1309 = EDGE_LOOP('',(#1310,#1332,#1333,#1334));
#1310 = ORIENTED_EDGE('',*,*,#1311,.F.);
#1311 = EDGE_CURVE('',#816,#1107,#1312,.T.);
#1312 = SURFACE_CURVE('',#1313,(#1318,#1325),.PCURVE_S1.);
#1313 = CIRCLE('',#1314,1.2);
#1314 = AXIS2_PLACEMENT_3D('',#1315,#1316,#1317);
#1315 = CARTESIAN_POINT('',(28.,58.,1.));
#1316 = DIRECTION('',(0.,0.,1.));
#1317 = DIRECTION('',(1.,0.,-0.));
#1318 = PCURVE('',#858,#1319);
#1319 = DEFINITIONAL_REPRESENTATION('',(#1320),#1324);
#1320 = LINE('',#1321,#1322);
#1321 = CARTESIAN_POINT('',(-0.,-1.));
#1322 = VECTOR('',#1323,1.);
#1323 = DIRECTION('',(-1.,-0.));
#1324 = ( GEOMETRIC_REPRESENTATION_CONTEXT(2) 
PARAMETRIC_REPRESENTATION_CONTEXT() REPRESENTATION_CONTEXT('2D SPACE',''
  ) );
#1325 = PCURVE('',#830,#1326);
#1326 = DEFINITIONAL_REPRESENTATION('',(#1327),#1331);
#1327 = LINE('',#1328,#1329);
#1328 = CARTESIAN_POINT('',(-0.,-1.));
#1329 = VECTOR('',#1330,1.);
#1330 = DIRECTION('',(-1.,0.));
#1331 = ( GEOMETRIC_REPRESENTATION_CONTEXT(2) 
PARAMETRIC_REPRESENTATION_CONTEXT() REPRESENTATION_CONTEXT('2D SPACE',''
  ) );
#1332 = ORIENTED_EDGE('',*,*,#841,.T.);
#1333 = ORIENTED_EDGE('',*,*,#1284,.T.);
#1334 = ORIENTED_EDGE('',*,*,#1127,.F.);
#1335 = ADVANCED_FACE('',(#1336),#830,.F.);
#1336 = FACE_BOUND('',#1337,.T.);
#1337 = EDGE_LOOP('',(#1338,#1339,#1340,#1366));
#1338 = ORIENTED_EDGE('',*,*,#1311,.F.);
#1339 = ORIENTED_EDGE('',*,*,#815,.F.);
#1340 = ORIENTED_EDGE('',*,*,#1341,.F.);
#1341 = EDGE_CURVE('',#1086,#790,#1342,.T.);
#1342 = SURFACE_CURVE('',#1343,(#1348,#1355),.PCURVE_S1.);
#1343 = CIRCLE('',#1344,1.2);
#1344 = AXIS2_PLACEMENT_3D('',#1345,#1346,#1347);
#1345 = CARTESIAN_POINT('',(28.,58.,1.8));
#1346 = DIRECTION('',(0.,-0.,-1.));
#1347 = DIRECTION('',(1.,0.,-0.));
#1348 = PCURVE('',#830,#1349);
#1349 = DEFINITIONAL_REPRESENTATION('',(#1350),#1354);
#1350 = LINE('',#1351,#1352);
#1351 = CARTESIAN_POINT('',(-6.28318530718,-1.8));
#1352 = VECTOR('',#1353,1.);
#1353 = DIRECTION('',(1.,-0.));
#1354 = ( GEOMETRIC_REPRESENTATION_CONTEXT(2) 
PARAMETRIC_REPRESENTATION_CONTEXT() REPRESENTATION_CONTEXT('2D SPACE',''
  ) );
#1355 = PCURVE('',#804,#1356);
#1356 = DEFINITIONAL_REPRESENTATION('',(#1357),#1365);
#1357 = ( BOUNDED_CURVE() B_SPLINE_CURVE(2,(#1358,#1359,#1360,#1361,
#1362,#1363,#1364),.UNSPECIFIED.,.T.,.F.) B_SPLINE_CURVE_WITH_KNOTS((1,2
    ,2,2,2,1),(-2.094395102393,0.,2.094395102393,4.188790204786,
6.28318530718,8.377580409573),.UNSPECIFIED.) CURVE() 
GEOMETRIC_REPRESENTATION_ITEM() RATIONAL_B_SPLINE_CURVE((1.,0.5,1.,0.5,
1.,0.5,1.)) REPRESENTATION_ITEM('') );
#1358 = CARTESIAN_POINT('',(29.199999999989,57.953194178454));
#1359 = CARTESIAN_POINT('',(29.199999999989,55.874733209372));
#1360 = CARTESIAN_POINT('',(27.399999999989,56.913963693913));
#1361 = CARTESIAN_POINT('',(25.599999999989,57.953194178454));
#1362 = CARTESIAN_POINT('',(27.399999999989,58.992424662996));
#1363 = CARTESIAN_POINT('',(29.199999999989,60.031655147537));
#1364 = CARTESIAN_POINT('',(29.199999999989,57.953194178454));
#1365 = ( GEOMETRIC_REPRESENTATION_CONTEXT(2) 
PARAMETRIC_REPRESENTATION_CONTEXT() REPRESENTATION_CONTEXT('2D SPACE',''
  ) );
#1366 = ORIENTED_EDGE('',*,*,#1106,.T.);
#1367 = ADVANCED_FACE('',(#1368),#804,.T.);
#1368 = FACE_BOUND('',#1369,.T.);
#1369 = EDGE_LOOP('',(#1370,#1371,#1372,#1373,#1374));
#1370 = ORIENTED_EDGE('',*,*,#789,.T.);
#1371 = ORIENTED_EDGE('',*,*,#982,.F.);
#1372 = ORIENTED_EDGE('',*,*,#1036,.F.);
#1373 = ORIENTED_EDGE('',*,*,#1085,.F.);
#1374 = ORIENTED_EDGE('',*,*,#1341,.T.);
#1375 = ( GEOMETRIC_REPRESENTATION_CONTEXT(3) 
GLOBAL_UNCERTAINTY_ASSIGNED_CONTEXT((#1379)) 
GLOBAL_UNIT_ASSIGNED_CONTEXT((#1376,#1377,#1378)) REPRESENTATION_CONTEXT
('Context #1','3D Context with UNIT and UNCERTAINTY') );
#1376 = ( LENGTH_UNIT() NAMED_UNIT(*) SI_UNIT(.MILLI.,.METRE.) );
#1377 = ( NAMED_UNIT(*) PLANE_ANGLE_UNIT() SI_UNIT($,.RADIAN.) );
#1378 = ( NAMED_UNIT(*) SI_UNIT($,.STERADIAN.) SOLID_ANGLE_UNIT() );
#1379 = UNCERTAINTY_MEASURE_WITH_UNIT(LENGTH_MEASURE(2.E-07),#1376,
  'distance_accuracy_value','confusion accuracy');
#1380 = CONTEXT_DEPENDENT_SHAPE_REPRESENTATION(#1381,#1383);
#1381 = ( REPRESENTATION_RELATIONSHIP('','',#44,#10) 
REPRESENTATION_RELATIONSHIP_WITH_TRANSFORMATION(#1382) 
SHAPE_REPRESENTATION_RELATIONSHIP() );
#1382 = ITEM_DEFINED_TRANSFORMATION('','',#11,#15);
#1383 = PRODUCT_DEFINITION_SHAPE('Placement','Placement of an item',
  #1384);
#1384 = NEXT_ASSEMBLY_USAGE_OCCURRENCE('1','front_shell','',#5,#39,$);
#1385 = PRODUCT_RELATED_PRODUCT_CATEGORY('part',$,(#41));
#1386 = SHAPE_DEFINITION_REPRESENTATION(#1387,#1393);
#1387 = PRODUCT_DEFINITION_SHAPE('','',#1388);
#1388 = PRODUCT_DEFINITION('design','',#1389,#1392);
#1389 = PRODUCT_DEFINITION_FORMATION('','',#1390);
#1390 = PRODUCT('back_shell','back_shell','',(#1391));
#1391 = PRODUCT_CONTEXT('',#2,'mechanical');
#1392 = PRODUCT_DEFINITION_CONTEXT('part definition',#2,'design');
#1393 = ADVANCED_BREP_SHAPE_REPRESENTATION('',(#11,#1394),#2760);
#1394 = MANIFOLD_SOLID_BREP('',#1395);
#1395 = CLOSED_SHELL('',(#1396,#1550,#1624,#1964,#2012,#2354,#2382,#2430
    ,#2473,#2506,#2538,#2566,#2594,#2626,#2654,#2686,#2714,#2746,#2753)
  );
#1396 = ADVANCED_FACE('',(#1397),#1411,.T.);
#1397 = FACE_BOUND('',#1398,.T.);
#1398 = EDGE_LOOP('',(#1399,#1434,#1467,#1493,#1526));
#1399 = ORIENTED_EDGE('',*,*,#1400,.F.);
#1400 = EDGE_CURVE('',#1401,#1403,#1405,.T.);
#1401 = VERTEX_POINT('',#1402);
#1402 = CARTESIAN_POINT('',(28.,61.99999999869,7.25));
#1403 = VERTEX_POINT('',#1404);
#1404 = CARTESIAN_POINT('',(27.4,62.,7.25));
#1405 = SURFACE_CURVE('',#1406,(#1410,#1422),.PCURVE_S1.);
#1406 = LINE('',#1407,#1408);
#1407 = CARTESIAN_POINT('',(8.878689293818E-16,62.,7.25));
#1408 = VECTOR('',#1409,1.);
#1409 = DIRECTION('',(-1.,0.,-1.224646799147E-16));
#1410 = PCURVE('',#1411,#1416);
#1411 = PLANE('',#1412);
#1412 = AXIS2_PLACEMENT_3D('',#1413,#1414,#1415);
#1413 = CARTESIAN_POINT('',(-1.128412412487E-11,4.680582154577E-02,7.25)
  );
#1414 = DIRECTION('',(1.224646799147E-16,0.,-1.));
#1415 = DIRECTION('',(-1.,0.,-1.224646799147E-16));
#1416 = DEFINITIONAL_REPRESENTATION('',(#1417),#1421);
#1417 = LINE('',#1418,#1419);
#1418 = CARTESIAN_POINT('',(-1.12850119938E-11,61.953194178454));
#1419 = VECTOR('',#1420,1.);
#1420 = DIRECTION('',(1.,0.));
#1421 = ( GEOMETRIC_REPRESENTATION_CONTEXT(2) 
PARAMETRIC_REPRESENTATION_CONTEXT() REPRESENTATION_CONTEXT('2D SPACE',''
  ) );
#1422 = PCURVE('',#1423,#1428);
#1423 = PLANE('',#1424);
#1424 = AXIS2_PLACEMENT_3D('',#1425,#1426,#1427);
#1425 = CARTESIAN_POINT('',(28.,62.,14.5));
#1426 = DIRECTION('',(0.,1.,0.));
#1427 = DIRECTION('',(-1.,0.,-1.224646799147E-16));
#1428 = DEFINITIONAL_REPRESENTATION('',(#1429),#1433);
#1429 = LINE('',#1430,#1431);
#1430 = CARTESIAN_POINT('',(28.,-7.25));
#1431 = VECTOR('',#1432,1.);
#1432 = DIRECTION('',(1.,0.));
#1433 = ( GEOMETRIC_REPRESENTATION_CONTEXT(2) 
PARAMETRIC_REPRESENTATION_CONTEXT() REPRESENTATION_CONTEXT('2D SPACE',''
  ) );
#1434 = ORIENTED_EDGE('',*,*,#1435,.F.);
#1435 = EDGE_CURVE('',#1436,#1401,#1438,.T.);
#1436 = VERTEX_POINT('',#1437);
#1437 = CARTESIAN_POINT('',(28.6,61.954743984036,7.25));
#1438 = SURFACE_CURVE('',#1439,(#1444,#1455),.PCURVE_S1.);
#1439 = CIRCLE('',#1440,4.);
#1440 = AXIS2_PLACEMENT_3D('',#1441,#1442,#1443);
#1441 = CARTESIAN_POINT('',(28.,57.999999997379,7.25));
#1442 = DIRECTION('',(-1.224646799147E-16,0.,1.));
#1443 = DIRECTION('',(1.,0.,1.224646799147E-16));
#1444 = PCURVE('',#1411,#1445);
#1445 = DEFINITIONAL_REPRESENTATION('',(#1446),#1454);
#1446 = ( BOUNDED_CURVE() B_SPLINE_CURVE(2,(#1447,#1448,#1449,#1450,
#1451,#1452,#1453),.UNSPECIFIED.,.T.,.F.) B_SPLINE_CURVE_WITH_KNOTS((1,2
    ,2,2,2,1),(-2.094395102393,0.,2.094395102393,4.188790204786,
6.28318530718,8.377580409573),.UNSPECIFIED.) CURVE() 
GEOMETRIC_REPRESENTATION_ITEM() RATIONAL_B_SPLINE_CURVE((1.,0.5,1.,0.5,
1.,0.5,1.)) REPRESENTATION_ITEM('') );
#1447 = CARTESIAN_POINT('',(-32.00000000001,57.953194175833));
#1448 = CARTESIAN_POINT('',(-32.00000000001,64.881397406109));
#1449 = CARTESIAN_POINT('',(-26.00000000001,61.417295790971));
#1450 = CARTESIAN_POINT('',(-20.00000000001,57.953194175833));
#1451 = CARTESIAN_POINT('',(-26.00000000001,54.489092560696));
#1452 = CARTESIAN_POINT('',(-32.00000000001,51.024990945558));
#1453 = CARTESIAN_POINT('',(-32.00000000001,57.953194175833));
#1454 = ( GEOMETRIC_REPRESENTATION_CONTEXT(2) 
PARAMETRIC_REPRESENTATION_CONTEXT() REPRESENTATION_CONTEXT('2D SPACE',''
  ) );
#1455 = PCURVE('',#1456,#1461);
#1456 = CYLINDRICAL_SURFACE('',#1457,4.);
#1457 = AXIS2_PLACEMENT_3D('',#1458,#1459,#1460);
#1458 = CARTESIAN_POINT('',(28.,57.999999997379,14.5));
#1459 = DIRECTION('',(-1.224646799147E-16,0.,1.));
#1460 = DIRECTION('',(1.,0.,1.224646799147E-16));
#1461 = DEFINITIONAL_REPRESENTATION('',(#1462),#1466);
#1462 = LINE('',#1463,#1464);
#1463 = CARTESIAN_POINT('',(0.,-7.25));
#1464 = VECTOR('',#1465,1.);
#1465 = DIRECTION('',(1.,0.));
#1466 = ( GEOMETRIC_REPRESENTATION_CONTEXT(2) 
PARAMETRIC_REPRESENTATION_CONTEXT() REPRESENTATION_CONTEXT('2D SPACE',''
  ) );
#1467 = ORIENTED_EDGE('',*,*,#1468,.T.);
#1468 = EDGE_CURVE('',#1436,#1469,#1471,.T.);
#1469 = VERTEX_POINT('',#1470);
#1470 = CARTESIAN_POINT('',(28.6,59.802775637732,7.25));
#1471 = SURFACE_CURVE('',#1472,(#1476,#1482),.PCURVE_S1.);
#1472 = LINE('',#1473,#1474);
#1473 = CARTESIAN_POINT('',(28.6,26.023402910773,7.25));
#1474 = VECTOR('',#1475,1.);
#1475 = DIRECTION('',(0.,-1.,0.));
#1476 = PCURVE('',#1411,#1477);
#1477 = DEFINITIONAL_REPRESENTATION('',(#1478),#1481);
#1478 = B_SPLINE_CURVE_WITH_KNOTS('',1,(#1479,#1480),.UNSPECIFIED.,.F.,
  .F.,(2,2),(-35.97659708922,-25.97659708922),.PIECEWISE_BEZIER_KNOTS.);
#1479 = CARTESIAN_POINT('',(-28.60000000001,61.953194178454));
#1480 = CARTESIAN_POINT('',(-28.60000000001,51.953194178454));
#1481 = ( GEOMETRIC_REPRESENTATION_CONTEXT(2) 
PARAMETRIC_REPRESENTATION_CONTEXT() REPRESENTATION_CONTEXT('2D SPACE',''
  ) );
#1482 = PCURVE('',#1483,#1488);
#1483 = PLANE('',#1484);
#1484 = AXIS2_PLACEMENT_3D('',#1485,#1486,#1487);
#1485 = CARTESIAN_POINT('',(28.6,52.,-1.));
#1486 = DIRECTION('',(1.,0.,-0.));
#1487 = DIRECTION('',(0.,0.,1.));
#1488 = DEFINITIONAL_REPRESENTATION('',(#1489),#1492);
#1489 = B_SPLINE_CURVE_WITH_KNOTS('',1,(#1490,#1491),.UNSPECIFIED.,.F.,
  .F.,(2,2),(-35.97659708922,-25.97659708922),.PIECEWISE_BEZIER_KNOTS.);
#1490 = CARTESIAN_POINT('',(8.25,-10.));
#1491 = CARTESIAN_POINT('',(8.25,0.));
#1492 = ( GEOMETRIC_REPRESENTATION_CONTEXT(2) 
PARAMETRIC_REPRESENTATION_CONTEXT() REPRESENTATION_CONTEXT('2D SPACE',''
  ) );
#1493 = ORIENTED_EDGE('',*,*,#1494,.T.);
#1494 = EDGE_CURVE('',#1469,#1495,#1497,.T.);
#1495 = VERTEX_POINT('',#1496);
#1496 = CARTESIAN_POINT('',(27.4,59.802775637732,7.25));
#1497 = SURFACE_CURVE('',#1498,(#1503,#1514),.PCURVE_S1.);
#1498 = CIRCLE('',#1499,1.9);
#1499 = AXIS2_PLACEMENT_3D('',#1500,#1501,#1502);
#1500 = CARTESIAN_POINT('',(28.,58.,7.25));
#1501 = DIRECTION('',(-1.224646799147E-16,-0.,1.));
#1502 = DIRECTION('',(-1.,0.,-1.224646799147E-16));
#1503 = PCURVE('',#1411,#1504);
#1504 = DEFINITIONAL_REPRESENTATION('',(#1505),#1513);
#1505 = ( BOUNDED_CURVE() B_SPLINE_CURVE(2,(#1506,#1507,#1508,#1509,
#1510,#1511,#1512),.UNSPECIFIED.,.T.,.F.) B_SPLINE_CURVE_WITH_KNOTS((1,2
    ,2,2,2,1),(-2.094395102393,0.,2.094395102393,4.188790204786,
6.28318530718,8.377580409573),.UNSPECIFIED.) CURVE() 
GEOMETRIC_REPRESENTATION_ITEM() RATIONAL_B_SPLINE_CURVE((1.,0.5,1.,0.5,
1.,0.5,1.)) REPRESENTATION_ITEM('') );
#1506 = CARTESIAN_POINT('',(-26.10000000001,57.953194178454));
#1507 = CARTESIAN_POINT('',(-26.10000000001,54.662297644073));
#1508 = CARTESIAN_POINT('',(-28.95000000001,56.307745911264));
#1509 = CARTESIAN_POINT('',(-31.80000000001,57.953194178454));
#1510 = CARTESIAN_POINT('',(-28.95000000001,59.598642445645));
#1511 = CARTESIAN_POINT('',(-26.10000000001,61.244090712835));
#1512 = CARTESIAN_POINT('',(-26.10000000001,57.953194178454));
#1513 = ( GEOMETRIC_REPRESENTATION_CONTEXT(2) 
PARAMETRIC_REPRESENTATION_CONTEXT() REPRESENTATION_CONTEXT('2D SPACE',''
  ) );
#1514 = PCURVE('',#1515,#1520);
#1515 = CYLINDRICAL_SURFACE('',#1516,1.9);
#1516 = AXIS2_PLACEMENT_3D('',#1517,#1518,#1519);
#1517 = CARTESIAN_POINT('',(28.,58.,7.85));
#1518 = DIRECTION('',(-1.224646799147E-16,-0.,1.));
#1519 = DIRECTION('',(-1.,0.,-1.224646799147E-16));
#1520 = DEFINITIONAL_REPRESENTATION('',(#1521),#1525);
#1521 = LINE('',#1522,#1523);
#1522 = CARTESIAN_POINT('',(-6.28318530718,-0.6));
#1523 = VECTOR('',#1524,1.);
#1524 = DIRECTION('',(1.,-0.));
#1525 = ( GEOMETRIC_REPRESENTATION_CONTEXT(2) 
PARAMETRIC_REPRESENTATION_CONTEXT() REPRESENTATION_CONTEXT('2D SPACE',''
  ) );
#1526 = ORIENTED_EDGE('',*,*,#1527,.F.);
#1527 = EDGE_CURVE('',#1403,#1495,#1528,.T.);
#1528 = SURFACE_CURVE('',#1529,(#1533,#1539),.PCURVE_S1.);
#1529 = LINE('',#1530,#1531);
#1530 = CARTESIAN_POINT('',(27.4,26.023402910773,7.25));
#1531 = VECTOR('',#1532,1.);
#1532 = DIRECTION('',(0.,-1.,0.));
#1533 = PCURVE('',#1411,#1534);
#1534 = DEFINITIONAL_REPRESENTATION('',(#1535),#1538);
#1535 = B_SPLINE_CURVE_WITH_KNOTS('',1,(#1536,#1537),.UNSPECIFIED.,.F.,
  .F.,(2,2),(-35.97659708922,-25.97659708922),.PIECEWISE_BEZIER_KNOTS.);
#1536 = CARTESIAN_POINT('',(-27.40000000001,61.953194178454));
#1537 = CARTESIAN_POINT('',(-27.40000000001,51.953194178454));
#1538 = ( GEOMETRIC_REPRESENTATION_CONTEXT(2) 
PARAMETRIC_REPRESENTATION_CONTEXT() REPRESENTATION_CONTEXT('2D SPACE',''
  ) );
#1539 = PCURVE('',#1540,#1545);
#1540 = PLANE('',#1541);
#1541 = AXIS2_PLACEMENT_3D('',#1542,#1543,#1544);
#1542 = CARTESIAN_POINT('',(27.4,52.,-1.));
#1543 = DIRECTION('',(1.,0.,-0.));
#1544 = DIRECTION('',(0.,0.,1.));
#1545 = DEFINITIONAL_REPRESENTATION('',(#1546),#1549);
#1546 = B_SPLINE_CURVE_WITH_KNOTS('',1,(#1547,#1548),.UNSPECIFIED.,.F.,
  .F.,(2,2),(-35.97659708922,-25.97659708922),.PIECEWISE_BEZIER_KNOTS.);
#1547 = CARTESIAN_POINT('',(8.25,-10.));
#1548 = CARTESIAN_POINT('',(8.25,0.));
#1549 = ( GEOMETRIC_REPRESENTATION_CONTEXT(2) 
PARAMETRIC_REPRESENTATION_CONTEXT() REPRESENTATION_CONTEXT('2D SPACE',''
  ) );
#1550 = ADVANCED_FACE('',(#1551),#1423,.T.);
#1551 = FACE_BOUND('',#1552,.T.);
#1552 = EDGE_LOOP('',(#1553,#1574,#1602,#1623));
#1553 = ORIENTED_EDGE('',*,*,#1554,.F.);
#1554 = EDGE_CURVE('',#1555,#1403,#1557,.T.);
#1555 = VERTEX_POINT('',#1556);
#1556 = CARTESIAN_POINT('',(27.4,62.,13.));
#1557 = SURFACE_CURVE('',#1558,(#1562,#1568),.PCURVE_S1.);
#1558 = LINE('',#1559,#1560);
#1559 = CARTESIAN_POINT('',(27.4,62.,6.75));
#1560 = VECTOR('',#1561,1.);
#1561 = DIRECTION('',(-0.,0.,-1.));
#1562 = PCURVE('',#1423,#1563);
#1563 = DEFINITIONAL_REPRESENTATION('',(#1564),#1567);
#1564 = B_SPLINE_CURVE_WITH_KNOTS('',1,(#1565,#1566),.UNSPECIFIED.,.F.,
  .F.,(2,2),(-6.25,-0.5),.PIECEWISE_BEZIER_KNOTS.);
#1565 = CARTESIAN_POINT('',(0.6,-1.5));
#1566 = CARTESIAN_POINT('',(0.6,-7.25));
#1567 = ( GEOMETRIC_REPRESENTATION_CONTEXT(2) 
PARAMETRIC_REPRESENTATION_CONTEXT() REPRESENTATION_CONTEXT('2D SPACE',''
  ) );
#1568 = PCURVE('',#1540,#1569);
#1569 = DEFINITIONAL_REPRESENTATION('',(#1570),#1573);
#1570 = B_SPLINE_CURVE_WITH_KNOTS('',1,(#1571,#1572),.UNSPECIFIED.,.F.,
  .F.,(2,2),(-6.25,-0.5),.PIECEWISE_BEZIER_KNOTS.);
#1571 = CARTESIAN_POINT('',(14.,-10.));
#1572 = CARTESIAN_POINT('',(8.25,-10.));
#1573 = ( GEOMETRIC_REPRESENTATION_CONTEXT(2) 
PARAMETRIC_REPRESENTATION_CONTEXT() REPRESENTATION_CONTEXT('2D SPACE',''
  ) );
#1574 = ORIENTED_EDGE('',*,*,#1575,.F.);
#1575 = EDGE_CURVE('',#1576,#1555,#1578,.T.);
#1576 = VERTEX_POINT('',#1577);
#1577 = CARTESIAN_POINT('',(28.,61.999999997379,13.));
#1578 = SURFACE_CURVE('',#1579,(#1583,#1590),.PCURVE_S1.);
#1579 = LINE('',#1580,#1581);
#1580 = CARTESIAN_POINT('',(28.,62.,13.));
#1581 = VECTOR('',#1582,1.);
#1582 = DIRECTION('',(-1.,0.,-1.224646799147E-16));
#1583 = PCURVE('',#1423,#1584);
#1584 = DEFINITIONAL_REPRESENTATION('',(#1585),#1589);
#1585 = LINE('',#1586,#1587);
#1586 = CARTESIAN_POINT('',(0.,-1.5));
#1587 = VECTOR('',#1588,1.);
#1588 = DIRECTION('',(1.,0.));
#1589 = ( GEOMETRIC_REPRESENTATION_CONTEXT(2) 
PARAMETRIC_REPRESENTATION_CONTEXT() REPRESENTATION_CONTEXT('2D SPACE',''
  ) );
#1590 = PCURVE('',#1591,#1596);
#1591 = CYLINDRICAL_SURFACE('',#1592,1.5);
#1592 = AXIS2_PLACEMENT_3D('',#1593,#1594,#1595);
#1593 = CARTESIAN_POINT('',(28.,60.5,13.));
#1594 = DIRECTION('',(-1.,0.,-1.224646799147E-16));
#1595 = DIRECTION('',(0.,1.,0.));
#1596 = DEFINITIONAL_REPRESENTATION('',(#1597),#1601);
#1597 = LINE('',#1598,#1599);
#1598 = CARTESIAN_POINT('',(-0.,0.));
#1599 = VECTOR('',#1600,1.);
#1600 = DIRECTION('',(-0.,1.));
#1601 = ( GEOMETRIC_REPRESENTATION_CONTEXT(2) 
PARAMETRIC_REPRESENTATION_CONTEXT() REPRESENTATION_CONTEXT('2D SPACE',''
  ) );
#1602 = ORIENTED_EDGE('',*,*,#1603,.T.);
#1603 = EDGE_CURVE('',#1576,#1401,#1604,.T.);
#1604 = SURFACE_CURVE('',#1605,(#1609,#1616),.PCURVE_S1.);
#1605 = LINE('',#1606,#1607);
#1606 = CARTESIAN_POINT('',(28.,61.99999999869,14.5));
#1607 = VECTOR('',#1608,1.);
#1608 = DIRECTION('',(1.224646799147E-16,0.,-1.));
#1609 = PCURVE('',#1423,#1610);
#1610 = DEFINITIONAL_REPRESENTATION('',(#1611),#1615);
#1611 = LINE('',#1612,#1613);
#1612 = CARTESIAN_POINT('',(0.,0.));
#1613 = VECTOR('',#1614,1.);
#1614 = DIRECTION('',(0.,-1.));
#1615 = ( GEOMETRIC_REPRESENTATION_CONTEXT(2) 
PARAMETRIC_REPRESENTATION_CONTEXT() REPRESENTATION_CONTEXT('2D SPACE',''
  ) );
#1616 = PCURVE('',#1456,#1617);
#1617 = DEFINITIONAL_REPRESENTATION('',(#1618),#1622);
#1618 = LINE('',#1619,#1620);
#1619 = CARTESIAN_POINT('',(1.570796326795,0.));
#1620 = VECTOR('',#1621,1.);
#1621 = DIRECTION('',(0.,-1.));
#1622 = ( GEOMETRIC_REPRESENTATION_CONTEXT(2) 
PARAMETRIC_REPRESENTATION_CONTEXT() REPRESENTATION_CONTEXT('2D SPACE',''
  ) );
#1623 = ORIENTED_EDGE('',*,*,#1400,.T.);
#1624 = ADVANCED_FACE('',(#1625),#1540,.F.);
#1625 = FACE_BOUND('',#1626,.F.);
#1626 = EDGE_LOOP('',(#1627,#1657,#1683,#1709,#1735,#1761,#1787,#1813,
    #1839,#1865,#1891,#1910,#1911,#1912,#1940));
#1627 = ORIENTED_EDGE('',*,*,#1628,.F.);
#1628 = EDGE_CURVE('',#1629,#1631,#1633,.T.);
#1629 = VERTEX_POINT('',#1630);
#1630 = CARTESIAN_POINT('',(27.4,52.,12.7));
#1631 = VERTEX_POINT('',#1632);
#1632 = CARTESIAN_POINT('',(27.4,52.,14.5));
#1633 = SURFACE_CURVE('',#1634,(#1638,#1645),.PCURVE_S1.);
#1634 = LINE('',#1635,#1636);
#1635 = CARTESIAN_POINT('',(27.4,52.,-1.));
#1636 = VECTOR('',#1637,1.);
#1637 = DIRECTION('',(0.,0.,1.));
#1638 = PCURVE('',#1540,#1639);
#1639 = DEFINITIONAL_REPRESENTATION('',(#1640),#1644);
#1640 = LINE('',#1641,#1642);
#1641 = CARTESIAN_POINT('',(0.,0.));
#1642 = VECTOR('',#1643,1.);
#1643 = DIRECTION('',(1.,0.));
#1644 = ( GEOMETRIC_REPRESENTATION_CONTEXT(2) 
PARAMETRIC_REPRESENTATION_CONTEXT() REPRESENTATION_CONTEXT('2D SPACE',''
  ) );
#1645 = PCURVE('',#1646,#1651);
#1646 = PLANE('',#1647);
#1647 = AXIS2_PLACEMENT_3D('',#1648,#1649,#1650);
#1648 = CARTESIAN_POINT('',(27.4,52.,-1.));
#1649 = DIRECTION('',(-0.,1.,0.));
#1650 = DIRECTION('',(0.,0.,1.));
#1651 = DEFINITIONAL_REPRESENTATION('',(#1652),#1656);
#1652 = LINE('',#1653,#1654);
#1653 = CARTESIAN_POINT('',(0.,0.));
#1654 = VECTOR('',#1655,1.);
#1655 = DIRECTION('',(1.,0.));
#1656 = ( GEOMETRIC_REPRESENTATION_CONTEXT(2) 
PARAMETRIC_REPRESENTATION_CONTEXT() REPRESENTATION_CONTEXT('2D SPACE',''
  ) );
#1657 = ORIENTED_EDGE('',*,*,#1658,.F.);
#1658 = EDGE_CURVE('',#1659,#1629,#1661,.T.);
#1659 = VERTEX_POINT('',#1660);
#1660 = CARTESIAN_POINT('',(27.4,55.573067780098,12.7));
#1661 = SURFACE_CURVE('',#1662,(#1666,#1672),.PCURVE_S1.);
#1662 = LINE('',#1663,#1664);
#1663 = CARTESIAN_POINT('',(27.4,26.023402910773,12.7));
#1664 = VECTOR('',#1665,1.);
#1665 = DIRECTION('',(0.,-1.,0.));
#1666 = PCURVE('',#1540,#1667);
#1667 = DEFINITIONAL_REPRESENTATION('',(#1668),#1671);
#1668 = B_SPLINE_CURVE_WITH_KNOTS('',1,(#1669,#1670),.UNSPECIFIED.,.F.,
  .F.,(2,2),(-34.17659708922,-25.97659708922),.PIECEWISE_BEZIER_KNOTS.);
#1669 = CARTESIAN_POINT('',(13.7,-8.2));
#1670 = CARTESIAN_POINT('',(13.7,0.));
#1671 = ( GEOMETRIC_REPRESENTATION_CONTEXT(2) 
PARAMETRIC_REPRESENTATION_CONTEXT() REPRESENTATION_CONTEXT('2D SPACE',''
  ) );
#1672 = PCURVE('',#1673,#1678);
#1673 = PLANE('',#1674);
#1674 = AXIS2_PLACEMENT_3D('',#1675,#1676,#1677);
#1675 = CARTESIAN_POINT('',(-1.128479155738E-11,4.680582154577E-02,12.7)
  );
#1676 = DIRECTION('',(1.224646799147E-16,0.,-1.));
#1677 = DIRECTION('',(-1.,0.,-1.224646799147E-16));
#1678 = DEFINITIONAL_REPRESENTATION('',(#1679),#1682);
#1679 = B_SPLINE_CURVE_WITH_KNOTS('',1,(#1680,#1681),.UNSPECIFIED.,.F.,
  .F.,(2,2),(-34.17659708922,-25.97659708922),.PIECEWISE_BEZIER_KNOTS.);
#1680 = CARTESIAN_POINT('',(-27.40000000001,60.153194178454));
#1681 = CARTESIAN_POINT('',(-27.40000000001,51.953194178454));
#1682 = ( GEOMETRIC_REPRESENTATION_CONTEXT(2) 
PARAMETRIC_REPRESENTATION_CONTEXT() REPRESENTATION_CONTEXT('2D SPACE',''
  ) );
#1683 = ORIENTED_EDGE('',*,*,#1684,.F.);
#1684 = EDGE_CURVE('',#1685,#1659,#1687,.T.);
#1685 = VERTEX_POINT('',#1686);
#1686 = CARTESIAN_POINT('',(27.4,55.573067780098,7.25));
#1687 = SURFACE_CURVE('',#1688,(#1692,#1698),.PCURVE_S1.);
#1688 = LINE('',#1689,#1690);
#1689 = CARTESIAN_POINT('',(27.4,55.573067780098,12.7));
#1690 = VECTOR('',#1691,1.);
#1691 = DIRECTION('',(-1.224646799147E-16,-0.,1.));
#1692 = PCURVE('',#1540,#1693);
#1693 = DEFINITIONAL_REPRESENTATION('',(#1694),#1697);
#1694 = B_SPLINE_CURVE_WITH_KNOTS('',1,(#1695,#1696),.UNSPECIFIED.,.F.,
  .F.,(2,2),(-5.4500006,5.999999999062E-07),.PIECEWISE_BEZIER_KNOTS.);
#1695 = CARTESIAN_POINT('',(8.2499994,-3.573067780098));
#1696 = CARTESIAN_POINT('',(13.7000006,-3.573067780098));
#1697 = ( GEOMETRIC_REPRESENTATION_CONTEXT(2) 
PARAMETRIC_REPRESENTATION_CONTEXT() REPRESENTATION_CONTEXT('2D SPACE',''
  ) );
#1698 = PCURVE('',#1699,#1704);
#1699 = CYLINDRICAL_SURFACE('',#1700,2.5);
#1700 = AXIS2_PLACEMENT_3D('',#1701,#1702,#1703);
#1701 = CARTESIAN_POINT('',(28.,58.,12.7));
#1702 = DIRECTION('',(-1.224646799147E-16,-0.,1.));
#1703 = DIRECTION('',(-1.,0.,-1.224646799147E-16));
#1704 = DEFINITIONAL_REPRESENTATION('',(#1705),#1708);
#1705 = B_SPLINE_CURVE_WITH_KNOTS('',1,(#1706,#1707),.UNSPECIFIED.,.F.,
  .F.,(2,2),(-5.4500006,5.999999999062E-07),.PIECEWISE_BEZIER_KNOTS.);
#1706 = CARTESIAN_POINT('',(-4.954754831424,-5.4500006));
#1707 = CARTESIAN_POINT('',(-4.954754831424,5.999999999797E-07));
#1708 = ( GEOMETRIC_REPRESENTATION_CONTEXT(2) 
PARAMETRIC_REPRESENTATION_CONTEXT() REPRESENTATION_CONTEXT('2D SPACE',''
  ) );
#1709 = ORIENTED_EDGE('',*,*,#1710,.F.);
#1710 = EDGE_CURVE('',#1711,#1685,#1713,.T.);
#1711 = VERTEX_POINT('',#1712);
#1712 = CARTESIAN_POINT('',(27.4,56.197224362268,7.25));
#1713 = SURFACE_CURVE('',#1714,(#1718,#1724),.PCURVE_S1.);
#1714 = LINE('',#1715,#1716);
#1715 = CARTESIAN_POINT('',(27.4,26.023402910773,7.25));
#1716 = VECTOR('',#1717,1.);
#1717 = DIRECTION('',(0.,-1.,0.));
#1718 = PCURVE('',#1540,#1719);
#1719 = DEFINITIONAL_REPRESENTATION('',(#1720),#1723);
#1720 = B_SPLINE_CURVE_WITH_KNOTS('',1,(#1721,#1722),.UNSPECIFIED.,.F.,
  .F.,(2,2),(-35.97659708922,-25.97659708922),.PIECEWISE_BEZIER_KNOTS.);
#1721 = CARTESIAN_POINT('',(8.25,-10.));
#1722 = CARTESIAN_POINT('',(8.25,0.));
#1723 = ( GEOMETRIC_REPRESENTATION_CONTEXT(2) 
PARAMETRIC_REPRESENTATION_CONTEXT() REPRESENTATION_CONTEXT('2D SPACE',''
  ) );
#1724 = PCURVE('',#1725,#1730);
#1725 = PLANE('',#1726);
#1726 = AXIS2_PLACEMENT_3D('',#1727,#1728,#1729);
#1727 = CARTESIAN_POINT('',(-1.128412412487E-11,4.680582154577E-02,7.25)
  );
#1728 = DIRECTION('',(1.224646799147E-16,0.,-1.));
#1729 = DIRECTION('',(-1.,0.,-1.224646799147E-16));
#1730 = DEFINITIONAL_REPRESENTATION('',(#1731),#1734);
#1731 = B_SPLINE_CURVE_WITH_KNOTS('',1,(#1732,#1733),.UNSPECIFIED.,.F.,
  .F.,(2,2),(-35.97659708922,-25.97659708922),.PIECEWISE_BEZIER_KNOTS.);
#1732 = CARTESIAN_POINT('',(-27.40000000001,61.953194178454));
#1733 = CARTESIAN_POINT('',(-27.40000000001,51.953194178454));
#1734 = ( GEOMETRIC_REPRESENTATION_CONTEXT(2) 
PARAMETRIC_REPRESENTATION_CONTEXT() REPRESENTATION_CONTEXT('2D SPACE',''
  ) );
#1735 = ORIENTED_EDGE('',*,*,#1736,.T.);
#1736 = EDGE_CURVE('',#1711,#1737,#1739,.T.);
#1737 = VERTEX_POINT('',#1738);
#1738 = CARTESIAN_POINT('',(27.4,56.197224362268,7.85));
#1739 = SURFACE_CURVE('',#1740,(#1744,#1750),.PCURVE_S1.);
#1740 = LINE('',#1741,#1742);
#1741 = CARTESIAN_POINT('',(27.4,56.197224362268,7.85));
#1742 = VECTOR('',#1743,1.);
#1743 = DIRECTION('',(-1.224646799147E-16,-0.,1.));
#1744 = PCURVE('',#1540,#1745);
#1745 = DEFINITIONAL_REPRESENTATION('',(#1746),#1749);
#1746 = B_SPLINE_CURVE_WITH_KNOTS('',1,(#1747,#1748),.UNSPECIFIED.,.F.,
  .F.,(2,2),(-0.6000006,5.999999999062E-07),.PIECEWISE_BEZIER_KNOTS.);
#1747 = CARTESIAN_POINT('',(8.2499994,-4.197224362268));
#1748 = CARTESIAN_POINT('',(8.8500006,-4.197224362268));
#1749 = ( GEOMETRIC_REPRESENTATION_CONTEXT(2) 
PARAMETRIC_REPRESENTATION_CONTEXT() REPRESENTATION_CONTEXT('2D SPACE',''
  ) );
#1750 = PCURVE('',#1751,#1756);
#1751 = CYLINDRICAL_SURFACE('',#1752,1.9);
#1752 = AXIS2_PLACEMENT_3D('',#1753,#1754,#1755);
#1753 = CARTESIAN_POINT('',(28.,58.,7.85));
#1754 = DIRECTION('',(-1.224646799147E-16,-0.,1.));
#1755 = DIRECTION('',(-1.,0.,-1.224646799147E-16));
#1756 = DEFINITIONAL_REPRESENTATION('',(#1757),#1760);
#1757 = B_SPLINE_CURVE_WITH_KNOTS('',1,(#1758,#1759),.UNSPECIFIED.,.F.,
  .F.,(2,2),(-0.6000006,5.999999999062E-07),.PIECEWISE_BEZIER_KNOTS.);
#1758 = CARTESIAN_POINT('',(-5.033677569649,-0.6000006));
#1759 = CARTESIAN_POINT('',(-5.033677569649,5.999999999797E-07));
#1760 = ( GEOMETRIC_REPRESENTATION_CONTEXT(2) 
PARAMETRIC_REPRESENTATION_CONTEXT() REPRESENTATION_CONTEXT('2D SPACE',''
  ) );
#1761 = ORIENTED_EDGE('',*,*,#1762,.F.);
#1762 = EDGE_CURVE('',#1763,#1737,#1765,.T.);
#1763 = VERTEX_POINT('',#1764);
#1764 = CARTESIAN_POINT('',(27.4,56.516760302581,7.85));
#1765 = SURFACE_CURVE('',#1766,(#1770,#1776),.PCURVE_S1.);
#1766 = LINE('',#1767,#1768);
#1767 = CARTESIAN_POINT('',(27.4,55.,7.85));
#1768 = VECTOR('',#1769,1.);
#1769 = DIRECTION('',(0.,-1.,0.));
#1770 = PCURVE('',#1540,#1771);
#1771 = DEFINITIONAL_REPRESENTATION('',(#1772),#1775);
#1772 = B_SPLINE_CURVE_WITH_KNOTS('',1,(#1773,#1774),.UNSPECIFIED.,.F.,
  .F.,(2,2),(-4.9,-1.1),.PIECEWISE_BEZIER_KNOTS.);
#1773 = CARTESIAN_POINT('',(8.85,-7.9));
#1774 = CARTESIAN_POINT('',(8.85,-4.1));
#1775 = ( GEOMETRIC_REPRESENTATION_CONTEXT(2) 
PARAMETRIC_REPRESENTATION_CONTEXT() REPRESENTATION_CONTEXT('2D SPACE',''
  ) );
#1776 = PCURVE('',#1777,#1782);
#1777 = PLANE('',#1778);
#1778 = AXIS2_PLACEMENT_3D('',#1779,#1780,#1781);
#1779 = CARTESIAN_POINT('',(28.,58.,7.85));
#1780 = DIRECTION('',(1.224646799147E-16,0.,-1.));
#1781 = DIRECTION('',(-1.,0.,-1.224646799147E-16));
#1782 = DEFINITIONAL_REPRESENTATION('',(#1783),#1786);
#1783 = B_SPLINE_CURVE_WITH_KNOTS('',1,(#1784,#1785),.UNSPECIFIED.,.F.,
  .F.,(2,2),(-4.9,-1.1),.PIECEWISE_BEZIER_KNOTS.);
#1784 = CARTESIAN_POINT('',(0.6,1.9));
#1785 = CARTESIAN_POINT('',(0.6,-1.9));
#1786 = ( GEOMETRIC_REPRESENTATION_CONTEXT(2) 
PARAMETRIC_REPRESENTATION_CONTEXT() REPRESENTATION_CONTEXT('2D SPACE',''
  ) );
#1787 = ORIENTED_EDGE('',*,*,#1788,.T.);
#1788 = EDGE_CURVE('',#1763,#1789,#1791,.T.);
#1789 = VERTEX_POINT('',#1790);
#1790 = CARTESIAN_POINT('',(27.4,56.516760302581,12.25));
#1791 = SURFACE_CURVE('',#1792,(#1796,#1802),.PCURVE_S1.);
#1792 = LINE('',#1793,#1794);
#1793 = CARTESIAN_POINT('',(27.4,56.516760302581,12.25));
#1794 = VECTOR('',#1795,1.);
#1795 = DIRECTION('',(-1.224646799147E-16,-0.,1.));
#1796 = PCURVE('',#1540,#1797);
#1797 = DEFINITIONAL_REPRESENTATION('',(#1798),#1801);
#1798 = B_SPLINE_CURVE_WITH_KNOTS('',1,(#1799,#1800),.UNSPECIFIED.,.F.,
  .F.,(2,2),(-4.4000006,5.999999999062E-07),.PIECEWISE_BEZIER_KNOTS.);
#1799 = CARTESIAN_POINT('',(8.8499994,-4.516760302581));
#1800 = CARTESIAN_POINT('',(13.2500006,-4.516760302581));
#1801 = ( GEOMETRIC_REPRESENTATION_CONTEXT(2) 
PARAMETRIC_REPRESENTATION_CONTEXT() REPRESENTATION_CONTEXT('2D SPACE',''
  ) );
#1802 = PCURVE('',#1803,#1808);
#1803 = CYLINDRICAL_SURFACE('',#1804,1.6);
#1804 = AXIS2_PLACEMENT_3D('',#1805,#1806,#1807);
#1805 = CARTESIAN_POINT('',(28.,58.,12.25));
#1806 = DIRECTION('',(-1.224646799147E-16,-0.,1.));
#1807 = DIRECTION('',(-1.,0.,-1.224646799147E-16));
#1808 = DEFINITIONAL_REPRESENTATION('',(#1809),#1812);
#1809 = B_SPLINE_CURVE_WITH_KNOTS('',1,(#1810,#1811),.UNSPECIFIED.,.F.,
  .F.,(2,2),(-4.4000006,5.999999999062E-07),.PIECEWISE_BEZIER_KNOTS.);
#1810 = CARTESIAN_POINT('',(-5.09678575488,-4.4000006));
#1811 = CARTESIAN_POINT('',(-5.09678575488,5.999999999797E-07));
#1812 = ( GEOMETRIC_REPRESENTATION_CONTEXT(2) 
PARAMETRIC_REPRESENTATION_CONTEXT() REPRESENTATION_CONTEXT('2D SPACE',''
  ) );
#1813 = ORIENTED_EDGE('',*,*,#1814,.F.);
#1814 = EDGE_CURVE('',#1815,#1789,#1817,.T.);
#1815 = VERTEX_POINT('',#1816);
#1816 = CARTESIAN_POINT('',(27.4,59.483239697419,12.25));
#1817 = SURFACE_CURVE('',#1818,(#1822,#1828),.PCURVE_S1.);
#1818 = LINE('',#1819,#1820);
#1819 = CARTESIAN_POINT('',(27.4,55.,12.25));
#1820 = VECTOR('',#1821,1.);
#1821 = DIRECTION('',(0.,-1.,0.));
#1822 = PCURVE('',#1540,#1823);
#1823 = DEFINITIONAL_REPRESENTATION('',(#1824),#1827);
#1824 = B_SPLINE_CURVE_WITH_KNOTS('',1,(#1825,#1826),.UNSPECIFIED.,.F.,
  .F.,(2,2),(-4.6,-1.4),.PIECEWISE_BEZIER_KNOTS.);
#1825 = CARTESIAN_POINT('',(13.25,-7.6));
#1826 = CARTESIAN_POINT('',(13.25,-4.4));
#1827 = ( GEOMETRIC_REPRESENTATION_CONTEXT(2) 
PARAMETRIC_REPRESENTATION_CONTEXT() REPRESENTATION_CONTEXT('2D SPACE',''
  ) );
#1828 = PCURVE('',#1829,#1834);
#1829 = PLANE('',#1830);
#1830 = AXIS2_PLACEMENT_3D('',#1831,#1832,#1833);
#1831 = CARTESIAN_POINT('',(28.,58.,12.25));
#1832 = DIRECTION('',(1.224646799147E-16,0.,-1.));
#1833 = DIRECTION('',(-1.,0.,-1.224646799147E-16));
#1834 = DEFINITIONAL_REPRESENTATION('',(#1835),#1838);
#1835 = B_SPLINE_CURVE_WITH_KNOTS('',1,(#1836,#1837),.UNSPECIFIED.,.F.,
  .F.,(2,2),(-4.6,-1.4),.PIECEWISE_BEZIER_KNOTS.);
#1836 = CARTESIAN_POINT('',(0.6,1.6));
#1837 = CARTESIAN_POINT('',(0.6,-1.6));
#1838 = ( GEOMETRIC_REPRESENTATION_CONTEXT(2) 
PARAMETRIC_REPRESENTATION_CONTEXT() REPRESENTATION_CONTEXT('2D SPACE',''
  ) );
#1839 = ORIENTED_EDGE('',*,*,#1840,.F.);
#1840 = EDGE_CURVE('',#1841,#1815,#1843,.T.);
#1841 = VERTEX_POINT('',#1842);
#1842 = CARTESIAN_POINT('',(27.4,59.483239697419,7.85));
#1843 = SURFACE_CURVE('',#1844,(#1848,#1854),.PCURVE_S1.);
#1844 = LINE('',#1845,#1846);
#1845 = CARTESIAN_POINT('',(27.4,59.483239697419,12.25));
#1846 = VECTOR('',#1847,1.);
#1847 = DIRECTION('',(-1.224646799147E-16,-0.,1.));
#1848 = PCURVE('',#1540,#1849);
#1849 = DEFINITIONAL_REPRESENTATION('',(#1850),#1853);
#1850 = B_SPLINE_CURVE_WITH_KNOTS('',1,(#1851,#1852),.UNSPECIFIED.,.F.,
  .F.,(2,2),(-4.4000006,5.999999999062E-07),.PIECEWISE_BEZIER_KNOTS.);
#1851 = CARTESIAN_POINT('',(8.8499994,-7.483239697419));
#1852 = CARTESIAN_POINT('',(13.2500006,-7.483239697419));
#1853 = ( GEOMETRIC_REPRESENTATION_CONTEXT(2) 
PARAMETRIC_REPRESENTATION_CONTEXT() REPRESENTATION_CONTEXT('2D SPACE',''
  ) );
#1854 = PCURVE('',#1855,#1860);
#1855 = CYLINDRICAL_SURFACE('',#1856,1.6);
#1856 = AXIS2_PLACEMENT_3D('',#1857,#1858,#1859);
#1857 = CARTESIAN_POINT('',(28.,58.,12.25));
#1858 = DIRECTION('',(-1.224646799147E-16,-0.,1.));
#1859 = DIRECTION('',(-1.,0.,-1.224646799147E-16));
#1860 = DEFINITIONAL_REPRESENTATION('',(#1861),#1864);
#1861 = B_SPLINE_CURVE_WITH_KNOTS('',1,(#1862,#1863),.UNSPECIFIED.,.F.,
  .F.,(2,2),(-4.4000006,5.999999999062E-07),.PIECEWISE_BEZIER_KNOTS.);
#1862 = CARTESIAN_POINT('',(-1.186399552299,-4.4000006));
#1863 = CARTESIAN_POINT('',(-1.186399552299,5.999999999797E-07));
#1864 = ( GEOMETRIC_REPRESENTATION_CONTEXT(2) 
PARAMETRIC_REPRESENTATION_CONTEXT() REPRESENTATION_CONTEXT('2D SPACE',''
  ) );
#1865 = ORIENTED_EDGE('',*,*,#1866,.F.);
#1866 = EDGE_CURVE('',#1867,#1841,#1869,.T.);
#1867 = VERTEX_POINT('',#1868);
#1868 = CARTESIAN_POINT('',(27.4,59.802775637732,7.85));
#1869 = SURFACE_CURVE('',#1870,(#1874,#1880),.PCURVE_S1.);
#1870 = LINE('',#1871,#1872);
#1871 = CARTESIAN_POINT('',(27.4,55.,7.85));
#1872 = VECTOR('',#1873,1.);
#1873 = DIRECTION('',(0.,-1.,0.));
#1874 = PCURVE('',#1540,#1875);
#1875 = DEFINITIONAL_REPRESENTATION('',(#1876),#1879);
#1876 = B_SPLINE_CURVE_WITH_KNOTS('',1,(#1877,#1878),.UNSPECIFIED.,.F.,
  .F.,(2,2),(-4.9,-1.1),.PIECEWISE_BEZIER_KNOTS.);
#1877 = CARTESIAN_POINT('',(8.85,-7.9));
#1878 = CARTESIAN_POINT('',(8.85,-4.1));
#1879 = ( GEOMETRIC_REPRESENTATION_CONTEXT(2) 
PARAMETRIC_REPRESENTATION_CONTEXT() REPRESENTATION_CONTEXT('2D SPACE',''
  ) );
#1880 = PCURVE('',#1881,#1886);
#1881 = PLANE('',#1882);
#1882 = AXIS2_PLACEMENT_3D('',#1883,#1884,#1885);
#1883 = CARTESIAN_POINT('',(28.,58.,7.85));
#1884 = DIRECTION('',(1.224646799147E-16,0.,-1.));
#1885 = DIRECTION('',(-1.,0.,-1.224646799147E-16));
#1886 = DEFINITIONAL_REPRESENTATION('',(#1887),#1890);
#1887 = B_SPLINE_CURVE_WITH_KNOTS('',1,(#1888,#1889),.UNSPECIFIED.,.F.,
  .F.,(2,2),(-4.9,-1.1),.PIECEWISE_BEZIER_KNOTS.);
#1888 = CARTESIAN_POINT('',(0.6,1.9));
#1889 = CARTESIAN_POINT('',(0.6,-1.9));
#1890 = ( GEOMETRIC_REPRESENTATION_CONTEXT(2) 
PARAMETRIC_REPRESENTATION_CONTEXT() REPRESENTATION_CONTEXT('2D SPACE',''
  ) );
#1891 = ORIENTED_EDGE('',*,*,#1892,.F.);
#1892 = EDGE_CURVE('',#1495,#1867,#1893,.T.);
#1893 = SURFACE_CURVE('',#1894,(#1898,#1904),.PCURVE_S1.);
#1894 = LINE('',#1895,#1896);
#1895 = CARTESIAN_POINT('',(27.4,59.802775637732,7.85));
#1896 = VECTOR('',#1897,1.);
#1897 = DIRECTION('',(-1.224646799147E-16,-0.,1.));
#1898 = PCURVE('',#1540,#1899);
#1899 = DEFINITIONAL_REPRESENTATION('',(#1900),#1903);
#1900 = B_SPLINE_CURVE_WITH_KNOTS('',1,(#1901,#1902),.UNSPECIFIED.,.F.,
  .F.,(2,2),(-0.6000006,5.999999999062E-07),.PIECEWISE_BEZIER_KNOTS.);
#1901 = CARTESIAN_POINT('',(8.2499994,-7.802775637732));
#1902 = CARTESIAN_POINT('',(8.8500006,-7.802775637732));
#1903 = ( GEOMETRIC_REPRESENTATION_CONTEXT(2) 
PARAMETRIC_REPRESENTATION_CONTEXT() REPRESENTATION_CONTEXT('2D SPACE',''
  ) );
#1904 = PCURVE('',#1515,#1905);
#1905 = DEFINITIONAL_REPRESENTATION('',(#1906),#1909);
#1906 = B_SPLINE_CURVE_WITH_KNOTS('',1,(#1907,#1908),.UNSPECIFIED.,.F.,
  .F.,(2,2),(-0.6000006,5.999999999062E-07),.PIECEWISE_BEZIER_KNOTS.);
#1907 = CARTESIAN_POINT('',(-1.24950773753,-0.6000006));
#1908 = CARTESIAN_POINT('',(-1.24950773753,5.999999999797E-07));
#1909 = ( GEOMETRIC_REPRESENTATION_CONTEXT(2) 
PARAMETRIC_REPRESENTATION_CONTEXT() REPRESENTATION_CONTEXT('2D SPACE',''
  ) );
#1910 = ORIENTED_EDGE('',*,*,#1527,.F.);
#1911 = ORIENTED_EDGE('',*,*,#1554,.F.);
#1912 = ORIENTED_EDGE('',*,*,#1913,.F.);
#1913 = EDGE_CURVE('',#1914,#1555,#1916,.T.);
#1914 = VERTEX_POINT('',#1915);
#1915 = CARTESIAN_POINT('',(27.4,60.5,14.5));
#1916 = SURFACE_CURVE('',#1917,(#1922,#1933),.PCURVE_S1.);
#1917 = CIRCLE('',#1918,1.5);
#1918 = AXIS2_PLACEMENT_3D('',#1919,#1920,#1921);
#1919 = CARTESIAN_POINT('',(27.4,60.5,13.));
#1920 = DIRECTION('',(-1.,0.,-1.224646799147E-16));
#1921 = DIRECTION('',(0.,1.,0.));
#1922 = PCURVE('',#1540,#1923);
#1923 = DEFINITIONAL_REPRESENTATION('',(#1924),#1932);
#1924 = ( BOUNDED_CURVE() B_SPLINE_CURVE(2,(#1925,#1926,#1927,#1928,
#1929,#1930,#1931),.UNSPECIFIED.,.T.,.F.) B_SPLINE_CURVE_WITH_KNOTS((1,2
    ,2,2,2,1),(-2.094395102393,0.,2.094395102393,4.188790204786,
6.28318530718,8.377580409573),.UNSPECIFIED.) CURVE() 
GEOMETRIC_REPRESENTATION_ITEM() RATIONAL_B_SPLINE_CURVE((1.,0.5,1.,0.5,
1.,0.5,1.)) REPRESENTATION_ITEM('') );
#1925 = CARTESIAN_POINT('',(14.,-10.));
#1926 = CARTESIAN_POINT('',(11.401923788647,-10.));
#1927 = CARTESIAN_POINT('',(12.700961894323,-7.75));
#1928 = CARTESIAN_POINT('',(14.,-5.5));
#1929 = CARTESIAN_POINT('',(15.299038105677,-7.75));
#1930 = CARTESIAN_POINT('',(16.598076211353,-10.));
#1931 = CARTESIAN_POINT('',(14.,-10.));
#1932 = ( GEOMETRIC_REPRESENTATION_CONTEXT(2) 
PARAMETRIC_REPRESENTATION_CONTEXT() REPRESENTATION_CONTEXT('2D SPACE',''
  ) );
#1933 = PCURVE('',#1591,#1934);
#1934 = DEFINITIONAL_REPRESENTATION('',(#1935),#1939);
#1935 = LINE('',#1936,#1937);
#1936 = CARTESIAN_POINT('',(-6.28318530718,0.6));
#1937 = VECTOR('',#1938,1.);
#1938 = DIRECTION('',(1.,-0.));
#1939 = ( GEOMETRIC_REPRESENTATION_CONTEXT(2) 
PARAMETRIC_REPRESENTATION_CONTEXT() REPRESENTATION_CONTEXT('2D SPACE',''
  ) );
#1940 = ORIENTED_EDGE('',*,*,#1941,.T.);
#1941 = EDGE_CURVE('',#1914,#1631,#1942,.T.);
#1942 = SURFACE_CURVE('',#1943,(#1947,#1953),.PCURVE_S1.);
#1943 = LINE('',#1944,#1945);
#1944 = CARTESIAN_POINT('',(27.4,26.023402910773,14.5));
#1945 = VECTOR('',#1946,1.);
#1946 = DIRECTION('',(0.,-1.,0.));
#1947 = PCURVE('',#1540,#1948);
#1948 = DEFINITIONAL_REPRESENTATION('',(#1949),#1952);
#1949 = B_SPLINE_CURVE_WITH_KNOTS('',1,(#1950,#1951),.UNSPECIFIED.,.F.,
  .F.,(2,2),(-34.47659708922,-25.97659708922),.PIECEWISE_BEZIER_KNOTS.);
#1950 = CARTESIAN_POINT('',(15.5,-8.5));
#1951 = CARTESIAN_POINT('',(15.5,0.));
#1952 = ( GEOMETRIC_REPRESENTATION_CONTEXT(2) 
PARAMETRIC_REPRESENTATION_CONTEXT() REPRESENTATION_CONTEXT('2D SPACE',''
  ) );
#1953 = PCURVE('',#1954,#1959);
#1954 = PLANE('',#1955);
#1955 = AXIS2_PLACEMENT_3D('',#1956,#1957,#1958);
#1956 = CARTESIAN_POINT('',(-1.12850119938E-11,4.680582154577E-02,14.5)
  );
#1957 = DIRECTION('',(1.224646799147E-16,0.,-1.));
#1958 = DIRECTION('',(-1.,0.,-1.224646799147E-16));
#1959 = DEFINITIONAL_REPRESENTATION('',(#1960),#1963);
#1960 = B_SPLINE_CURVE_WITH_KNOTS('',1,(#1961,#1962),.UNSPECIFIED.,.F.,
  .F.,(2,2),(-34.47659708922,-25.97659708922),.PIECEWISE_BEZIER_KNOTS.);
#1961 = CARTESIAN_POINT('',(-27.40000000001,60.453194178454));
#1962 = CARTESIAN_POINT('',(-27.40000000001,51.953194178454));
#1963 = ( GEOMETRIC_REPRESENTATION_CONTEXT(2) 
PARAMETRIC_REPRESENTATION_CONTEXT() REPRESENTATION_CONTEXT('2D SPACE',''
  ) );
#1964 = ADVANCED_FACE('',(#1965),#1515,.F.);
#1965 = FACE_BOUND('',#1966,.T.);
#1966 = EDGE_LOOP('',(#1967,#1991,#1992,#1993));
#1967 = ORIENTED_EDGE('',*,*,#1968,.F.);
#1968 = EDGE_CURVE('',#1867,#1969,#1971,.T.);
#1969 = VERTEX_POINT('',#1970);
#1970 = CARTESIAN_POINT('',(28.6,59.802775637732,7.85));
#1971 = SURFACE_CURVE('',#1972,(#1977,#1984),.PCURVE_S1.);
#1972 = CIRCLE('',#1973,1.9);
#1973 = AXIS2_PLACEMENT_3D('',#1974,#1975,#1976);
#1974 = CARTESIAN_POINT('',(28.,58.,7.85));
#1975 = DIRECTION('',(1.224646799147E-16,0.,-1.));
#1976 = DIRECTION('',(-1.,0.,-1.224646799147E-16));
#1977 = PCURVE('',#1515,#1978);
#1978 = DEFINITIONAL_REPRESENTATION('',(#1979),#1983);
#1979 = LINE('',#1980,#1981);
#1980 = CARTESIAN_POINT('',(-0.,0.));
#1981 = VECTOR('',#1982,1.);
#1982 = DIRECTION('',(-1.,0.));
#1983 = ( GEOMETRIC_REPRESENTATION_CONTEXT(2) 
PARAMETRIC_REPRESENTATION_CONTEXT() REPRESENTATION_CONTEXT('2D SPACE',''
  ) );
#1984 = PCURVE('',#1881,#1985);
#1985 = DEFINITIONAL_REPRESENTATION('',(#1986),#1990);
#1986 = CIRCLE('',#1987,1.9);
#1987 = AXIS2_PLACEMENT_2D('',#1988,#1989);
#1988 = CARTESIAN_POINT('',(2.249079165361E-16,-1.023653692829E-16));
#1989 = DIRECTION('',(1.,0.));
#1990 = ( GEOMETRIC_REPRESENTATION_CONTEXT(2) 
PARAMETRIC_REPRESENTATION_CONTEXT() REPRESENTATION_CONTEXT('2D SPACE',''
  ) );
#1991 = ORIENTED_EDGE('',*,*,#1892,.F.);
#1992 = ORIENTED_EDGE('',*,*,#1494,.F.);
#1993 = ORIENTED_EDGE('',*,*,#1994,.T.);
#1994 = EDGE_CURVE('',#1469,#1969,#1995,.T.);
#1995 = SURFACE_CURVE('',#1996,(#2000,#2006),.PCURVE_S1.);
#1996 = LINE('',#1997,#1998);
#1997 = CARTESIAN_POINT('',(28.6,59.802775637732,7.85));
#1998 = VECTOR('',#1999,1.);
#1999 = DIRECTION('',(-1.224646799147E-16,-0.,1.));
#2000 = PCURVE('',#1515,#2001);
#2001 = DEFINITIONAL_REPRESENTATION('',(#2002),#2005);
#2002 = B_SPLINE_CURVE_WITH_KNOTS('',1,(#2003,#2004),.UNSPECIFIED.,.F.,
  .F.,(2,2),(-0.6000006,5.999999999062E-07),.PIECEWISE_BEZIER_KNOTS.);
#2003 = CARTESIAN_POINT('',(-1.89208491606,-0.6000006));
#2004 = CARTESIAN_POINT('',(-1.89208491606,5.999999998328E-07));
#2005 = ( GEOMETRIC_REPRESENTATION_CONTEXT(2) 
PARAMETRIC_REPRESENTATION_CONTEXT() REPRESENTATION_CONTEXT('2D SPACE',''
  ) );
#2006 = PCURVE('',#1483,#2007);
#2007 = DEFINITIONAL_REPRESENTATION('',(#2008),#2011);
#2008 = B_SPLINE_CURVE_WITH_KNOTS('',1,(#2009,#2010),.UNSPECIFIED.,.F.,
  .F.,(2,2),(-0.6000006,5.999999999062E-07),.PIECEWISE_BEZIER_KNOTS.);
#2009 = CARTESIAN_POINT('',(8.2499994,-7.802775637732));
#2010 = CARTESIAN_POINT('',(8.8500006,-7.802775637732));
#2011 = ( GEOMETRIC_REPRESENTATION_CONTEXT(2) 
PARAMETRIC_REPRESENTATION_CONTEXT() REPRESENTATION_CONTEXT('2D SPACE',''
  ) );
#2012 = ADVANCED_FACE('',(#2013),#1483,.T.);
#2013 = FACE_BOUND('',#2014,.T.);
#2014 = EDGE_LOOP('',(#2015,#2040,#2061,#2082,#2103,#2124,#2145,#2166,
    #2187,#2208,#2227,#2228,#2229,#2250,#2335));
#2015 = ORIENTED_EDGE('',*,*,#2016,.F.);
#2016 = EDGE_CURVE('',#2017,#2019,#2021,.T.);
#2017 = VERTEX_POINT('',#2018);
#2018 = CARTESIAN_POINT('',(28.6,52.,12.7));
#2019 = VERTEX_POINT('',#2020);
#2020 = CARTESIAN_POINT('',(28.6,52.,14.5));
#2021 = SURFACE_CURVE('',#2022,(#2026,#2033),.PCURVE_S1.);
#2022 = LINE('',#2023,#2024);
#2023 = CARTESIAN_POINT('',(28.6,52.,-1.));
#2024 = VECTOR('',#2025,1.);
#2025 = DIRECTION('',(0.,0.,1.));
#2026 = PCURVE('',#1483,#2027);
#2027 = DEFINITIONAL_REPRESENTATION('',(#2028),#2032);
#2028 = LINE('',#2029,#2030);
#2029 = CARTESIAN_POINT('',(0.,0.));
#2030 = VECTOR('',#2031,1.);
#2031 = DIRECTION('',(1.,0.));
#2032 = ( GEOMETRIC_REPRESENTATION_CONTEXT(2) 
PARAMETRIC_REPRESENTATION_CONTEXT() REPRESENTATION_CONTEXT('2D SPACE',''
  ) );
#2033 = PCURVE('',#1646,#2034);
#2034 = DEFINITIONAL_REPRESENTATION('',(#2035),#2039);
#2035 = LINE('',#2036,#2037);
#2036 = CARTESIAN_POINT('',(0.,1.2));
#2037 = VECTOR('',#2038,1.);
#2038 = DIRECTION('',(1.,0.));
#2039 = ( GEOMETRIC_REPRESENTATION_CONTEXT(2) 
PARAMETRIC_REPRESENTATION_CONTEXT() REPRESENTATION_CONTEXT('2D SPACE',''
  ) );
#2040 = ORIENTED_EDGE('',*,*,#2041,.F.);
#2041 = EDGE_CURVE('',#2042,#2017,#2044,.T.);
#2042 = VERTEX_POINT('',#2043);
#2043 = CARTESIAN_POINT('',(28.6,55.573067780098,12.7));
#2044 = SURFACE_CURVE('',#2045,(#2049,#2055),.PCURVE_S1.);
#2045 = LINE('',#2046,#2047);
#2046 = CARTESIAN_POINT('',(28.6,26.023402910773,12.7));
#2047 = VECTOR('',#2048,1.);
#2048 = DIRECTION('',(0.,-1.,0.));
#2049 = PCURVE('',#1483,#2050);
#2050 = DEFINITIONAL_REPRESENTATION('',(#2051),#2054);
#2051 = B_SPLINE_CURVE_WITH_KNOTS('',1,(#2052,#2053),.UNSPECIFIED.,.F.,
  .F.,(2,2),(-34.17659708922,-25.97659708922),.PIECEWISE_BEZIER_KNOTS.);
#2052 = CARTESIAN_POINT('',(13.7,-8.2));
#2053 = CARTESIAN_POINT('',(13.7,0.));
#2054 = ( GEOMETRIC_REPRESENTATION_CONTEXT(2) 
PARAMETRIC_REPRESENTATION_CONTEXT() REPRESENTATION_CONTEXT('2D SPACE',''
  ) );
#2055 = PCURVE('',#1673,#2056);
#2056 = DEFINITIONAL_REPRESENTATION('',(#2057),#2060);
#2057 = B_SPLINE_CURVE_WITH_KNOTS('',1,(#2058,#2059),.UNSPECIFIED.,.F.,
  .F.,(2,2),(-34.17659708922,-25.97659708922),.PIECEWISE_BEZIER_KNOTS.);
#2058 = CARTESIAN_POINT('',(-28.60000000001,60.153194178454));
#2059 = CARTESIAN_POINT('',(-28.60000000001,51.953194178454));
#2060 = ( GEOMETRIC_REPRESENTATION_CONTEXT(2) 
PARAMETRIC_REPRESENTATION_CONTEXT() REPRESENTATION_CONTEXT('2D SPACE',''
  ) );
#2061 = ORIENTED_EDGE('',*,*,#2062,.F.);
#2062 = EDGE_CURVE('',#2063,#2042,#2065,.T.);
#2063 = VERTEX_POINT('',#2064);
#2064 = CARTESIAN_POINT('',(28.6,55.573067780098,7.25));
#2065 = SURFACE_CURVE('',#2066,(#2070,#2076),.PCURVE_S1.);
#2066 = LINE('',#2067,#2068);
#2067 = CARTESIAN_POINT('',(28.6,55.573067780098,12.7));
#2068 = VECTOR('',#2069,1.);
#2069 = DIRECTION('',(-1.224646799147E-16,-0.,1.));
#2070 = PCURVE('',#1483,#2071);
#2071 = DEFINITIONAL_REPRESENTATION('',(#2072),#2075);
#2072 = B_SPLINE_CURVE_WITH_KNOTS('',1,(#2073,#2074),.UNSPECIFIED.,.F.,
  .F.,(2,2),(-5.4500006,5.999999999062E-07),.PIECEWISE_BEZIER_KNOTS.);
#2073 = CARTESIAN_POINT('',(8.2499994,-3.573067780098));
#2074 = CARTESIAN_POINT('',(13.7000006,-3.573067780098));
#2075 = ( GEOMETRIC_REPRESENTATION_CONTEXT(2) 
PARAMETRIC_REPRESENTATION_CONTEXT() REPRESENTATION_CONTEXT('2D SPACE',''
  ) );
#2076 = PCURVE('',#1699,#2077);
#2077 = DEFINITIONAL_REPRESENTATION('',(#2078),#2081);
#2078 = B_SPLINE_CURVE_WITH_KNOTS('',1,(#2079,#2080),.UNSPECIFIED.,.F.,
  .F.,(2,2),(-5.4500006,5.999999999062E-07),.PIECEWISE_BEZIER_KNOTS.);
#2079 = CARTESIAN_POINT('',(-4.470023129346,-5.4500006));
#2080 = CARTESIAN_POINT('',(-4.470023129346,5.999999998328E-07));
#2081 = ( GEOMETRIC_REPRESENTATION_CONTEXT(2) 
PARAMETRIC_REPRESENTATION_CONTEXT() REPRESENTATION_CONTEXT('2D SPACE',''
  ) );
#2082 = ORIENTED_EDGE('',*,*,#2083,.F.);
#2083 = EDGE_CURVE('',#2084,#2063,#2086,.T.);
#2084 = VERTEX_POINT('',#2085);
#2085 = CARTESIAN_POINT('',(28.6,56.197224362268,7.25));
#2086 = SURFACE_CURVE('',#2087,(#2091,#2097),.PCURVE_S1.);
#2087 = LINE('',#2088,#2089);
#2088 = CARTESIAN_POINT('',(28.6,26.023402910773,7.25));
#2089 = VECTOR('',#2090,1.);
#2090 = DIRECTION('',(0.,-1.,0.));
#2091 = PCURVE('',#1483,#2092);
#2092 = DEFINITIONAL_REPRESENTATION('',(#2093),#2096);
#2093 = B_SPLINE_CURVE_WITH_KNOTS('',1,(#2094,#2095),.UNSPECIFIED.,.F.,
  .F.,(2,2),(-35.97659708922,-25.97659708922),.PIECEWISE_BEZIER_KNOTS.);
#2094 = CARTESIAN_POINT('',(8.25,-10.));
#2095 = CARTESIAN_POINT('',(8.25,0.));
#2096 = ( GEOMETRIC_REPRESENTATION_CONTEXT(2) 
PARAMETRIC_REPRESENTATION_CONTEXT() REPRESENTATION_CONTEXT('2D SPACE',''
  ) );
#2097 = PCURVE('',#1725,#2098);
#2098 = DEFINITIONAL_REPRESENTATION('',(#2099),#2102);
#2099 = B_SPLINE_CURVE_WITH_KNOTS('',1,(#2100,#2101),.UNSPECIFIED.,.F.,
  .F.,(2,2),(-35.97659708922,-25.97659708922),.PIECEWISE_BEZIER_KNOTS.);
#2100 = CARTESIAN_POINT('',(-28.60000000001,61.953194178454));
#2101 = CARTESIAN_POINT('',(-28.60000000001,51.953194178454));
#2102 = ( GEOMETRIC_REPRESENTATION_CONTEXT(2) 
PARAMETRIC_REPRESENTATION_CONTEXT() REPRESENTATION_CONTEXT('2D SPACE',''
  ) );
#2103 = ORIENTED_EDGE('',*,*,#2104,.T.);
#2104 = EDGE_CURVE('',#2084,#2105,#2107,.T.);
#2105 = VERTEX_POINT('',#2106);
#2106 = CARTESIAN_POINT('',(28.6,56.197224362268,7.85));
#2107 = SURFACE_CURVE('',#2108,(#2112,#2118),.PCURVE_S1.);
#2108 = LINE('',#2109,#2110);
#2109 = CARTESIAN_POINT('',(28.6,56.197224362268,7.85));
#2110 = VECTOR('',#2111,1.);
#2111 = DIRECTION('',(-1.224646799147E-16,-0.,1.));
#2112 = PCURVE('',#1483,#2113);
#2113 = DEFINITIONAL_REPRESENTATION('',(#2114),#2117);
#2114 = B_SPLINE_CURVE_WITH_KNOTS('',1,(#2115,#2116),.UNSPECIFIED.,.F.,
  .F.,(2,2),(-0.6000006,5.999999999062E-07),.PIECEWISE_BEZIER_KNOTS.);
#2115 = CARTESIAN_POINT('',(8.2499994,-4.197224362268));
#2116 = CARTESIAN_POINT('',(8.8500006,-4.197224362268));
#2117 = ( GEOMETRIC_REPRESENTATION_CONTEXT(2) 
PARAMETRIC_REPRESENTATION_CONTEXT() REPRESENTATION_CONTEXT('2D SPACE',''
  ) );
#2118 = PCURVE('',#1751,#2119);
#2119 = DEFINITIONAL_REPRESENTATION('',(#2120),#2123);
#2120 = B_SPLINE_CURVE_WITH_KNOTS('',1,(#2121,#2122),.UNSPECIFIED.,.F.,
  .F.,(2,2),(-0.6000006,5.999999999062E-07),.PIECEWISE_BEZIER_KNOTS.);
#2121 = CARTESIAN_POINT('',(-4.39110039112,-0.6000006));
#2122 = CARTESIAN_POINT('',(-4.39110039112,5.999999998328E-07));
#2123 = ( GEOMETRIC_REPRESENTATION_CONTEXT(2) 
PARAMETRIC_REPRESENTATION_CONTEXT() REPRESENTATION_CONTEXT('2D SPACE',''
  ) );
#2124 = ORIENTED_EDGE('',*,*,#2125,.F.);
#2125 = EDGE_CURVE('',#2126,#2105,#2128,.T.);
#2126 = VERTEX_POINT('',#2127);
#2127 = CARTESIAN_POINT('',(28.6,56.516760302581,7.85));
#2128 = SURFACE_CURVE('',#2129,(#2133,#2139),.PCURVE_S1.);
#2129 = LINE('',#2130,#2131);
#2130 = CARTESIAN_POINT('',(28.6,55.,7.85));
#2131 = VECTOR('',#2132,1.);
#2132 = DIRECTION('',(0.,-1.,0.));
#2133 = PCURVE('',#1483,#2134);
#2134 = DEFINITIONAL_REPRESENTATION('',(#2135),#2138);
#2135 = B_SPLINE_CURVE_WITH_KNOTS('',1,(#2136,#2137),.UNSPECIFIED.,.F.,
  .F.,(2,2),(-4.9,-1.1),.PIECEWISE_BEZIER_KNOTS.);
#2136 = CARTESIAN_POINT('',(8.85,-7.9));
#2137 = CARTESIAN_POINT('',(8.85,-4.1));
#2138 = ( GEOMETRIC_REPRESENTATION_CONTEXT(2) 
PARAMETRIC_REPRESENTATION_CONTEXT() REPRESENTATION_CONTEXT('2D SPACE',''
  ) );
#2139 = PCURVE('',#1777,#2140);
#2140 = DEFINITIONAL_REPRESENTATION('',(#2141),#2144);
#2141 = B_SPLINE_CURVE_WITH_KNOTS('',1,(#2142,#2143),.UNSPECIFIED.,.F.,
  .F.,(2,2),(-4.9,-1.1),.PIECEWISE_BEZIER_KNOTS.);
#2142 = CARTESIAN_POINT('',(-0.6,1.9));
#2143 = CARTESIAN_POINT('',(-0.6,-1.9));
#2144 = ( GEOMETRIC_REPRESENTATION_CONTEXT(2) 
PARAMETRIC_REPRESENTATION_CONTEXT() REPRESENTATION_CONTEXT('2D SPACE',''
  ) );
#2145 = ORIENTED_EDGE('',*,*,#2146,.T.);
#2146 = EDGE_CURVE('',#2126,#2147,#2149,.T.);
#2147 = VERTEX_POINT('',#2148);
#2148 = CARTESIAN_POINT('',(28.6,56.516760302581,12.25));
#2149 = SURFACE_CURVE('',#2150,(#2154,#2160),.PCURVE_S1.);
#2150 = LINE('',#2151,#2152);
#2151 = CARTESIAN_POINT('',(28.6,56.516760302581,12.25));
#2152 = VECTOR('',#2153,1.);
#2153 = DIRECTION('',(-1.224646799147E-16,-0.,1.));
#2154 = PCURVE('',#1483,#2155);
#2155 = DEFINITIONAL_REPRESENTATION('',(#2156),#2159);
#2156 = B_SPLINE_CURVE_WITH_KNOTS('',1,(#2157,#2158),.UNSPECIFIED.,.F.,
  .F.,(2,2),(-4.4000006,5.999999999062E-07),.PIECEWISE_BEZIER_KNOTS.);
#2157 = CARTESIAN_POINT('',(8.8499994,-4.516760302581));
#2158 = CARTESIAN_POINT('',(13.2500006,-4.516760302581));
#2159 = ( GEOMETRIC_REPRESENTATION_CONTEXT(2) 
PARAMETRIC_REPRESENTATION_CONTEXT() REPRESENTATION_CONTEXT('2D SPACE',''
  ) );
#2160 = PCURVE('',#1803,#2161);
#2161 = DEFINITIONAL_REPRESENTATION('',(#2162),#2165);
#2162 = B_SPLINE_CURVE_WITH_KNOTS('',1,(#2163,#2164),.UNSPECIFIED.,.F.,
  .F.,(2,2),(-4.4000006,5.999999999062E-07),.PIECEWISE_BEZIER_KNOTS.);
#2163 = CARTESIAN_POINT('',(-4.327992205889,-4.4000006));
#2164 = CARTESIAN_POINT('',(-4.327992205889,5.999999998328E-07));
#2165 = ( GEOMETRIC_REPRESENTATION_CONTEXT(2) 
PARAMETRIC_REPRESENTATION_CONTEXT() REPRESENTATION_CONTEXT('2D SPACE',''
  ) );
#2166 = ORIENTED_EDGE('',*,*,#2167,.F.);
#2167 = EDGE_CURVE('',#2168,#2147,#2170,.T.);
#2168 = VERTEX_POINT('',#2169);
#2169 = CARTESIAN_POINT('',(28.6,59.483239697419,12.25));
#2170 = SURFACE_CURVE('',#2171,(#2175,#2181),.PCURVE_S1.);
#2171 = LINE('',#2172,#2173);
#2172 = CARTESIAN_POINT('',(28.6,55.,12.25));
#2173 = VECTOR('',#2174,1.);
#2174 = DIRECTION('',(0.,-1.,0.));
#2175 = PCURVE('',#1483,#2176);
#2176 = DEFINITIONAL_REPRESENTATION('',(#2177),#2180);
#2177 = B_SPLINE_CURVE_WITH_KNOTS('',1,(#2178,#2179),.UNSPECIFIED.,.F.,
  .F.,(2,2),(-4.6,-1.4),.PIECEWISE_BEZIER_KNOTS.);
#2178 = CARTESIAN_POINT('',(13.25,-7.6));
#2179 = CARTESIAN_POINT('',(13.25,-4.4));
#2180 = ( GEOMETRIC_REPRESENTATION_CONTEXT(2) 
PARAMETRIC_REPRESENTATION_CONTEXT() REPRESENTATION_CONTEXT('2D SPACE',''
  ) );
#2181 = PCURVE('',#1829,#2182);
#2182 = DEFINITIONAL_REPRESENTATION('',(#2183),#2186);
#2183 = B_SPLINE_CURVE_WITH_KNOTS('',1,(#2184,#2185),.UNSPECIFIED.,.F.,
  .F.,(2,2),(-4.6,-1.4),.PIECEWISE_BEZIER_KNOTS.);
#2184 = CARTESIAN_POINT('',(-0.6,1.6));
#2185 = CARTESIAN_POINT('',(-0.6,-1.6));
#2186 = ( GEOMETRIC_REPRESENTATION_CONTEXT(2) 
PARAMETRIC_REPRESENTATION_CONTEXT() REPRESENTATION_CONTEXT('2D SPACE',''
  ) );
#2187 = ORIENTED_EDGE('',*,*,#2188,.F.);
#2188 = EDGE_CURVE('',#2189,#2168,#2191,.T.);
#2189 = VERTEX_POINT('',#2190);
#2190 = CARTESIAN_POINT('',(28.6,59.483239697419,7.85));
#2191 = SURFACE_CURVE('',#2192,(#2196,#2202),.PCURVE_S1.);
#2192 = LINE('',#2193,#2194);
#2193 = CARTESIAN_POINT('',(28.6,59.483239697419,12.25));
#2194 = VECTOR('',#2195,1.);
#2195 = DIRECTION('',(-1.224646799147E-16,-0.,1.));
#2196 = PCURVE('',#1483,#2197);
#2197 = DEFINITIONAL_REPRESENTATION('',(#2198),#2201);
#2198 = B_SPLINE_CURVE_WITH_KNOTS('',1,(#2199,#2200),.UNSPECIFIED.,.F.,
  .F.,(2,2),(-4.4000006,5.999999999062E-07),.PIECEWISE_BEZIER_KNOTS.);
#2199 = CARTESIAN_POINT('',(8.8499994,-7.483239697419));
#2200 = CARTESIAN_POINT('',(13.2500006,-7.483239697419));
#2201 = ( GEOMETRIC_REPRESENTATION_CONTEXT(2) 
PARAMETRIC_REPRESENTATION_CONTEXT() REPRESENTATION_CONTEXT('2D SPACE',''
  ) );
#2202 = PCURVE('',#1855,#2203);
#2203 = DEFINITIONAL_REPRESENTATION('',(#2204),#2207);
#2204 = B_SPLINE_CURVE_WITH_KNOTS('',1,(#2205,#2206),.UNSPECIFIED.,.F.,
  .F.,(2,2),(-4.4000006,5.999999999062E-07),.PIECEWISE_BEZIER_KNOTS.);
#2205 = CARTESIAN_POINT('',(-1.955193101291,-4.4000006));
#2206 = CARTESIAN_POINT('',(-1.955193101291,5.999999998328E-07));
#2207 = ( GEOMETRIC_REPRESENTATION_CONTEXT(2) 
PARAMETRIC_REPRESENTATION_CONTEXT() REPRESENTATION_CONTEXT('2D SPACE',''
  ) );
#2208 = ORIENTED_EDGE('',*,*,#2209,.F.);
#2209 = EDGE_CURVE('',#1969,#2189,#2210,.T.);
#2210 = SURFACE_CURVE('',#2211,(#2215,#2221),.PCURVE_S1.);
#2211 = LINE('',#2212,#2213);
#2212 = CARTESIAN_POINT('',(28.6,55.,7.85));
#2213 = VECTOR('',#2214,1.);
#2214 = DIRECTION('',(0.,-1.,0.));
#2215 = PCURVE('',#1483,#2216);
#2216 = DEFINITIONAL_REPRESENTATION('',(#2217),#2220);
#2217 = B_SPLINE_CURVE_WITH_KNOTS('',1,(#2218,#2219),.UNSPECIFIED.,.F.,
  .F.,(2,2),(-4.9,-1.1),.PIECEWISE_BEZIER_KNOTS.);
#2218 = CARTESIAN_POINT('',(8.85,-7.9));
#2219 = CARTESIAN_POINT('',(8.85,-4.1));
#2220 = ( GEOMETRIC_REPRESENTATION_CONTEXT(2) 
PARAMETRIC_REPRESENTATION_CONTEXT() REPRESENTATION_CONTEXT('2D SPACE',''
  ) );
#2221 = PCURVE('',#1881,#2222);
#2222 = DEFINITIONAL_REPRESENTATION('',(#2223),#2226);
#2223 = B_SPLINE_CURVE_WITH_KNOTS('',1,(#2224,#2225),.UNSPECIFIED.,.F.,
  .F.,(2,2),(-4.9,-1.1),.PIECEWISE_BEZIER_KNOTS.);
#2224 = CARTESIAN_POINT('',(-0.6,1.9));
#2225 = CARTESIAN_POINT('',(-0.6,-1.9));
#2226 = ( GEOMETRIC_REPRESENTATION_CONTEXT(2) 
PARAMETRIC_REPRESENTATION_CONTEXT() REPRESENTATION_CONTEXT('2D SPACE',''
  ) );
#2227 = ORIENTED_EDGE('',*,*,#1994,.F.);
#2228 = ORIENTED_EDGE('',*,*,#1468,.F.);
#2229 = ORIENTED_EDGE('',*,*,#2230,.T.);
#2230 = EDGE_CURVE('',#1436,#2231,#2233,.T.);
#2231 = VERTEX_POINT('',#2232);
#2232 = CARTESIAN_POINT('',(28.6,61.954743984036,13.));
#2233 = SURFACE_CURVE('',#2234,(#2238,#2244),.PCURVE_S1.);
#2234 = LINE('',#2235,#2236);
#2235 = CARTESIAN_POINT('',(28.6,61.954743984036,14.5));
#2236 = VECTOR('',#2237,1.);
#2237 = DIRECTION('',(-1.224646799147E-16,0.,1.));
#2238 = PCURVE('',#1483,#2239);
#2239 = DEFINITIONAL_REPRESENTATION('',(#2240),#2243);
#2240 = B_SPLINE_CURVE_WITH_KNOTS('',1,(#2241,#2242),.UNSPECIFIED.,.F.,
  .F.,(2,2),(-7.2500006,-1.4999994),.PIECEWISE_BEZIER_KNOTS.);
#2241 = CARTESIAN_POINT('',(8.2499994,-9.954743984036));
#2242 = CARTESIAN_POINT('',(14.0000006,-9.954743984036));
#2243 = ( GEOMETRIC_REPRESENTATION_CONTEXT(2) 
PARAMETRIC_REPRESENTATION_CONTEXT() REPRESENTATION_CONTEXT('2D SPACE',''
  ) );
#2244 = PCURVE('',#1456,#2245);
#2245 = DEFINITIONAL_REPRESENTATION('',(#2246),#2249);
#2246 = B_SPLINE_CURVE_WITH_KNOTS('',1,(#2247,#2248),.UNSPECIFIED.,.F.,
  .F.,(2,2),(-7.2500006,-1.4999994),.PIECEWISE_BEZIER_KNOTS.);
#2247 = CARTESIAN_POINT('',(1.420228054018,-7.2500006));
#2248 = CARTESIAN_POINT('',(1.420228054018,-1.4999994));
#2249 = ( GEOMETRIC_REPRESENTATION_CONTEXT(2) 
PARAMETRIC_REPRESENTATION_CONTEXT() REPRESENTATION_CONTEXT('2D SPACE',''
  ) );
#2250 = ORIENTED_EDGE('',*,*,#2251,.T.);
#2251 = EDGE_CURVE('',#2231,#2252,#2254,.T.);
#2252 = VERTEX_POINT('',#2253);
#2253 = CARTESIAN_POINT('',(28.6,60.426932217282,14.5));
#2254 = SURFACE_CURVE('',#2255,(#2278,#2304),.PCURVE_S1.);
#2255 = B_SPLINE_CURVE_WITH_KNOTS('',6,(#2256,#2257,#2258,#2259,#2260,
    #2261,#2262,#2263,#2264,#2265,#2266,#2267,#2268,#2269,#2270,#2271,
    #2272,#2273,#2274,#2275,#2276,#2277),.UNSPECIFIED.,.F.,.F.,(7,5,5,5,
    7),(0.,0.405988082168,0.558615349912,0.754043268195,1.),
  .UNSPECIFIED.);
#2256 = CARTESIAN_POINT('',(28.6,61.954743984036,13.));
#2257 = CARTESIAN_POINT('',(28.6,61.954743984036,13.160645719007));
#2258 = CARTESIAN_POINT('',(28.6,61.933861836668,13.321344320836));
#2259 = CARTESIAN_POINT('',(28.6,61.892073948737,13.478600940861));
#2260 = CARTESIAN_POINT('',(28.6,61.830198032371,13.629125162025));
#2261 = CARTESIAN_POINT('',(28.6,61.749623269841,13.769841519684));
#2262 = CARTESIAN_POINT('',(28.6,61.615993187153,13.946253608265));
#2263 = CARTESIAN_POINT('',(28.6,61.577138907722,13.992693045814));
#2264 = CARTESIAN_POINT('',(28.6,61.536051626539,14.03723222406));
#2265 = CARTESIAN_POINT('',(28.6,61.492851493834,14.079742633648));
#2266 = CARTESIAN_POINT('',(28.6,61.447668513356,14.120106889688));
#2267 = CARTESIAN_POINT('',(28.6,61.340429267571,14.207018124317));
#2268 = CARTESIAN_POINT('',(28.6,61.277192592275,14.252126077651));
#2269 = CARTESIAN_POINT('',(28.6,61.211226346377,14.293319427212));
#2270 = CARTESIAN_POINT('',(28.6,61.142842697253,14.330411094077));
#2271 = CARTESIAN_POINT('',(28.6,61.072369714853,14.363250468566));
#2272 = CARTESIAN_POINT('',(28.6,60.909255134618,14.427559032198));
#2273 = CARTESIAN_POINT('',(28.6,60.815586841822,14.456480804048));
#2274 = CARTESIAN_POINT('',(28.6,60.719828019421,14.478261828271));
#2275 = CARTESIAN_POINT('',(28.6,60.622671422302,14.492776993602));
#2276 = CARTESIAN_POINT('',(28.6,60.524810653299,14.5));
#2277 = CARTESIAN_POINT('',(28.6,60.426932217282,14.5));
#2278 = PCURVE('',#1483,#2279);
#2279 = DEFINITIONAL_REPRESENTATION('',(#2280),#2303);
#2280 = B_SPLINE_CURVE_WITH_KNOTS('',6,(#2281,#2282,#2283,#2284,#2285,
    #2286,#2287,#2288,#2289,#2290,#2291,#2292,#2293,#2294,#2295,#2296,
    #2297,#2298,#2299,#2300,#2301,#2302),.UNSPECIFIED.,.F.,.F.,(7,5,5,5,
    7),(0.,0.405988082168,0.558615349912,0.754043268195,1.),
  .UNSPECIFIED.);
#2281 = CARTESIAN_POINT('',(14.,-9.954743984036));
#2282 = CARTESIAN_POINT('',(14.160645719007,-9.954743984036));
#2283 = CARTESIAN_POINT('',(14.321344320836,-9.933861836668));
#2284 = CARTESIAN_POINT('',(14.478600940861,-9.892073948737));
#2285 = CARTESIAN_POINT('',(14.629125162025,-9.830198032371));
#2286 = CARTESIAN_POINT('',(14.769841519684,-9.749623269841));
#2287 = CARTESIAN_POINT('',(14.946253608265,-9.615993187153));
#2288 = CARTESIAN_POINT('',(14.992693045814,-9.577138907722));
#2289 = CARTESIAN_POINT('',(15.03723222406,-9.536051626539));
#2290 = CARTESIAN_POINT('',(15.079742633648,-9.492851493834));
#2291 = CARTESIAN_POINT('',(15.120106889688,-9.447668513356));
#2292 = CARTESIAN_POINT('',(15.207018124317,-9.340429267571));
#2293 = CARTESIAN_POINT('',(15.252126077651,-9.277192592275));
#2294 = CARTESIAN_POINT('',(15.293319427212,-9.211226346377));
#2295 = CARTESIAN_POINT('',(15.330411094077,-9.142842697253));
#2296 = CARTESIAN_POINT('',(15.363250468566,-9.072369714853));
#2297 = CARTESIAN_POINT('',(15.427559032198,-8.909255134618));
#2298 = CARTESIAN_POINT('',(15.456480804048,-8.815586841822));
#2299 = CARTESIAN_POINT('',(15.478261828271,-8.719828019421));
#2300 = CARTESIAN_POINT('',(15.492776993602,-8.622671422302));
#2301 = CARTESIAN_POINT('',(15.5,-8.524810653299));
#2302 = CARTESIAN_POINT('',(15.5,-8.426932217282));
#2303 = ( GEOMETRIC_REPRESENTATION_CONTEXT(2) 
PARAMETRIC_REPRESENTATION_CONTEXT() REPRESENTATION_CONTEXT('2D SPACE',''
  ) );
#2304 = PCURVE('',#2305,#2310);
#2305 = TOROIDAL_SURFACE('',#2306,2.5,1.5);
#2306 = AXIS2_PLACEMENT_3D('',#2307,#2308,#2309);
#2307 = CARTESIAN_POINT('',(28.,57.999999997379,13.));
#2308 = DIRECTION('',(-1.224646799147E-16,-0.,1.));
#2309 = DIRECTION('',(1.,0.,1.224646799147E-16));
#2310 = DEFINITIONAL_REPRESENTATION('',(#2311),#2334);
#2311 = B_SPLINE_CURVE_WITH_KNOTS('',6,(#2312,#2313,#2314,#2315,#2316,
    #2317,#2318,#2319,#2320,#2321,#2322,#2323,#2324,#2325,#2326,#2327,
    #2328,#2329,#2330,#2331,#2332,#2333),.UNSPECIFIED.,.F.,.F.,(7,5,5,5,
    7),(0.,0.405988082168,0.558615349912,0.754043268195,1.),
  .UNSPECIFIED.);
#2312 = CARTESIAN_POINT('',(1.420228054018,0.));
#2313 = CARTESIAN_POINT('',(1.420228054018,0.107097146004));
#2314 = CARTESIAN_POINT('',(1.419445001778,0.214228720773));
#2315 = CARTESIAN_POINT('',(1.417877842921,0.321281625788));
#2316 = CARTESIAN_POINT('',(1.415497035464,0.428260312432));
#2317 = CARTESIAN_POINT('',(1.412232753699,0.535166295109));
#2318 = CARTESIAN_POINT('',(1.406380677372,0.681998044523));
#2319 = CARTESIAN_POINT('',(1.40464177027,0.722094025188));
#2320 = CARTESIAN_POINT('',(1.402757123536,0.762165717954));
#2321 = CARTESIAN_POINT('',(1.400719997856,0.802210769957));
#2322 = CARTESIAN_POINT('',(1.398522676382,0.842226747396));
#2323 = CARTESIAN_POINT('',(1.393126705862,0.933408184727));
#2324 = CARTESIAN_POINT('',(1.389819946054,0.984554512257));
#2325 = CARTESIAN_POINT('',(1.386217947414,1.035642987208));
#2326 = CARTESIAN_POINT('',(1.382299311191,1.086669356607));
#2327 = CARTESIAN_POINT('',(1.378039408974,1.137629145009));
#2328 = CARTESIAN_POINT('',(1.367584344349,1.252556626598));
#2329 = CARTESIAN_POINT('',(1.361173094778,1.316485080337));
#2330 = CARTESIAN_POINT('',(1.354121652489,1.380282608871));
#2331 = CARTESIAN_POINT('',(1.34636418255,1.443940792255));
#2332 = CARTESIAN_POINT('',(1.337826805614,1.507451172127));
#2333 = CARTESIAN_POINT('',(1.328430475756,1.570796326795));
#2334 = ( GEOMETRIC_REPRESENTATION_CONTEXT(2) 
PARAMETRIC_REPRESENTATION_CONTEXT() REPRESENTATION_CONTEXT('2D SPACE',''
  ) );
#2335 = ORIENTED_EDGE('',*,*,#2336,.T.);
#2336 = EDGE_CURVE('',#2252,#2019,#2337,.T.);
#2337 = SURFACE_CURVE('',#2338,(#2342,#2348),.PCURVE_S1.);
#2338 = LINE('',#2339,#2340);
#2339 = CARTESIAN_POINT('',(28.6,26.023402910773,14.5));
#2340 = VECTOR('',#2341,1.);
#2341 = DIRECTION('',(0.,-1.,0.));
#2342 = PCURVE('',#1483,#2343);
#2343 = DEFINITIONAL_REPRESENTATION('',(#2344),#2347);
#2344 = B_SPLINE_CURVE_WITH_KNOTS('',1,(#2345,#2346),.UNSPECIFIED.,.F.,
  .F.,(2,2),(-34.47659708922,-25.97659708922),.PIECEWISE_BEZIER_KNOTS.);
#2345 = CARTESIAN_POINT('',(15.5,-8.5));
#2346 = CARTESIAN_POINT('',(15.5,0.));
#2347 = ( GEOMETRIC_REPRESENTATION_CONTEXT(2) 
PARAMETRIC_REPRESENTATION_CONTEXT() REPRESENTATION_CONTEXT('2D SPACE',''
  ) );
#2348 = PCURVE('',#1954,#2349);
#2349 = DEFINITIONAL_REPRESENTATION('',(#2350),#2353);
#2350 = B_SPLINE_CURVE_WITH_KNOTS('',1,(#2351,#2352),.UNSPECIFIED.,.F.,
  .F.,(2,2),(-34.47659708922,-25.97659708922),.PIECEWISE_BEZIER_KNOTS.);
#2351 = CARTESIAN_POINT('',(-28.60000000001,60.453194178454));
#2352 = CARTESIAN_POINT('',(-28.60000000001,51.953194178454));
#2353 = ( GEOMETRIC_REPRESENTATION_CONTEXT(2) 
PARAMETRIC_REPRESENTATION_CONTEXT() REPRESENTATION_CONTEXT('2D SPACE',''
  ) );
#2354 = ADVANCED_FACE('',(#2355),#1456,.T.);
#2355 = FACE_BOUND('',#2356,.T.);
#2356 = EDGE_LOOP('',(#2357,#2379,#2380,#2381));
#2357 = ORIENTED_EDGE('',*,*,#2358,.F.);
#2358 = EDGE_CURVE('',#2231,#1576,#2359,.T.);
#2359 = SURFACE_CURVE('',#2360,(#2365,#2372),.PCURVE_S1.);
#2360 = CIRCLE('',#2361,4.);
#2361 = AXIS2_PLACEMENT_3D('',#2362,#2363,#2364);
#2362 = CARTESIAN_POINT('',(28.,57.999999997379,13.));
#2363 = DIRECTION('',(-1.224646799147E-16,0.,1.));
#2364 = DIRECTION('',(1.,0.,1.224646799147E-16));
#2365 = PCURVE('',#1456,#2366);
#2366 = DEFINITIONAL_REPRESENTATION('',(#2367),#2371);
#2367 = LINE('',#2368,#2369);
#2368 = CARTESIAN_POINT('',(0.,-1.5));
#2369 = VECTOR('',#2370,1.);
#2370 = DIRECTION('',(1.,0.));
#2371 = ( GEOMETRIC_REPRESENTATION_CONTEXT(2) 
PARAMETRIC_REPRESENTATION_CONTEXT() REPRESENTATION_CONTEXT('2D SPACE',''
  ) );
#2372 = PCURVE('',#2305,#2373);
#2373 = DEFINITIONAL_REPRESENTATION('',(#2374),#2378);
#2374 = LINE('',#2375,#2376);
#2375 = CARTESIAN_POINT('',(0.,0.));
#2376 = VECTOR('',#2377,1.);
#2377 = DIRECTION('',(1.,0.));
#2378 = ( GEOMETRIC_REPRESENTATION_CONTEXT(2) 
PARAMETRIC_REPRESENTATION_CONTEXT() REPRESENTATION_CONTEXT('2D SPACE',''
  ) );
#2379 = ORIENTED_EDGE('',*,*,#2230,.F.);
#2380 = ORIENTED_EDGE('',*,*,#1435,.T.);
#2381 = ORIENTED_EDGE('',*,*,#1603,.F.);
#2382 = ADVANCED_FACE('',(#2383),#1591,.T.);
#2383 = FACE_BOUND('',#2384,.F.);
#2384 = EDGE_LOOP('',(#2385,#2386,#2408,#2429));
#2385 = ORIENTED_EDGE('',*,*,#1575,.F.);
#2386 = ORIENTED_EDGE('',*,*,#2387,.T.);
#2387 = EDGE_CURVE('',#1576,#2388,#2390,.T.);
#2388 = VERTEX_POINT('',#2389);
#2389 = CARTESIAN_POINT('',(28.,60.499999997379,14.5));
#2390 = SURFACE_CURVE('',#2391,(#2396,#2402),.PCURVE_S1.);
#2391 = CIRCLE('',#2392,1.5);
#2392 = AXIS2_PLACEMENT_3D('',#2393,#2394,#2395);
#2393 = CARTESIAN_POINT('',(28.,60.499999997379,13.));
#2394 = DIRECTION('',(1.,-6.123233995737E-17,1.224646799147E-16));
#2395 = DIRECTION('',(6.123233995737E-17,1.,7.498798913309E-33));
#2396 = PCURVE('',#1591,#2397);
#2397 = DEFINITIONAL_REPRESENTATION('',(#2398),#2401);
#2398 = B_SPLINE_CURVE_WITH_KNOTS('',1,(#2399,#2400),.UNSPECIFIED.,.F.,
  .F.,(2,2),(0.,1.570796326795),.PIECEWISE_BEZIER_KNOTS.);
#2399 = CARTESIAN_POINT('',(0.,0.));
#2400 = CARTESIAN_POINT('',(-1.570796326795,0.));
#2401 = ( GEOMETRIC_REPRESENTATION_CONTEXT(2) 
PARAMETRIC_REPRESENTATION_CONTEXT() REPRESENTATION_CONTEXT('2D SPACE',''
  ) );
#2402 = PCURVE('',#2305,#2403);
#2403 = DEFINITIONAL_REPRESENTATION('',(#2404),#2407);
#2404 = B_SPLINE_CURVE_WITH_KNOTS('',1,(#2405,#2406),.UNSPECIFIED.,.F.,
  .F.,(2,2),(0.,1.570796326795),.PIECEWISE_BEZIER_KNOTS.);
#2405 = CARTESIAN_POINT('',(1.570796326795,0.));
#2406 = CARTESIAN_POINT('',(1.570796326795,1.570796326795));
#2407 = ( GEOMETRIC_REPRESENTATION_CONTEXT(2) 
PARAMETRIC_REPRESENTATION_CONTEXT() REPRESENTATION_CONTEXT('2D SPACE',''
  ) );
#2408 = ORIENTED_EDGE('',*,*,#2409,.T.);
#2409 = EDGE_CURVE('',#2388,#1914,#2410,.T.);
#2410 = SURFACE_CURVE('',#2411,(#2415,#2422),.PCURVE_S1.);
#2411 = LINE('',#2412,#2413);
#2412 = CARTESIAN_POINT('',(28.,60.5,14.5));
#2413 = VECTOR('',#2414,1.);
#2414 = DIRECTION('',(-1.,0.,-1.224646799147E-16));
#2415 = PCURVE('',#1591,#2416);
#2416 = DEFINITIONAL_REPRESENTATION('',(#2417),#2421);
#2417 = LINE('',#2418,#2419);
#2418 = CARTESIAN_POINT('',(-1.570796326795,0.));
#2419 = VECTOR('',#2420,1.);
#2420 = DIRECTION('',(-0.,1.));
#2421 = ( GEOMETRIC_REPRESENTATION_CONTEXT(2) 
PARAMETRIC_REPRESENTATION_CONTEXT() REPRESENTATION_CONTEXT('2D SPACE',''
  ) );
#2422 = PCURVE('',#1954,#2423);
#2423 = DEFINITIONAL_REPRESENTATION('',(#2424),#2428);
#2424 = LINE('',#2425,#2426);
#2425 = CARTESIAN_POINT('',(-28.00000000001,60.453194178454));
#2426 = VECTOR('',#2427,1.);
#2427 = DIRECTION('',(1.,0.));
#2428 = ( GEOMETRIC_REPRESENTATION_CONTEXT(2) 
PARAMETRIC_REPRESENTATION_CONTEXT() REPRESENTATION_CONTEXT('2D SPACE',''
  ) );
#2429 = ORIENTED_EDGE('',*,*,#1913,.T.);
#2430 = ADVANCED_FACE('',(#2431),#1646,.F.);
#2431 = FACE_BOUND('',#2432,.F.);
#2432 = EDGE_LOOP('',(#2433,#2434,#2453,#2454));
#2433 = ORIENTED_EDGE('',*,*,#2016,.F.);
#2434 = ORIENTED_EDGE('',*,*,#2435,.F.);
#2435 = EDGE_CURVE('',#1629,#2017,#2436,.T.);
#2436 = SURFACE_CURVE('',#2437,(#2441,#2447),.PCURVE_S1.);
#2437 = LINE('',#2438,#2439);
#2438 = CARTESIAN_POINT('',(13.699999999994,52.,12.7));
#2439 = VECTOR('',#2440,1.);
#2440 = DIRECTION('',(1.,0.,1.224646799147E-16));
#2441 = PCURVE('',#1646,#2442);
#2442 = DEFINITIONAL_REPRESENTATION('',(#2443),#2446);
#2443 = B_SPLINE_CURVE_WITH_KNOTS('',1,(#2444,#2445),.UNSPECIFIED.,.F.,
  .F.,(2,2),(13.700000000006,14.900000000006),.PIECEWISE_BEZIER_KNOTS.);
#2444 = CARTESIAN_POINT('',(13.7,0.));
#2445 = CARTESIAN_POINT('',(13.7,1.2));
#2446 = ( GEOMETRIC_REPRESENTATION_CONTEXT(2) 
PARAMETRIC_REPRESENTATION_CONTEXT() REPRESENTATION_CONTEXT('2D SPACE',''
  ) );
#2447 = PCURVE('',#1673,#2448);
#2448 = DEFINITIONAL_REPRESENTATION('',(#2449),#2452);
#2449 = B_SPLINE_CURVE_WITH_KNOTS('',1,(#2450,#2451),.UNSPECIFIED.,.F.,
  .F.,(2,2),(13.700000000006,14.900000000006),.PIECEWISE_BEZIER_KNOTS.);
#2450 = CARTESIAN_POINT('',(-27.40000000001,51.953194178454));
#2451 = CARTESIAN_POINT('',(-28.60000000001,51.953194178454));
#2452 = ( GEOMETRIC_REPRESENTATION_CONTEXT(2) 
PARAMETRIC_REPRESENTATION_CONTEXT() REPRESENTATION_CONTEXT('2D SPACE',''
  ) );
#2453 = ORIENTED_EDGE('',*,*,#1628,.T.);
#2454 = ORIENTED_EDGE('',*,*,#2455,.T.);
#2455 = EDGE_CURVE('',#1631,#2019,#2456,.T.);
#2456 = SURFACE_CURVE('',#2457,(#2461,#2467),.PCURVE_S1.);
#2457 = LINE('',#2458,#2459);
#2458 = CARTESIAN_POINT('',(13.699999999994,52.,14.5));
#2459 = VECTOR('',#2460,1.);
#2460 = DIRECTION('',(1.,0.,1.224646799147E-16));
#2461 = PCURVE('',#1646,#2462);
#2462 = DEFINITIONAL_REPRESENTATION('',(#2463),#2466);
#2463 = B_SPLINE_CURVE_WITH_KNOTS('',1,(#2464,#2465),.UNSPECIFIED.,.F.,
  .F.,(2,2),(13.700000000006,14.900000000006),.PIECEWISE_BEZIER_KNOTS.);
#2464 = CARTESIAN_POINT('',(15.5,0.));
#2465 = CARTESIAN_POINT('',(15.5,1.2));
#2466 = ( GEOMETRIC_REPRESENTATION_CONTEXT(2) 
PARAMETRIC_REPRESENTATION_CONTEXT() REPRESENTATION_CONTEXT('2D SPACE',''
  ) );
#2467 = PCURVE('',#1954,#2468);
#2468 = DEFINITIONAL_REPRESENTATION('',(#2469),#2472);
#2469 = B_SPLINE_CURVE_WITH_KNOTS('',1,(#2470,#2471),.UNSPECIFIED.,.F.,
  .F.,(2,2),(13.700000000006,14.900000000006),.PIECEWISE_BEZIER_KNOTS.);
#2470 = CARTESIAN_POINT('',(-27.40000000001,51.953194178454));
#2471 = CARTESIAN_POINT('',(-28.60000000001,51.953194178454));
#2472 = ( GEOMETRIC_REPRESENTATION_CONTEXT(2) 
PARAMETRIC_REPRESENTATION_CONTEXT() REPRESENTATION_CONTEXT('2D SPACE',''
  ) );
#2473 = ADVANCED_FACE('',(#2474),#1954,.F.);
#2474 = FACE_BOUND('',#2475,.F.);
#2475 = EDGE_LOOP('',(#2476,#2502,#2503,#2504,#2505));
#2476 = ORIENTED_EDGE('',*,*,#2477,.F.);
#2477 = EDGE_CURVE('',#2252,#2388,#2478,.T.);
#2478 = SURFACE_CURVE('',#2479,(#2484,#2495),.PCURVE_S1.);
#2479 = CIRCLE('',#2480,2.5);
#2480 = AXIS2_PLACEMENT_3D('',#2481,#2482,#2483);
#2481 = CARTESIAN_POINT('',(28.,57.999999997379,14.5));
#2482 = DIRECTION('',(-1.224646799147E-16,0.,1.));
#2483 = DIRECTION('',(1.,0.,1.224646799147E-16));
#2484 = PCURVE('',#1954,#2485);
#2485 = DEFINITIONAL_REPRESENTATION('',(#2486),#2494);
#2486 = ( BOUNDED_CURVE() B_SPLINE_CURVE(2,(#2487,#2488,#2489,#2490,
#2491,#2492,#2493),.UNSPECIFIED.,.T.,.F.) B_SPLINE_CURVE_WITH_KNOTS((1,2
    ,2,2,2,1),(-2.094395102393,0.,2.094395102393,4.188790204786,
6.28318530718,8.377580409573),.UNSPECIFIED.) CURVE() 
GEOMETRIC_REPRESENTATION_ITEM() RATIONAL_B_SPLINE_CURVE((1.,0.5,1.,0.5,
1.,0.5,1.)) REPRESENTATION_ITEM('') );
#2487 = CARTESIAN_POINT('',(-30.50000000001,57.953194175833));
#2488 = CARTESIAN_POINT('',(-30.50000000001,62.283321194756));
#2489 = CARTESIAN_POINT('',(-26.75000000001,60.118257685295));
#2490 = CARTESIAN_POINT('',(-23.00000000001,57.953194175833));
#2491 = CARTESIAN_POINT('',(-26.75000000001,55.788130666372));
#2492 = CARTESIAN_POINT('',(-30.50000000001,53.623067156911));
#2493 = CARTESIAN_POINT('',(-30.50000000001,57.953194175833));
#2494 = ( GEOMETRIC_REPRESENTATION_CONTEXT(2) 
PARAMETRIC_REPRESENTATION_CONTEXT() REPRESENTATION_CONTEXT('2D SPACE',''
  ) );
#2495 = PCURVE('',#2305,#2496);
#2496 = DEFINITIONAL_REPRESENTATION('',(#2497),#2501);
#2497 = LINE('',#2498,#2499);
#2498 = CARTESIAN_POINT('',(0.,1.570796326795));
#2499 = VECTOR('',#2500,1.);
#2500 = DIRECTION('',(1.,0.));
#2501 = ( GEOMETRIC_REPRESENTATION_CONTEXT(2) 
PARAMETRIC_REPRESENTATION_CONTEXT() REPRESENTATION_CONTEXT('2D SPACE',''
  ) );
#2502 = ORIENTED_EDGE('',*,*,#2336,.T.);
#2503 = ORIENTED_EDGE('',*,*,#2455,.F.);
#2504 = ORIENTED_EDGE('',*,*,#1941,.F.);
#2505 = ORIENTED_EDGE('',*,*,#2409,.F.);
#2506 = ADVANCED_FACE('',(#2507),#1881,.T.);
#2507 = FACE_BOUND('',#2508,.T.);
#2508 = EDGE_LOOP('',(#2509,#2510,#2511,#2512));
#2509 = ORIENTED_EDGE('',*,*,#1866,.F.);
#2510 = ORIENTED_EDGE('',*,*,#1968,.T.);
#2511 = ORIENTED_EDGE('',*,*,#2209,.T.);
#2512 = ORIENTED_EDGE('',*,*,#2513,.T.);
#2513 = EDGE_CURVE('',#2189,#1841,#2514,.T.);
#2514 = SURFACE_CURVE('',#2515,(#2520,#2531),.PCURVE_S1.);
#2515 = CIRCLE('',#2516,1.6);
#2516 = AXIS2_PLACEMENT_3D('',#2517,#2518,#2519);
#2517 = CARTESIAN_POINT('',(28.,58.,7.85));
#2518 = DIRECTION('',(-1.224646799147E-16,-0.,1.));
#2519 = DIRECTION('',(-1.,0.,-1.224646799147E-16));
#2520 = PCURVE('',#1881,#2521);
#2521 = DEFINITIONAL_REPRESENTATION('',(#2522),#2530);
#2522 = ( BOUNDED_CURVE() B_SPLINE_CURVE(2,(#2523,#2524,#2525,#2526,
#2527,#2528,#2529),.UNSPECIFIED.,.T.,.F.) B_SPLINE_CURVE_WITH_KNOTS((1,2
    ,2,2,2,1),(-2.094395102393,0.,2.094395102393,4.188790204786,
6.28318530718,8.377580409573),.UNSPECIFIED.) CURVE() 
GEOMETRIC_REPRESENTATION_ITEM() RATIONAL_B_SPLINE_CURVE((1.,0.5,1.,0.5,
1.,0.5,1.)) REPRESENTATION_ITEM('') );
#2523 = CARTESIAN_POINT('',(1.6,0.));
#2524 = CARTESIAN_POINT('',(1.6,-2.77128129211));
#2525 = CARTESIAN_POINT('',(-0.8,-1.385640646055));
#2526 = CARTESIAN_POINT('',(-3.2,-3.918869757272E-16));
#2527 = CARTESIAN_POINT('',(-0.8,1.385640646055));
#2528 = CARTESIAN_POINT('',(1.6,2.77128129211));
#2529 = CARTESIAN_POINT('',(1.6,0.));
#2530 = ( GEOMETRIC_REPRESENTATION_CONTEXT(2) 
PARAMETRIC_REPRESENTATION_CONTEXT() REPRESENTATION_CONTEXT('2D SPACE',''
  ) );
#2531 = PCURVE('',#1855,#2532);
#2532 = DEFINITIONAL_REPRESENTATION('',(#2533),#2537);
#2533 = LINE('',#2534,#2535);
#2534 = CARTESIAN_POINT('',(-6.28318530718,-4.4));
#2535 = VECTOR('',#2536,1.);
#2536 = DIRECTION('',(1.,-0.));
#2537 = ( GEOMETRIC_REPRESENTATION_CONTEXT(2) 
PARAMETRIC_REPRESENTATION_CONTEXT() REPRESENTATION_CONTEXT('2D SPACE',''
  ) );
#2538 = ADVANCED_FACE('',(#2539),#1855,.F.);
#2539 = FACE_BOUND('',#2540,.T.);
#2540 = EDGE_LOOP('',(#2541,#2563,#2564,#2565));
#2541 = ORIENTED_EDGE('',*,*,#2542,.F.);
#2542 = EDGE_CURVE('',#1815,#2168,#2543,.T.);
#2543 = SURFACE_CURVE('',#2544,(#2549,#2556),.PCURVE_S1.);
#2544 = CIRCLE('',#2545,1.6);
#2545 = AXIS2_PLACEMENT_3D('',#2546,#2547,#2548);
#2546 = CARTESIAN_POINT('',(28.,58.,12.25));
#2547 = DIRECTION('',(1.224646799147E-16,0.,-1.));
#2548 = DIRECTION('',(-1.,0.,-1.224646799147E-16));
#2549 = PCURVE('',#1855,#2550);
#2550 = DEFINITIONAL_REPRESENTATION('',(#2551),#2555);
#2551 = LINE('',#2552,#2553);
#2552 = CARTESIAN_POINT('',(-0.,0.));
#2553 = VECTOR('',#2554,1.);
#2554 = DIRECTION('',(-1.,0.));
#2555 = ( GEOMETRIC_REPRESENTATION_CONTEXT(2) 
PARAMETRIC_REPRESENTATION_CONTEXT() REPRESENTATION_CONTEXT('2D SPACE',''
  ) );
#2556 = PCURVE('',#1829,#2557);
#2557 = DEFINITIONAL_REPRESENTATION('',(#2558),#2562);
#2558 = CIRCLE('',#2559,1.6);
#2559 = AXIS2_PLACEMENT_2D('',#2560,#2561);
#2560 = CARTESIAN_POINT('',(1.068312603546E-16,-1.483480247548E-16));
#2561 = DIRECTION('',(1.,0.));
#2562 = ( GEOMETRIC_REPRESENTATION_CONTEXT(2) 
PARAMETRIC_REPRESENTATION_CONTEXT() REPRESENTATION_CONTEXT('2D SPACE',''
  ) );
#2563 = ORIENTED_EDGE('',*,*,#1840,.F.);
#2564 = ORIENTED_EDGE('',*,*,#2513,.F.);
#2565 = ORIENTED_EDGE('',*,*,#2188,.T.);
#2566 = ADVANCED_FACE('',(#2567),#1829,.T.);
#2567 = FACE_BOUND('',#2568,.T.);
#2568 = EDGE_LOOP('',(#2569,#2570,#2571,#2572));
#2569 = ORIENTED_EDGE('',*,*,#1814,.F.);
#2570 = ORIENTED_EDGE('',*,*,#2542,.T.);
#2571 = ORIENTED_EDGE('',*,*,#2167,.T.);
#2572 = ORIENTED_EDGE('',*,*,#2573,.T.);
#2573 = EDGE_CURVE('',#2147,#1789,#2574,.T.);
#2574 = SURFACE_CURVE('',#2575,(#2580,#2587),.PCURVE_S1.);
#2575 = CIRCLE('',#2576,1.6);
#2576 = AXIS2_PLACEMENT_3D('',#2577,#2578,#2579);
#2577 = CARTESIAN_POINT('',(28.,58.,12.25));
#2578 = DIRECTION('',(1.224646799147E-16,0.,-1.));
#2579 = DIRECTION('',(-1.,0.,-1.224646799147E-16));
#2580 = PCURVE('',#1829,#2581);
#2581 = DEFINITIONAL_REPRESENTATION('',(#2582),#2586);
#2582 = CIRCLE('',#2583,1.6);
#2583 = AXIS2_PLACEMENT_2D('',#2584,#2585);
#2584 = CARTESIAN_POINT('',(1.068312603546E-16,-1.483480247548E-16));
#2585 = DIRECTION('',(1.,0.));
#2586 = ( GEOMETRIC_REPRESENTATION_CONTEXT(2) 
PARAMETRIC_REPRESENTATION_CONTEXT() REPRESENTATION_CONTEXT('2D SPACE',''
  ) );
#2587 = PCURVE('',#1803,#2588);
#2588 = DEFINITIONAL_REPRESENTATION('',(#2589),#2593);
#2589 = LINE('',#2590,#2591);
#2590 = CARTESIAN_POINT('',(-0.,0.));
#2591 = VECTOR('',#2592,1.);
#2592 = DIRECTION('',(-1.,0.));
#2593 = ( GEOMETRIC_REPRESENTATION_CONTEXT(2) 
PARAMETRIC_REPRESENTATION_CONTEXT() REPRESENTATION_CONTEXT('2D SPACE',''
  ) );
#2594 = ADVANCED_FACE('',(#2595),#1803,.F.);
#2595 = FACE_BOUND('',#2596,.T.);
#2596 = EDGE_LOOP('',(#2597,#2598,#2599,#2600));
#2597 = ORIENTED_EDGE('',*,*,#1788,.T.);
#2598 = ORIENTED_EDGE('',*,*,#2573,.F.);
#2599 = ORIENTED_EDGE('',*,*,#2146,.F.);
#2600 = ORIENTED_EDGE('',*,*,#2601,.F.);
#2601 = EDGE_CURVE('',#1763,#2126,#2602,.T.);
#2602 = SURFACE_CURVE('',#2603,(#2608,#2615),.PCURVE_S1.);
#2603 = CIRCLE('',#2604,1.6);
#2604 = AXIS2_PLACEMENT_3D('',#2605,#2606,#2607);
#2605 = CARTESIAN_POINT('',(28.,58.,7.85));
#2606 = DIRECTION('',(-1.224646799147E-16,-0.,1.));
#2607 = DIRECTION('',(-1.,0.,-1.224646799147E-16));
#2608 = PCURVE('',#1803,#2609);
#2609 = DEFINITIONAL_REPRESENTATION('',(#2610),#2614);
#2610 = LINE('',#2611,#2612);
#2611 = CARTESIAN_POINT('',(-6.28318530718,-4.4));
#2612 = VECTOR('',#2613,1.);
#2613 = DIRECTION('',(1.,-0.));
#2614 = ( GEOMETRIC_REPRESENTATION_CONTEXT(2) 
PARAMETRIC_REPRESENTATION_CONTEXT() REPRESENTATION_CONTEXT('2D SPACE',''
  ) );
#2615 = PCURVE('',#1777,#2616);
#2616 = DEFINITIONAL_REPRESENTATION('',(#2617),#2625);
#2617 = ( BOUNDED_CURVE() B_SPLINE_CURVE(2,(#2618,#2619,#2620,#2621,
#2622,#2623,#2624),.UNSPECIFIED.,.T.,.F.) B_SPLINE_CURVE_WITH_KNOTS((1,2
    ,2,2,2,1),(-2.094395102393,0.,2.094395102393,4.188790204786,
6.28318530718,8.377580409573),.UNSPECIFIED.) CURVE() 
GEOMETRIC_REPRESENTATION_ITEM() RATIONAL_B_SPLINE_CURVE((1.,0.5,1.,0.5,
1.,0.5,1.)) REPRESENTATION_ITEM('') );
#2618 = CARTESIAN_POINT('',(1.6,0.));
#2619 = CARTESIAN_POINT('',(1.6,-2.77128129211));
#2620 = CARTESIAN_POINT('',(-0.8,-1.385640646055));
#2621 = CARTESIAN_POINT('',(-3.2,-3.918869757272E-16));
#2622 = CARTESIAN_POINT('',(-0.8,1.385640646055));
#2623 = CARTESIAN_POINT('',(1.6,2.77128129211));
#2624 = CARTESIAN_POINT('',(1.6,0.));
#2625 = ( GEOMETRIC_REPRESENTATION_CONTEXT(2) 
PARAMETRIC_REPRESENTATION_CONTEXT() REPRESENTATION_CONTEXT('2D SPACE',''
  ) );
#2626 = ADVANCED_FACE('',(#2627),#1777,.T.);
#2627 = FACE_BOUND('',#2628,.T.);
#2628 = EDGE_LOOP('',(#2629,#2651,#2652,#2653));
#2629 = ORIENTED_EDGE('',*,*,#2630,.T.);
#2630 = EDGE_CURVE('',#2105,#1737,#2631,.T.);
#2631 = SURFACE_CURVE('',#2632,(#2637,#2644),.PCURVE_S1.);
#2632 = CIRCLE('',#2633,1.9);
#2633 = AXIS2_PLACEMENT_3D('',#2634,#2635,#2636);
#2634 = CARTESIAN_POINT('',(28.,58.,7.85));
#2635 = DIRECTION('',(1.224646799147E-16,0.,-1.));
#2636 = DIRECTION('',(-1.,0.,-1.224646799147E-16));
#2637 = PCURVE('',#1777,#2638);
#2638 = DEFINITIONAL_REPRESENTATION('',(#2639),#2643);
#2639 = CIRCLE('',#2640,1.9);
#2640 = AXIS2_PLACEMENT_2D('',#2641,#2642);
#2641 = CARTESIAN_POINT('',(2.249079165361E-16,-1.023653692829E-16));
#2642 = DIRECTION('',(1.,0.));
#2643 = ( GEOMETRIC_REPRESENTATION_CONTEXT(2) 
PARAMETRIC_REPRESENTATION_CONTEXT() REPRESENTATION_CONTEXT('2D SPACE',''
  ) );
#2644 = PCURVE('',#1751,#2645);
#2645 = DEFINITIONAL_REPRESENTATION('',(#2646),#2650);
#2646 = LINE('',#2647,#2648);
#2647 = CARTESIAN_POINT('',(-0.,0.));
#2648 = VECTOR('',#2649,1.);
#2649 = DIRECTION('',(-1.,0.));
#2650 = ( GEOMETRIC_REPRESENTATION_CONTEXT(2) 
PARAMETRIC_REPRESENTATION_CONTEXT() REPRESENTATION_CONTEXT('2D SPACE',''
  ) );
#2651 = ORIENTED_EDGE('',*,*,#1762,.F.);
#2652 = ORIENTED_EDGE('',*,*,#2601,.T.);
#2653 = ORIENTED_EDGE('',*,*,#2125,.T.);
#2654 = ADVANCED_FACE('',(#2655),#1751,.F.);
#2655 = FACE_BOUND('',#2656,.T.);
#2656 = EDGE_LOOP('',(#2657,#2658,#2659,#2660));
#2657 = ORIENTED_EDGE('',*,*,#1736,.T.);
#2658 = ORIENTED_EDGE('',*,*,#2630,.F.);
#2659 = ORIENTED_EDGE('',*,*,#2104,.F.);
#2660 = ORIENTED_EDGE('',*,*,#2661,.F.);
#2661 = EDGE_CURVE('',#1711,#2084,#2662,.T.);
#2662 = SURFACE_CURVE('',#2663,(#2668,#2675),.PCURVE_S1.);
#2663 = CIRCLE('',#2664,1.9);
#2664 = AXIS2_PLACEMENT_3D('',#2665,#2666,#2667);
#2665 = CARTESIAN_POINT('',(28.,58.,7.25));
#2666 = DIRECTION('',(-1.224646799147E-16,-0.,1.));
#2667 = DIRECTION('',(-1.,0.,-1.224646799147E-16));
#2668 = PCURVE('',#1751,#2669);
#2669 = DEFINITIONAL_REPRESENTATION('',(#2670),#2674);
#2670 = LINE('',#2671,#2672);
#2671 = CARTESIAN_POINT('',(-6.28318530718,-0.6));
#2672 = VECTOR('',#2673,1.);
#2673 = DIRECTION('',(1.,-0.));
#2674 = ( GEOMETRIC_REPRESENTATION_CONTEXT(2) 
PARAMETRIC_REPRESENTATION_CONTEXT() REPRESENTATION_CONTEXT('2D SPACE',''
  ) );
#2675 = PCURVE('',#1725,#2676);
#2676 = DEFINITIONAL_REPRESENTATION('',(#2677),#2685);
#2677 = ( BOUNDED_CURVE() B_SPLINE_CURVE(2,(#2678,#2679,#2680,#2681,
#2682,#2683,#2684),.UNSPECIFIED.,.T.,.F.) B_SPLINE_CURVE_WITH_KNOTS((1,2
    ,2,2,2,1),(-2.094395102393,0.,2.094395102393,4.188790204786,
6.28318530718,8.377580409573),.UNSPECIFIED.) CURVE() 
GEOMETRIC_REPRESENTATION_ITEM() RATIONAL_B_SPLINE_CURVE((1.,0.5,1.,0.5,
1.,0.5,1.)) REPRESENTATION_ITEM('') );
#2678 = CARTESIAN_POINT('',(-26.10000000001,57.953194178454));
#2679 = CARTESIAN_POINT('',(-26.10000000001,54.662297644073));
#2680 = CARTESIAN_POINT('',(-28.95000000001,56.307745911264));
#2681 = CARTESIAN_POINT('',(-31.80000000001,57.953194178454));
#2682 = CARTESIAN_POINT('',(-28.95000000001,59.598642445645));
#2683 = CARTESIAN_POINT('',(-26.10000000001,61.244090712835));
#2684 = CARTESIAN_POINT('',(-26.10000000001,57.953194178454));
#2685 = ( GEOMETRIC_REPRESENTATION_CONTEXT(2) 
PARAMETRIC_REPRESENTATION_CONTEXT() REPRESENTATION_CONTEXT('2D SPACE',''
  ) );
#2686 = ADVANCED_FACE('',(#2687),#1725,.T.);
#2687 = FACE_BOUND('',#2688,.T.);
#2688 = EDGE_LOOP('',(#2689,#2690,#2691,#2713));
#2689 = ORIENTED_EDGE('',*,*,#2661,.T.);
#2690 = ORIENTED_EDGE('',*,*,#2083,.T.);
#2691 = ORIENTED_EDGE('',*,*,#2692,.T.);
#2692 = EDGE_CURVE('',#2063,#1685,#2693,.T.);
#2693 = SURFACE_CURVE('',#2694,(#2699,#2706),.PCURVE_S1.);
#2694 = CIRCLE('',#2695,2.5);
#2695 = AXIS2_PLACEMENT_3D('',#2696,#2697,#2698);
#2696 = CARTESIAN_POINT('',(28.,58.,7.25));
#2697 = DIRECTION('',(1.224646799147E-16,-6.8299463251E-33,-1.));
#2698 = DIRECTION('',(0.88,-0.474973683482,1.07768918325E-16));
#2699 = PCURVE('',#1725,#2700);
#2700 = DEFINITIONAL_REPRESENTATION('',(#2701),#2705);
#2701 = CIRCLE('',#2702,2.5);
#2702 = AXIS2_PLACEMENT_2D('',#2703,#2704);
#2703 = CARTESIAN_POINT('',(-28.00000000001,57.953194178454));
#2704 = DIRECTION('',(-0.88,-0.474973683482));
#2705 = ( GEOMETRIC_REPRESENTATION_CONTEXT(2) 
PARAMETRIC_REPRESENTATION_CONTEXT() REPRESENTATION_CONTEXT('2D SPACE',''
  ) );
#2706 = PCURVE('',#1699,#2707);
#2707 = DEFINITIONAL_REPRESENTATION('',(#2708),#2712);
#2708 = LINE('',#2709,#2710);
#2709 = CARTESIAN_POINT('',(-3.636526779931,-5.45));
#2710 = VECTOR('',#2711,1.);
#2711 = DIRECTION('',(-1.,0.));
#2712 = ( GEOMETRIC_REPRESENTATION_CONTEXT(2) 
PARAMETRIC_REPRESENTATION_CONTEXT() REPRESENTATION_CONTEXT('2D SPACE',''
  ) );
#2713 = ORIENTED_EDGE('',*,*,#1710,.F.);
#2714 = ADVANCED_FACE('',(#2715),#1699,.T.);
#2715 = FACE_BOUND('',#2716,.F.);
#2716 = EDGE_LOOP('',(#2717,#2718,#2744,#2745));
#2717 = ORIENTED_EDGE('',*,*,#1684,.T.);
#2718 = ORIENTED_EDGE('',*,*,#2719,.T.);
#2719 = EDGE_CURVE('',#1659,#2042,#2720,.T.);
#2720 = SURFACE_CURVE('',#2721,(#2726,#2733),.PCURVE_S1.);
#2721 = CIRCLE('',#2722,2.5);
#2722 = AXIS2_PLACEMENT_3D('',#2723,#2724,#2725);
#2723 = CARTESIAN_POINT('',(28.,58.,12.7));
#2724 = DIRECTION('',(-1.224646799147E-16,1.871989005853E-34,1.));
#2725 = DIRECTION('',(-0.474973683482,0.88,-5.816750011549E-17));
#2726 = PCURVE('',#1699,#2727);
#2727 = DEFINITIONAL_REPRESENTATION('',(#2728),#2732);
#2728 = LINE('',#2729,#2730);
#2729 = CARTESIAN_POINT('',(-7.359047507634,0.));
#2730 = VECTOR('',#2731,1.);
#2731 = DIRECTION('',(1.,-0.));
#2732 = ( GEOMETRIC_REPRESENTATION_CONTEXT(2) 
PARAMETRIC_REPRESENTATION_CONTEXT() REPRESENTATION_CONTEXT('2D SPACE',''
  ) );
#2733 = PCURVE('',#1673,#2734);
#2734 = DEFINITIONAL_REPRESENTATION('',(#2735),#2743);
#2735 = ( BOUNDED_CURVE() B_SPLINE_CURVE(2,(#2736,#2737,#2738,#2739,
#2740,#2741,#2742),.UNSPECIFIED.,.T.,.F.) B_SPLINE_CURVE_WITH_KNOTS((1,2
    ,2,2,2,1),(-2.094395102393,0.,2.094395102393,4.188790204786,
6.28318530718,8.377580409573),.UNSPECIFIED.) CURVE() 
GEOMETRIC_REPRESENTATION_ITEM() RATIONAL_B_SPLINE_CURVE((1.,0.5,1.,0.5,
1.,0.5,1.)) REPRESENTATION_ITEM('') );
#2736 = CARTESIAN_POINT('',(-26.8125657913,60.153194178454));
#2737 = CARTESIAN_POINT('',(-23.00205401465,58.096497798334));
#2738 = CARTESIAN_POINT('',(-26.68846121603,55.824845988394));
#2739 = CARTESIAN_POINT('',(-30.37486841741,53.553194178454));
#2740 = CARTESIAN_POINT('',(-30.49897299268,57.881542368514));
#2741 = CARTESIAN_POINT('',(-30.62307756795,62.209890558575));
#2742 = CARTESIAN_POINT('',(-26.8125657913,60.153194178454));
#2743 = ( GEOMETRIC_REPRESENTATION_CONTEXT(2) 
PARAMETRIC_REPRESENTATION_CONTEXT() REPRESENTATION_CONTEXT('2D SPACE',''
  ) );
#2744 = ORIENTED_EDGE('',*,*,#2062,.F.);
#2745 = ORIENTED_EDGE('',*,*,#2692,.T.);
#2746 = ADVANCED_FACE('',(#2747),#1673,.T.);
#2747 = FACE_BOUND('',#2748,.T.);
#2748 = EDGE_LOOP('',(#2749,#2750,#2751,#2752));
#2749 = ORIENTED_EDGE('',*,*,#2719,.T.);
#2750 = ORIENTED_EDGE('',*,*,#2041,.T.);
#2751 = ORIENTED_EDGE('',*,*,#2435,.F.);
#2752 = ORIENTED_EDGE('',*,*,#1658,.F.);
#2753 = ADVANCED_FACE('',(#2754),#2305,.T.);
#2754 = FACE_BOUND('',#2755,.T.);
#2755 = EDGE_LOOP('',(#2756,#2757,#2758,#2759));
#2756 = ORIENTED_EDGE('',*,*,#2251,.F.);
#2757 = ORIENTED_EDGE('',*,*,#2358,.T.);
#2758 = ORIENTED_EDGE('',*,*,#2387,.T.);
#2759 = ORIENTED_EDGE('',*,*,#2477,.F.);
#2760 = ( GEOMETRIC_REPRESENTATION_CONTEXT(3) 
GLOBAL_UNCERTAINTY_ASSIGNED_CONTEXT((#2764)) 
GLOBAL_UNIT_ASSIGNED_CONTEXT((#2761,#2762,#2763)) REPRESENTATION_CONTEXT
('Context #1','3D Context with UNIT and UNCERTAINTY') );
#2761 = ( LENGTH_UNIT() NAMED_UNIT(*) SI_UNIT(.MILLI.,.METRE.) );
#2762 = ( NAMED_UNIT(*) PLANE_ANGLE_UNIT() SI_UNIT($,.RADIAN.) );
#2763 = ( NAMED_UNIT(*) SI_UNIT($,.STERADIAN.) SOLID_ANGLE_UNIT() );
#2764 = UNCERTAINTY_MEASURE_WITH_UNIT(LENGTH_MEASURE(2.E-07),#2761,
  'distance_accuracy_value','confusion accuracy');
#2765 = CONTEXT_DEPENDENT_SHAPE_REPRESENTATION(#2766,#2768);
#2766 = ( REPRESENTATION_RELATIONSHIP('','',#1393,#10) 
REPRESENTATION_RELATIONSHIP_WITH_TRANSFORMATION(#2767) 
SHAPE_REPRESENTATION_RELATIONSHIP() );
#2767 = ITEM_DEFINED_TRANSFORMATION('','',#11,#19);
#2768 = PRODUCT_DEFINITION_SHAPE('Placement','Placement of an item',
  #2769);
#2769 = NEXT_ASSEMBLY_USAGE_OCCURRENCE('2','back_shell','',#5,#1388,$);
#2770 = PRODUCT_RELATED_PRODUCT_CATEGORY('part',$,(#1390));
#2771 = SHAPE_DEFINITION_REPRESENTATION(#2772,#2778);
#2772 = PRODUCT_DEFINITION_SHAPE('','',#2773);
#2773 = PRODUCT_DEFINITION('design','',#2774,#2777);
#2774 = PRODUCT_DEFINITION_FORMATION('','',#2775);
#2775 = PRODUCT('screw_3','screw_3','',(#2776));
#2776 = PRODUCT_CONTEXT('',#2,'mechanical');
#2777 = PRODUCT_DEFINITION_CONTEXT('part definition',#2,'design');
#2778 = ADVANCED_BREP_SHAPE_REPRESENTATION('',(#11,#2779),#3881);
#2779 = MANIFOLD_SOLID_BREP('',#2780);
#2780 = CLOSED_SHELL('',(#2781,#2898,#3138,#3186,#3381,#3409,#3487,#3536
    ,#3658,#3707,#3779,#3806,#3813,#3840,#3867,#3874));
#2781 = ADVANCED_FACE('',(#2782),#2796,.T.);
#2782 = FACE_BOUND('',#2783,.T.);
#2783 = EDGE_LOOP('',(#2784,#2817,#2845,#2871));
#2784 = ORIENTED_EDGE('',*,*,#2785,.T.);
#2785 = EDGE_CURVE('',#2786,#2788,#2790,.T.);
#2786 = VERTEX_POINT('',#2787);
#2787 = CARTESIAN_POINT('',(28.6,58.8,10.3));
#2788 = VERTEX_POINT('',#2789);
#2789 = CARTESIAN_POINT('',(28.6,58.8,1.2));
#2790 = SURFACE_CURVE('',#2791,(#2795,#2806),.PCURVE_S1.);
#2791 = LINE('',#2792,#2793);
#2792 = CARTESIAN_POINT('',(28.6,58.8,10.3));
#2793 = VECTOR('',#2794,1.);
#2794 = DIRECTION('',(0.,-1.224646799147E-16,-1.));
#2795 = PCURVE('',#2796,#2801);
#2796 = CYLINDRICAL_SURFACE('',#2797,1.);
#2797 = AXIS2_PLACEMENT_3D('',#2798,#2799,#2800);
#2798 = CARTESIAN_POINT('',(28.,58.,10.3));
#2799 = DIRECTION('',(0.,-1.224646799147E-16,-1.));
#2800 = DIRECTION('',(1.,0.,0.));
#2801 = DEFINITIONAL_REPRESENTATION('',(#2802),#2805);
#2802 = B_SPLINE_CURVE_WITH_KNOTS('',1,(#2803,#2804),.UNSPECIFIED.,.F.,
  .F.,(2,2),(-5.999999999062E-07,9.1000006),.PIECEWISE_BEZIER_KNOTS.);
#2803 = CARTESIAN_POINT('',(5.355890089178,-6.000000000042E-07));
#2804 = CARTESIAN_POINT('',(5.355890089178,9.1000006));
#2805 = ( GEOMETRIC_REPRESENTATION_CONTEXT(2) 
PARAMETRIC_REPRESENTATION_CONTEXT() REPRESENTATION_CONTEXT('2D SPACE',''
  ) );
#2806 = PCURVE('',#2807,#2812);
#2807 = PLANE('',#2808);
#2808 = AXIS2_PLACEMENT_3D('',#2809,#2810,#2811);
#2809 = CARTESIAN_POINT('',(28.6,52.,-1.));
#2810 = DIRECTION('',(1.,0.,-0.));
#2811 = DIRECTION('',(0.,0.,1.));
#2812 = DEFINITIONAL_REPRESENTATION('',(#2813),#2816);
#2813 = B_SPLINE_CURVE_WITH_KNOTS('',1,(#2814,#2815),.UNSPECIFIED.,.F.,
  .F.,(2,2),(-5.999999999062E-07,9.1000006),.PIECEWISE_BEZIER_KNOTS.);
#2814 = CARTESIAN_POINT('',(11.3000006,-6.8));
#2815 = CARTESIAN_POINT('',(2.1999994,-6.8));
#2816 = ( GEOMETRIC_REPRESENTATION_CONTEXT(2) 
PARAMETRIC_REPRESENTATION_CONTEXT() REPRESENTATION_CONTEXT('2D SPACE',''
  ) );
#2817 = ORIENTED_EDGE('',*,*,#2818,.F.);
#2818 = EDGE_CURVE('',#2819,#2788,#2821,.T.);
#2819 = VERTEX_POINT('',#2820);
#2820 = CARTESIAN_POINT('',(27.4,58.8,1.2));
#2821 = SURFACE_CURVE('',#2822,(#2827,#2834),.PCURVE_S1.);
#2822 = CIRCLE('',#2823,1.);
#2823 = AXIS2_PLACEMENT_3D('',#2824,#2825,#2826);
#2824 = CARTESIAN_POINT('',(28.,58.,1.2));
#2825 = DIRECTION('',(0.,-1.224646799147E-16,-1.));
#2826 = DIRECTION('',(1.,0.,0.));
#2827 = PCURVE('',#2796,#2828);
#2828 = DEFINITIONAL_REPRESENTATION('',(#2829),#2833);
#2829 = LINE('',#2830,#2831);
#2830 = CARTESIAN_POINT('',(0.,9.1));
#2831 = VECTOR('',#2832,1.);
#2832 = DIRECTION('',(1.,0.));
#2833 = ( GEOMETRIC_REPRESENTATION_CONTEXT(2) 
PARAMETRIC_REPRESENTATION_CONTEXT() REPRESENTATION_CONTEXT('2D SPACE',''
  ) );
#2834 = PCURVE('',#2835,#2840);
#2835 = CONICAL_SURFACE('',#2836,1.,0.785398163397);
#2836 = AXIS2_PLACEMENT_3D('',#2837,#2838,#2839);
#2837 = CARTESIAN_POINT('',(28.,58.,1.2));
#2838 = DIRECTION('',(0.,-1.224646799147E-16,-1.));
#2839 = DIRECTION('',(1.,0.,0.));
#2840 = DEFINITIONAL_REPRESENTATION('',(#2841),#2844);
#2841 = B_SPLINE_CURVE_WITH_KNOTS('',1,(#2842,#2843),.UNSPECIFIED.,.F.,
  .F.,(2,2),(0.,6.28318530718),.PIECEWISE_BEZIER_KNOTS.);
#2842 = CARTESIAN_POINT('',(0.,0.));
#2843 = CARTESIAN_POINT('',(6.28318530718,0.));
#2844 = ( GEOMETRIC_REPRESENTATION_CONTEXT(2) 
PARAMETRIC_REPRESENTATION_CONTEXT() REPRESENTATION_CONTEXT('2D SPACE',''
  ) );
#2845 = ORIENTED_EDGE('',*,*,#2846,.F.);
#2846 = EDGE_CURVE('',#2847,#2819,#2849,.T.);
#2847 = VERTEX_POINT('',#2848);
#2848 = CARTESIAN_POINT('',(27.4,58.8,10.3));
#2849 = SURFACE_CURVE('',#2850,(#2854,#2860),.PCURVE_S1.);
#2850 = LINE('',#2851,#2852);
#2851 = CARTESIAN_POINT('',(27.4,58.8,10.3));
#2852 = VECTOR('',#2853,1.);
#2853 = DIRECTION('',(0.,-1.224646799147E-16,-1.));
#2854 = PCURVE('',#2796,#2855);
#2855 = DEFINITIONAL_REPRESENTATION('',(#2856),#2859);
#2856 = B_SPLINE_CURVE_WITH_KNOTS('',1,(#2857,#2858),.UNSPECIFIED.,.F.,
  .F.,(2,2),(-5.999999999062E-07,9.1000006),.PIECEWISE_BEZIER_KNOTS.);
#2857 = CARTESIAN_POINT('',(4.068887871591,-6.000000000042E-07));
#2858 = CARTESIAN_POINT('',(4.068887871591,9.1000006));
#2859 = ( GEOMETRIC_REPRESENTATION_CONTEXT(2) 
PARAMETRIC_REPRESENTATION_CONTEXT() REPRESENTATION_CONTEXT('2D SPACE',''
  ) );
#2860 = PCURVE('',#2861,#2866);
#2861 = PLANE('',#2862);
#2862 = AXIS2_PLACEMENT_3D('',#2863,#2864,#2865);
#2863 = CARTESIAN_POINT('',(27.4,52.,-1.));
#2864 = DIRECTION('',(1.,0.,-0.));
#2865 = DIRECTION('',(0.,0.,1.));
#2866 = DEFINITIONAL_REPRESENTATION('',(#2867),#2870);
#2867 = B_SPLINE_CURVE_WITH_KNOTS('',1,(#2868,#2869),.UNSPECIFIED.,.F.,
  .F.,(2,2),(-5.999999999062E-07,9.1000006),.PIECEWISE_BEZIER_KNOTS.);
#2868 = CARTESIAN_POINT('',(11.3000006,-6.8));
#2869 = CARTESIAN_POINT('',(2.1999994,-6.8));
#2870 = ( GEOMETRIC_REPRESENTATION_CONTEXT(2) 
PARAMETRIC_REPRESENTATION_CONTEXT() REPRESENTATION_CONTEXT('2D SPACE',''
  ) );
#2871 = ORIENTED_EDGE('',*,*,#2872,.T.);
#2872 = EDGE_CURVE('',#2847,#2786,#2873,.T.);
#2873 = SURFACE_CURVE('',#2874,(#2879,#2886),.PCURVE_S1.);
#2874 = CIRCLE('',#2875,1.);
#2875 = AXIS2_PLACEMENT_3D('',#2876,#2877,#2878);
#2876 = CARTESIAN_POINT('',(28.,58.,10.3));
#2877 = DIRECTION('',(0.,-1.224646799147E-16,-1.));
#2878 = DIRECTION('',(1.,0.,0.));
#2879 = PCURVE('',#2796,#2880);
#2880 = DEFINITIONAL_REPRESENTATION('',(#2881),#2885);
#2881 = LINE('',#2882,#2883);
#2882 = CARTESIAN_POINT('',(0.,0.));
#2883 = VECTOR('',#2884,1.);
#2884 = DIRECTION('',(1.,0.));
#2885 = ( GEOMETRIC_REPRESENTATION_CONTEXT(2) 
PARAMETRIC_REPRESENTATION_CONTEXT() REPRESENTATION_CONTEXT('2D SPACE',''
  ) );
#2886 = PCURVE('',#2887,#2892);
#2887 = PLANE('',#2888);
#2888 = AXIS2_PLACEMENT_3D('',#2889,#2890,#2891);
#2889 = CARTESIAN_POINT('',(28.,58.,10.3));
#2890 = DIRECTION('',(0.,-1.224646799147E-16,-1.));
#2891 = DIRECTION('',(1.,0.,0.));
#2892 = DEFINITIONAL_REPRESENTATION('',(#2893),#2897);
#2893 = CIRCLE('',#2894,1.);
#2894 = AXIS2_PLACEMENT_2D('',#2895,#2896);
#2895 = CARTESIAN_POINT('',(0.,0.));
#2896 = DIRECTION('',(1.,0.));
#2897 = ( GEOMETRIC_REPRESENTATION_CONTEXT(2) 
PARAMETRIC_REPRESENTATION_CONTEXT() REPRESENTATION_CONTEXT('2D SPACE',''
  ) );
#2898 = ADVANCED_FACE('',(#2899),#2807,.T.);
#2899 = FACE_BOUND('',#2900,.T.);
#2900 = EDGE_LOOP('',(#2901,#2902,#2923,#2949,#2982,#3008,#3034,#3060,
    #3086,#3112));
#2901 = ORIENTED_EDGE('',*,*,#2785,.F.);
#2902 = ORIENTED_EDGE('',*,*,#2903,.T.);
#2903 = EDGE_CURVE('',#2786,#2904,#2906,.T.);
#2904 = VERTEX_POINT('',#2905);
#2905 = CARTESIAN_POINT('',(28.6,57.2,10.3));
#2906 = SURFACE_CURVE('',#2907,(#2911,#2917),.PCURVE_S1.);
#2907 = LINE('',#2908,#2909);
#2908 = CARTESIAN_POINT('',(28.6,55.,10.3));
#2909 = VECTOR('',#2910,1.);
#2910 = DIRECTION('',(0.,-1.,1.224646799147E-16));
#2911 = PCURVE('',#2807,#2912);
#2912 = DEFINITIONAL_REPRESENTATION('',(#2913),#2916);
#2913 = B_SPLINE_CURVE_WITH_KNOTS('',1,(#2914,#2915),.UNSPECIFIED.,.F.,
  .F.,(2,2),(-4.,-2.),.PIECEWISE_BEZIER_KNOTS.);
#2914 = CARTESIAN_POINT('',(11.3,-7.));
#2915 = CARTESIAN_POINT('',(11.3,-5.));
#2916 = ( GEOMETRIC_REPRESENTATION_CONTEXT(2) 
PARAMETRIC_REPRESENTATION_CONTEXT() REPRESENTATION_CONTEXT('2D SPACE',''
  ) );
#2917 = PCURVE('',#2887,#2918);
#2918 = DEFINITIONAL_REPRESENTATION('',(#2919),#2922);
#2919 = B_SPLINE_CURVE_WITH_KNOTS('',1,(#2920,#2921),.UNSPECIFIED.,.F.,
  .F.,(2,2),(-4.,-2.),.PIECEWISE_BEZIER_KNOTS.);
#2920 = CARTESIAN_POINT('',(0.6,-1.));
#2921 = CARTESIAN_POINT('',(0.6,1.));
#2922 = ( GEOMETRIC_REPRESENTATION_CONTEXT(2) 
PARAMETRIC_REPRESENTATION_CONTEXT() REPRESENTATION_CONTEXT('2D SPACE',''
  ) );
#2923 = ORIENTED_EDGE('',*,*,#2924,.T.);
#2924 = EDGE_CURVE('',#2904,#2925,#2927,.T.);
#2925 = VERTEX_POINT('',#2926);
#2926 = CARTESIAN_POINT('',(28.6,57.2,1.2));
#2927 = SURFACE_CURVE('',#2928,(#2932,#2938),.PCURVE_S1.);
#2928 = LINE('',#2929,#2930);
#2929 = CARTESIAN_POINT('',(28.6,57.2,10.3));
#2930 = VECTOR('',#2931,1.);
#2931 = DIRECTION('',(0.,-1.224646799147E-16,-1.));
#2932 = PCURVE('',#2807,#2933);
#2933 = DEFINITIONAL_REPRESENTATION('',(#2934),#2937);
#2934 = B_SPLINE_CURVE_WITH_KNOTS('',1,(#2935,#2936),.UNSPECIFIED.,.F.,
  .F.,(2,2),(-5.999999999062E-07,9.1000006),.PIECEWISE_BEZIER_KNOTS.);
#2935 = CARTESIAN_POINT('',(11.3000006,-5.2));
#2936 = CARTESIAN_POINT('',(2.1999994,-5.2));
#2937 = ( GEOMETRIC_REPRESENTATION_CONTEXT(2) 
PARAMETRIC_REPRESENTATION_CONTEXT() REPRESENTATION_CONTEXT('2D SPACE',''
  ) );
#2938 = PCURVE('',#2939,#2944);
#2939 = CYLINDRICAL_SURFACE('',#2940,1.);
#2940 = AXIS2_PLACEMENT_3D('',#2941,#2942,#2943);
#2941 = CARTESIAN_POINT('',(28.,58.,10.3));
#2942 = DIRECTION('',(0.,-1.224646799147E-16,-1.));
#2943 = DIRECTION('',(1.,0.,0.));
#2944 = DEFINITIONAL_REPRESENTATION('',(#2945),#2948);
#2945 = B_SPLINE_CURVE_WITH_KNOTS('',1,(#2946,#2947),.UNSPECIFIED.,.F.,
  .F.,(2,2),(-5.999999999062E-07,9.1000006),.PIECEWISE_BEZIER_KNOTS.);
#2946 = CARTESIAN_POINT('',(0.927295218002,-5.999999998083E-07));
#2947 = CARTESIAN_POINT('',(0.927295218002,9.1000006));
#2948 = ( GEOMETRIC_REPRESENTATION_CONTEXT(2) 
PARAMETRIC_REPRESENTATION_CONTEXT() REPRESENTATION_CONTEXT('2D SPACE',''
  ) );
#2949 = ORIENTED_EDGE('',*,*,#2950,.F.);
#2950 = EDGE_CURVE('',#2951,#2925,#2953,.T.);
#2951 = VERTEX_POINT('',#2952);
#2952 = CARTESIAN_POINT('',(28.6,56.197224362268,0.3));
#2953 = SURFACE_CURVE('',#2954,(#2959,#2966),.PCURVE_S1.);
#2954 = HYPERBOLA('',#2955,0.6,0.6);
#2955 = AXIS2_PLACEMENT_3D('',#2956,#2957,#2958);
#2956 = CARTESIAN_POINT('',(28.6,58.,2.2));
#2957 = DIRECTION('',(1.,0.,0.));
#2958 = DIRECTION('',(0.,-1.224646799147E-16,-1.));
#2959 = PCURVE('',#2807,#2960);
#2960 = DEFINITIONAL_REPRESENTATION('',(#2961),#2965);
#2961 = ( BOUNDED_CURVE() B_SPLINE_CURVE(2,(#2962,#2963,#2964),
.UNSPECIFIED.,.F.,.F.) B_SPLINE_CURVE_WITH_KNOTS((3,3),(-1.819908334538,
-1.098612288668),.PIECEWISE_BEZIER_KNOTS.) CURVE() 
GEOMETRIC_REPRESENTATION_ITEM() RATIONAL_B_SPLINE_CURVE((1.,
1.065741454089,1.)) REPRESENTATION_ITEM('') );
#2962 = CARTESIAN_POINT('',(1.3,-4.197224362268));
#2963 = CARTESIAN_POINT('',(1.923372237867,-4.854215297334));
#2964 = CARTESIAN_POINT('',(2.2,-5.2));
#2965 = ( GEOMETRIC_REPRESENTATION_CONTEXT(2) 
PARAMETRIC_REPRESENTATION_CONTEXT() REPRESENTATION_CONTEXT('2D SPACE',''
  ) );
#2966 = PCURVE('',#2967,#2972);
#2967 = CONICAL_SURFACE('',#2968,1.,0.785398163397);
#2968 = AXIS2_PLACEMENT_3D('',#2969,#2970,#2971);
#2969 = CARTESIAN_POINT('',(28.,58.,1.2));
#2970 = DIRECTION('',(0.,-1.224646799147E-16,-1.));
#2971 = DIRECTION('',(1.,0.,0.));
#2972 = DEFINITIONAL_REPRESENTATION('',(#2973),#2981);
#2973 = B_SPLINE_CURVE_WITH_KNOTS('',6,(#2974,#2975,#2976,#2977,#2978,
    #2979,#2980),.UNSPECIFIED.,.F.,.F.,(7,7),(-1.819908334538,
    -1.098612288668),.PIECEWISE_BEZIER_KNOTS.);
#2974 = CARTESIAN_POINT('',(1.24950773753,0.9));
#2975 = CARTESIAN_POINT('',(1.211544787747,0.683277510152));
#2976 = CARTESIAN_POINT('',(1.168385955953,0.499505177353));
#2977 = CARTESIAN_POINT('',(1.119237787768,0.343046416904));
#2978 = CARTESIAN_POINT('',(1.063229815552,0.20968801667));
#2979 = CARTESIAN_POINT('',(0.999424822589,9.617280611592E-02));
#2980 = CARTESIAN_POINT('',(0.927295218002,2.109423746788E-15));
#2981 = ( GEOMETRIC_REPRESENTATION_CONTEXT(2) 
PARAMETRIC_REPRESENTATION_CONTEXT() REPRESENTATION_CONTEXT('2D SPACE',''
  ) );
#2982 = ORIENTED_EDGE('',*,*,#2983,.F.);
#2983 = EDGE_CURVE('',#2984,#2951,#2986,.T.);
#2984 = VERTEX_POINT('',#2985);
#2985 = CARTESIAN_POINT('',(28.6,57.739230484541,0.3));
#2986 = SURFACE_CURVE('',#2987,(#2991,#2997),.PCURVE_S1.);
#2987 = LINE('',#2988,#2989);
#2988 = CARTESIAN_POINT('',(28.6,55.,0.3));
#2989 = VECTOR('',#2990,1.);
#2990 = DIRECTION('',(0.,-1.,1.224646799147E-16));
#2991 = PCURVE('',#2807,#2992);
#2992 = DEFINITIONAL_REPRESENTATION('',(#2993),#2996);
#2993 = B_SPLINE_CURVE_WITH_KNOTS('',1,(#2994,#2995),.UNSPECIFIED.,.F.,
  .F.,(2,2),(-4.9,-1.1),.PIECEWISE_BEZIER_KNOTS.);
#2994 = CARTESIAN_POINT('',(1.3,-7.9));
#2995 = CARTESIAN_POINT('',(1.3,-4.1));
#2996 = ( GEOMETRIC_REPRESENTATION_CONTEXT(2) 
PARAMETRIC_REPRESENTATION_CONTEXT() REPRESENTATION_CONTEXT('2D SPACE',''
  ) );
#2997 = PCURVE('',#2998,#3003);
#2998 = PLANE('',#2999);
#2999 = AXIS2_PLACEMENT_3D('',#3000,#3001,#3002);
#3000 = CARTESIAN_POINT('',(28.,58.,0.3));
#3001 = DIRECTION('',(0.,-1.224646799147E-16,-1.));
#3002 = DIRECTION('',(1.,0.,0.));
#3003 = DEFINITIONAL_REPRESENTATION('',(#3004),#3007);
#3004 = B_SPLINE_CURVE_WITH_KNOTS('',1,(#3005,#3006),.UNSPECIFIED.,.F.,
  .F.,(2,2),(-4.9,-1.1),.PIECEWISE_BEZIER_KNOTS.);
#3005 = CARTESIAN_POINT('',(0.6,-1.9));
#3006 = CARTESIAN_POINT('',(0.6,1.9));
#3007 = ( GEOMETRIC_REPRESENTATION_CONTEXT(2) 
PARAMETRIC_REPRESENTATION_CONTEXT() REPRESENTATION_CONTEXT('2D SPACE',''
  ) );
#3008 = ORIENTED_EDGE('',*,*,#3009,.T.);
#3009 = EDGE_CURVE('',#2984,#3010,#3012,.T.);
#3010 = VERTEX_POINT('',#3011);
#3011 = CARTESIAN_POINT('',(28.6,57.739230484541,0.9));
#3012 = SURFACE_CURVE('',#3013,(#3017,#3023),.PCURVE_S1.);
#3013 = LINE('',#3014,#3015);
#3014 = CARTESIAN_POINT('',(28.6,57.739230484541,-0.35));
#3015 = VECTOR('',#3016,1.);
#3016 = DIRECTION('',(0.,1.224646799147E-16,1.));
#3017 = PCURVE('',#2807,#3018);
#3018 = DEFINITIONAL_REPRESENTATION('',(#3019),#3022);
#3019 = B_SPLINE_CURVE_WITH_KNOTS('',1,(#3020,#3021),.UNSPECIFIED.,.F.,
  .F.,(2,2),(0.65,1.25),.PIECEWISE_BEZIER_KNOTS.);
#3020 = CARTESIAN_POINT('',(1.3,-5.739230484541));
#3021 = CARTESIAN_POINT('',(1.9,-5.739230484541));
#3022 = ( GEOMETRIC_REPRESENTATION_CONTEXT(2) 
PARAMETRIC_REPRESENTATION_CONTEXT() REPRESENTATION_CONTEXT('2D SPACE',''
  ) );
#3023 = PCURVE('',#3024,#3029);
#3024 = PLANE('',#3025);
#3025 = AXIS2_PLACEMENT_3D('',#3026,#3027,#3028);
#3026 = CARTESIAN_POINT('',(28.750555349947,58.,0.3));
#3027 = DIRECTION('',(0.866025403784,-0.5,6.123233995737E-17));
#3028 = DIRECTION('',(-0.5,-0.866025403784,1.060575238725E-16));
#3029 = DEFINITIONAL_REPRESENTATION('',(#3030),#3033);
#3030 = B_SPLINE_CURVE_WITH_KNOTS('',1,(#3031,#3032),.UNSPECIFIED.,.F.,
  .F.,(2,2),(0.65,1.25),.PIECEWISE_BEZIER_KNOTS.);
#3031 = CARTESIAN_POINT('',(0.301110699893,0.));
#3032 = CARTESIAN_POINT('',(0.301110699893,-0.6));
#3033 = ( GEOMETRIC_REPRESENTATION_CONTEXT(2) 
PARAMETRIC_REPRESENTATION_CONTEXT() REPRESENTATION_CONTEXT('2D SPACE',''
  ) );
#3034 = ORIENTED_EDGE('',*,*,#3035,.F.);
#3035 = EDGE_CURVE('',#3036,#3010,#3038,.T.);
#3036 = VERTEX_POINT('',#3037);
#3037 = CARTESIAN_POINT('',(28.6,58.260769515459,0.9));
#3038 = SURFACE_CURVE('',#3039,(#3043,#3049),.PCURVE_S1.);
#3039 = LINE('',#3040,#3041);
#3040 = CARTESIAN_POINT('',(28.6,55.,0.9));
#3041 = VECTOR('',#3042,1.);
#3042 = DIRECTION('',(0.,-1.,1.224646799147E-16));
#3043 = PCURVE('',#2807,#3044);
#3044 = DEFINITIONAL_REPRESENTATION('',(#3045),#3048);
#3045 = B_SPLINE_CURVE_WITH_KNOTS('',1,(#3046,#3047),.UNSPECIFIED.,.F.,
  .F.,(2,2),(-3.65,-2.35),.PIECEWISE_BEZIER_KNOTS.);
#3046 = CARTESIAN_POINT('',(1.9,-6.65));
#3047 = CARTESIAN_POINT('',(1.9,-5.35));
#3048 = ( GEOMETRIC_REPRESENTATION_CONTEXT(2) 
PARAMETRIC_REPRESENTATION_CONTEXT() REPRESENTATION_CONTEXT('2D SPACE',''
  ) );
#3049 = PCURVE('',#3050,#3055);
#3050 = PLANE('',#3051);
#3051 = AXIS2_PLACEMENT_3D('',#3052,#3053,#3054);
#3052 = CARTESIAN_POINT('',(28.,58.,0.9));
#3053 = DIRECTION('',(0.,-1.224646799147E-16,-1.));
#3054 = DIRECTION('',(1.,0.,0.));
#3055 = DEFINITIONAL_REPRESENTATION('',(#3056),#3059);
#3056 = B_SPLINE_CURVE_WITH_KNOTS('',1,(#3057,#3058),.UNSPECIFIED.,.F.,
  .F.,(2,2),(-3.65,-2.35),.PIECEWISE_BEZIER_KNOTS.);
#3057 = CARTESIAN_POINT('',(0.6,-0.65));
#3058 = CARTESIAN_POINT('',(0.6,0.65));
#3059 = ( GEOMETRIC_REPRESENTATION_CONTEXT(2) 
PARAMETRIC_REPRESENTATION_CONTEXT() REPRESENTATION_CONTEXT('2D SPACE',''
  ) );
#3060 = ORIENTED_EDGE('',*,*,#3061,.T.);
#3061 = EDGE_CURVE('',#3036,#3062,#3064,.T.);
#3062 = VERTEX_POINT('',#3063);
#3063 = CARTESIAN_POINT('',(28.6,58.260769515459,0.3));
#3064 = SURFACE_CURVE('',#3065,(#3069,#3075),.PCURVE_S1.);
#3065 = LINE('',#3066,#3067);
#3066 = CARTESIAN_POINT('',(28.6,58.260769515459,-0.35));
#3067 = VECTOR('',#3068,1.);
#3068 = DIRECTION('',(0.,-1.224646799147E-16,-1.));
#3069 = PCURVE('',#2807,#3070);
#3070 = DEFINITIONAL_REPRESENTATION('',(#3071),#3074);
#3071 = B_SPLINE_CURVE_WITH_KNOTS('',1,(#3072,#3073),.UNSPECIFIED.,.F.,
  .F.,(2,2),(-1.25,-0.65),.PIECEWISE_BEZIER_KNOTS.);
#3072 = CARTESIAN_POINT('',(1.9,-6.260769515459));
#3073 = CARTESIAN_POINT('',(1.3,-6.260769515459));
#3074 = ( GEOMETRIC_REPRESENTATION_CONTEXT(2) 
PARAMETRIC_REPRESENTATION_CONTEXT() REPRESENTATION_CONTEXT('2D SPACE',''
  ) );
#3075 = PCURVE('',#3076,#3081);
#3076 = PLANE('',#3077);
#3077 = AXIS2_PLACEMENT_3D('',#3078,#3079,#3080);
#3078 = CARTESIAN_POINT('',(28.375277674973,58.65,0.3));
#3079 = DIRECTION('',(0.866025403784,0.5,-6.123233995737E-17));
#3080 = DIRECTION('',(0.5,-0.866025403784,1.060575238725E-16));
#3081 = DEFINITIONAL_REPRESENTATION('',(#3082),#3085);
#3082 = B_SPLINE_CURVE_WITH_KNOTS('',1,(#3083,#3084),.UNSPECIFIED.,.F.,
  .F.,(2,2),(-1.25,-0.65),.PIECEWISE_BEZIER_KNOTS.);
#3083 = CARTESIAN_POINT('',(0.449444650053,-0.6));
#3084 = CARTESIAN_POINT('',(0.449444650053,0.));
#3085 = ( GEOMETRIC_REPRESENTATION_CONTEXT(2) 
PARAMETRIC_REPRESENTATION_CONTEXT() REPRESENTATION_CONTEXT('2D SPACE',''
  ) );
#3086 = ORIENTED_EDGE('',*,*,#3087,.F.);
#3087 = EDGE_CURVE('',#3088,#3062,#3090,.T.);
#3088 = VERTEX_POINT('',#3089);
#3089 = CARTESIAN_POINT('',(28.6,59.802775637732,0.3));
#3090 = SURFACE_CURVE('',#3091,(#3095,#3101),.PCURVE_S1.);
#3091 = LINE('',#3092,#3093);
#3092 = CARTESIAN_POINT('',(28.6,55.,0.3));
#3093 = VECTOR('',#3094,1.);
#3094 = DIRECTION('',(0.,-1.,1.224646799147E-16));
#3095 = PCURVE('',#2807,#3096);
#3096 = DEFINITIONAL_REPRESENTATION('',(#3097),#3100);
#3097 = B_SPLINE_CURVE_WITH_KNOTS('',1,(#3098,#3099),.UNSPECIFIED.,.F.,
  .F.,(2,2),(-4.9,-1.1),.PIECEWISE_BEZIER_KNOTS.);
#3098 = CARTESIAN_POINT('',(1.3,-7.9));
#3099 = CARTESIAN_POINT('',(1.3,-4.1));
#3100 = ( GEOMETRIC_REPRESENTATION_CONTEXT(2) 
PARAMETRIC_REPRESENTATION_CONTEXT() REPRESENTATION_CONTEXT('2D SPACE',''
  ) );
#3101 = PCURVE('',#3102,#3107);
#3102 = PLANE('',#3103);
#3103 = AXIS2_PLACEMENT_3D('',#3104,#3105,#3106);
#3104 = CARTESIAN_POINT('',(28.,58.,0.3));
#3105 = DIRECTION('',(0.,-1.224646799147E-16,-1.));
#3106 = DIRECTION('',(1.,0.,0.));
#3107 = DEFINITIONAL_REPRESENTATION('',(#3108),#3111);
#3108 = B_SPLINE_CURVE_WITH_KNOTS('',1,(#3109,#3110),.UNSPECIFIED.,.F.,
  .F.,(2,2),(-4.9,-1.1),.PIECEWISE_BEZIER_KNOTS.);
#3109 = CARTESIAN_POINT('',(0.6,-1.9));
#3110 = CARTESIAN_POINT('',(0.6,1.9));
#3111 = ( GEOMETRIC_REPRESENTATION_CONTEXT(2) 
PARAMETRIC_REPRESENTATION_CONTEXT() REPRESENTATION_CONTEXT('2D SPACE',''
  ) );
#3112 = ORIENTED_EDGE('',*,*,#3113,.F.);
#3113 = EDGE_CURVE('',#2788,#3088,#3114,.T.);
#3114 = SURFACE_CURVE('',#3115,(#3120,#3127),.PCURVE_S1.);
#3115 = HYPERBOLA('',#3116,0.6,0.6);
#3116 = AXIS2_PLACEMENT_3D('',#3117,#3118,#3119);
#3117 = CARTESIAN_POINT('',(28.6,58.,2.2));
#3118 = DIRECTION('',(1.,0.,0.));
#3119 = DIRECTION('',(0.,-1.224646799147E-16,-1.));
#3120 = PCURVE('',#2807,#3121);
#3121 = DEFINITIONAL_REPRESENTATION('',(#3122),#3126);
#3122 = ( BOUNDED_CURVE() B_SPLINE_CURVE(2,(#3123,#3124,#3125),
.UNSPECIFIED.,.F.,.F.) B_SPLINE_CURVE_WITH_KNOTS((3,3),(1.098612288668,
1.819908334538),.PIECEWISE_BEZIER_KNOTS.) CURVE() 
GEOMETRIC_REPRESENTATION_ITEM() RATIONAL_B_SPLINE_CURVE((1.,
1.065741454089,1.)) REPRESENTATION_ITEM('') );
#3123 = CARTESIAN_POINT('',(2.2,-6.8));
#3124 = CARTESIAN_POINT('',(1.923372237867,-7.145784702666));
#3125 = CARTESIAN_POINT('',(1.3,-7.802775637732));
#3126 = ( GEOMETRIC_REPRESENTATION_CONTEXT(2) 
PARAMETRIC_REPRESENTATION_CONTEXT() REPRESENTATION_CONTEXT('2D SPACE',''
  ) );
#3127 = PCURVE('',#2835,#3128);
#3128 = DEFINITIONAL_REPRESENTATION('',(#3129),#3137);
#3129 = B_SPLINE_CURVE_WITH_KNOTS('',6,(#3130,#3131,#3132,#3133,#3134,
    #3135,#3136),.UNSPECIFIED.,.F.,.F.,(7,7),(1.098612288668,
    1.819908334538),.PIECEWISE_BEZIER_KNOTS.);
#3130 = CARTESIAN_POINT('',(5.355890089178,2.331468351713E-15));
#3131 = CARTESIAN_POINT('',(5.283760484591,9.617280611592E-02));
#3132 = CARTESIAN_POINT('',(5.219955491628,0.20968801667));
#3133 = CARTESIAN_POINT('',(5.163947519411,0.343046416904));
#3134 = CARTESIAN_POINT('',(5.114799351227,0.499505177353));
#3135 = CARTESIAN_POINT('',(5.071640519432,0.683277510152));
#3136 = CARTESIAN_POINT('',(5.033677569649,0.9));
#3137 = ( GEOMETRIC_REPRESENTATION_CONTEXT(2) 
PARAMETRIC_REPRESENTATION_CONTEXT() REPRESENTATION_CONTEXT('2D SPACE',''
  ) );
#3138 = ADVANCED_FACE('',(#3139),#2887,.F.);
#3139 = FACE_BOUND('',#3140,.F.);
#3140 = EDGE_LOOP('',(#3141,#3142,#3166,#3185));
#3141 = ORIENTED_EDGE('',*,*,#2903,.T.);
#3142 = ORIENTED_EDGE('',*,*,#3143,.T.);
#3143 = EDGE_CURVE('',#2904,#3144,#3146,.T.);
#3144 = VERTEX_POINT('',#3145);
#3145 = CARTESIAN_POINT('',(27.4,57.2,10.3));
#3146 = SURFACE_CURVE('',#3147,(#3152,#3159),.PCURVE_S1.);
#3147 = CIRCLE('',#3148,1.);
#3148 = AXIS2_PLACEMENT_3D('',#3149,#3150,#3151);
#3149 = CARTESIAN_POINT('',(28.,58.,10.3));
#3150 = DIRECTION('',(0.,-1.224646799147E-16,-1.));
#3151 = DIRECTION('',(1.,0.,0.));
#3152 = PCURVE('',#2887,#3153);
#3153 = DEFINITIONAL_REPRESENTATION('',(#3154),#3158);
#3154 = CIRCLE('',#3155,1.);
#3155 = AXIS2_PLACEMENT_2D('',#3156,#3157);
#3156 = CARTESIAN_POINT('',(0.,0.));
#3157 = DIRECTION('',(1.,0.));
#3158 = ( GEOMETRIC_REPRESENTATION_CONTEXT(2) 
PARAMETRIC_REPRESENTATION_CONTEXT() REPRESENTATION_CONTEXT('2D SPACE',''
  ) );
#3159 = PCURVE('',#2939,#3160);
#3160 = DEFINITIONAL_REPRESENTATION('',(#3161),#3165);
#3161 = LINE('',#3162,#3163);
#3162 = CARTESIAN_POINT('',(0.,0.));
#3163 = VECTOR('',#3164,1.);
#3164 = DIRECTION('',(1.,0.));
#3165 = ( GEOMETRIC_REPRESENTATION_CONTEXT(2) 
PARAMETRIC_REPRESENTATION_CONTEXT() REPRESENTATION_CONTEXT('2D SPACE',''
  ) );
#3166 = ORIENTED_EDGE('',*,*,#3167,.F.);
#3167 = EDGE_CURVE('',#2847,#3144,#3168,.T.);
#3168 = SURFACE_CURVE('',#3169,(#3173,#3179),.PCURVE_S1.);
#3169 = LINE('',#3170,#3171);
#3170 = CARTESIAN_POINT('',(27.4,55.,10.3));
#3171 = VECTOR('',#3172,1.);
#3172 = DIRECTION('',(0.,-1.,1.224646799147E-16));
#3173 = PCURVE('',#2887,#3174);
#3174 = DEFINITIONAL_REPRESENTATION('',(#3175),#3178);
#3175 = B_SPLINE_CURVE_WITH_KNOTS('',1,(#3176,#3177),.UNSPECIFIED.,.F.,
  .F.,(2,2),(-4.,-2.),.PIECEWISE_BEZIER_KNOTS.);
#3176 = CARTESIAN_POINT('',(-0.6,-1.));
#3177 = CARTESIAN_POINT('',(-0.6,1.));
#3178 = ( GEOMETRIC_REPRESENTATION_CONTEXT(2) 
PARAMETRIC_REPRESENTATION_CONTEXT() REPRESENTATION_CONTEXT('2D SPACE',''
  ) );
#3179 = PCURVE('',#2861,#3180);
#3180 = DEFINITIONAL_REPRESENTATION('',(#3181),#3184);
#3181 = B_SPLINE_CURVE_WITH_KNOTS('',1,(#3182,#3183),.UNSPECIFIED.,.F.,
  .F.,(2,2),(-4.,-2.),.PIECEWISE_BEZIER_KNOTS.);
#3182 = CARTESIAN_POINT('',(11.3,-7.));
#3183 = CARTESIAN_POINT('',(11.3,-5.));
#3184 = ( GEOMETRIC_REPRESENTATION_CONTEXT(2) 
PARAMETRIC_REPRESENTATION_CONTEXT() REPRESENTATION_CONTEXT('2D SPACE',''
  ) );
#3185 = ORIENTED_EDGE('',*,*,#2872,.T.);
#3186 = ADVANCED_FACE('',(#3187),#2861,.F.);
#3187 = FACE_BOUND('',#3188,.F.);
#3188 = EDGE_LOOP('',(#3189,#3190,#3191,#3212,#3240,#3261,#3287,#3308,
    #3334,#3355));
#3189 = ORIENTED_EDGE('',*,*,#2846,.F.);
#3190 = ORIENTED_EDGE('',*,*,#3167,.T.);
#3191 = ORIENTED_EDGE('',*,*,#3192,.T.);
#3192 = EDGE_CURVE('',#3144,#3193,#3195,.T.);
#3193 = VERTEX_POINT('',#3194);
#3194 = CARTESIAN_POINT('',(27.4,57.2,1.2));
#3195 = SURFACE_CURVE('',#3196,(#3200,#3206),.PCURVE_S1.);
#3196 = LINE('',#3197,#3198);
#3197 = CARTESIAN_POINT('',(27.4,57.2,10.3));
#3198 = VECTOR('',#3199,1.);
#3199 = DIRECTION('',(0.,-1.224646799147E-16,-1.));
#3200 = PCURVE('',#2861,#3201);
#3201 = DEFINITIONAL_REPRESENTATION('',(#3202),#3205);
#3202 = B_SPLINE_CURVE_WITH_KNOTS('',1,(#3203,#3204),.UNSPECIFIED.,.F.,
  .F.,(2,2),(-5.999999999062E-07,9.1000006),.PIECEWISE_BEZIER_KNOTS.);
#3203 = CARTESIAN_POINT('',(11.3000006,-5.2));
#3204 = CARTESIAN_POINT('',(2.1999994,-5.2));
#3205 = ( GEOMETRIC_REPRESENTATION_CONTEXT(2) 
PARAMETRIC_REPRESENTATION_CONTEXT() REPRESENTATION_CONTEXT('2D SPACE',''
  ) );
#3206 = PCURVE('',#2939,#3207);
#3207 = DEFINITIONAL_REPRESENTATION('',(#3208),#3211);
#3208 = B_SPLINE_CURVE_WITH_KNOTS('',1,(#3209,#3210),.UNSPECIFIED.,.F.,
  .F.,(2,2),(-5.999999999062E-07,9.1000006),.PIECEWISE_BEZIER_KNOTS.);
#3209 = CARTESIAN_POINT('',(2.214297435588,-5.999999998083E-07));
#3210 = CARTESIAN_POINT('',(2.214297435588,9.1000006));
#3211 = ( GEOMETRIC_REPRESENTATION_CONTEXT(2) 
PARAMETRIC_REPRESENTATION_CONTEXT() REPRESENTATION_CONTEXT('2D SPACE',''
  ) );
#3212 = ORIENTED_EDGE('',*,*,#3213,.F.);
#3213 = EDGE_CURVE('',#3214,#3193,#3216,.T.);
#3214 = VERTEX_POINT('',#3215);
#3215 = CARTESIAN_POINT('',(27.4,56.197224362268,0.3));
#3216 = SURFACE_CURVE('',#3217,(#3222,#3229),.PCURVE_S1.);
#3217 = HYPERBOLA('',#3218,0.6,0.6);
#3218 = AXIS2_PLACEMENT_3D('',#3219,#3220,#3221);
#3219 = CARTESIAN_POINT('',(27.4,58.,2.2));
#3220 = DIRECTION('',(1.,0.,0.));
#3221 = DIRECTION('',(0.,-1.224646799147E-16,-1.));
#3222 = PCURVE('',#2861,#3223);
#3223 = DEFINITIONAL_REPRESENTATION('',(#3224),#3228);
#3224 = ( BOUNDED_CURVE() B_SPLINE_CURVE(2,(#3225,#3226,#3227),
.UNSPECIFIED.,.F.,.F.) B_SPLINE_CURVE_WITH_KNOTS((3,3),(-1.819908334538,
-1.098612288668),.PIECEWISE_BEZIER_KNOTS.) CURVE() 
GEOMETRIC_REPRESENTATION_ITEM() RATIONAL_B_SPLINE_CURVE((1.,
1.065741454089,1.)) REPRESENTATION_ITEM('') );
#3225 = CARTESIAN_POINT('',(1.3,-4.197224362268));
#3226 = CARTESIAN_POINT('',(1.923372237867,-4.854215297334));
#3227 = CARTESIAN_POINT('',(2.2,-5.2));
#3228 = ( GEOMETRIC_REPRESENTATION_CONTEXT(2) 
PARAMETRIC_REPRESENTATION_CONTEXT() REPRESENTATION_CONTEXT('2D SPACE',''
  ) );
#3229 = PCURVE('',#2967,#3230);
#3230 = DEFINITIONAL_REPRESENTATION('',(#3231),#3239);
#3231 = B_SPLINE_CURVE_WITH_KNOTS('',6,(#3232,#3233,#3234,#3235,#3236,
    #3237,#3238),.UNSPECIFIED.,.F.,.F.,(7,7),(-1.819908334538,
    -1.098612288668),.PIECEWISE_BEZIER_KNOTS.);
#3232 = CARTESIAN_POINT('',(1.89208491606,0.9));
#3233 = CARTESIAN_POINT('',(1.930047865842,0.683277510152));
#3234 = CARTESIAN_POINT('',(1.973206697637,0.499505177353));
#3235 = CARTESIAN_POINT('',(2.022354865821,0.343046416904));
#3236 = CARTESIAN_POINT('',(2.078362838038,0.20968801667));
#3237 = CARTESIAN_POINT('',(2.142167831001,9.617280611592E-02));
#3238 = CARTESIAN_POINT('',(2.214297435588,-1.387778780781E-15));
#3239 = ( GEOMETRIC_REPRESENTATION_CONTEXT(2) 
PARAMETRIC_REPRESENTATION_CONTEXT() REPRESENTATION_CONTEXT('2D SPACE',''
  ) );
#3240 = ORIENTED_EDGE('',*,*,#3241,.F.);
#3241 = EDGE_CURVE('',#3242,#3214,#3244,.T.);
#3242 = VERTEX_POINT('',#3243);
#3243 = CARTESIAN_POINT('',(27.4,57.739230484541,0.3));
#3244 = SURFACE_CURVE('',#3245,(#3249,#3255),.PCURVE_S1.);
#3245 = LINE('',#3246,#3247);
#3246 = CARTESIAN_POINT('',(27.4,55.,0.3));
#3247 = VECTOR('',#3248,1.);
#3248 = DIRECTION('',(0.,-1.,1.224646799147E-16));
#3249 = PCURVE('',#2861,#3250);
#3250 = DEFINITIONAL_REPRESENTATION('',(#3251),#3254);
#3251 = B_SPLINE_CURVE_WITH_KNOTS('',1,(#3252,#3253),.UNSPECIFIED.,.F.,
  .F.,(2,2),(-4.9,-1.1),.PIECEWISE_BEZIER_KNOTS.);
#3252 = CARTESIAN_POINT('',(1.3,-7.9));
#3253 = CARTESIAN_POINT('',(1.3,-4.1));
#3254 = ( GEOMETRIC_REPRESENTATION_CONTEXT(2) 
PARAMETRIC_REPRESENTATION_CONTEXT() REPRESENTATION_CONTEXT('2D SPACE',''
  ) );
#3255 = PCURVE('',#2998,#3256);
#3256 = DEFINITIONAL_REPRESENTATION('',(#3257),#3260);
#3257 = B_SPLINE_CURVE_WITH_KNOTS('',1,(#3258,#3259),.UNSPECIFIED.,.F.,
  .F.,(2,2),(-4.9,-1.1),.PIECEWISE_BEZIER_KNOTS.);
#3258 = CARTESIAN_POINT('',(-0.6,-1.9));
#3259 = CARTESIAN_POINT('',(-0.6,1.9));
#3260 = ( GEOMETRIC_REPRESENTATION_CONTEXT(2) 
PARAMETRIC_REPRESENTATION_CONTEXT() REPRESENTATION_CONTEXT('2D SPACE',''
  ) );
#3261 = ORIENTED_EDGE('',*,*,#3262,.T.);
#3262 = EDGE_CURVE('',#3242,#3263,#3265,.T.);
#3263 = VERTEX_POINT('',#3264);
#3264 = CARTESIAN_POINT('',(27.4,57.739230484541,0.9));
#3265 = SURFACE_CURVE('',#3266,(#3270,#3276),.PCURVE_S1.);
#3266 = LINE('',#3267,#3268);
#3267 = CARTESIAN_POINT('',(27.4,57.739230484541,-0.35));
#3268 = VECTOR('',#3269,1.);
#3269 = DIRECTION('',(0.,1.224646799147E-16,1.));
#3270 = PCURVE('',#2861,#3271);
#3271 = DEFINITIONAL_REPRESENTATION('',(#3272),#3275);
#3272 = B_SPLINE_CURVE_WITH_KNOTS('',1,(#3273,#3274),.UNSPECIFIED.,.F.,
  .F.,(2,2),(0.65,1.25),.PIECEWISE_BEZIER_KNOTS.);
#3273 = CARTESIAN_POINT('',(1.3,-5.739230484541));
#3274 = CARTESIAN_POINT('',(1.9,-5.739230484541));
#3275 = ( GEOMETRIC_REPRESENTATION_CONTEXT(2) 
PARAMETRIC_REPRESENTATION_CONTEXT() REPRESENTATION_CONTEXT('2D SPACE',''
  ) );
#3276 = PCURVE('',#3277,#3282);
#3277 = PLANE('',#3278);
#3278 = AXIS2_PLACEMENT_3D('',#3279,#3280,#3281);
#3279 = CARTESIAN_POINT('',(27.624722325027,57.35,0.3));
#3280 = DIRECTION('',(-0.866025403784,-0.5,6.123233995737E-17));
#3281 = DIRECTION('',(-0.5,0.866025403784,-1.060575238725E-16));
#3282 = DEFINITIONAL_REPRESENTATION('',(#3283),#3286);
#3283 = B_SPLINE_CURVE_WITH_KNOTS('',1,(#3284,#3285),.UNSPECIFIED.,.F.,
  .F.,(2,2),(0.65,1.25),.PIECEWISE_BEZIER_KNOTS.);
#3284 = CARTESIAN_POINT('',(0.449444650053,0.));
#3285 = CARTESIAN_POINT('',(0.449444650053,-0.6));
#3286 = ( GEOMETRIC_REPRESENTATION_CONTEXT(2) 
PARAMETRIC_REPRESENTATION_CONTEXT() REPRESENTATION_CONTEXT('2D SPACE',''
  ) );
#3287 = ORIENTED_EDGE('',*,*,#3288,.F.);
#3288 = EDGE_CURVE('',#3289,#3263,#3291,.T.);
#3289 = VERTEX_POINT('',#3290);
#3290 = CARTESIAN_POINT('',(27.4,58.260769515459,0.9));
#3291 = SURFACE_CURVE('',#3292,(#3296,#3302),.PCURVE_S1.);
#3292 = LINE('',#3293,#3294);
#3293 = CARTESIAN_POINT('',(27.4,55.,0.9));
#3294 = VECTOR('',#3295,1.);
#3295 = DIRECTION('',(0.,-1.,1.224646799147E-16));
#3296 = PCURVE('',#2861,#3297);
#3297 = DEFINITIONAL_REPRESENTATION('',(#3298),#3301);
#3298 = B_SPLINE_CURVE_WITH_KNOTS('',1,(#3299,#3300),.UNSPECIFIED.,.F.,
  .F.,(2,2),(-3.65,-2.35),.PIECEWISE_BEZIER_KNOTS.);
#3299 = CARTESIAN_POINT('',(1.9,-6.65));
#3300 = CARTESIAN_POINT('',(1.9,-5.35));
#3301 = ( GEOMETRIC_REPRESENTATION_CONTEXT(2) 
PARAMETRIC_REPRESENTATION_CONTEXT() REPRESENTATION_CONTEXT('2D SPACE',''
  ) );
#3302 = PCURVE('',#3050,#3303);
#3303 = DEFINITIONAL_REPRESENTATION('',(#3304),#3307);
#3304 = B_SPLINE_CURVE_WITH_KNOTS('',1,(#3305,#3306),.UNSPECIFIED.,.F.,
  .F.,(2,2),(-3.65,-2.35),.PIECEWISE_BEZIER_KNOTS.);
#3305 = CARTESIAN_POINT('',(-0.6,-0.65));
#3306 = CARTESIAN_POINT('',(-0.6,0.65));
#3307 = ( GEOMETRIC_REPRESENTATION_CONTEXT(2) 
PARAMETRIC_REPRESENTATION_CONTEXT() REPRESENTATION_CONTEXT('2D SPACE',''
  ) );
#3308 = ORIENTED_EDGE('',*,*,#3309,.T.);
#3309 = EDGE_CURVE('',#3289,#3310,#3312,.T.);
#3310 = VERTEX_POINT('',#3311);
#3311 = CARTESIAN_POINT('',(27.4,58.260769515459,0.3));
#3312 = SURFACE_CURVE('',#3313,(#3317,#3323),.PCURVE_S1.);
#3313 = LINE('',#3314,#3315);
#3314 = CARTESIAN_POINT('',(27.4,58.260769515459,-0.35));
#3315 = VECTOR('',#3316,1.);
#3316 = DIRECTION('',(0.,-1.224646799147E-16,-1.));
#3317 = PCURVE('',#2861,#3318);
#3318 = DEFINITIONAL_REPRESENTATION('',(#3319),#3322);
#3319 = B_SPLINE_CURVE_WITH_KNOTS('',1,(#3320,#3321),.UNSPECIFIED.,.F.,
  .F.,(2,2),(-1.25,-0.65),.PIECEWISE_BEZIER_KNOTS.);
#3320 = CARTESIAN_POINT('',(1.9,-6.260769515459));
#3321 = CARTESIAN_POINT('',(1.3,-6.260769515459));
#3322 = ( GEOMETRIC_REPRESENTATION_CONTEXT(2) 
PARAMETRIC_REPRESENTATION_CONTEXT() REPRESENTATION_CONTEXT('2D SPACE',''
  ) );
#3323 = PCURVE('',#3324,#3329);
#3324 = PLANE('',#3325);
#3325 = AXIS2_PLACEMENT_3D('',#3326,#3327,#3328);
#3326 = CARTESIAN_POINT('',(27.249444650053,58.,0.3));
#3327 = DIRECTION('',(-0.866025403784,0.5,-6.123233995737E-17));
#3328 = DIRECTION('',(0.5,0.866025403784,-1.060575238725E-16));
#3329 = DEFINITIONAL_REPRESENTATION('',(#3330),#3333);
#3330 = B_SPLINE_CURVE_WITH_KNOTS('',1,(#3331,#3332),.UNSPECIFIED.,.F.,
  .F.,(2,2),(-1.25,-0.65),.PIECEWISE_BEZIER_KNOTS.);
#3331 = CARTESIAN_POINT('',(0.301110699893,-0.6));
#3332 = CARTESIAN_POINT('',(0.301110699893,0.));
#3333 = ( GEOMETRIC_REPRESENTATION_CONTEXT(2) 
PARAMETRIC_REPRESENTATION_CONTEXT() REPRESENTATION_CONTEXT('2D SPACE',''
  ) );
#3334 = ORIENTED_EDGE('',*,*,#3335,.F.);
#3335 = EDGE_CURVE('',#3336,#3310,#3338,.T.);
#3336 = VERTEX_POINT('',#3337);
#3337 = CARTESIAN_POINT('',(27.4,59.802775637732,0.3));
#3338 = SURFACE_CURVE('',#3339,(#3343,#3349),.PCURVE_S1.);
#3339 = LINE('',#3340,#3341);
#3340 = CARTESIAN_POINT('',(27.4,55.,0.3));
#3341 = VECTOR('',#3342,1.);
#3342 = DIRECTION('',(0.,-1.,1.224646799147E-16));
#3343 = PCURVE('',#2861,#3344);
#3344 = DEFINITIONAL_REPRESENTATION('',(#3345),#3348);
#3345 = B_SPLINE_CURVE_WITH_KNOTS('',1,(#3346,#3347),.UNSPECIFIED.,.F.,
  .F.,(2,2),(-4.9,-1.1),.PIECEWISE_BEZIER_KNOTS.);
#3346 = CARTESIAN_POINT('',(1.3,-7.9));
#3347 = CARTESIAN_POINT('',(1.3,-4.1));
#3348 = ( GEOMETRIC_REPRESENTATION_CONTEXT(2) 
PARAMETRIC_REPRESENTATION_CONTEXT() REPRESENTATION_CONTEXT('2D SPACE',''
  ) );
#3349 = PCURVE('',#3102,#3350);
#3350 = DEFINITIONAL_REPRESENTATION('',(#3351),#3354);
#3351 = B_SPLINE_CURVE_WITH_KNOTS('',1,(#3352,#3353),.UNSPECIFIED.,.F.,
  .F.,(2,2),(-4.9,-1.1),.PIECEWISE_BEZIER_KNOTS.);
#3352 = CARTESIAN_POINT('',(-0.6,-1.9));
#3353 = CARTESIAN_POINT('',(-0.6,1.9));
#3354 = ( GEOMETRIC_REPRESENTATION_CONTEXT(2) 
PARAMETRIC_REPRESENTATION_CONTEXT() REPRESENTATION_CONTEXT('2D SPACE',''
  ) );
#3355 = ORIENTED_EDGE('',*,*,#3356,.F.);
#3356 = EDGE_CURVE('',#2819,#3336,#3357,.T.);
#3357 = SURFACE_CURVE('',#3358,(#3363,#3370),.PCURVE_S1.);
#3358 = HYPERBOLA('',#3359,0.6,0.6);
#3359 = AXIS2_PLACEMENT_3D('',#3360,#3361,#3362);
#3360 = CARTESIAN_POINT('',(27.4,58.,2.2));
#3361 = DIRECTION('',(1.,0.,0.));
#3362 = DIRECTION('',(0.,-1.224646799147E-16,-1.));
#3363 = PCURVE('',#2861,#3364);
#3364 = DEFINITIONAL_REPRESENTATION('',(#3365),#3369);
#3365 = ( BOUNDED_CURVE() B_SPLINE_CURVE(2,(#3366,#3367,#3368),
.UNSPECIFIED.,.F.,.F.) B_SPLINE_CURVE_WITH_KNOTS((3,3),(1.098612288668,
1.819908334538),.PIECEWISE_BEZIER_KNOTS.) CURVE() 
GEOMETRIC_REPRESENTATION_ITEM() RATIONAL_B_SPLINE_CURVE((1.,
1.065741454089,1.)) REPRESENTATION_ITEM('') );
#3366 = CARTESIAN_POINT('',(2.2,-6.8));
#3367 = CARTESIAN_POINT('',(1.923372237867,-7.145784702666));
#3368 = CARTESIAN_POINT('',(1.3,-7.802775637732));
#3369 = ( GEOMETRIC_REPRESENTATION_CONTEXT(2) 
PARAMETRIC_REPRESENTATION_CONTEXT() REPRESENTATION_CONTEXT('2D SPACE',''
  ) );
#3370 = PCURVE('',#2835,#3371);
#3371 = DEFINITIONAL_REPRESENTATION('',(#3372),#3380);
#3372 = B_SPLINE_CURVE_WITH_KNOTS('',6,(#3373,#3374,#3375,#3376,#3377,
    #3378,#3379),.UNSPECIFIED.,.F.,.F.,(7,7),(1.098612288668,
    1.819908334538),.PIECEWISE_BEZIER_KNOTS.);
#3373 = CARTESIAN_POINT('',(4.068887871591,-1.165734175856E-15));
#3374 = CARTESIAN_POINT('',(4.141017476178,9.617280611592E-02));
#3375 = CARTESIAN_POINT('',(4.204822469141,0.20968801667));
#3376 = CARTESIAN_POINT('',(4.260830441358,0.343046416904));
#3377 = CARTESIAN_POINT('',(4.309978609543,0.499505177353));
#3378 = CARTESIAN_POINT('',(4.353137441337,0.683277510152));
#3379 = CARTESIAN_POINT('',(4.39110039112,0.9));
#3380 = ( GEOMETRIC_REPRESENTATION_CONTEXT(2) 
PARAMETRIC_REPRESENTATION_CONTEXT() REPRESENTATION_CONTEXT('2D SPACE',''
  ) );
#3381 = ADVANCED_FACE('',(#3382),#2835,.T.);
#3382 = FACE_BOUND('',#3383,.T.);
#3383 = EDGE_LOOP('',(#3384,#3385,#3407,#3408));
#3384 = ORIENTED_EDGE('',*,*,#3113,.T.);
#3385 = ORIENTED_EDGE('',*,*,#3386,.F.);
#3386 = EDGE_CURVE('',#3336,#3088,#3387,.T.);
#3387 = SURFACE_CURVE('',#3388,(#3393,#3400),.PCURVE_S1.);
#3388 = CIRCLE('',#3389,1.9);
#3389 = AXIS2_PLACEMENT_3D('',#3390,#3391,#3392);
#3390 = CARTESIAN_POINT('',(28.,58.,0.3));
#3391 = DIRECTION('',(0.,-1.224646799147E-16,-1.));
#3392 = DIRECTION('',(1.,0.,0.));
#3393 = PCURVE('',#2835,#3394);
#3394 = DEFINITIONAL_REPRESENTATION('',(#3395),#3399);
#3395 = LINE('',#3396,#3397);
#3396 = CARTESIAN_POINT('',(0.,0.9));
#3397 = VECTOR('',#3398,1.);
#3398 = DIRECTION('',(1.,0.));
#3399 = ( GEOMETRIC_REPRESENTATION_CONTEXT(2) 
PARAMETRIC_REPRESENTATION_CONTEXT() REPRESENTATION_CONTEXT('2D SPACE',''
  ) );
#3400 = PCURVE('',#3102,#3401);
#3401 = DEFINITIONAL_REPRESENTATION('',(#3402),#3406);
#3402 = CIRCLE('',#3403,1.9);
#3403 = AXIS2_PLACEMENT_2D('',#3404,#3405);
#3404 = CARTESIAN_POINT('',(0.,0.));
#3405 = DIRECTION('',(1.,0.));
#3406 = ( GEOMETRIC_REPRESENTATION_CONTEXT(2) 
PARAMETRIC_REPRESENTATION_CONTEXT() REPRESENTATION_CONTEXT('2D SPACE',''
  ) );
#3407 = ORIENTED_EDGE('',*,*,#3356,.F.);
#3408 = ORIENTED_EDGE('',*,*,#2818,.T.);
#3409 = ADVANCED_FACE('',(#3410),#3102,.T.);
#3410 = FACE_BOUND('',#3411,.T.);
#3411 = EDGE_LOOP('',(#3412,#3413,#3414,#3437,#3465,#3486));
#3412 = ORIENTED_EDGE('',*,*,#3386,.T.);
#3413 = ORIENTED_EDGE('',*,*,#3087,.T.);
#3414 = ORIENTED_EDGE('',*,*,#3415,.F.);
#3415 = EDGE_CURVE('',#3416,#3062,#3418,.T.);
#3416 = VERTEX_POINT('',#3417);
#3417 = CARTESIAN_POINT('',(28.375277674973,58.65,0.3));
#3418 = SURFACE_CURVE('',#3419,(#3423,#3430),.PCURVE_S1.);
#3419 = LINE('',#3420,#3421);
#3420 = CARTESIAN_POINT('',(28.375277674973,58.65,0.3));
#3421 = VECTOR('',#3422,1.);
#3422 = DIRECTION('',(0.5,-0.866025403784,1.060575238725E-16));
#3423 = PCURVE('',#3102,#3424);
#3424 = DEFINITIONAL_REPRESENTATION('',(#3425),#3429);
#3425 = LINE('',#3426,#3427);
#3426 = CARTESIAN_POINT('',(0.375277674973,-0.65));
#3427 = VECTOR('',#3428,1.);
#3428 = DIRECTION('',(0.5,0.866025403784));
#3429 = ( GEOMETRIC_REPRESENTATION_CONTEXT(2) 
PARAMETRIC_REPRESENTATION_CONTEXT() REPRESENTATION_CONTEXT('2D SPACE',''
  ) );
#3430 = PCURVE('',#3076,#3431);
#3431 = DEFINITIONAL_REPRESENTATION('',(#3432),#3436);
#3432 = LINE('',#3433,#3434);
#3433 = CARTESIAN_POINT('',(0.,0.));
#3434 = VECTOR('',#3435,1.);
#3435 = DIRECTION('',(1.,0.));
#3436 = ( GEOMETRIC_REPRESENTATION_CONTEXT(2) 
PARAMETRIC_REPRESENTATION_CONTEXT() REPRESENTATION_CONTEXT('2D SPACE',''
  ) );
#3437 = ORIENTED_EDGE('',*,*,#3438,.F.);
#3438 = EDGE_CURVE('',#3439,#3416,#3441,.T.);
#3439 = VERTEX_POINT('',#3440);
#3440 = CARTESIAN_POINT('',(27.624722325027,58.65,0.3));
#3441 = SURFACE_CURVE('',#3442,(#3446,#3453),.PCURVE_S1.);
#3442 = LINE('',#3443,#3444);
#3443 = CARTESIAN_POINT('',(27.624722325027,58.65,0.3));
#3444 = VECTOR('',#3445,1.);
#3445 = DIRECTION('',(1.,2.958404132898E-16,-3.623000151938E-32));
#3446 = PCURVE('',#3102,#3447);
#3447 = DEFINITIONAL_REPRESENTATION('',(#3448),#3452);
#3448 = LINE('',#3449,#3450);
#3449 = CARTESIAN_POINT('',(-0.375277674973,-0.65));
#3450 = VECTOR('',#3451,1.);
#3451 = DIRECTION('',(1.,-2.958404132898E-16));
#3452 = ( GEOMETRIC_REPRESENTATION_CONTEXT(2) 
PARAMETRIC_REPRESENTATION_CONTEXT() REPRESENTATION_CONTEXT('2D SPACE',''
  ) );
#3453 = PCURVE('',#3454,#3459);
#3454 = PLANE('',#3455);
#3455 = AXIS2_PLACEMENT_3D('',#3456,#3457,#3458);
#3456 = CARTESIAN_POINT('',(27.624722325027,58.65,0.3));
#3457 = DIRECTION('',(-2.958404132898E-16,1.,-1.224646799147E-16));
#3458 = DIRECTION('',(1.,2.958404132898E-16,-3.623000151938E-32));
#3459 = DEFINITIONAL_REPRESENTATION('',(#3460),#3464);
#3460 = LINE('',#3461,#3462);
#3461 = CARTESIAN_POINT('',(0.,0.));
#3462 = VECTOR('',#3463,1.);
#3463 = DIRECTION('',(1.,0.));
#3464 = ( GEOMETRIC_REPRESENTATION_CONTEXT(2) 
PARAMETRIC_REPRESENTATION_CONTEXT() REPRESENTATION_CONTEXT('2D SPACE',''
  ) );
#3465 = ORIENTED_EDGE('',*,*,#3466,.F.);
#3466 = EDGE_CURVE('',#3310,#3439,#3467,.T.);
#3467 = SURFACE_CURVE('',#3468,(#3472,#3479),.PCURVE_S1.);
#3468 = LINE('',#3469,#3470);
#3469 = CARTESIAN_POINT('',(27.249444650053,58.,0.3));
#3470 = VECTOR('',#3471,1.);
#3471 = DIRECTION('',(0.5,0.866025403784,-1.060575238725E-16));
#3472 = PCURVE('',#3102,#3473);
#3473 = DEFINITIONAL_REPRESENTATION('',(#3474),#3478);
#3474 = LINE('',#3475,#3476);
#3475 = CARTESIAN_POINT('',(-0.750555349947,9.191652068949E-17));
#3476 = VECTOR('',#3477,1.);
#3477 = DIRECTION('',(0.5,-0.866025403784));
#3478 = ( GEOMETRIC_REPRESENTATION_CONTEXT(2) 
PARAMETRIC_REPRESENTATION_CONTEXT() REPRESENTATION_CONTEXT('2D SPACE',''
  ) );
#3479 = PCURVE('',#3324,#3480);
#3480 = DEFINITIONAL_REPRESENTATION('',(#3481),#3485);
#3481 = LINE('',#3482,#3483);
#3482 = CARTESIAN_POINT('',(0.,0.));
#3483 = VECTOR('',#3484,1.);
#3484 = DIRECTION('',(1.,0.));
#3485 = ( GEOMETRIC_REPRESENTATION_CONTEXT(2) 
PARAMETRIC_REPRESENTATION_CONTEXT() REPRESENTATION_CONTEXT('2D SPACE',''
  ) );
#3486 = ORIENTED_EDGE('',*,*,#3335,.F.);
#3487 = ADVANCED_FACE('',(#3488),#3076,.F.);
#3488 = FACE_BOUND('',#3489,.F.);
#3489 = EDGE_LOOP('',(#3490,#3491,#3514,#3535));
#3490 = ORIENTED_EDGE('',*,*,#3415,.F.);
#3491 = ORIENTED_EDGE('',*,*,#3492,.T.);
#3492 = EDGE_CURVE('',#3416,#3493,#3495,.T.);
#3493 = VERTEX_POINT('',#3494);
#3494 = CARTESIAN_POINT('',(28.375277674973,58.65,0.9));
#3495 = SURFACE_CURVE('',#3496,(#3500,#3507),.PCURVE_S1.);
#3496 = LINE('',#3497,#3498);
#3497 = CARTESIAN_POINT('',(28.375277674973,58.65,0.3));
#3498 = VECTOR('',#3499,1.);
#3499 = DIRECTION('',(0.,1.224646799147E-16,1.));
#3500 = PCURVE('',#3076,#3501);
#3501 = DEFINITIONAL_REPRESENTATION('',(#3502),#3506);
#3502 = LINE('',#3503,#3504);
#3503 = CARTESIAN_POINT('',(0.,0.));
#3504 = VECTOR('',#3505,1.);
#3505 = DIRECTION('',(0.,-1.));
#3506 = ( GEOMETRIC_REPRESENTATION_CONTEXT(2) 
PARAMETRIC_REPRESENTATION_CONTEXT() REPRESENTATION_CONTEXT('2D SPACE',''
  ) );
#3507 = PCURVE('',#3454,#3508);
#3508 = DEFINITIONAL_REPRESENTATION('',(#3509),#3513);
#3509 = LINE('',#3510,#3511);
#3510 = CARTESIAN_POINT('',(0.750555349947,0.));
#3511 = VECTOR('',#3512,1.);
#3512 = DIRECTION('',(0.,-1.));
#3513 = ( GEOMETRIC_REPRESENTATION_CONTEXT(2) 
PARAMETRIC_REPRESENTATION_CONTEXT() REPRESENTATION_CONTEXT('2D SPACE',''
  ) );
#3514 = ORIENTED_EDGE('',*,*,#3515,.T.);
#3515 = EDGE_CURVE('',#3493,#3036,#3516,.T.);
#3516 = SURFACE_CURVE('',#3517,(#3521,#3528),.PCURVE_S1.);
#3517 = LINE('',#3518,#3519);
#3518 = CARTESIAN_POINT('',(28.375277674973,58.65,0.9));
#3519 = VECTOR('',#3520,1.);
#3520 = DIRECTION('',(0.5,-0.866025403784,1.060575238725E-16));
#3521 = PCURVE('',#3076,#3522);
#3522 = DEFINITIONAL_REPRESENTATION('',(#3523),#3527);
#3523 = LINE('',#3524,#3525);
#3524 = CARTESIAN_POINT('',(0.,-0.6));
#3525 = VECTOR('',#3526,1.);
#3526 = DIRECTION('',(1.,0.));
#3527 = ( GEOMETRIC_REPRESENTATION_CONTEXT(2) 
PARAMETRIC_REPRESENTATION_CONTEXT() REPRESENTATION_CONTEXT('2D SPACE',''
  ) );
#3528 = PCURVE('',#3050,#3529);
#3529 = DEFINITIONAL_REPRESENTATION('',(#3530),#3534);
#3530 = LINE('',#3531,#3532);
#3531 = CARTESIAN_POINT('',(0.375277674973,-0.65));
#3532 = VECTOR('',#3533,1.);
#3533 = DIRECTION('',(0.5,0.866025403784));
#3534 = ( GEOMETRIC_REPRESENTATION_CONTEXT(2) 
PARAMETRIC_REPRESENTATION_CONTEXT() REPRESENTATION_CONTEXT('2D SPACE',''
  ) );
#3535 = ORIENTED_EDGE('',*,*,#3061,.T.);
#3536 = ADVANCED_FACE('',(#3537),#3050,.T.);
#3537 = FACE_BOUND('',#3538,.T.);
#3538 = EDGE_LOOP('',(#3539,#3540,#3563,#3591,#3612,#3613,#3636,#3657));
#3539 = ORIENTED_EDGE('',*,*,#3035,.T.);
#3540 = ORIENTED_EDGE('',*,*,#3541,.T.);
#3541 = EDGE_CURVE('',#3010,#3542,#3544,.T.);
#3542 = VERTEX_POINT('',#3543);
#3543 = CARTESIAN_POINT('',(28.375277674973,57.35,0.9));
#3544 = SURFACE_CURVE('',#3545,(#3549,#3556),.PCURVE_S1.);
#3545 = LINE('',#3546,#3547);
#3546 = CARTESIAN_POINT('',(28.750555349947,58.,0.9));
#3547 = VECTOR('',#3548,1.);
#3548 = DIRECTION('',(-0.5,-0.866025403784,1.060575238725E-16));
#3549 = PCURVE('',#3050,#3550);
#3550 = DEFINITIONAL_REPRESENTATION('',(#3551),#3555);
#3551 = LINE('',#3552,#3553);
#3552 = CARTESIAN_POINT('',(0.750555349947,1.133188130988E-17));
#3553 = VECTOR('',#3554,1.);
#3554 = DIRECTION('',(-0.5,0.866025403784));
#3555 = ( GEOMETRIC_REPRESENTATION_CONTEXT(2) 
PARAMETRIC_REPRESENTATION_CONTEXT() REPRESENTATION_CONTEXT('2D SPACE',''
  ) );
#3556 = PCURVE('',#3024,#3557);
#3557 = DEFINITIONAL_REPRESENTATION('',(#3558),#3562);
#3558 = LINE('',#3559,#3560);
#3559 = CARTESIAN_POINT('',(0.,-0.6));
#3560 = VECTOR('',#3561,1.);
#3561 = DIRECTION('',(1.,0.));
#3562 = ( GEOMETRIC_REPRESENTATION_CONTEXT(2) 
PARAMETRIC_REPRESENTATION_CONTEXT() REPRESENTATION_CONTEXT('2D SPACE',''
  ) );
#3563 = ORIENTED_EDGE('',*,*,#3564,.T.);
#3564 = EDGE_CURVE('',#3542,#3565,#3567,.T.);
#3565 = VERTEX_POINT('',#3566);
#3566 = CARTESIAN_POINT('',(27.624722325027,57.35,0.9));
#3567 = SURFACE_CURVE('',#3568,(#3572,#3579),.PCURVE_S1.);
#3568 = LINE('',#3569,#3570);
#3569 = CARTESIAN_POINT('',(28.375277674973,57.35,0.9));
#3570 = VECTOR('',#3571,1.);
#3571 = DIRECTION('',(-1.,-0.,0.));
#3572 = PCURVE('',#3050,#3573);
#3573 = DEFINITIONAL_REPRESENTATION('',(#3574),#3578);
#3574 = LINE('',#3575,#3576);
#3575 = CARTESIAN_POINT('',(0.375277674973,0.65));
#3576 = VECTOR('',#3577,1.);
#3577 = DIRECTION('',(-1.,0.));
#3578 = ( GEOMETRIC_REPRESENTATION_CONTEXT(2) 
PARAMETRIC_REPRESENTATION_CONTEXT() REPRESENTATION_CONTEXT('2D SPACE',''
  ) );
#3579 = PCURVE('',#3580,#3585);
#3580 = PLANE('',#3581);
#3581 = AXIS2_PLACEMENT_3D('',#3582,#3583,#3584);
#3582 = CARTESIAN_POINT('',(28.375277674973,57.35,0.3));
#3583 = DIRECTION('',(0.,-1.,1.224646799147E-16));
#3584 = DIRECTION('',(-1.,-0.,0.));
#3585 = DEFINITIONAL_REPRESENTATION('',(#3586),#3590);
#3586 = LINE('',#3587,#3588);
#3587 = CARTESIAN_POINT('',(0.,-0.6));
#3588 = VECTOR('',#3589,1.);
#3589 = DIRECTION('',(1.,0.));
#3590 = ( GEOMETRIC_REPRESENTATION_CONTEXT(2) 
PARAMETRIC_REPRESENTATION_CONTEXT() REPRESENTATION_CONTEXT('2D SPACE',''
  ) );
#3591 = ORIENTED_EDGE('',*,*,#3592,.T.);
#3592 = EDGE_CURVE('',#3565,#3263,#3593,.T.);
#3593 = SURFACE_CURVE('',#3594,(#3598,#3605),.PCURVE_S1.);
#3594 = LINE('',#3595,#3596);
#3595 = CARTESIAN_POINT('',(27.624722325027,57.35,0.9));
#3596 = VECTOR('',#3597,1.);
#3597 = DIRECTION('',(-0.5,0.866025403784,-1.060575238725E-16));
#3598 = PCURVE('',#3050,#3599);
#3599 = DEFINITIONAL_REPRESENTATION('',(#3600),#3604);
#3600 = LINE('',#3601,#3602);
#3601 = CARTESIAN_POINT('',(-0.375277674973,0.65));
#3602 = VECTOR('',#3603,1.);
#3603 = DIRECTION('',(-0.5,-0.866025403784));
#3604 = ( GEOMETRIC_REPRESENTATION_CONTEXT(2) 
PARAMETRIC_REPRESENTATION_CONTEXT() REPRESENTATION_CONTEXT('2D SPACE',''
  ) );
#3605 = PCURVE('',#3277,#3606);
#3606 = DEFINITIONAL_REPRESENTATION('',(#3607),#3611);
#3607 = LINE('',#3608,#3609);
#3608 = CARTESIAN_POINT('',(-0.,-0.6));
#3609 = VECTOR('',#3610,1.);
#3610 = DIRECTION('',(1.,0.));
#3611 = ( GEOMETRIC_REPRESENTATION_CONTEXT(2) 
PARAMETRIC_REPRESENTATION_CONTEXT() REPRESENTATION_CONTEXT('2D SPACE',''
  ) );
#3612 = ORIENTED_EDGE('',*,*,#3288,.F.);
#3613 = ORIENTED_EDGE('',*,*,#3614,.T.);
#3614 = EDGE_CURVE('',#3289,#3615,#3617,.T.);
#3615 = VERTEX_POINT('',#3616);
#3616 = CARTESIAN_POINT('',(27.624722325027,58.65,0.9));
#3617 = SURFACE_CURVE('',#3618,(#3622,#3629),.PCURVE_S1.);
#3618 = LINE('',#3619,#3620);
#3619 = CARTESIAN_POINT('',(27.249444650053,58.,0.9));
#3620 = VECTOR('',#3621,1.);
#3621 = DIRECTION('',(0.5,0.866025403784,-1.060575238725E-16));
#3622 = PCURVE('',#3050,#3623);
#3623 = DEFINITIONAL_REPRESENTATION('',(#3624),#3628);
#3624 = LINE('',#3625,#3626);
#3625 = CARTESIAN_POINT('',(-0.750555349947,1.032484019994E-16));
#3626 = VECTOR('',#3627,1.);
#3627 = DIRECTION('',(0.5,-0.866025403784));
#3628 = ( GEOMETRIC_REPRESENTATION_CONTEXT(2) 
PARAMETRIC_REPRESENTATION_CONTEXT() REPRESENTATION_CONTEXT('2D SPACE',''
  ) );
#3629 = PCURVE('',#3324,#3630);
#3630 = DEFINITIONAL_REPRESENTATION('',(#3631),#3635);
#3631 = LINE('',#3632,#3633);
#3632 = CARTESIAN_POINT('',(0.,-0.6));
#3633 = VECTOR('',#3634,1.);
#3634 = DIRECTION('',(1.,0.));
#3635 = ( GEOMETRIC_REPRESENTATION_CONTEXT(2) 
PARAMETRIC_REPRESENTATION_CONTEXT() REPRESENTATION_CONTEXT('2D SPACE',''
  ) );
#3636 = ORIENTED_EDGE('',*,*,#3637,.T.);
#3637 = EDGE_CURVE('',#3615,#3493,#3638,.T.);
#3638 = SURFACE_CURVE('',#3639,(#3643,#3650),.PCURVE_S1.);
#3639 = LINE('',#3640,#3641);
#3640 = CARTESIAN_POINT('',(27.624722325027,58.65,0.9));
#3641 = VECTOR('',#3642,1.);
#3642 = DIRECTION('',(1.,2.958404132898E-16,-3.623000151938E-32));
#3643 = PCURVE('',#3050,#3644);
#3644 = DEFINITIONAL_REPRESENTATION('',(#3645),#3649);
#3645 = LINE('',#3646,#3647);
#3646 = CARTESIAN_POINT('',(-0.375277674973,-0.65));
#3647 = VECTOR('',#3648,1.);
#3648 = DIRECTION('',(1.,-2.958404132898E-16));
#3649 = ( GEOMETRIC_REPRESENTATION_CONTEXT(2) 
PARAMETRIC_REPRESENTATION_CONTEXT() REPRESENTATION_CONTEXT('2D SPACE',''
  ) );
#3650 = PCURVE('',#3454,#3651);
#3651 = DEFINITIONAL_REPRESENTATION('',(#3652),#3656);
#3652 = LINE('',#3653,#3654);
#3653 = CARTESIAN_POINT('',(0.,-0.6));
#3654 = VECTOR('',#3655,1.);
#3655 = DIRECTION('',(1.,0.));
#3656 = ( GEOMETRIC_REPRESENTATION_CONTEXT(2) 
PARAMETRIC_REPRESENTATION_CONTEXT() REPRESENTATION_CONTEXT('2D SPACE',''
  ) );
#3657 = ORIENTED_EDGE('',*,*,#3515,.T.);
#3658 = ADVANCED_FACE('',(#3659),#3024,.F.);
#3659 = FACE_BOUND('',#3660,.F.);
#3660 = EDGE_LOOP('',(#3661,#3684,#3685,#3686));
#3661 = ORIENTED_EDGE('',*,*,#3662,.F.);
#3662 = EDGE_CURVE('',#2984,#3663,#3665,.T.);
#3663 = VERTEX_POINT('',#3664);
#3664 = CARTESIAN_POINT('',(28.375277674973,57.35,0.3));
#3665 = SURFACE_CURVE('',#3666,(#3670,#3677),.PCURVE_S1.);
#3666 = LINE('',#3667,#3668);
#3667 = CARTESIAN_POINT('',(28.750555349947,58.,0.3));
#3668 = VECTOR('',#3669,1.);
#3669 = DIRECTION('',(-0.5,-0.866025403784,1.060575238725E-16));
#3670 = PCURVE('',#3024,#3671);
#3671 = DEFINITIONAL_REPRESENTATION('',(#3672),#3676);
#3672 = LINE('',#3673,#3674);
#3673 = CARTESIAN_POINT('',(0.,0.));
#3674 = VECTOR('',#3675,1.);
#3675 = DIRECTION('',(1.,0.));
#3676 = ( GEOMETRIC_REPRESENTATION_CONTEXT(2) 
PARAMETRIC_REPRESENTATION_CONTEXT() REPRESENTATION_CONTEXT('2D SPACE',''
  ) );
#3677 = PCURVE('',#2998,#3678);
#3678 = DEFINITIONAL_REPRESENTATION('',(#3679),#3683);
#3679 = LINE('',#3680,#3681);
#3680 = CARTESIAN_POINT('',(0.750555349947,0.));
#3681 = VECTOR('',#3682,1.);
#3682 = DIRECTION('',(-0.5,0.866025403784));
#3683 = ( GEOMETRIC_REPRESENTATION_CONTEXT(2) 
PARAMETRIC_REPRESENTATION_CONTEXT() REPRESENTATION_CONTEXT('2D SPACE',''
  ) );
#3684 = ORIENTED_EDGE('',*,*,#3009,.T.);
#3685 = ORIENTED_EDGE('',*,*,#3541,.T.);
#3686 = ORIENTED_EDGE('',*,*,#3687,.F.);
#3687 = EDGE_CURVE('',#3663,#3542,#3688,.T.);
#3688 = SURFACE_CURVE('',#3689,(#3693,#3700),.PCURVE_S1.);
#3689 = LINE('',#3690,#3691);
#3690 = CARTESIAN_POINT('',(28.375277674973,57.35,0.3));
#3691 = VECTOR('',#3692,1.);
#3692 = DIRECTION('',(0.,1.224646799147E-16,1.));
#3693 = PCURVE('',#3024,#3694);
#3694 = DEFINITIONAL_REPRESENTATION('',(#3695),#3699);
#3695 = LINE('',#3696,#3697);
#3696 = CARTESIAN_POINT('',(0.750555349947,0.));
#3697 = VECTOR('',#3698,1.);
#3698 = DIRECTION('',(0.,-1.));
#3699 = ( GEOMETRIC_REPRESENTATION_CONTEXT(2) 
PARAMETRIC_REPRESENTATION_CONTEXT() REPRESENTATION_CONTEXT('2D SPACE',''
  ) );
#3700 = PCURVE('',#3580,#3701);
#3701 = DEFINITIONAL_REPRESENTATION('',(#3702),#3706);
#3702 = LINE('',#3703,#3704);
#3703 = CARTESIAN_POINT('',(0.,0.));
#3704 = VECTOR('',#3705,1.);
#3705 = DIRECTION('',(0.,-1.));
#3706 = ( GEOMETRIC_REPRESENTATION_CONTEXT(2) 
PARAMETRIC_REPRESENTATION_CONTEXT() REPRESENTATION_CONTEXT('2D SPACE',''
  ) );
#3707 = ADVANCED_FACE('',(#3708),#2998,.T.);
#3708 = FACE_BOUND('',#3709,.T.);
#3709 = EDGE_LOOP('',(#3710,#3711,#3733,#3734,#3757,#3778));
#3710 = ORIENTED_EDGE('',*,*,#2983,.T.);
#3711 = ORIENTED_EDGE('',*,*,#3712,.T.);
#3712 = EDGE_CURVE('',#2951,#3214,#3713,.T.);
#3713 = SURFACE_CURVE('',#3714,(#3719,#3726),.PCURVE_S1.);
#3714 = CIRCLE('',#3715,1.9);
#3715 = AXIS2_PLACEMENT_3D('',#3716,#3717,#3718);
#3716 = CARTESIAN_POINT('',(28.,58.,0.3));
#3717 = DIRECTION('',(0.,-1.224646799147E-16,-1.));
#3718 = DIRECTION('',(1.,0.,0.));
#3719 = PCURVE('',#2998,#3720);
#3720 = DEFINITIONAL_REPRESENTATION('',(#3721),#3725);
#3721 = CIRCLE('',#3722,1.9);
#3722 = AXIS2_PLACEMENT_2D('',#3723,#3724);
#3723 = CARTESIAN_POINT('',(0.,0.));
#3724 = DIRECTION('',(1.,0.));
#3725 = ( GEOMETRIC_REPRESENTATION_CONTEXT(2) 
PARAMETRIC_REPRESENTATION_CONTEXT() REPRESENTATION_CONTEXT('2D SPACE',''
  ) );
#3726 = PCURVE('',#2967,#3727);
#3727 = DEFINITIONAL_REPRESENTATION('',(#3728),#3732);
#3728 = LINE('',#3729,#3730);
#3729 = CARTESIAN_POINT('',(0.,0.9));
#3730 = VECTOR('',#3731,1.);
#3731 = DIRECTION('',(1.,0.));
#3732 = ( GEOMETRIC_REPRESENTATION_CONTEXT(2) 
PARAMETRIC_REPRESENTATION_CONTEXT() REPRESENTATION_CONTEXT('2D SPACE',''
  ) );
#3733 = ORIENTED_EDGE('',*,*,#3241,.F.);
#3734 = ORIENTED_EDGE('',*,*,#3735,.F.);
#3735 = EDGE_CURVE('',#3736,#3242,#3738,.T.);
#3736 = VERTEX_POINT('',#3737);
#3737 = CARTESIAN_POINT('',(27.624722325027,57.35,0.3));
#3738 = SURFACE_CURVE('',#3739,(#3743,#3750),.PCURVE_S1.);
#3739 = LINE('',#3740,#3741);
#3740 = CARTESIAN_POINT('',(27.624722325027,57.35,0.3));
#3741 = VECTOR('',#3742,1.);
#3742 = DIRECTION('',(-0.5,0.866025403784,-1.060575238725E-16));
#3743 = PCURVE('',#2998,#3744);
#3744 = DEFINITIONAL_REPRESENTATION('',(#3745),#3749);
#3745 = LINE('',#3746,#3747);
#3746 = CARTESIAN_POINT('',(-0.375277674973,0.65));
#3747 = VECTOR('',#3748,1.);
#3748 = DIRECTION('',(-0.5,-0.866025403784));
#3749 = ( GEOMETRIC_REPRESENTATION_CONTEXT(2) 
PARAMETRIC_REPRESENTATION_CONTEXT() REPRESENTATION_CONTEXT('2D SPACE',''
  ) );
#3750 = PCURVE('',#3277,#3751);
#3751 = DEFINITIONAL_REPRESENTATION('',(#3752),#3756);
#3752 = LINE('',#3753,#3754);
#3753 = CARTESIAN_POINT('',(0.,0.));
#3754 = VECTOR('',#3755,1.);
#3755 = DIRECTION('',(1.,0.));
#3756 = ( GEOMETRIC_REPRESENTATION_CONTEXT(2) 
PARAMETRIC_REPRESENTATION_CONTEXT() REPRESENTATION_CONTEXT('2D SPACE',''
  ) );
#3757 = ORIENTED_EDGE('',*,*,#3758,.F.);
#3758 = EDGE_CURVE('',#3663,#3736,#3759,.T.);
#3759 = SURFACE_CURVE('',#3760,(#3764,#3771),.PCURVE_S1.);
#3760 = LINE('',#3761,#3762);
#3761 = CARTESIAN_POINT('',(28.375277674973,57.35,0.3));
#3762 = VECTOR('',#3763,1.);
#3763 = DIRECTION('',(-1.,-0.,0.));
#3764 = PCURVE('',#2998,#3765);
#3765 = DEFINITIONAL_REPRESENTATION('',(#3766),#3770);
#3766 = LINE('',#3767,#3768);
#3767 = CARTESIAN_POINT('',(0.375277674973,0.65));
#3768 = VECTOR('',#3769,1.);
#3769 = DIRECTION('',(-1.,0.));
#3770 = ( GEOMETRIC_REPRESENTATION_CONTEXT(2) 
PARAMETRIC_REPRESENTATION_CONTEXT() REPRESENTATION_CONTEXT('2D SPACE',''
  ) );
#3771 = PCURVE('',#3580,#3772);
#3772 = DEFINITIONAL_REPRESENTATION('',(#3773),#3777);
#3773 = LINE('',#3774,#3775);
#3774 = CARTESIAN_POINT('',(0.,0.));
#3775 = VECTOR('',#3776,1.);
#3776 = DIRECTION('',(1.,0.));
#3777 = ( GEOMETRIC_REPRESENTATION_CONTEXT(2) 
PARAMETRIC_REPRESENTATION_CONTEXT() REPRESENTATION_CONTEXT('2D SPACE',''
  ) );
#3778 = ORIENTED_EDGE('',*,*,#3662,.F.);
#3779 = ADVANCED_FACE('',(#3780),#2967,.T.);
#3780 = FACE_BOUND('',#3781,.T.);
#3781 = EDGE_LOOP('',(#3782,#3783,#3784,#3805));
#3782 = ORIENTED_EDGE('',*,*,#3712,.F.);
#3783 = ORIENTED_EDGE('',*,*,#2950,.T.);
#3784 = ORIENTED_EDGE('',*,*,#3785,.T.);
#3785 = EDGE_CURVE('',#2925,#3193,#3786,.T.);
#3786 = SURFACE_CURVE('',#3787,(#3792,#3798),.PCURVE_S1.);
#3787 = CIRCLE('',#3788,1.);
#3788 = AXIS2_PLACEMENT_3D('',#3789,#3790,#3791);
#3789 = CARTESIAN_POINT('',(28.,58.,1.2));
#3790 = DIRECTION('',(0.,-1.224646799147E-16,-1.));
#3791 = DIRECTION('',(1.,0.,0.));
#3792 = PCURVE('',#2967,#3793);
#3793 = DEFINITIONAL_REPRESENTATION('',(#3794),#3797);
#3794 = B_SPLINE_CURVE_WITH_KNOTS('',1,(#3795,#3796),.UNSPECIFIED.,.F.,
  .F.,(2,2),(0.,6.28318530718),.PIECEWISE_BEZIER_KNOTS.);
#3795 = CARTESIAN_POINT('',(0.,0.));
#3796 = CARTESIAN_POINT('',(6.28318530718,0.));
#3797 = ( GEOMETRIC_REPRESENTATION_CONTEXT(2) 
PARAMETRIC_REPRESENTATION_CONTEXT() REPRESENTATION_CONTEXT('2D SPACE',''
  ) );
#3798 = PCURVE('',#2939,#3799);
#3799 = DEFINITIONAL_REPRESENTATION('',(#3800),#3804);
#3800 = LINE('',#3801,#3802);
#3801 = CARTESIAN_POINT('',(0.,9.1));
#3802 = VECTOR('',#3803,1.);
#3803 = DIRECTION('',(1.,0.));
#3804 = ( GEOMETRIC_REPRESENTATION_CONTEXT(2) 
PARAMETRIC_REPRESENTATION_CONTEXT() REPRESENTATION_CONTEXT('2D SPACE',''
  ) );
#3805 = ORIENTED_EDGE('',*,*,#3213,.F.);
#3806 = ADVANCED_FACE('',(#3807),#2939,.T.);
#3807 = FACE_BOUND('',#3808,.T.);
#3808 = EDGE_LOOP('',(#3809,#3810,#3811,#3812));
#3809 = ORIENTED_EDGE('',*,*,#3785,.F.);
#3810 = ORIENTED_EDGE('',*,*,#2924,.F.);
#3811 = ORIENTED_EDGE('',*,*,#3143,.T.);
#3812 = ORIENTED_EDGE('',*,*,#3192,.T.);
#3813 = ADVANCED_FACE('',(#3814),#3324,.F.);
#3814 = FACE_BOUND('',#3815,.F.);
#3815 = EDGE_LOOP('',(#3816,#3817,#3818,#3819));
#3816 = ORIENTED_EDGE('',*,*,#3466,.F.);
#3817 = ORIENTED_EDGE('',*,*,#3309,.F.);
#3818 = ORIENTED_EDGE('',*,*,#3614,.T.);
#3819 = ORIENTED_EDGE('',*,*,#3820,.F.);
#3820 = EDGE_CURVE('',#3439,#3615,#3821,.T.);
#3821 = SURFACE_CURVE('',#3822,(#3826,#3833),.PCURVE_S1.);
#3822 = LINE('',#3823,#3824);
#3823 = CARTESIAN_POINT('',(27.624722325027,58.65,0.3));
#3824 = VECTOR('',#3825,1.);
#3825 = DIRECTION('',(0.,1.224646799147E-16,1.));
#3826 = PCURVE('',#3324,#3827);
#3827 = DEFINITIONAL_REPRESENTATION('',(#3828),#3832);
#3828 = LINE('',#3829,#3830);
#3829 = CARTESIAN_POINT('',(0.750555349947,0.));
#3830 = VECTOR('',#3831,1.);
#3831 = DIRECTION('',(0.,-1.));
#3832 = ( GEOMETRIC_REPRESENTATION_CONTEXT(2) 
PARAMETRIC_REPRESENTATION_CONTEXT() REPRESENTATION_CONTEXT('2D SPACE',''
  ) );
#3833 = PCURVE('',#3454,#3834);
#3834 = DEFINITIONAL_REPRESENTATION('',(#3835),#3839);
#3835 = LINE('',#3836,#3837);
#3836 = CARTESIAN_POINT('',(0.,0.));
#3837 = VECTOR('',#3838,1.);
#3838 = DIRECTION('',(0.,-1.));
#3839 = ( GEOMETRIC_REPRESENTATION_CONTEXT(2) 
PARAMETRIC_REPRESENTATION_CONTEXT() REPRESENTATION_CONTEXT('2D SPACE',''
  ) );
#3840 = ADVANCED_FACE('',(#3841),#3277,.F.);
#3841 = FACE_BOUND('',#3842,.F.);
#3842 = EDGE_LOOP('',(#3843,#3844,#3865,#3866));
#3843 = ORIENTED_EDGE('',*,*,#3735,.F.);
#3844 = ORIENTED_EDGE('',*,*,#3845,.T.);
#3845 = EDGE_CURVE('',#3736,#3565,#3846,.T.);
#3846 = SURFACE_CURVE('',#3847,(#3851,#3858),.PCURVE_S1.);
#3847 = LINE('',#3848,#3849);
#3848 = CARTESIAN_POINT('',(27.624722325027,57.35,0.3));
#3849 = VECTOR('',#3850,1.);
#3850 = DIRECTION('',(0.,1.224646799147E-16,1.));
#3851 = PCURVE('',#3277,#3852);
#3852 = DEFINITIONAL_REPRESENTATION('',(#3853),#3857);
#3853 = LINE('',#3854,#3855);
#3854 = CARTESIAN_POINT('',(0.,0.));
#3855 = VECTOR('',#3856,1.);
#3856 = DIRECTION('',(0.,-1.));
#3857 = ( GEOMETRIC_REPRESENTATION_CONTEXT(2) 
PARAMETRIC_REPRESENTATION_CONTEXT() REPRESENTATION_CONTEXT('2D SPACE',''
  ) );
#3858 = PCURVE('',#3580,#3859);
#3859 = DEFINITIONAL_REPRESENTATION('',(#3860),#3864);
#3860 = LINE('',#3861,#3862);
#3861 = CARTESIAN_POINT('',(0.750555349947,0.));
#3862 = VECTOR('',#3863,1.);
#3863 = DIRECTION('',(0.,-1.));
#3864 = ( GEOMETRIC_REPRESENTATION_CONTEXT(2) 
PARAMETRIC_REPRESENTATION_CONTEXT() REPRESENTATION_CONTEXT('2D SPACE',''
  ) );
#3865 = ORIENTED_EDGE('',*,*,#3592,.T.);
#3866 = ORIENTED_EDGE('',*,*,#3262,.F.);
#3867 = ADVANCED_FACE('',(#3868),#3454,.F.);
#3868 = FACE_BOUND('',#3869,.F.);
#3869 = EDGE_LOOP('',(#3870,#3871,#3872,#3873));
#3870 = ORIENTED_EDGE('',*,*,#3820,.T.);
#3871 = ORIENTED_EDGE('',*,*,#3637,.T.);
#3872 = ORIENTED_EDGE('',*,*,#3492,.F.);
#3873 = ORIENTED_EDGE('',*,*,#3438,.F.);
#3874 = ADVANCED_FACE('',(#3875),#3580,.F.);
#3875 = FACE_BOUND('',#3876,.F.);
#3876 = EDGE_LOOP('',(#3877,#3878,#3879,#3880));
#3877 = ORIENTED_EDGE('',*,*,#3687,.T.);
#3878 = ORIENTED_EDGE('',*,*,#3564,.T.);
#3879 = ORIENTED_EDGE('',*,*,#3845,.F.);
#3880 = ORIENTED_EDGE('',*,*,#3758,.F.);
#3881 = ( GEOMETRIC_REPRESENTATION_CONTEXT(3) 
GLOBAL_UNCERTAINTY_ASSIGNED_CONTEXT((#3885)) 
GLOBAL_UNIT_ASSIGNED_CONTEXT((#3882,#3883,#3884)) REPRESENTATION_CONTEXT
('Context #1','3D Context with UNIT and UNCERTAINTY') );
#3882 = ( LENGTH_UNIT() NAMED_UNIT(*) SI_UNIT(.MILLI.,.METRE.) );
#3883 = ( NAMED_UNIT(*) PLANE_ANGLE_UNIT() SI_UNIT($,.RADIAN.) );
#3884 = ( NAMED_UNIT(*) SI_UNIT($,.STERADIAN.) SOLID_ANGLE_UNIT() );
#3885 = UNCERTAINTY_MEASURE_WITH_UNIT(LENGTH_MEASURE(1.E-07),#3882,
  'distance_accuracy_value','confusion accuracy');
#3886 = CONTEXT_DEPENDENT_SHAPE_REPRESENTATION(#3887,#3889);
#3887 = ( REPRESENTATION_RELATIONSHIP('','',#2778,#10) 
REPRESENTATION_RELATIONSHIP_WITH_TRANSFORMATION(#3888) 
SHAPE_REPRESENTATION_RELATIONSHIP() );
#3888 = ITEM_DEFINED_TRANSFORMATION('','',#11,#23);
#3889 = PRODUCT_DEFINITION_SHAPE('Placement','Placement of an item',
  #3890);
#3890 = NEXT_ASSEMBLY_USAGE_OCCURRENCE('3','screw_3','',#5,#2773,$);
#3891 = PRODUCT_RELATED_PRODUCT_CATEGORY('part',$,(#2775));
#3892 = SHAPE_DEFINITION_REPRESENTATION(#3893,#3899);
#3893 = PRODUCT_DEFINITION_SHAPE('','',#3894);
#3894 = PRODUCT_DEFINITION('design','',#3895,#3898);
#3895 = PRODUCT_DEFINITION_FORMATION('','',#3896);
#3896 = PRODUCT('insert_3','insert_3','',(#3897));
#3897 = PRODUCT_CONTEXT('',#2,'mechanical');
#3898 = PRODUCT_DEFINITION_CONTEXT('part definition',#2,'design');
#3899 = SHAPE_REPRESENTATION('',(#11,#3900,#5118),#6336);
#3900 = MANIFOLD_SOLID_BREP('',#3901);
#3901 = CLOSED_SHELL('',(#3902,#4020,#4402,#4450,#4747,#4775,#4803,#4831
    ,#4859,#4887,#4915,#4943,#4971,#4999,#5027,#5055,#5083,#5111));
#3902 = ADVANCED_FACE('',(#3903),#3917,.T.);
#3903 = FACE_BOUND('',#3904,.T.);
#3904 = EDGE_LOOP('',(#3905,#3938,#3967,#3993));
#3905 = ORIENTED_EDGE('',*,*,#3906,.F.);
#3906 = EDGE_CURVE('',#3907,#3909,#3911,.T.);
#3907 = VERTEX_POINT('',#3908);
#3908 = CARTESIAN_POINT('',(28.6,59.643928222277,8.15));
#3909 = VERTEX_POINT('',#3910);
#3910 = CARTESIAN_POINT('',(28.6,59.643928222277,8.85));
#3911 = SURFACE_CURVE('',#3912,(#3916,#3927),.PCURVE_S1.);
#3912 = LINE('',#3913,#3914);
#3913 = CARTESIAN_POINT('',(28.6,59.643928222277,7.25));
#3914 = VECTOR('',#3915,1.);
#3915 = DIRECTION('',(0.,0.,1.));
#3916 = PCURVE('',#3917,#3922);
#3917 = CYLINDRICAL_SURFACE('',#3918,1.75);
#3918 = AXIS2_PLACEMENT_3D('',#3919,#3920,#3921);
#3919 = CARTESIAN_POINT('',(28.,58.,7.25));
#3920 = DIRECTION('',(0.,0.,1.));
#3921 = DIRECTION('',(1.,0.,-0.));
#3922 = DEFINITIONAL_REPRESENTATION('',(#3923),#3926);
#3923 = B_SPLINE_CURVE_WITH_KNOTS('',1,(#3924,#3925),.UNSPECIFIED.,.F.,
  .F.,(2,2),(0.8999994,1.6000006),.PIECEWISE_BEZIER_KNOTS.);
#3924 = CARTESIAN_POINT('',(1.220839615552,0.8999994));
#3925 = CARTESIAN_POINT('',(1.220839615552,1.6000006));
#3926 = ( GEOMETRIC_REPRESENTATION_CONTEXT(2) 
PARAMETRIC_REPRESENTATION_CONTEXT() REPRESENTATION_CONTEXT('2D SPACE',''
  ) );
#3927 = PCURVE('',#3928,#3933);
#3928 = PLANE('',#3929);
#3929 = AXIS2_PLACEMENT_3D('',#3930,#3931,#3932);
#3930 = CARTESIAN_POINT('',(28.6,52.,-1.));
#3931 = DIRECTION('',(1.,0.,-0.));
#3932 = DIRECTION('',(0.,0.,1.));
#3933 = DEFINITIONAL_REPRESENTATION('',(#3934),#3937);
#3934 = B_SPLINE_CURVE_WITH_KNOTS('',1,(#3935,#3936),.UNSPECIFIED.,.F.,
  .F.,(2,2),(0.8999994,1.6000006),.PIECEWISE_BEZIER_KNOTS.);
#3935 = CARTESIAN_POINT('',(9.1499994,-7.643928222277));
#3936 = CARTESIAN_POINT('',(9.8500006,-7.643928222277));
#3937 = ( GEOMETRIC_REPRESENTATION_CONTEXT(2) 
PARAMETRIC_REPRESENTATION_CONTEXT() REPRESENTATION_CONTEXT('2D SPACE',''
  ) );
#3938 = ORIENTED_EDGE('',*,*,#3939,.T.);
#3939 = EDGE_CURVE('',#3907,#3940,#3942,.T.);
#3940 = VERTEX_POINT('',#3941);
#3941 = CARTESIAN_POINT('',(27.4,59.643928222277,8.15));
#3942 = SURFACE_CURVE('',#3943,(#3948,#3955),.PCURVE_S1.);
#3943 = CIRCLE('',#3944,1.75);
#3944 = AXIS2_PLACEMENT_3D('',#3945,#3946,#3947);
#3945 = CARTESIAN_POINT('',(28.,58.,8.15));
#3946 = DIRECTION('',(0.,0.,1.));
#3947 = DIRECTION('',(1.,0.,-0.));
#3948 = PCURVE('',#3917,#3949);
#3949 = DEFINITIONAL_REPRESENTATION('',(#3950),#3954);
#3950 = LINE('',#3951,#3952);
#3951 = CARTESIAN_POINT('',(0.,0.9));
#3952 = VECTOR('',#3953,1.);
#3953 = DIRECTION('',(1.,0.));
#3954 = ( GEOMETRIC_REPRESENTATION_CONTEXT(2) 
PARAMETRIC_REPRESENTATION_CONTEXT() REPRESENTATION_CONTEXT('2D SPACE',''
  ) );
#3955 = PCURVE('',#3956,#3961);
#3956 = PLANE('',#3957);
#3957 = AXIS2_PLACEMENT_3D('',#3958,#3959,#3960);
#3958 = CARTESIAN_POINT('',(28.,58.,8.15));
#3959 = DIRECTION('',(0.,0.,1.));
#3960 = DIRECTION('',(1.,0.,-0.));
#3961 = DEFINITIONAL_REPRESENTATION('',(#3962),#3966);
#3962 = CIRCLE('',#3963,1.75);
#3963 = AXIS2_PLACEMENT_2D('',#3964,#3965);
#3964 = CARTESIAN_POINT('',(0.,0.));
#3965 = DIRECTION('',(1.,0.));
#3966 = ( GEOMETRIC_REPRESENTATION_CONTEXT(2) 
PARAMETRIC_REPRESENTATION_CONTEXT() REPRESENTATION_CONTEXT('2D SPACE',''
  ) );
#3967 = ORIENTED_EDGE('',*,*,#3968,.T.);
#3968 = EDGE_CURVE('',#3940,#3969,#3971,.T.);
#3969 = VERTEX_POINT('',#3970);
#3970 = CARTESIAN_POINT('',(27.4,59.643928222277,8.85));
#3971 = SURFACE_CURVE('',#3972,(#3976,#3982),.PCURVE_S1.);
#3972 = LINE('',#3973,#3974);
#3973 = CARTESIAN_POINT('',(27.4,59.643928222277,7.25));
#3974 = VECTOR('',#3975,1.);
#3975 = DIRECTION('',(0.,0.,1.));
#3976 = PCURVE('',#3917,#3977);
#3977 = DEFINITIONAL_REPRESENTATION('',(#3978),#3981);
#3978 = B_SPLINE_CURVE_WITH_KNOTS('',1,(#3979,#3980),.UNSPECIFIED.,.F.,
  .F.,(2,2),(0.8999994,1.6000006),.PIECEWISE_BEZIER_KNOTS.);
#3979 = CARTESIAN_POINT('',(1.920753038038,0.8999994));
#3980 = CARTESIAN_POINT('',(1.920753038038,1.6000006));
#3981 = ( GEOMETRIC_REPRESENTATION_CONTEXT(2) 
PARAMETRIC_REPRESENTATION_CONTEXT() REPRESENTATION_CONTEXT('2D SPACE',''
  ) );
#3982 = PCURVE('',#3983,#3988);
#3983 = PLANE('',#3984);
#3984 = AXIS2_PLACEMENT_3D('',#3985,#3986,#3987);
#3985 = CARTESIAN_POINT('',(27.4,52.,-1.));
#3986 = DIRECTION('',(1.,0.,-0.));
#3987 = DIRECTION('',(0.,0.,1.));
#3988 = DEFINITIONAL_REPRESENTATION('',(#3989),#3992);
#3989 = B_SPLINE_CURVE_WITH_KNOTS('',1,(#3990,#3991),.UNSPECIFIED.,.F.,
  .F.,(2,2),(0.8999994,1.6000006),.PIECEWISE_BEZIER_KNOTS.);
#3990 = CARTESIAN_POINT('',(9.1499994,-7.643928222277));
#3991 = CARTESIAN_POINT('',(9.8500006,-7.643928222277));
#3992 = ( GEOMETRIC_REPRESENTATION_CONTEXT(2) 
PARAMETRIC_REPRESENTATION_CONTEXT() REPRESENTATION_CONTEXT('2D SPACE',''
  ) );
#3993 = ORIENTED_EDGE('',*,*,#3994,.F.);
#3994 = EDGE_CURVE('',#3909,#3969,#3995,.T.);
#3995 = SURFACE_CURVE('',#3996,(#4001,#4008),.PCURVE_S1.);
#3996 = CIRCLE('',#3997,1.75);
#3997 = AXIS2_PLACEMENT_3D('',#3998,#3999,#4000);
#3998 = CARTESIAN_POINT('',(28.,58.,8.85));
#3999 = DIRECTION('',(0.,0.,1.));
#4000 = DIRECTION('',(1.,0.,-0.));
#4001 = PCURVE('',#3917,#4002);
#4002 = DEFINITIONAL_REPRESENTATION('',(#4003),#4007);
#4003 = LINE('',#4004,#4005);
#4004 = CARTESIAN_POINT('',(0.,1.6));
#4005 = VECTOR('',#4006,1.);
#4006 = DIRECTION('',(1.,0.));
#4007 = ( GEOMETRIC_REPRESENTATION_CONTEXT(2) 
PARAMETRIC_REPRESENTATION_CONTEXT() REPRESENTATION_CONTEXT('2D SPACE',''
  ) );
#4008 = PCURVE('',#4009,#4014);
#4009 = PLANE('',#4010);
#4010 = AXIS2_PLACEMENT_3D('',#4011,#4012,#4013);
#4011 = CARTESIAN_POINT('',(28.,58.,8.85));
#4012 = DIRECTION('',(0.,0.,1.));
#4013 = DIRECTION('',(1.,0.,-0.));
#4014 = DEFINITIONAL_REPRESENTATION('',(#4015),#4019);
#4015 = CIRCLE('',#4016,1.75);
#4016 = AXIS2_PLACEMENT_2D('',#4017,#4018);
#4017 = CARTESIAN_POINT('',(0.,0.));
#4018 = DIRECTION('',(1.,0.));
#4019 = ( GEOMETRIC_REPRESENTATION_CONTEXT(2) 
PARAMETRIC_REPRESENTATION_CONTEXT() REPRESENTATION_CONTEXT('2D SPACE',''
  ) );
#4020 = ADVANCED_FACE('',(#4021),#3928,.T.);
#4021 = FACE_BOUND('',#4022,.T.);
#4022 = EDGE_LOOP('',(#4023,#4044,#4045,#4066,#4092,#4118,#4144,#4170,
    #4196,#4222,#4248,#4274,#4300,#4326,#4352,#4378));
#4023 = ORIENTED_EDGE('',*,*,#4024,.T.);
#4024 = EDGE_CURVE('',#4025,#3907,#4027,.T.);
#4025 = VERTEX_POINT('',#4026);
#4026 = CARTESIAN_POINT('',(28.6,59.320037878244,8.15));
#4027 = SURFACE_CURVE('',#4028,(#4032,#4038),.PCURVE_S1.);
#4028 = LINE('',#4029,#4030);
#4029 = CARTESIAN_POINT('',(28.6,55.,8.15));
#4030 = VECTOR('',#4031,1.);
#4031 = DIRECTION('',(-0.,1.,0.));
#4032 = PCURVE('',#3928,#4033);
#4033 = DEFINITIONAL_REPRESENTATION('',(#4034),#4037);
#4034 = B_SPLINE_CURVE_WITH_KNOTS('',1,(#4035,#4036),.UNSPECIFIED.,.F.,
  .F.,(2,2),(1.25,4.75),.PIECEWISE_BEZIER_KNOTS.);
#4035 = CARTESIAN_POINT('',(9.15,-4.25));
#4036 = CARTESIAN_POINT('',(9.15,-7.75));
#4037 = ( GEOMETRIC_REPRESENTATION_CONTEXT(2) 
PARAMETRIC_REPRESENTATION_CONTEXT() REPRESENTATION_CONTEXT('2D SPACE',''
  ) );
#4038 = PCURVE('',#3956,#4039);
#4039 = DEFINITIONAL_REPRESENTATION('',(#4040),#4043);
#4040 = B_SPLINE_CURVE_WITH_KNOTS('',1,(#4041,#4042),.UNSPECIFIED.,.F.,
  .F.,(2,2),(1.25,4.75),.PIECEWISE_BEZIER_KNOTS.);
#4041 = CARTESIAN_POINT('',(0.6,-1.75));
#4042 = CARTESIAN_POINT('',(0.6,1.75));
#4043 = ( GEOMETRIC_REPRESENTATION_CONTEXT(2) 
PARAMETRIC_REPRESENTATION_CONTEXT() REPRESENTATION_CONTEXT('2D SPACE',''
  ) );
#4044 = ORIENTED_EDGE('',*,*,#3906,.T.);
#4045 = ORIENTED_EDGE('',*,*,#4046,.F.);
#4046 = EDGE_CURVE('',#4047,#3909,#4049,.T.);
#4047 = VERTEX_POINT('',#4048);
#4048 = CARTESIAN_POINT('',(28.6,59.320037878244,8.85));
#4049 = SURFACE_CURVE('',#4050,(#4054,#4060),.PCURVE_S1.);
#4050 = LINE('',#4051,#4052);
#4051 = CARTESIAN_POINT('',(28.6,55.,8.85));
#4052 = VECTOR('',#4053,1.);
#4053 = DIRECTION('',(-0.,1.,0.));
#4054 = PCURVE('',#3928,#4055);
#4055 = DEFINITIONAL_REPRESENTATION('',(#4056),#4059);
#4056 = B_SPLINE_CURVE_WITH_KNOTS('',1,(#4057,#4058),.UNSPECIFIED.,.F.,
  .F.,(2,2),(1.25,4.75),.PIECEWISE_BEZIER_KNOTS.);
#4057 = CARTESIAN_POINT('',(9.85,-4.25));
#4058 = CARTESIAN_POINT('',(9.85,-7.75));
#4059 = ( GEOMETRIC_REPRESENTATION_CONTEXT(2) 
PARAMETRIC_REPRESENTATION_CONTEXT() REPRESENTATION_CONTEXT('2D SPACE',''
  ) );
#4060 = PCURVE('',#4009,#4061);
#4061 = DEFINITIONAL_REPRESENTATION('',(#4062),#4065);
#4062 = B_SPLINE_CURVE_WITH_KNOTS('',1,(#4063,#4064),.UNSPECIFIED.,.F.,
  .F.,(2,2),(1.25,4.75),.PIECEWISE_BEZIER_KNOTS.);
#4063 = CARTESIAN_POINT('',(0.6,-1.75));
#4064 = CARTESIAN_POINT('',(0.6,1.75));
#4065 = ( GEOMETRIC_REPRESENTATION_CONTEXT(2) 
PARAMETRIC_REPRESENTATION_CONTEXT() REPRESENTATION_CONTEXT('2D SPACE',''
  ) );
#4066 = ORIENTED_EDGE('',*,*,#4067,.T.);
#4067 = EDGE_CURVE('',#4047,#4068,#4070,.T.);
#4068 = VERTEX_POINT('',#4069);
#4069 = CARTESIAN_POINT('',(28.6,59.320037878244,9.15));
#4070 = SURFACE_CURVE('',#4071,(#4075,#4081),.PCURVE_S1.);
#4071 = LINE('',#4072,#4073);
#4072 = CARTESIAN_POINT('',(28.6,59.320037878244,8.85));
#4073 = VECTOR('',#4074,1.);
#4074 = DIRECTION('',(0.,0.,1.));
#4075 = PCURVE('',#3928,#4076);
#4076 = DEFINITIONAL_REPRESENTATION('',(#4077),#4080);
#4077 = B_SPLINE_CURVE_WITH_KNOTS('',1,(#4078,#4079),.UNSPECIFIED.,.F.,
  .F.,(2,2),(-5.999999999062E-07,0.3000006),.PIECEWISE_BEZIER_KNOTS.);
#4078 = CARTESIAN_POINT('',(9.8499994,-7.320037878244));
#4079 = CARTESIAN_POINT('',(10.1500006,-7.320037878244));
#4080 = ( GEOMETRIC_REPRESENTATION_CONTEXT(2) 
PARAMETRIC_REPRESENTATION_CONTEXT() REPRESENTATION_CONTEXT('2D SPACE',''
  ) );
#4081 = PCURVE('',#4082,#4087);
#4082 = CYLINDRICAL_SURFACE('',#4083,1.45);
#4083 = AXIS2_PLACEMENT_3D('',#4084,#4085,#4086);
#4084 = CARTESIAN_POINT('',(28.,58.,8.85));
#4085 = DIRECTION('',(0.,0.,1.));
#4086 = DIRECTION('',(1.,0.,-0.));
#4087 = DEFINITIONAL_REPRESENTATION('',(#4088),#4091);
#4088 = B_SPLINE_CURVE_WITH_KNOTS('',1,(#4089,#4090),.UNSPECIFIED.,.F.,
  .F.,(2,2),(-5.999999999062E-07,0.3000006),.PIECEWISE_BEZIER_KNOTS.);
#4089 = CARTESIAN_POINT('',(1.144179643412,-5.999999999062E-07));
#4090 = CARTESIAN_POINT('',(1.144179643412,0.3000006));
#4091 = ( GEOMETRIC_REPRESENTATION_CONTEXT(2) 
PARAMETRIC_REPRESENTATION_CONTEXT() REPRESENTATION_CONTEXT('2D SPACE',''
  ) );
#4092 = ORIENTED_EDGE('',*,*,#4093,.T.);
#4093 = EDGE_CURVE('',#4068,#4094,#4096,.T.);
#4094 = VERTEX_POINT('',#4095);
#4095 = CARTESIAN_POINT('',(28.6,59.643928222277,9.15));
#4096 = SURFACE_CURVE('',#4097,(#4101,#4107),.PCURVE_S1.);
#4097 = LINE('',#4098,#4099);
#4098 = CARTESIAN_POINT('',(28.6,55.,9.15));
#4099 = VECTOR('',#4100,1.);
#4100 = DIRECTION('',(-0.,1.,0.));
#4101 = PCURVE('',#3928,#4102);
#4102 = DEFINITIONAL_REPRESENTATION('',(#4103),#4106);
#4103 = B_SPLINE_CURVE_WITH_KNOTS('',1,(#4104,#4105),.UNSPECIFIED.,.F.,
  .F.,(2,2),(1.25,4.75),.PIECEWISE_BEZIER_KNOTS.);
#4104 = CARTESIAN_POINT('',(10.15,-4.25));
#4105 = CARTESIAN_POINT('',(10.15,-7.75));
#4106 = ( GEOMETRIC_REPRESENTATION_CONTEXT(2) 
PARAMETRIC_REPRESENTATION_CONTEXT() REPRESENTATION_CONTEXT('2D SPACE',''
  ) );
#4107 = PCURVE('',#4108,#4113);
#4108 = PLANE('',#4109);
#4109 = AXIS2_PLACEMENT_3D('',#4110,#4111,#4112);
#4110 = CARTESIAN_POINT('',(28.,58.,9.15));
#4111 = DIRECTION('',(0.,0.,1.));
#4112 = DIRECTION('',(1.,0.,-0.));
#4113 = DEFINITIONAL_REPRESENTATION('',(#4114),#4117);
#4114 = B_SPLINE_CURVE_WITH_KNOTS('',1,(#4115,#4116),.UNSPECIFIED.,.F.,
  .F.,(2,2),(1.25,4.75),.PIECEWISE_BEZIER_KNOTS.);
#4115 = CARTESIAN_POINT('',(0.6,-1.75));
#4116 = CARTESIAN_POINT('',(0.6,1.75));
#4117 = ( GEOMETRIC_REPRESENTATION_CONTEXT(2) 
PARAMETRIC_REPRESENTATION_CONTEXT() REPRESENTATION_CONTEXT('2D SPACE',''
  ) );
#4118 = ORIENTED_EDGE('',*,*,#4119,.T.);
#4119 = EDGE_CURVE('',#4094,#4120,#4122,.T.);
#4120 = VERTEX_POINT('',#4121);
#4121 = CARTESIAN_POINT('',(28.6,59.643928222277,9.85));
#4122 = SURFACE_CURVE('',#4123,(#4127,#4133),.PCURVE_S1.);
#4123 = LINE('',#4124,#4125);
#4124 = CARTESIAN_POINT('',(28.6,59.643928222277,7.25));
#4125 = VECTOR('',#4126,1.);
#4126 = DIRECTION('',(0.,0.,1.));
#4127 = PCURVE('',#3928,#4128);
#4128 = DEFINITIONAL_REPRESENTATION('',(#4129),#4132);
#4129 = B_SPLINE_CURVE_WITH_KNOTS('',1,(#4130,#4131),.UNSPECIFIED.,.F.,
  .F.,(2,2),(1.8999994,2.6000006),.PIECEWISE_BEZIER_KNOTS.);
#4130 = CARTESIAN_POINT('',(10.1499994,-7.643928222277));
#4131 = CARTESIAN_POINT('',(10.8500006,-7.643928222277));
#4132 = ( GEOMETRIC_REPRESENTATION_CONTEXT(2) 
PARAMETRIC_REPRESENTATION_CONTEXT() REPRESENTATION_CONTEXT('2D SPACE',''
  ) );
#4133 = PCURVE('',#4134,#4139);
#4134 = CYLINDRICAL_SURFACE('',#4135,1.75);
#4135 = AXIS2_PLACEMENT_3D('',#4136,#4137,#4138);
#4136 = CARTESIAN_POINT('',(28.,58.,7.25));
#4137 = DIRECTION('',(0.,0.,1.));
#4138 = DIRECTION('',(1.,0.,-0.));
#4139 = DEFINITIONAL_REPRESENTATION('',(#4140),#4143);
#4140 = B_SPLINE_CURVE_WITH_KNOTS('',1,(#4141,#4142),.UNSPECIFIED.,.F.,
  .F.,(2,2),(1.8999994,2.6000006),.PIECEWISE_BEZIER_KNOTS.);
#4141 = CARTESIAN_POINT('',(1.220839615552,1.8999994));
#4142 = CARTESIAN_POINT('',(1.220839615552,2.6000006));
#4143 = ( GEOMETRIC_REPRESENTATION_CONTEXT(2) 
PARAMETRIC_REPRESENTATION_CONTEXT() REPRESENTATION_CONTEXT('2D SPACE',''
  ) );
#4144 = ORIENTED_EDGE('',*,*,#4145,.F.);
#4145 = EDGE_CURVE('',#4146,#4120,#4148,.T.);
#4146 = VERTEX_POINT('',#4147);
#4147 = CARTESIAN_POINT('',(28.6,59.320037878244,9.85));
#4148 = SURFACE_CURVE('',#4149,(#4153,#4159),.PCURVE_S1.);
#4149 = LINE('',#4150,#4151);
#4150 = CARTESIAN_POINT('',(28.6,55.,9.85));
#4151 = VECTOR('',#4152,1.);
#4152 = DIRECTION('',(-0.,1.,0.));
#4153 = PCURVE('',#3928,#4154);
#4154 = DEFINITIONAL_REPRESENTATION('',(#4155),#4158);
#4155 = B_SPLINE_CURVE_WITH_KNOTS('',1,(#4156,#4157),.UNSPECIFIED.,.F.,
  .F.,(2,2),(1.25,4.75),.PIECEWISE_BEZIER_KNOTS.);
#4156 = CARTESIAN_POINT('',(10.85,-4.25));
#4157 = CARTESIAN_POINT('',(10.85,-7.75));
#4158 = ( GEOMETRIC_REPRESENTATION_CONTEXT(2) 
PARAMETRIC_REPRESENTATION_CONTEXT() REPRESENTATION_CONTEXT('2D SPACE',''
  ) );
#4159 = PCURVE('',#4160,#4165);
#4160 = PLANE('',#4161);
#4161 = AXIS2_PLACEMENT_3D('',#4162,#4163,#4164);
#4162 = CARTESIAN_POINT('',(28.,58.,9.85));
#4163 = DIRECTION('',(0.,0.,1.));
#4164 = DIRECTION('',(1.,0.,-0.));
#4165 = DEFINITIONAL_REPRESENTATION('',(#4166),#4169);
#4166 = B_SPLINE_CURVE_WITH_KNOTS('',1,(#4167,#4168),.UNSPECIFIED.,.F.,
  .F.,(2,2),(1.25,4.75),.PIECEWISE_BEZIER_KNOTS.);
#4167 = CARTESIAN_POINT('',(0.6,-1.75));
#4168 = CARTESIAN_POINT('',(0.6,1.75));
#4169 = ( GEOMETRIC_REPRESENTATION_CONTEXT(2) 
PARAMETRIC_REPRESENTATION_CONTEXT() REPRESENTATION_CONTEXT('2D SPACE',''
  ) );
#4170 = ORIENTED_EDGE('',*,*,#4171,.T.);
#4171 = EDGE_CURVE('',#4146,#4172,#4174,.T.);
#4172 = VERTEX_POINT('',#4173);
#4173 = CARTESIAN_POINT('',(28.6,59.320037878244,10.15));
#4174 = SURFACE_CURVE('',#4175,(#4179,#4185),.PCURVE_S1.);
#4175 = LINE('',#4176,#4177);
#4176 = CARTESIAN_POINT('',(28.6,59.320037878244,9.85));
#4177 = VECTOR('',#4178,1.);
#4178 = DIRECTION('',(0.,0.,1.));
#4179 = PCURVE('',#3928,#4180);
#4180 = DEFINITIONAL_REPRESENTATION('',(#4181),#4184);
#4181 = B_SPLINE_CURVE_WITH_KNOTS('',1,(#4182,#4183),.UNSPECIFIED.,.F.,
  .F.,(2,2),(-5.999999999062E-07,0.3000006),.PIECEWISE_BEZIER_KNOTS.);
#4182 = CARTESIAN_POINT('',(10.8499994,-7.320037878244));
#4183 = CARTESIAN_POINT('',(11.1500006,-7.320037878244));
#4184 = ( GEOMETRIC_REPRESENTATION_CONTEXT(2) 
PARAMETRIC_REPRESENTATION_CONTEXT() REPRESENTATION_CONTEXT('2D SPACE',''
  ) );
#4185 = PCURVE('',#4186,#4191);
#4186 = CYLINDRICAL_SURFACE('',#4187,1.45);
#4187 = AXIS2_PLACEMENT_3D('',#4188,#4189,#4190);
#4188 = CARTESIAN_POINT('',(28.,58.,9.85));
#4189 = DIRECTION('',(0.,0.,1.));
#4190 = DIRECTION('',(1.,0.,-0.));
#4191 = DEFINITIONAL_REPRESENTATION('',(#4192),#4195);
#4192 = B_SPLINE_CURVE_WITH_KNOTS('',1,(#4193,#4194),.UNSPECIFIED.,.F.,
  .F.,(2,2),(-5.999999999062E-07,0.3000006),.PIECEWISE_BEZIER_KNOTS.);
#4193 = CARTESIAN_POINT('',(1.144179643412,-5.999999999062E-07));
#4194 = CARTESIAN_POINT('',(1.144179643412,0.3000006));
#4195 = ( GEOMETRIC_REPRESENTATION_CONTEXT(2) 
PARAMETRIC_REPRESENTATION_CONTEXT() REPRESENTATION_CONTEXT('2D SPACE',''
  ) );
#4196 = ORIENTED_EDGE('',*,*,#4197,.T.);
#4197 = EDGE_CURVE('',#4172,#4198,#4200,.T.);
#4198 = VERTEX_POINT('',#4199);
#4199 = CARTESIAN_POINT('',(28.6,59.643928222277,10.15));
#4200 = SURFACE_CURVE('',#4201,(#4205,#4211),.PCURVE_S1.);
#4201 = LINE('',#4202,#4203);
#4202 = CARTESIAN_POINT('',(28.6,55.,10.15));
#4203 = VECTOR('',#4204,1.);
#4204 = DIRECTION('',(-0.,1.,0.));
#4205 = PCURVE('',#3928,#4206);
#4206 = DEFINITIONAL_REPRESENTATION('',(#4207),#4210);
#4207 = B_SPLINE_CURVE_WITH_KNOTS('',1,(#4208,#4209),.UNSPECIFIED.,.F.,
  .F.,(2,2),(1.25,4.75),.PIECEWISE_BEZIER_KNOTS.);
#4208 = CARTESIAN_POINT('',(11.15,-4.25));
#4209 = CARTESIAN_POINT('',(11.15,-7.75));
#4210 = ( GEOMETRIC_REPRESENTATION_CONTEXT(2) 
PARAMETRIC_REPRESENTATION_CONTEXT() REPRESENTATION_CONTEXT('2D SPACE',''
  ) );
#4211 = PCURVE('',#4212,#4217);
#4212 = PLANE('',#4213);
#4213 = AXIS2_PLACEMENT_3D('',#4214,#4215,#4216);
#4214 = CARTESIAN_POINT('',(28.,58.,10.15));
#4215 = DIRECTION('',(0.,0.,1.));
#4216 = DIRECTION('',(1.,0.,-0.));
#4217 = DEFINITIONAL_REPRESENTATION('',(#4218),#4221);
#4218 = B_SPLINE_CURVE_WITH_KNOTS('',1,(#4219,#4220),.UNSPECIFIED.,.F.,
  .F.,(2,2),(1.25,4.75),.PIECEWISE_BEZIER_KNOTS.);
#4219 = CARTESIAN_POINT('',(0.6,-1.75));
#4220 = CARTESIAN_POINT('',(0.6,1.75));
#4221 = ( GEOMETRIC_REPRESENTATION_CONTEXT(2) 
PARAMETRIC_REPRESENTATION_CONTEXT() REPRESENTATION_CONTEXT('2D SPACE',''
  ) );
#4222 = ORIENTED_EDGE('',*,*,#4223,.T.);
#4223 = EDGE_CURVE('',#4198,#4224,#4226,.T.);
#4224 = VERTEX_POINT('',#4225);
#4225 = CARTESIAN_POINT('',(28.6,59.643928222277,11.25));
#4226 = SURFACE_CURVE('',#4227,(#4231,#4237),.PCURVE_S1.);
#4227 = LINE('',#4228,#4229);
#4228 = CARTESIAN_POINT('',(28.6,59.643928222277,7.25));
#4229 = VECTOR('',#4230,1.);
#4230 = DIRECTION('',(0.,0.,1.));
#4231 = PCURVE('',#3928,#4232);
#4232 = DEFINITIONAL_REPRESENTATION('',(#4233),#4236);
#4233 = B_SPLINE_CURVE_WITH_KNOTS('',1,(#4234,#4235),.UNSPECIFIED.,.F.,
  .F.,(2,2),(2.8999994,4.0000006),.PIECEWISE_BEZIER_KNOTS.);
#4234 = CARTESIAN_POINT('',(11.1499994,-7.643928222277));
#4235 = CARTESIAN_POINT('',(12.2500006,-7.643928222277));
#4236 = ( GEOMETRIC_REPRESENTATION_CONTEXT(2) 
PARAMETRIC_REPRESENTATION_CONTEXT() REPRESENTATION_CONTEXT('2D SPACE',''
  ) );
#4237 = PCURVE('',#4238,#4243);
#4238 = CYLINDRICAL_SURFACE('',#4239,1.75);
#4239 = AXIS2_PLACEMENT_3D('',#4240,#4241,#4242);
#4240 = CARTESIAN_POINT('',(28.,58.,7.25));
#4241 = DIRECTION('',(0.,0.,1.));
#4242 = DIRECTION('',(1.,0.,-0.));
#4243 = DEFINITIONAL_REPRESENTATION('',(#4244),#4247);
#4244 = B_SPLINE_CURVE_WITH_KNOTS('',1,(#4245,#4246),.UNSPECIFIED.,.F.,
  .F.,(2,2),(2.8999994,4.0000006),.PIECEWISE_BEZIER_KNOTS.);
#4245 = CARTESIAN_POINT('',(1.220839615552,2.8999994));
#4246 = CARTESIAN_POINT('',(1.220839615552,4.0000006));
#4247 = ( GEOMETRIC_REPRESENTATION_CONTEXT(2) 
PARAMETRIC_REPRESENTATION_CONTEXT() REPRESENTATION_CONTEXT('2D SPACE',''
  ) );
#4248 = ORIENTED_EDGE('',*,*,#4249,.F.);
#4249 = EDGE_CURVE('',#4250,#4224,#4252,.T.);
#4250 = VERTEX_POINT('',#4251);
#4251 = CARTESIAN_POINT('',(28.6,58.529150262213,11.25));
#4252 = SURFACE_CURVE('',#4253,(#4257,#4263),.PCURVE_S1.);
#4253 = LINE('',#4254,#4255);
#4254 = CARTESIAN_POINT('',(28.6,55.,11.25));
#4255 = VECTOR('',#4256,1.);
#4256 = DIRECTION('',(-0.,1.,0.));
#4257 = PCURVE('',#3928,#4258);
#4258 = DEFINITIONAL_REPRESENTATION('',(#4259),#4262);
#4259 = B_SPLINE_CURVE_WITH_KNOTS('',1,(#4260,#4261),.UNSPECIFIED.,.F.,
  .F.,(2,2),(1.25,4.75),.PIECEWISE_BEZIER_KNOTS.);
#4260 = CARTESIAN_POINT('',(12.25,-4.25));
#4261 = CARTESIAN_POINT('',(12.25,-7.75));
#4262 = ( GEOMETRIC_REPRESENTATION_CONTEXT(2) 
PARAMETRIC_REPRESENTATION_CONTEXT() REPRESENTATION_CONTEXT('2D SPACE',''
  ) );
#4263 = PCURVE('',#4264,#4269);
#4264 = PLANE('',#4265);
#4265 = AXIS2_PLACEMENT_3D('',#4266,#4267,#4268);
#4266 = CARTESIAN_POINT('',(28.,58.,11.25));
#4267 = DIRECTION('',(0.,0.,1.));
#4268 = DIRECTION('',(1.,0.,-0.));
#4269 = DEFINITIONAL_REPRESENTATION('',(#4270),#4273);
#4270 = B_SPLINE_CURVE_WITH_KNOTS('',1,(#4271,#4272),.UNSPECIFIED.,.F.,
  .F.,(2,2),(1.25,4.75),.PIECEWISE_BEZIER_KNOTS.);
#4271 = CARTESIAN_POINT('',(0.6,-1.75));
#4272 = CARTESIAN_POINT('',(0.6,1.75));
#4273 = ( GEOMETRIC_REPRESENTATION_CONTEXT(2) 
PARAMETRIC_REPRESENTATION_CONTEXT() REPRESENTATION_CONTEXT('2D SPACE',''
  ) );
#4274 = ORIENTED_EDGE('',*,*,#4275,.F.);
#4275 = EDGE_CURVE('',#4276,#4250,#4278,.T.);
#4276 = VERTEX_POINT('',#4277);
#4277 = CARTESIAN_POINT('',(28.6,58.529150262213,7.25));
#4278 = SURFACE_CURVE('',#4279,(#4283,#4289),.PCURVE_S1.);
#4279 = LINE('',#4280,#4281);
#4280 = CARTESIAN_POINT('',(28.6,58.529150262213,7.25));
#4281 = VECTOR('',#4282,1.);
#4282 = DIRECTION('',(0.,0.,1.));
#4283 = PCURVE('',#3928,#4284);
#4284 = DEFINITIONAL_REPRESENTATION('',(#4285),#4288);
#4285 = B_SPLINE_CURVE_WITH_KNOTS('',1,(#4286,#4287),.UNSPECIFIED.,.F.,
  .F.,(2,2),(-5.999999999062E-07,4.0000006),.PIECEWISE_BEZIER_KNOTS.);
#4286 = CARTESIAN_POINT('',(8.2499994,-6.529150262213));
#4287 = CARTESIAN_POINT('',(12.2500006,-6.529150262213));
#4288 = ( GEOMETRIC_REPRESENTATION_CONTEXT(2) 
PARAMETRIC_REPRESENTATION_CONTEXT() REPRESENTATION_CONTEXT('2D SPACE',''
  ) );
#4289 = PCURVE('',#4290,#4295);
#4290 = CYLINDRICAL_SURFACE('',#4291,0.8);
#4291 = AXIS2_PLACEMENT_3D('',#4292,#4293,#4294);
#4292 = CARTESIAN_POINT('',(28.,58.,7.25));
#4293 = DIRECTION('',(0.,0.,1.));
#4294 = DIRECTION('',(1.,0.,-0.));
#4295 = DEFINITIONAL_REPRESENTATION('',(#4296),#4299);
#4296 = B_SPLINE_CURVE_WITH_KNOTS('',1,(#4297,#4298),.UNSPECIFIED.,.F.,
  .F.,(2,2),(-5.999999999062E-07,4.0000006),.PIECEWISE_BEZIER_KNOTS.);
#4297 = CARTESIAN_POINT('',(0.722734247813,-5.999999999062E-07));
#4298 = CARTESIAN_POINT('',(0.722734247813,4.0000006));
#4299 = ( GEOMETRIC_REPRESENTATION_CONTEXT(2) 
PARAMETRIC_REPRESENTATION_CONTEXT() REPRESENTATION_CONTEXT('2D SPACE',''
  ) );
#4300 = ORIENTED_EDGE('',*,*,#4301,.T.);
#4301 = EDGE_CURVE('',#4276,#4302,#4304,.T.);
#4302 = VERTEX_POINT('',#4303);
#4303 = CARTESIAN_POINT('',(28.6,59.643928222277,7.25));
#4304 = SURFACE_CURVE('',#4305,(#4309,#4315),.PCURVE_S1.);
#4305 = LINE('',#4306,#4307);
#4306 = CARTESIAN_POINT('',(28.6,55.,7.25));
#4307 = VECTOR('',#4308,1.);
#4308 = DIRECTION('',(-0.,1.,0.));
#4309 = PCURVE('',#3928,#4310);
#4310 = DEFINITIONAL_REPRESENTATION('',(#4311),#4314);
#4311 = B_SPLINE_CURVE_WITH_KNOTS('',1,(#4312,#4313),.UNSPECIFIED.,.F.,
  .F.,(2,2),(1.25,4.75),.PIECEWISE_BEZIER_KNOTS.);
#4312 = CARTESIAN_POINT('',(8.25,-4.25));
#4313 = CARTESIAN_POINT('',(8.25,-7.75));
#4314 = ( GEOMETRIC_REPRESENTATION_CONTEXT(2) 
PARAMETRIC_REPRESENTATION_CONTEXT() REPRESENTATION_CONTEXT('2D SPACE',''
  ) );
#4315 = PCURVE('',#4316,#4321);
#4316 = PLANE('',#4317);
#4317 = AXIS2_PLACEMENT_3D('',#4318,#4319,#4320);
#4318 = CARTESIAN_POINT('',(28.,58.,7.25));
#4319 = DIRECTION('',(0.,0.,1.));
#4320 = DIRECTION('',(1.,0.,-0.));
#4321 = DEFINITIONAL_REPRESENTATION('',(#4322),#4325);
#4322 = B_SPLINE_CURVE_WITH_KNOTS('',1,(#4323,#4324),.UNSPECIFIED.,.F.,
  .F.,(2,2),(1.25,4.75),.PIECEWISE_BEZIER_KNOTS.);
#4323 = CARTESIAN_POINT('',(0.6,-1.75));
#4324 = CARTESIAN_POINT('',(0.6,1.75));
#4325 = ( GEOMETRIC_REPRESENTATION_CONTEXT(2) 
PARAMETRIC_REPRESENTATION_CONTEXT() REPRESENTATION_CONTEXT('2D SPACE',''
  ) );
#4326 = ORIENTED_EDGE('',*,*,#4327,.T.);
#4327 = EDGE_CURVE('',#4302,#4328,#4330,.T.);
#4328 = VERTEX_POINT('',#4329);
#4329 = CARTESIAN_POINT('',(28.6,59.643928222277,7.85));
#4330 = SURFACE_CURVE('',#4331,(#4335,#4341),.PCURVE_S1.);
#4331 = LINE('',#4332,#4333);
#4332 = CARTESIAN_POINT('',(28.6,59.643928222277,7.25));
#4333 = VECTOR('',#4334,1.);
#4334 = DIRECTION('',(0.,0.,1.));
#4335 = PCURVE('',#3928,#4336);
#4336 = DEFINITIONAL_REPRESENTATION('',(#4337),#4340);
#4337 = B_SPLINE_CURVE_WITH_KNOTS('',1,(#4338,#4339),.UNSPECIFIED.,.F.,
  .F.,(2,2),(-5.999999999062E-07,0.6000006),.PIECEWISE_BEZIER_KNOTS.);
#4338 = CARTESIAN_POINT('',(8.2499994,-7.643928222277));
#4339 = CARTESIAN_POINT('',(8.8500006,-7.643928222277));
#4340 = ( GEOMETRIC_REPRESENTATION_CONTEXT(2) 
PARAMETRIC_REPRESENTATION_CONTEXT() REPRESENTATION_CONTEXT('2D SPACE',''
  ) );
#4341 = PCURVE('',#4342,#4347);
#4342 = CYLINDRICAL_SURFACE('',#4343,1.75);
#4343 = AXIS2_PLACEMENT_3D('',#4344,#4345,#4346);
#4344 = CARTESIAN_POINT('',(28.,58.,7.25));
#4345 = DIRECTION('',(0.,0.,1.));
#4346 = DIRECTION('',(1.,0.,-0.));
#4347 = DEFINITIONAL_REPRESENTATION('',(#4348),#4351);
#4348 = B_SPLINE_CURVE_WITH_KNOTS('',1,(#4349,#4350),.UNSPECIFIED.,.F.,
  .F.,(2,2),(-5.999999999062E-07,0.6000006),.PIECEWISE_BEZIER_KNOTS.);
#4349 = CARTESIAN_POINT('',(1.220839615552,-5.999999999062E-07));
#4350 = CARTESIAN_POINT('',(1.220839615552,0.6000006));
#4351 = ( GEOMETRIC_REPRESENTATION_CONTEXT(2) 
PARAMETRIC_REPRESENTATION_CONTEXT() REPRESENTATION_CONTEXT('2D SPACE',''
  ) );
#4352 = ORIENTED_EDGE('',*,*,#4353,.F.);
#4353 = EDGE_CURVE('',#4354,#4328,#4356,.T.);
#4354 = VERTEX_POINT('',#4355);
#4355 = CARTESIAN_POINT('',(28.6,59.320037878244,7.85));
#4356 = SURFACE_CURVE('',#4357,(#4361,#4367),.PCURVE_S1.);
#4357 = LINE('',#4358,#4359);
#4358 = CARTESIAN_POINT('',(28.6,55.,7.85));
#4359 = VECTOR('',#4360,1.);
#4360 = DIRECTION('',(-0.,1.,0.));
#4361 = PCURVE('',#3928,#4362);
#4362 = DEFINITIONAL_REPRESENTATION('',(#4363),#4366);
#4363 = B_SPLINE_CURVE_WITH_KNOTS('',1,(#4364,#4365),.UNSPECIFIED.,.F.,
  .F.,(2,2),(1.25,4.75),.PIECEWISE_BEZIER_KNOTS.);
#4364 = CARTESIAN_POINT('',(8.85,-4.25));
#4365 = CARTESIAN_POINT('',(8.85,-7.75));
#4366 = ( GEOMETRIC_REPRESENTATION_CONTEXT(2) 
PARAMETRIC_REPRESENTATION_CONTEXT() REPRESENTATION_CONTEXT('2D SPACE',''
  ) );
#4367 = PCURVE('',#4368,#4373);
#4368 = PLANE('',#4369);
#4369 = AXIS2_PLACEMENT_3D('',#4370,#4371,#4372);
#4370 = CARTESIAN_POINT('',(28.,58.,7.85));
#4371 = DIRECTION('',(0.,0.,1.));
#4372 = DIRECTION('',(1.,0.,-0.));
#4373 = DEFINITIONAL_REPRESENTATION('',(#4374),#4377);
#4374 = B_SPLINE_CURVE_WITH_KNOTS('',1,(#4375,#4376),.UNSPECIFIED.,.F.,
  .F.,(2,2),(1.25,4.75),.PIECEWISE_BEZIER_KNOTS.);
#4375 = CARTESIAN_POINT('',(0.6,-1.75));
#4376 = CARTESIAN_POINT('',(0.6,1.75));
#4377 = ( GEOMETRIC_REPRESENTATION_CONTEXT(2) 
PARAMETRIC_REPRESENTATION_CONTEXT() REPRESENTATION_CONTEXT('2D SPACE',''
  ) );
#4378 = ORIENTED_EDGE('',*,*,#4379,.T.);
#4379 = EDGE_CURVE('',#4354,#4025,#4380,.T.);
#4380 = SURFACE_CURVE('',#4381,(#4385,#4391),.PCURVE_S1.);
#4381 = LINE('',#4382,#4383);
#4382 = CARTESIAN_POINT('',(28.6,59.320037878244,7.85));
#4383 = VECTOR('',#4384,1.);
#4384 = DIRECTION('',(0.,0.,1.));
#4385 = PCURVE('',#3928,#4386);
#4386 = DEFINITIONAL_REPRESENTATION('',(#4387),#4390);
#4387 = B_SPLINE_CURVE_WITH_KNOTS('',1,(#4388,#4389),.UNSPECIFIED.,.F.,
  .F.,(2,2),(-5.999999999062E-07,0.3000006),.PIECEWISE_BEZIER_KNOTS.);
#4388 = CARTESIAN_POINT('',(8.8499994,-7.320037878244));
#4389 = CARTESIAN_POINT('',(9.1500006,-7.320037878244));
#4390 = ( GEOMETRIC_REPRESENTATION_CONTEXT(2) 
PARAMETRIC_REPRESENTATION_CONTEXT() REPRESENTATION_CONTEXT('2D SPACE',''
  ) );
#4391 = PCURVE('',#4392,#4397);
#4392 = CYLINDRICAL_SURFACE('',#4393,1.45);
#4393 = AXIS2_PLACEMENT_3D('',#4394,#4395,#4396);
#4394 = CARTESIAN_POINT('',(28.,58.,7.85));
#4395 = DIRECTION('',(0.,0.,1.));
#4396 = DIRECTION('',(1.,0.,-0.));
#4397 = DEFINITIONAL_REPRESENTATION('',(#4398),#4401);
#4398 = B_SPLINE_CURVE_WITH_KNOTS('',1,(#4399,#4400),.UNSPECIFIED.,.F.,
  .F.,(2,2),(-5.999999999062E-07,0.3000006),.PIECEWISE_BEZIER_KNOTS.);
#4399 = CARTESIAN_POINT('',(1.144179643412,-5.999999999062E-07));
#4400 = CARTESIAN_POINT('',(1.144179643412,0.3000006));
#4401 = ( GEOMETRIC_REPRESENTATION_CONTEXT(2) 
PARAMETRIC_REPRESENTATION_CONTEXT() REPRESENTATION_CONTEXT('2D SPACE',''
  ) );
#4402 = ADVANCED_FACE('',(#4403),#4009,.T.);
#4403 = FACE_BOUND('',#4404,.T.);
#4404 = EDGE_LOOP('',(#4405,#4406,#4407,#4428));
#4405 = ORIENTED_EDGE('',*,*,#4046,.T.);
#4406 = ORIENTED_EDGE('',*,*,#3994,.T.);
#4407 = ORIENTED_EDGE('',*,*,#4408,.F.);
#4408 = EDGE_CURVE('',#4409,#3969,#4411,.T.);
#4409 = VERTEX_POINT('',#4410);
#4410 = CARTESIAN_POINT('',(27.4,59.320037878244,8.85));
#4411 = SURFACE_CURVE('',#4412,(#4416,#4422),.PCURVE_S1.);
#4412 = LINE('',#4413,#4414);
#4413 = CARTESIAN_POINT('',(27.4,55.,8.85));
#4414 = VECTOR('',#4415,1.);
#4415 = DIRECTION('',(-0.,1.,0.));
#4416 = PCURVE('',#4009,#4417);
#4417 = DEFINITIONAL_REPRESENTATION('',(#4418),#4421);
#4418 = B_SPLINE_CURVE_WITH_KNOTS('',1,(#4419,#4420),.UNSPECIFIED.,.F.,
  .F.,(2,2),(1.25,4.75),.PIECEWISE_BEZIER_KNOTS.);
#4419 = CARTESIAN_POINT('',(-0.6,-1.75));
#4420 = CARTESIAN_POINT('',(-0.6,1.75));
#4421 = ( GEOMETRIC_REPRESENTATION_CONTEXT(2) 
PARAMETRIC_REPRESENTATION_CONTEXT() REPRESENTATION_CONTEXT('2D SPACE',''
  ) );
#4422 = PCURVE('',#3983,#4423);
#4423 = DEFINITIONAL_REPRESENTATION('',(#4424),#4427);
#4424 = B_SPLINE_CURVE_WITH_KNOTS('',1,(#4425,#4426),.UNSPECIFIED.,.F.,
  .F.,(2,2),(1.25,4.75),.PIECEWISE_BEZIER_KNOTS.);
#4425 = CARTESIAN_POINT('',(9.85,-4.25));
#4426 = CARTESIAN_POINT('',(9.85,-7.75));
#4427 = ( GEOMETRIC_REPRESENTATION_CONTEXT(2) 
PARAMETRIC_REPRESENTATION_CONTEXT() REPRESENTATION_CONTEXT('2D SPACE',''
  ) );
#4428 = ORIENTED_EDGE('',*,*,#4429,.F.);
#4429 = EDGE_CURVE('',#4047,#4409,#4430,.T.);
#4430 = SURFACE_CURVE('',#4431,(#4436,#4443),.PCURVE_S1.);
#4431 = CIRCLE('',#4432,1.45);
#4432 = AXIS2_PLACEMENT_3D('',#4433,#4434,#4435);
#4433 = CARTESIAN_POINT('',(28.,58.,8.85));
#4434 = DIRECTION('',(0.,0.,1.));
#4435 = DIRECTION('',(1.,0.,-0.));
#4436 = PCURVE('',#4009,#4437);
#4437 = DEFINITIONAL_REPRESENTATION('',(#4438),#4442);
#4438 = CIRCLE('',#4439,1.45);
#4439 = AXIS2_PLACEMENT_2D('',#4440,#4441);
#4440 = CARTESIAN_POINT('',(0.,0.));
#4441 = DIRECTION('',(1.,0.));
#4442 = ( GEOMETRIC_REPRESENTATION_CONTEXT(2) 
PARAMETRIC_REPRESENTATION_CONTEXT() REPRESENTATION_CONTEXT('2D SPACE',''
  ) );
#4443 = PCURVE('',#4082,#4444);
#4444 = DEFINITIONAL_REPRESENTATION('',(#4445),#4449);
#4445 = LINE('',#4446,#4447);
#4446 = CARTESIAN_POINT('',(0.,0.));
#4447 = VECTOR('',#4448,1.);
#4448 = DIRECTION('',(1.,0.));
#4449 = ( GEOMETRIC_REPRESENTATION_CONTEXT(2) 
PARAMETRIC_REPRESENTATION_CONTEXT() REPRESENTATION_CONTEXT('2D SPACE',''
  ) );
#4450 = ADVANCED_FACE('',(#4451),#3983,.F.);
#4451 = FACE_BOUND('',#4452,.F.);
#4452 = EDGE_LOOP('',(#4453,#4474,#4475,#4476,#4497,#4518,#4539,#4560,
    #4581,#4602,#4623,#4644,#4665,#4686,#4707,#4728));
#4453 = ORIENTED_EDGE('',*,*,#4454,.T.);
#4454 = EDGE_CURVE('',#4455,#3940,#4457,.T.);
#4455 = VERTEX_POINT('',#4456);
#4456 = CARTESIAN_POINT('',(27.4,59.320037878244,8.15));
#4457 = SURFACE_CURVE('',#4458,(#4462,#4468),.PCURVE_S1.);
#4458 = LINE('',#4459,#4460);
#4459 = CARTESIAN_POINT('',(27.4,55.,8.15));
#4460 = VECTOR('',#4461,1.);
#4461 = DIRECTION('',(-0.,1.,0.));
#4462 = PCURVE('',#3983,#4463);
#4463 = DEFINITIONAL_REPRESENTATION('',(#4464),#4467);
#4464 = B_SPLINE_CURVE_WITH_KNOTS('',1,(#4465,#4466),.UNSPECIFIED.,.F.,
  .F.,(2,2),(1.25,4.75),.PIECEWISE_BEZIER_KNOTS.);
#4465 = CARTESIAN_POINT('',(9.15,-4.25));
#4466 = CARTESIAN_POINT('',(9.15,-7.75));
#4467 = ( GEOMETRIC_REPRESENTATION_CONTEXT(2) 
PARAMETRIC_REPRESENTATION_CONTEXT() REPRESENTATION_CONTEXT('2D SPACE',''
  ) );
#4468 = PCURVE('',#3956,#4469);
#4469 = DEFINITIONAL_REPRESENTATION('',(#4470),#4473);
#4470 = B_SPLINE_CURVE_WITH_KNOTS('',1,(#4471,#4472),.UNSPECIFIED.,.F.,
  .F.,(2,2),(1.25,4.75),.PIECEWISE_BEZIER_KNOTS.);
#4471 = CARTESIAN_POINT('',(-0.6,-1.75));
#4472 = CARTESIAN_POINT('',(-0.6,1.75));
#4473 = ( GEOMETRIC_REPRESENTATION_CONTEXT(2) 
PARAMETRIC_REPRESENTATION_CONTEXT() REPRESENTATION_CONTEXT('2D SPACE',''
  ) );
#4474 = ORIENTED_EDGE('',*,*,#3968,.T.);
#4475 = ORIENTED_EDGE('',*,*,#4408,.F.);
#4476 = ORIENTED_EDGE('',*,*,#4477,.T.);
#4477 = EDGE_CURVE('',#4409,#4478,#4480,.T.);
#4478 = VERTEX_POINT('',#4479);
#4479 = CARTESIAN_POINT('',(27.4,59.320037878244,9.15));
#4480 = SURFACE_CURVE('',#4481,(#4485,#4491),.PCURVE_S1.);
#4481 = LINE('',#4482,#4483);
#4482 = CARTESIAN_POINT('',(27.4,59.320037878244,8.85));
#4483 = VECTOR('',#4484,1.);
#4484 = DIRECTION('',(0.,0.,1.));
#4485 = PCURVE('',#3983,#4486);
#4486 = DEFINITIONAL_REPRESENTATION('',(#4487),#4490);
#4487 = B_SPLINE_CURVE_WITH_KNOTS('',1,(#4488,#4489),.UNSPECIFIED.,.F.,
  .F.,(2,2),(-5.999999999062E-07,0.3000006),.PIECEWISE_BEZIER_KNOTS.);
#4488 = CARTESIAN_POINT('',(9.8499994,-7.320037878244));
#4489 = CARTESIAN_POINT('',(10.1500006,-7.320037878244));
#4490 = ( GEOMETRIC_REPRESENTATION_CONTEXT(2) 
PARAMETRIC_REPRESENTATION_CONTEXT() REPRESENTATION_CONTEXT('2D SPACE',''
  ) );
#4491 = PCURVE('',#4082,#4492);
#4492 = DEFINITIONAL_REPRESENTATION('',(#4493),#4496);
#4493 = B_SPLINE_CURVE_WITH_KNOTS('',1,(#4494,#4495),.UNSPECIFIED.,.F.,
  .F.,(2,2),(-5.999999999062E-07,0.3000006),.PIECEWISE_BEZIER_KNOTS.);
#4494 = CARTESIAN_POINT('',(1.997413010178,-5.999999999062E-07));
#4495 = CARTESIAN_POINT('',(1.997413010178,0.3000006));
#4496 = ( GEOMETRIC_REPRESENTATION_CONTEXT(2) 
PARAMETRIC_REPRESENTATION_CONTEXT() REPRESENTATION_CONTEXT('2D SPACE',''
  ) );
#4497 = ORIENTED_EDGE('',*,*,#4498,.T.);
#4498 = EDGE_CURVE('',#4478,#4499,#4501,.T.);
#4499 = VERTEX_POINT('',#4500);
#4500 = CARTESIAN_POINT('',(27.4,59.643928222277,9.15));
#4501 = SURFACE_CURVE('',#4502,(#4506,#4512),.PCURVE_S1.);
#4502 = LINE('',#4503,#4504);
#4503 = CARTESIAN_POINT('',(27.4,55.,9.15));
#4504 = VECTOR('',#4505,1.);
#4505 = DIRECTION('',(-0.,1.,0.));
#4506 = PCURVE('',#3983,#4507);
#4507 = DEFINITIONAL_REPRESENTATION('',(#4508),#4511);
#4508 = B_SPLINE_CURVE_WITH_KNOTS('',1,(#4509,#4510),.UNSPECIFIED.,.F.,
  .F.,(2,2),(1.25,4.75),.PIECEWISE_BEZIER_KNOTS.);
#4509 = CARTESIAN_POINT('',(10.15,-4.25));
#4510 = CARTESIAN_POINT('',(10.15,-7.75));
#4511 = ( GEOMETRIC_REPRESENTATION_CONTEXT(2) 
PARAMETRIC_REPRESENTATION_CONTEXT() REPRESENTATION_CONTEXT('2D SPACE',''
  ) );
#4512 = PCURVE('',#4108,#4513);
#4513 = DEFINITIONAL_REPRESENTATION('',(#4514),#4517);
#4514 = B_SPLINE_CURVE_WITH_KNOTS('',1,(#4515,#4516),.UNSPECIFIED.,.F.,
  .F.,(2,2),(1.25,4.75),.PIECEWISE_BEZIER_KNOTS.);
#4515 = CARTESIAN_POINT('',(-0.6,-1.75));
#4516 = CARTESIAN_POINT('',(-0.6,1.75));
#4517 = ( GEOMETRIC_REPRESENTATION_CONTEXT(2) 
PARAMETRIC_REPRESENTATION_CONTEXT() REPRESENTATION_CONTEXT('2D SPACE',''
  ) );
#4518 = ORIENTED_EDGE('',*,*,#4519,.T.);
#4519 = EDGE_CURVE('',#4499,#4520,#4522,.T.);
#4520 = VERTEX_POINT('',#4521);
#4521 = CARTESIAN_POINT('',(27.4,59.643928222277,9.85));
#4522 = SURFACE_CURVE('',#4523,(#4527,#4533),.PCURVE_S1.);
#4523 = LINE('',#4524,#4525);
#4524 = CARTESIAN_POINT('',(27.4,59.643928222277,7.25));
#4525 = VECTOR('',#4526,1.);
#4526 = DIRECTION('',(0.,0.,1.));
#4527 = PCURVE('',#3983,#4528);
#4528 = DEFINITIONAL_REPRESENTATION('',(#4529),#4532);
#4529 = B_SPLINE_CURVE_WITH_KNOTS('',1,(#4530,#4531),.UNSPECIFIED.,.F.,
  .F.,(2,2),(1.8999994,2.6000006),.PIECEWISE_BEZIER_KNOTS.);
#4530 = CARTESIAN_POINT('',(10.1499994,-7.643928222277));
#4531 = CARTESIAN_POINT('',(10.8500006,-7.643928222277));
#4532 = ( GEOMETRIC_REPRESENTATION_CONTEXT(2) 
PARAMETRIC_REPRESENTATION_CONTEXT() REPRESENTATION_CONTEXT('2D SPACE',''
  ) );
#4533 = PCURVE('',#4134,#4534);
#4534 = DEFINITIONAL_REPRESENTATION('',(#4535),#4538);
#4535 = B_SPLINE_CURVE_WITH_KNOTS('',1,(#4536,#4537),.UNSPECIFIED.,.F.,
  .F.,(2,2),(1.8999994,2.6000006),.PIECEWISE_BEZIER_KNOTS.);
#4536 = CARTESIAN_POINT('',(1.920753038038,1.8999994));
#4537 = CARTESIAN_POINT('',(1.920753038038,2.6000006));
#4538 = ( GEOMETRIC_REPRESENTATION_CONTEXT(2) 
PARAMETRIC_REPRESENTATION_CONTEXT() REPRESENTATION_CONTEXT('2D SPACE',''
  ) );
#4539 = ORIENTED_EDGE('',*,*,#4540,.F.);
#4540 = EDGE_CURVE('',#4541,#4520,#4543,.T.);
#4541 = VERTEX_POINT('',#4542);
#4542 = CARTESIAN_POINT('',(27.4,59.320037878244,9.85));
#4543 = SURFACE_CURVE('',#4544,(#4548,#4554),.PCURVE_S1.);
#4544 = LINE('',#4545,#4546);
#4545 = CARTESIAN_POINT('',(27.4,55.,9.85));
#4546 = VECTOR('',#4547,1.);
#4547 = DIRECTION('',(-0.,1.,0.));
#4548 = PCURVE('',#3983,#4549);
#4549 = DEFINITIONAL_REPRESENTATION('',(#4550),#4553);
#4550 = B_SPLINE_CURVE_WITH_KNOTS('',1,(#4551,#4552),.UNSPECIFIED.,.F.,
  .F.,(2,2),(1.25,4.75),.PIECEWISE_BEZIER_KNOTS.);
#4551 = CARTESIAN_POINT('',(10.85,-4.25));
#4552 = CARTESIAN_POINT('',(10.85,-7.75));
#4553 = ( GEOMETRIC_REPRESENTATION_CONTEXT(2) 
PARAMETRIC_REPRESENTATION_CONTEXT() REPRESENTATION_CONTEXT('2D SPACE',''
  ) );
#4554 = PCURVE('',#4160,#4555);
#4555 = DEFINITIONAL_REPRESENTATION('',(#4556),#4559);
#4556 = B_SPLINE_CURVE_WITH_KNOTS('',1,(#4557,#4558),.UNSPECIFIED.,.F.,
  .F.,(2,2),(1.25,4.75),.PIECEWISE_BEZIER_KNOTS.);
#4557 = CARTESIAN_POINT('',(-0.6,-1.75));
#4558 = CARTESIAN_POINT('',(-0.6,1.75));
#4559 = ( GEOMETRIC_REPRESENTATION_CONTEXT(2) 
PARAMETRIC_REPRESENTATION_CONTEXT() REPRESENTATION_CONTEXT('2D SPACE',''
  ) );
#4560 = ORIENTED_EDGE('',*,*,#4561,.T.);
#4561 = EDGE_CURVE('',#4541,#4562,#4564,.T.);
#4562 = VERTEX_POINT('',#4563);
#4563 = CARTESIAN_POINT('',(27.4,59.320037878244,10.15));
#4564 = SURFACE_CURVE('',#4565,(#4569,#4575),.PCURVE_S1.);
#4565 = LINE('',#4566,#4567);
#4566 = CARTESIAN_POINT('',(27.4,59.320037878244,9.85));
#4567 = VECTOR('',#4568,1.);
#4568 = DIRECTION('',(0.,0.,1.));
#4569 = PCURVE('',#3983,#4570);
#4570 = DEFINITIONAL_REPRESENTATION('',(#4571),#4574);
#4571 = B_SPLINE_CURVE_WITH_KNOTS('',1,(#4572,#4573),.UNSPECIFIED.,.F.,
  .F.,(2,2),(-5.999999999062E-07,0.3000006),.PIECEWISE_BEZIER_KNOTS.);
#4572 = CARTESIAN_POINT('',(10.8499994,-7.320037878244));
#4573 = CARTESIAN_POINT('',(11.1500006,-7.320037878244));
#4574 = ( GEOMETRIC_REPRESENTATION_CONTEXT(2) 
PARAMETRIC_REPRESENTATION_CONTEXT() REPRESENTATION_CONTEXT('2D SPACE',''
  ) );
#4575 = PCURVE('',#4186,#4576);
#4576 = DEFINITIONAL_REPRESENTATION('',(#4577),#4580);
#4577 = B_SPLINE_CURVE_WITH_KNOTS('',1,(#4578,#4579),.UNSPECIFIED.,.F.,
  .F.,(2,2),(-5.999999999062E-07,0.3000006),.PIECEWISE_BEZIER_KNOTS.);
#4578 = CARTESIAN_POINT('',(1.997413010178,-5.999999999062E-07));
#4579 = CARTESIAN_POINT('',(1.997413010178,0.3000006));
#4580 = ( GEOMETRIC_REPRESENTATION_CONTEXT(2) 
PARAMETRIC_REPRESENTATION_CONTEXT() REPRESENTATION_CONTEXT('2D SPACE',''
  ) );
#4581 = ORIENTED_EDGE('',*,*,#4582,.T.);
#4582 = EDGE_CURVE('',#4562,#4583,#4585,.T.);
#4583 = VERTEX_POINT('',#4584);
#4584 = CARTESIAN_POINT('',(27.4,59.643928222277,10.15));
#4585 = SURFACE_CURVE('',#4586,(#4590,#4596),.PCURVE_S1.);
#4586 = LINE('',#4587,#4588);
#4587 = CARTESIAN_POINT('',(27.4,55.,10.15));
#4588 = VECTOR('',#4589,1.);
#4589 = DIRECTION('',(-0.,1.,0.));
#4590 = PCURVE('',#3983,#4591);
#4591 = DEFINITIONAL_REPRESENTATION('',(#4592),#4595);
#4592 = B_SPLINE_CURVE_WITH_KNOTS('',1,(#4593,#4594),.UNSPECIFIED.,.F.,
  .F.,(2,2),(1.25,4.75),.PIECEWISE_BEZIER_KNOTS.);
#4593 = CARTESIAN_POINT('',(11.15,-4.25));
#4594 = CARTESIAN_POINT('',(11.15,-7.75));
#4595 = ( GEOMETRIC_REPRESENTATION_CONTEXT(2) 
PARAMETRIC_REPRESENTATION_CONTEXT() REPRESENTATION_CONTEXT('2D SPACE',''
  ) );
#4596 = PCURVE('',#4212,#4597);
#4597 = DEFINITIONAL_REPRESENTATION('',(#4598),#4601);
#4598 = B_SPLINE_CURVE_WITH_KNOTS('',1,(#4599,#4600),.UNSPECIFIED.,.F.,
  .F.,(2,2),(1.25,4.75),.PIECEWISE_BEZIER_KNOTS.);
#4599 = CARTESIAN_POINT('',(-0.6,-1.75));
#4600 = CARTESIAN_POINT('',(-0.6,1.75));
#4601 = ( GEOMETRIC_REPRESENTATION_CONTEXT(2) 
PARAMETRIC_REPRESENTATION_CONTEXT() REPRESENTATION_CONTEXT('2D SPACE',''
  ) );
#4602 = ORIENTED_EDGE('',*,*,#4603,.T.);
#4603 = EDGE_CURVE('',#4583,#4604,#4606,.T.);
#4604 = VERTEX_POINT('',#4605);
#4605 = CARTESIAN_POINT('',(27.4,59.643928222277,11.25));
#4606 = SURFACE_CURVE('',#4607,(#4611,#4617),.PCURVE_S1.);
#4607 = LINE('',#4608,#4609);
#4608 = CARTESIAN_POINT('',(27.4,59.643928222277,7.25));
#4609 = VECTOR('',#4610,1.);
#4610 = DIRECTION('',(0.,0.,1.));
#4611 = PCURVE('',#3983,#4612);
#4612 = DEFINITIONAL_REPRESENTATION('',(#4613),#4616);
#4613 = B_SPLINE_CURVE_WITH_KNOTS('',1,(#4614,#4615),.UNSPECIFIED.,.F.,
  .F.,(2,2),(2.8999994,4.0000006),.PIECEWISE_BEZIER_KNOTS.);
#4614 = CARTESIAN_POINT('',(11.1499994,-7.643928222277));
#4615 = CARTESIAN_POINT('',(12.2500006,-7.643928222277));
#4616 = ( GEOMETRIC_REPRESENTATION_CONTEXT(2) 
PARAMETRIC_REPRESENTATION_CONTEXT() REPRESENTATION_CONTEXT('2D SPACE',''
  ) );
#4617 = PCURVE('',#4238,#4618);
#4618 = DEFINITIONAL_REPRESENTATION('',(#4619),#4622);
#4619 = B_SPLINE_CURVE_WITH_KNOTS('',1,(#4620,#4621),.UNSPECIFIED.,.F.,
  .F.,(2,2),(2.8999994,4.0000006),.PIECEWISE_BEZIER_KNOTS.);
#4620 = CARTESIAN_POINT('',(1.920753038038,2.8999994));
#4621 = CARTESIAN_POINT('',(1.920753038038,4.0000006));
#4622 = ( GEOMETRIC_REPRESENTATION_CONTEXT(2) 
PARAMETRIC_REPRESENTATION_CONTEXT() REPRESENTATION_CONTEXT('2D SPACE',''
  ) );
#4623 = ORIENTED_EDGE('',*,*,#4624,.F.);
#4624 = EDGE_CURVE('',#4625,#4604,#4627,.T.);
#4625 = VERTEX_POINT('',#4626);
#4626 = CARTESIAN_POINT('',(27.4,58.529150262213,11.25));
#4627 = SURFACE_CURVE('',#4628,(#4632,#4638),.PCURVE_S1.);
#4628 = LINE('',#4629,#4630);
#4629 = CARTESIAN_POINT('',(27.4,55.,11.25));
#4630 = VECTOR('',#4631,1.);
#4631 = DIRECTION('',(-0.,1.,0.));
#4632 = PCURVE('',#3983,#4633);
#4633 = DEFINITIONAL_REPRESENTATION('',(#4634),#4637);
#4634 = B_SPLINE_CURVE_WITH_KNOTS('',1,(#4635,#4636),.UNSPECIFIED.,.F.,
  .F.,(2,2),(1.25,4.75),.PIECEWISE_BEZIER_KNOTS.);
#4635 = CARTESIAN_POINT('',(12.25,-4.25));
#4636 = CARTESIAN_POINT('',(12.25,-7.75));
#4637 = ( GEOMETRIC_REPRESENTATION_CONTEXT(2) 
PARAMETRIC_REPRESENTATION_CONTEXT() REPRESENTATION_CONTEXT('2D SPACE',''
  ) );
#4638 = PCURVE('',#4264,#4639);
#4639 = DEFINITIONAL_REPRESENTATION('',(#4640),#4643);
#4640 = B_SPLINE_CURVE_WITH_KNOTS('',1,(#4641,#4642),.UNSPECIFIED.,.F.,
  .F.,(2,2),(1.25,4.75),.PIECEWISE_BEZIER_KNOTS.);
#4641 = CARTESIAN_POINT('',(-0.6,-1.75));
#4642 = CARTESIAN_POINT('',(-0.6,1.75));
#4643 = ( GEOMETRIC_REPRESENTATION_CONTEXT(2) 
PARAMETRIC_REPRESENTATION_CONTEXT() REPRESENTATION_CONTEXT('2D SPACE',''
  ) );
#4644 = ORIENTED_EDGE('',*,*,#4645,.F.);
#4645 = EDGE_CURVE('',#4646,#4625,#4648,.T.);
#4646 = VERTEX_POINT('',#4647);
#4647 = CARTESIAN_POINT('',(27.4,58.529150262213,7.25));
#4648 = SURFACE_CURVE('',#4649,(#4653,#4659),.PCURVE_S1.);
#4649 = LINE('',#4650,#4651);
#4650 = CARTESIAN_POINT('',(27.4,58.529150262213,7.25));
#4651 = VECTOR('',#4652,1.);
#4652 = DIRECTION('',(0.,0.,1.));
#4653 = PCURVE('',#3983,#4654);
#4654 = DEFINITIONAL_REPRESENTATION('',(#4655),#4658);
#4655 = B_SPLINE_CURVE_WITH_KNOTS('',1,(#4656,#4657),.UNSPECIFIED.,.F.,
  .F.,(2,2),(-5.999999999062E-07,4.0000006),.PIECEWISE_BEZIER_KNOTS.);
#4656 = CARTESIAN_POINT('',(8.2499994,-6.529150262213));
#4657 = CARTESIAN_POINT('',(12.2500006,-6.529150262213));
#4658 = ( GEOMETRIC_REPRESENTATION_CONTEXT(2) 
PARAMETRIC_REPRESENTATION_CONTEXT() REPRESENTATION_CONTEXT('2D SPACE',''
  ) );
#4659 = PCURVE('',#4290,#4660);
#4660 = DEFINITIONAL_REPRESENTATION('',(#4661),#4664);
#4661 = B_SPLINE_CURVE_WITH_KNOTS('',1,(#4662,#4663),.UNSPECIFIED.,.F.,
  .F.,(2,2),(-5.999999999062E-07,4.0000006),.PIECEWISE_BEZIER_KNOTS.);
#4662 = CARTESIAN_POINT('',(2.418858405776,-5.999999999062E-07));
#4663 = CARTESIAN_POINT('',(2.418858405776,4.0000006));
#4664 = ( GEOMETRIC_REPRESENTATION_CONTEXT(2) 
PARAMETRIC_REPRESENTATION_CONTEXT() REPRESENTATION_CONTEXT('2D SPACE',''
  ) );
#4665 = ORIENTED_EDGE('',*,*,#4666,.T.);
#4666 = EDGE_CURVE('',#4646,#4667,#4669,.T.);
#4667 = VERTEX_POINT('',#4668);
#4668 = CARTESIAN_POINT('',(27.4,59.643928222277,7.25));
#4669 = SURFACE_CURVE('',#4670,(#4674,#4680),.PCURVE_S1.);
#4670 = LINE('',#4671,#4672);
#4671 = CARTESIAN_POINT('',(27.4,55.,7.25));
#4672 = VECTOR('',#4673,1.);
#4673 = DIRECTION('',(-0.,1.,0.));
#4674 = PCURVE('',#3983,#4675);
#4675 = DEFINITIONAL_REPRESENTATION('',(#4676),#4679);
#4676 = B_SPLINE_CURVE_WITH_KNOTS('',1,(#4677,#4678),.UNSPECIFIED.,.F.,
  .F.,(2,2),(1.25,4.75),.PIECEWISE_BEZIER_KNOTS.);
#4677 = CARTESIAN_POINT('',(8.25,-4.25));
#4678 = CARTESIAN_POINT('',(8.25,-7.75));
#4679 = ( GEOMETRIC_REPRESENTATION_CONTEXT(2) 
PARAMETRIC_REPRESENTATION_CONTEXT() REPRESENTATION_CONTEXT('2D SPACE',''
  ) );
#4680 = PCURVE('',#4316,#4681);
#4681 = DEFINITIONAL_REPRESENTATION('',(#4682),#4685);
#4682 = B_SPLINE_CURVE_WITH_KNOTS('',1,(#4683,#4684),.UNSPECIFIED.,.F.,
  .F.,(2,2),(1.25,4.75),.PIECEWISE_BEZIER_KNOTS.);
#4683 = CARTESIAN_POINT('',(-0.6,-1.75));
#4684 = CARTESIAN_POINT('',(-0.6,1.75));
#4685 = ( GEOMETRIC_REPRESENTATION_CONTEXT(2) 
PARAMETRIC_REPRESENTATION_CONTEXT() REPRESENTATION_CONTEXT('2D SPACE',''
  ) );
#4686 = ORIENTED_EDGE('',*,*,#4687,.T.);
#4687 = EDGE_CURVE('',#4667,#4688,#4690,.T.);
#4688 = VERTEX_POINT('',#4689);
#4689 = CARTESIAN_POINT('',(27.4,59.643928222277,7.85));
#4690 = SURFACE_CURVE('',#4691,(#4695,#4701),.PCURVE_S1.);
#4691 = LINE('',#4692,#4693);
#4692 = CARTESIAN_POINT('',(27.4,59.643928222277,7.25));
#4693 = VECTOR('',#4694,1.);
#4694 = DIRECTION('',(0.,0.,1.));
#4695 = PCURVE('',#3983,#4696);
#4696 = DEFINITIONAL_REPRESENTATION('',(#4697),#4700);
#4697 = B_SPLINE_CURVE_WITH_KNOTS('',1,(#4698,#4699),.UNSPECIFIED.,.F.,
  .F.,(2,2),(-5.999999999062E-07,0.6000006),.PIECEWISE_BEZIER_KNOTS.);
#4698 = CARTESIAN_POINT('',(8.2499994,-7.643928222277));
#4699 = CARTESIAN_POINT('',(8.8500006,-7.643928222277));
#4700 = ( GEOMETRIC_REPRESENTATION_CONTEXT(2) 
PARAMETRIC_REPRESENTATION_CONTEXT() REPRESENTATION_CONTEXT('2D SPACE',''
  ) );
#4701 = PCURVE('',#4342,#4702);
#4702 = DEFINITIONAL_REPRESENTATION('',(#4703),#4706);
#4703 = B_SPLINE_CURVE_WITH_KNOTS('',1,(#4704,#4705),.UNSPECIFIED.,.F.,
  .F.,(2,2),(-5.999999999062E-07,0.6000006),.PIECEWISE_BEZIER_KNOTS.);
#4704 = CARTESIAN_POINT('',(1.920753038038,-5.999999999062E-07));
#4705 = CARTESIAN_POINT('',(1.920753038038,0.6000006));
#4706 = ( GEOMETRIC_REPRESENTATION_CONTEXT(2) 
PARAMETRIC_REPRESENTATION_CONTEXT() REPRESENTATION_CONTEXT('2D SPACE',''
  ) );
#4707 = ORIENTED_EDGE('',*,*,#4708,.F.);
#4708 = EDGE_CURVE('',#4709,#4688,#4711,.T.);
#4709 = VERTEX_POINT('',#4710);
#4710 = CARTESIAN_POINT('',(27.4,59.320037878244,7.85));
#4711 = SURFACE_CURVE('',#4712,(#4716,#4722),.PCURVE_S1.);
#4712 = LINE('',#4713,#4714);
#4713 = CARTESIAN_POINT('',(27.4,55.,7.85));
#4714 = VECTOR('',#4715,1.);
#4715 = DIRECTION('',(-0.,1.,0.));
#4716 = PCURVE('',#3983,#4717);
#4717 = DEFINITIONAL_REPRESENTATION('',(#4718),#4721);
#4718 = B_SPLINE_CURVE_WITH_KNOTS('',1,(#4719,#4720),.UNSPECIFIED.,.F.,
  .F.,(2,2),(1.25,4.75),.PIECEWISE_BEZIER_KNOTS.);
#4719 = CARTESIAN_POINT('',(8.85,-4.25));
#4720 = CARTESIAN_POINT('',(8.85,-7.75));
#4721 = ( GEOMETRIC_REPRESENTATION_CONTEXT(2) 
PARAMETRIC_REPRESENTATION_CONTEXT() REPRESENTATION_CONTEXT('2D SPACE',''
  ) );
#4722 = PCURVE('',#4368,#4723);
#4723 = DEFINITIONAL_REPRESENTATION('',(#4724),#4727);
#4724 = B_SPLINE_CURVE_WITH_KNOTS('',1,(#4725,#4726),.UNSPECIFIED.,.F.,
  .F.,(2,2),(1.25,4.75),.PIECEWISE_BEZIER_KNOTS.);
#4725 = CARTESIAN_POINT('',(-0.6,-1.75));
#4726 = CARTESIAN_POINT('',(-0.6,1.75));
#4727 = ( GEOMETRIC_REPRESENTATION_CONTEXT(2) 
PARAMETRIC_REPRESENTATION_CONTEXT() REPRESENTATION_CONTEXT('2D SPACE',''
  ) );
#4728 = ORIENTED_EDGE('',*,*,#4729,.T.);
#4729 = EDGE_CURVE('',#4709,#4455,#4730,.T.);
#4730 = SURFACE_CURVE('',#4731,(#4735,#4741),.PCURVE_S1.);
#4731 = LINE('',#4732,#4733);
#4732 = CARTESIAN_POINT('',(27.4,59.320037878244,7.85));
#4733 = VECTOR('',#4734,1.);
#4734 = DIRECTION('',(0.,0.,1.));
#4735 = PCURVE('',#3983,#4736);
#4736 = DEFINITIONAL_REPRESENTATION('',(#4737),#4740);
#4737 = B_SPLINE_CURVE_WITH_KNOTS('',1,(#4738,#4739),.UNSPECIFIED.,.F.,
  .F.,(2,2),(-5.999999999062E-07,0.3000006),.PIECEWISE_BEZIER_KNOTS.);
#4738 = CARTESIAN_POINT('',(8.8499994,-7.320037878244));
#4739 = CARTESIAN_POINT('',(9.1500006,-7.320037878244));
#4740 = ( GEOMETRIC_REPRESENTATION_CONTEXT(2) 
PARAMETRIC_REPRESENTATION_CONTEXT() REPRESENTATION_CONTEXT('2D SPACE',''
  ) );
#4741 = PCURVE('',#4392,#4742);
#4742 = DEFINITIONAL_REPRESENTATION('',(#4743),#4746);
#4743 = B_SPLINE_CURVE_WITH_KNOTS('',1,(#4744,#4745),.UNSPECIFIED.,.F.,
  .F.,(2,2),(-5.999999999062E-07,0.3000006),.PIECEWISE_BEZIER_KNOTS.);
#4744 = CARTESIAN_POINT('',(1.997413010178,-5.999999999062E-07));
#4745 = CARTESIAN_POINT('',(1.997413010178,0.3000006));
#4746 = ( GEOMETRIC_REPRESENTATION_CONTEXT(2) 
PARAMETRIC_REPRESENTATION_CONTEXT() REPRESENTATION_CONTEXT('2D SPACE',''
  ) );
#4747 = ADVANCED_FACE('',(#4748),#3956,.F.);
#4748 = FACE_BOUND('',#4749,.F.);
#4749 = EDGE_LOOP('',(#4750,#4751,#4752,#4753));
#4750 = ORIENTED_EDGE('',*,*,#4024,.T.);
#4751 = ORIENTED_EDGE('',*,*,#3939,.T.);
#4752 = ORIENTED_EDGE('',*,*,#4454,.F.);
#4753 = ORIENTED_EDGE('',*,*,#4754,.F.);
#4754 = EDGE_CURVE('',#4025,#4455,#4755,.T.);
#4755 = SURFACE_CURVE('',#4756,(#4761,#4768),.PCURVE_S1.);
#4756 = CIRCLE('',#4757,1.45);
#4757 = AXIS2_PLACEMENT_3D('',#4758,#4759,#4760);
#4758 = CARTESIAN_POINT('',(28.,58.,8.15));
#4759 = DIRECTION('',(0.,0.,1.));
#4760 = DIRECTION('',(1.,0.,-0.));
#4761 = PCURVE('',#3956,#4762);
#4762 = DEFINITIONAL_REPRESENTATION('',(#4763),#4767);
#4763 = CIRCLE('',#4764,1.45);
#4764 = AXIS2_PLACEMENT_2D('',#4765,#4766);
#4765 = CARTESIAN_POINT('',(0.,0.));
#4766 = DIRECTION('',(1.,0.));
#4767 = ( GEOMETRIC_REPRESENTATION_CONTEXT(2) 
PARAMETRIC_REPRESENTATION_CONTEXT() REPRESENTATION_CONTEXT('2D SPACE',''
  ) );
#4768 = PCURVE('',#4392,#4769);
#4769 = DEFINITIONAL_REPRESENTATION('',(#4770),#4774);
#4770 = LINE('',#4771,#4772);
#4771 = CARTESIAN_POINT('',(0.,0.3));
#4772 = VECTOR('',#4773,1.);
#4773 = DIRECTION('',(1.,0.));
#4774 = ( GEOMETRIC_REPRESENTATION_CONTEXT(2) 
PARAMETRIC_REPRESENTATION_CONTEXT() REPRESENTATION_CONTEXT('2D SPACE',''
  ) );
#4775 = ADVANCED_FACE('',(#4776),#4392,.T.);
#4776 = FACE_BOUND('',#4777,.T.);
#4777 = EDGE_LOOP('',(#4778,#4779,#4780,#4802));
#4778 = ORIENTED_EDGE('',*,*,#4754,.F.);
#4779 = ORIENTED_EDGE('',*,*,#4379,.F.);
#4780 = ORIENTED_EDGE('',*,*,#4781,.T.);
#4781 = EDGE_CURVE('',#4354,#4709,#4782,.T.);
#4782 = SURFACE_CURVE('',#4783,(#4788,#4795),.PCURVE_S1.);
#4783 = CIRCLE('',#4784,1.45);
#4784 = AXIS2_PLACEMENT_3D('',#4785,#4786,#4787);
#4785 = CARTESIAN_POINT('',(28.,58.,7.85));
#4786 = DIRECTION('',(0.,0.,1.));
#4787 = DIRECTION('',(1.,0.,-0.));
#4788 = PCURVE('',#4392,#4789);
#4789 = DEFINITIONAL_REPRESENTATION('',(#4790),#4794);
#4790 = LINE('',#4791,#4792);
#4791 = CARTESIAN_POINT('',(0.,0.));
#4792 = VECTOR('',#4793,1.);
#4793 = DIRECTION('',(1.,0.));
#4794 = ( GEOMETRIC_REPRESENTATION_CONTEXT(2) 
PARAMETRIC_REPRESENTATION_CONTEXT() REPRESENTATION_CONTEXT('2D SPACE',''
  ) );
#4795 = PCURVE('',#4368,#4796);
#4796 = DEFINITIONAL_REPRESENTATION('',(#4797),#4801);
#4797 = CIRCLE('',#4798,1.45);
#4798 = AXIS2_PLACEMENT_2D('',#4799,#4800);
#4799 = CARTESIAN_POINT('',(0.,0.));
#4800 = DIRECTION('',(1.,0.));
#4801 = ( GEOMETRIC_REPRESENTATION_CONTEXT(2) 
PARAMETRIC_REPRESENTATION_CONTEXT() REPRESENTATION_CONTEXT('2D SPACE',''
  ) );
#4802 = ORIENTED_EDGE('',*,*,#4729,.T.);
#4803 = ADVANCED_FACE('',(#4804),#4368,.T.);
#4804 = FACE_BOUND('',#4805,.T.);
#4805 = EDGE_LOOP('',(#4806,#4807,#4829,#4830));
#4806 = ORIENTED_EDGE('',*,*,#4353,.T.);
#4807 = ORIENTED_EDGE('',*,*,#4808,.T.);
#4808 = EDGE_CURVE('',#4328,#4688,#4809,.T.);
#4809 = SURFACE_CURVE('',#4810,(#4815,#4822),.PCURVE_S1.);
#4810 = CIRCLE('',#4811,1.75);
#4811 = AXIS2_PLACEMENT_3D('',#4812,#4813,#4814);
#4812 = CARTESIAN_POINT('',(28.,58.,7.85));
#4813 = DIRECTION('',(0.,0.,1.));
#4814 = DIRECTION('',(1.,0.,-0.));
#4815 = PCURVE('',#4368,#4816);
#4816 = DEFINITIONAL_REPRESENTATION('',(#4817),#4821);
#4817 = CIRCLE('',#4818,1.75);
#4818 = AXIS2_PLACEMENT_2D('',#4819,#4820);
#4819 = CARTESIAN_POINT('',(0.,0.));
#4820 = DIRECTION('',(1.,0.));
#4821 = ( GEOMETRIC_REPRESENTATION_CONTEXT(2) 
PARAMETRIC_REPRESENTATION_CONTEXT() REPRESENTATION_CONTEXT('2D SPACE',''
  ) );
#4822 = PCURVE('',#4342,#4823);
#4823 = DEFINITIONAL_REPRESENTATION('',(#4824),#4828);
#4824 = LINE('',#4825,#4826);
#4825 = CARTESIAN_POINT('',(0.,0.6));
#4826 = VECTOR('',#4827,1.);
#4827 = DIRECTION('',(1.,0.));
#4828 = ( GEOMETRIC_REPRESENTATION_CONTEXT(2) 
PARAMETRIC_REPRESENTATION_CONTEXT() REPRESENTATION_CONTEXT('2D SPACE',''
  ) );
#4829 = ORIENTED_EDGE('',*,*,#4708,.F.);
#4830 = ORIENTED_EDGE('',*,*,#4781,.F.);
#4831 = ADVANCED_FACE('',(#4832),#4342,.T.);
#4832 = FACE_BOUND('',#4833,.T.);
#4833 = EDGE_LOOP('',(#4834,#4835,#4836,#4858));
#4834 = ORIENTED_EDGE('',*,*,#4808,.F.);
#4835 = ORIENTED_EDGE('',*,*,#4327,.F.);
#4836 = ORIENTED_EDGE('',*,*,#4837,.T.);
#4837 = EDGE_CURVE('',#4302,#4667,#4838,.T.);
#4838 = SURFACE_CURVE('',#4839,(#4844,#4851),.PCURVE_S1.);
#4839 = CIRCLE('',#4840,1.75);
#4840 = AXIS2_PLACEMENT_3D('',#4841,#4842,#4843);
#4841 = CARTESIAN_POINT('',(28.,58.,7.25));
#4842 = DIRECTION('',(0.,0.,1.));
#4843 = DIRECTION('',(1.,0.,-0.));
#4844 = PCURVE('',#4342,#4845);
#4845 = DEFINITIONAL_REPRESENTATION('',(#4846),#4850);
#4846 = LINE('',#4847,#4848);
#4847 = CARTESIAN_POINT('',(0.,0.));
#4848 = VECTOR('',#4849,1.);
#4849 = DIRECTION('',(1.,0.));
#4850 = ( GEOMETRIC_REPRESENTATION_CONTEXT(2) 
PARAMETRIC_REPRESENTATION_CONTEXT() REPRESENTATION_CONTEXT('2D SPACE',''
  ) );
#4851 = PCURVE('',#4316,#4852);
#4852 = DEFINITIONAL_REPRESENTATION('',(#4853),#4857);
#4853 = CIRCLE('',#4854,1.75);
#4854 = AXIS2_PLACEMENT_2D('',#4855,#4856);
#4855 = CARTESIAN_POINT('',(0.,0.));
#4856 = DIRECTION('',(1.,0.));
#4857 = ( GEOMETRIC_REPRESENTATION_CONTEXT(2) 
PARAMETRIC_REPRESENTATION_CONTEXT() REPRESENTATION_CONTEXT('2D SPACE',''
  ) );
#4858 = ORIENTED_EDGE('',*,*,#4687,.T.);
#4859 = ADVANCED_FACE('',(#4860),#4316,.F.);
#4860 = FACE_BOUND('',#4861,.F.);
#4861 = EDGE_LOOP('',(#4862,#4863,#4864,#4865));
#4862 = ORIENTED_EDGE('',*,*,#4301,.T.);
#4863 = ORIENTED_EDGE('',*,*,#4837,.T.);
#4864 = ORIENTED_EDGE('',*,*,#4666,.F.);
#4865 = ORIENTED_EDGE('',*,*,#4866,.F.);
#4866 = EDGE_CURVE('',#4276,#4646,#4867,.T.);
#4867 = SURFACE_CURVE('',#4868,(#4873,#4880),.PCURVE_S1.);
#4868 = CIRCLE('',#4869,0.8);
#4869 = AXIS2_PLACEMENT_3D('',#4870,#4871,#4872);
#4870 = CARTESIAN_POINT('',(28.,58.,7.25));
#4871 = DIRECTION('',(0.,0.,1.));
#4872 = DIRECTION('',(1.,0.,-0.));
#4873 = PCURVE('',#4316,#4874);
#4874 = DEFINITIONAL_REPRESENTATION('',(#4875),#4879);
#4875 = CIRCLE('',#4876,0.8);
#4876 = AXIS2_PLACEMENT_2D('',#4877,#4878);
#4877 = CARTESIAN_POINT('',(0.,0.));
#4878 = DIRECTION('',(1.,0.));
#4879 = ( GEOMETRIC_REPRESENTATION_CONTEXT(2) 
PARAMETRIC_REPRESENTATION_CONTEXT() REPRESENTATION_CONTEXT('2D SPACE',''
  ) );
#4880 = PCURVE('',#4290,#4881);
#4881 = DEFINITIONAL_REPRESENTATION('',(#4882),#4886);
#4882 = LINE('',#4883,#4884);
#4883 = CARTESIAN_POINT('',(0.,0.));
#4884 = VECTOR('',#4885,1.);
#4885 = DIRECTION('',(1.,0.));
#4886 = ( GEOMETRIC_REPRESENTATION_CONTEXT(2) 
PARAMETRIC_REPRESENTATION_CONTEXT() REPRESENTATION_CONTEXT('2D SPACE',''
  ) );
#4887 = ADVANCED_FACE('',(#4888),#4290,.F.);
#4888 = FACE_BOUND('',#4889,.F.);
#4889 = EDGE_LOOP('',(#4890,#4912,#4913,#4914));
#4890 = ORIENTED_EDGE('',*,*,#4891,.F.);
#4891 = EDGE_CURVE('',#4250,#4625,#4892,.T.);
#4892 = SURFACE_CURVE('',#4893,(#4898,#4905),.PCURVE_S1.);
#4893 = CIRCLE('',#4894,0.8);
#4894 = AXIS2_PLACEMENT_3D('',#4895,#4896,#4897);
#4895 = CARTESIAN_POINT('',(28.,58.,11.25));
#4896 = DIRECTION('',(0.,0.,1.));
#4897 = DIRECTION('',(1.,0.,-0.));
#4898 = PCURVE('',#4290,#4899);
#4899 = DEFINITIONAL_REPRESENTATION('',(#4900),#4904);
#4900 = LINE('',#4901,#4902);
#4901 = CARTESIAN_POINT('',(0.,4.));
#4902 = VECTOR('',#4903,1.);
#4903 = DIRECTION('',(1.,0.));
#4904 = ( GEOMETRIC_REPRESENTATION_CONTEXT(2) 
PARAMETRIC_REPRESENTATION_CONTEXT() REPRESENTATION_CONTEXT('2D SPACE',''
  ) );
#4905 = PCURVE('',#4264,#4906);
#4906 = DEFINITIONAL_REPRESENTATION('',(#4907),#4911);
#4907 = CIRCLE('',#4908,0.8);
#4908 = AXIS2_PLACEMENT_2D('',#4909,#4910);
#4909 = CARTESIAN_POINT('',(0.,0.));
#4910 = DIRECTION('',(1.,0.));
#4911 = ( GEOMETRIC_REPRESENTATION_CONTEXT(2) 
PARAMETRIC_REPRESENTATION_CONTEXT() REPRESENTATION_CONTEXT('2D SPACE',''
  ) );
#4912 = ORIENTED_EDGE('',*,*,#4275,.F.);
#4913 = ORIENTED_EDGE('',*,*,#4866,.T.);
#4914 = ORIENTED_EDGE('',*,*,#4645,.T.);
#4915 = ADVANCED_FACE('',(#4916),#4264,.T.);
#4916 = FACE_BOUND('',#4917,.T.);
#4917 = EDGE_LOOP('',(#4918,#4919,#4941,#4942));
#4918 = ORIENTED_EDGE('',*,*,#4249,.T.);
#4919 = ORIENTED_EDGE('',*,*,#4920,.T.);
#4920 = EDGE_CURVE('',#4224,#4604,#4921,.T.);
#4921 = SURFACE_CURVE('',#4922,(#4927,#4934),.PCURVE_S1.);
#4922 = CIRCLE('',#4923,1.75);
#4923 = AXIS2_PLACEMENT_3D('',#4924,#4925,#4926);
#4924 = CARTESIAN_POINT('',(28.,58.,11.25));
#4925 = DIRECTION('',(0.,0.,1.));
#4926 = DIRECTION('',(1.,0.,-0.));
#4927 = PCURVE('',#4264,#4928);
#4928 = DEFINITIONAL_REPRESENTATION('',(#4929),#4933);
#4929 = CIRCLE('',#4930,1.75);
#4930 = AXIS2_PLACEMENT_2D('',#4931,#4932);
#4931 = CARTESIAN_POINT('',(0.,0.));
#4932 = DIRECTION('',(1.,0.));
#4933 = ( GEOMETRIC_REPRESENTATION_CONTEXT(2) 
PARAMETRIC_REPRESENTATION_CONTEXT() REPRESENTATION_CONTEXT('2D SPACE',''
  ) );
#4934 = PCURVE('',#4238,#4935);
#4935 = DEFINITIONAL_REPRESENTATION('',(#4936),#4940);
#4936 = LINE('',#4937,#4938);
#4937 = CARTESIAN_POINT('',(0.,4.));
#4938 = VECTOR('',#4939,1.);
#4939 = DIRECTION('',(1.,0.));
#4940 = ( GEOMETRIC_REPRESENTATION_CONTEXT(2) 
PARAMETRIC_REPRESENTATION_CONTEXT() REPRESENTATION_CONTEXT('2D SPACE',''
  ) );
#4941 = ORIENTED_EDGE('',*,*,#4624,.F.);
#4942 = ORIENTED_EDGE('',*,*,#4891,.F.);
#4943 = ADVANCED_FACE('',(#4944),#4238,.T.);
#4944 = FACE_BOUND('',#4945,.T.);
#4945 = EDGE_LOOP('',(#4946,#4947,#4969,#4970));
#4946 = ORIENTED_EDGE('',*,*,#4223,.F.);
#4947 = ORIENTED_EDGE('',*,*,#4948,.T.);
#4948 = EDGE_CURVE('',#4198,#4583,#4949,.T.);
#4949 = SURFACE_CURVE('',#4950,(#4955,#4962),.PCURVE_S1.);
#4950 = CIRCLE('',#4951,1.75);
#4951 = AXIS2_PLACEMENT_3D('',#4952,#4953,#4954);
#4952 = CARTESIAN_POINT('',(28.,58.,10.15));
#4953 = DIRECTION('',(0.,0.,1.));
#4954 = DIRECTION('',(1.,0.,-0.));
#4955 = PCURVE('',#4238,#4956);
#4956 = DEFINITIONAL_REPRESENTATION('',(#4957),#4961);
#4957 = LINE('',#4958,#4959);
#4958 = CARTESIAN_POINT('',(0.,2.9));
#4959 = VECTOR('',#4960,1.);
#4960 = DIRECTION('',(1.,0.));
#4961 = ( GEOMETRIC_REPRESENTATION_CONTEXT(2) 
PARAMETRIC_REPRESENTATION_CONTEXT() REPRESENTATION_CONTEXT('2D SPACE',''
  ) );
#4962 = PCURVE('',#4212,#4963);
#4963 = DEFINITIONAL_REPRESENTATION('',(#4964),#4968);
#4964 = CIRCLE('',#4965,1.75);
#4965 = AXIS2_PLACEMENT_2D('',#4966,#4967);
#4966 = CARTESIAN_POINT('',(0.,0.));
#4967 = DIRECTION('',(1.,0.));
#4968 = ( GEOMETRIC_REPRESENTATION_CONTEXT(2) 
PARAMETRIC_REPRESENTATION_CONTEXT() REPRESENTATION_CONTEXT('2D SPACE',''
  ) );
#4969 = ORIENTED_EDGE('',*,*,#4603,.T.);
#4970 = ORIENTED_EDGE('',*,*,#4920,.F.);
#4971 = ADVANCED_FACE('',(#4972),#4212,.F.);
#4972 = FACE_BOUND('',#4973,.F.);
#4973 = EDGE_LOOP('',(#4974,#4975,#4976,#4977));
#4974 = ORIENTED_EDGE('',*,*,#4197,.T.);
#4975 = ORIENTED_EDGE('',*,*,#4948,.T.);
#4976 = ORIENTED_EDGE('',*,*,#4582,.F.);
#4977 = ORIENTED_EDGE('',*,*,#4978,.F.);
#4978 = EDGE_CURVE('',#4172,#4562,#4979,.T.);
#4979 = SURFACE_CURVE('',#4980,(#4985,#4992),.PCURVE_S1.);
#4980 = CIRCLE('',#4981,1.45);
#4981 = AXIS2_PLACEMENT_3D('',#4982,#4983,#4984);
#4982 = CARTESIAN_POINT('',(28.,58.,10.15));
#4983 = DIRECTION('',(0.,0.,1.));
#4984 = DIRECTION('',(1.,0.,-0.));
#4985 = PCURVE('',#4212,#4986);
#4986 = DEFINITIONAL_REPRESENTATION('',(#4987),#4991);
#4987 = CIRCLE('',#4988,1.45);
#4988 = AXIS2_PLACEMENT_2D('',#4989,#4990);
#4989 = CARTESIAN_POINT('',(0.,0.));
#4990 = DIRECTION('',(1.,0.));
#4991 = ( GEOMETRIC_REPRESENTATION_CONTEXT(2) 
PARAMETRIC_REPRESENTATION_CONTEXT() REPRESENTATION_CONTEXT('2D SPACE',''
  ) );
#4992 = PCURVE('',#4186,#4993);
#4993 = DEFINITIONAL_REPRESENTATION('',(#4994),#4998);
#4994 = LINE('',#4995,#4996);
#4995 = CARTESIAN_POINT('',(0.,0.3));
#4996 = VECTOR('',#4997,1.);
#4997 = DIRECTION('',(1.,0.));
#4998 = ( GEOMETRIC_REPRESENTATION_CONTEXT(2) 
PARAMETRIC_REPRESENTATION_CONTEXT() REPRESENTATION_CONTEXT('2D SPACE',''
  ) );
#4999 = ADVANCED_FACE('',(#5000),#4186,.T.);
#5000 = FACE_BOUND('',#5001,.T.);
#5001 = EDGE_LOOP('',(#5002,#5003,#5004,#5026));
#5002 = ORIENTED_EDGE('',*,*,#4978,.F.);
#5003 = ORIENTED_EDGE('',*,*,#4171,.F.);
#5004 = ORIENTED_EDGE('',*,*,#5005,.T.);
#5005 = EDGE_CURVE('',#4146,#4541,#5006,.T.);
#5006 = SURFACE_CURVE('',#5007,(#5012,#5019),.PCURVE_S1.);
#5007 = CIRCLE('',#5008,1.45);
#5008 = AXIS2_PLACEMENT_3D('',#5009,#5010,#5011);
#5009 = CARTESIAN_POINT('',(28.,58.,9.85));
#5010 = DIRECTION('',(0.,0.,1.));
#5011 = DIRECTION('',(1.,0.,-0.));
#5012 = PCURVE('',#4186,#5013);
#5013 = DEFINITIONAL_REPRESENTATION('',(#5014),#5018);
#5014 = LINE('',#5015,#5016);
#5015 = CARTESIAN_POINT('',(0.,0.));
#5016 = VECTOR('',#5017,1.);
#5017 = DIRECTION('',(1.,0.));
#5018 = ( GEOMETRIC_REPRESENTATION_CONTEXT(2) 
PARAMETRIC_REPRESENTATION_CONTEXT() REPRESENTATION_CONTEXT('2D SPACE',''
  ) );
#5019 = PCURVE('',#4160,#5020);
#5020 = DEFINITIONAL_REPRESENTATION('',(#5021),#5025);
#5021 = CIRCLE('',#5022,1.45);
#5022 = AXIS2_PLACEMENT_2D('',#5023,#5024);
#5023 = CARTESIAN_POINT('',(0.,0.));
#5024 = DIRECTION('',(1.,0.));
#5025 = ( GEOMETRIC_REPRESENTATION_CONTEXT(2) 
PARAMETRIC_REPRESENTATION_CONTEXT() REPRESENTATION_CONTEXT('2D SPACE',''
  ) );
#5026 = ORIENTED_EDGE('',*,*,#4561,.T.);
#5027 = ADVANCED_FACE('',(#5028),#4160,.T.);
#5028 = FACE_BOUND('',#5029,.T.);
#5029 = EDGE_LOOP('',(#5030,#5031,#5053,#5054));
#5030 = ORIENTED_EDGE('',*,*,#4145,.T.);
#5031 = ORIENTED_EDGE('',*,*,#5032,.T.);
#5032 = EDGE_CURVE('',#4120,#4520,#5033,.T.);
#5033 = SURFACE_CURVE('',#5034,(#5039,#5046),.PCURVE_S1.);
#5034 = CIRCLE('',#5035,1.75);
#5035 = AXIS2_PLACEMENT_3D('',#5036,#5037,#5038);
#5036 = CARTESIAN_POINT('',(28.,58.,9.85));
#5037 = DIRECTION('',(0.,0.,1.));
#5038 = DIRECTION('',(1.,0.,-0.));
#5039 = PCURVE('',#4160,#5040);
#5040 = DEFINITIONAL_REPRESENTATION('',(#5041),#5045);
#5041 = CIRCLE('',#5042,1.75);
#5042 = AXIS2_PLACEMENT_2D('',#5043,#5044);
#5043 = CARTESIAN_POINT('',(0.,0.));
#5044 = DIRECTION('',(1.,0.));
#5045 = ( GEOMETRIC_REPRESENTATION_CONTEXT(2) 
PARAMETRIC_REPRESENTATION_CONTEXT() REPRESENTATION_CONTEXT('2D SPACE',''
  ) );
#5046 = PCURVE('',#4134,#5047);
#5047 = DEFINITIONAL_REPRESENTATION('',(#5048),#5052);
#5048 = LINE('',#5049,#5050);
#5049 = CARTESIAN_POINT('',(0.,2.6));
#5050 = VECTOR('',#5051,1.);
#5051 = DIRECTION('',(1.,0.));
#5052 = ( GEOMETRIC_REPRESENTATION_CONTEXT(2) 
PARAMETRIC_REPRESENTATION_CONTEXT() REPRESENTATION_CONTEXT('2D SPACE',''
  ) );
#5053 = ORIENTED_EDGE('',*,*,#4540,.F.);
#5054 = ORIENTED_EDGE('',*,*,#5005,.F.);
#5055 = ADVANCED_FACE('',(#5056),#4134,.T.);
#5056 = FACE_BOUND('',#5057,.T.);
#5057 = EDGE_LOOP('',(#5058,#5059,#5081,#5082));
#5058 = ORIENTED_EDGE('',*,*,#4119,.F.);
#5059 = ORIENTED_EDGE('',*,*,#5060,.T.);
#5060 = EDGE_CURVE('',#4094,#4499,#5061,.T.);
#5061 = SURFACE_CURVE('',#5062,(#5067,#5074),.PCURVE_S1.);
#5062 = CIRCLE('',#5063,1.75);
#5063 = AXIS2_PLACEMENT_3D('',#5064,#5065,#5066);
#5064 = CARTESIAN_POINT('',(28.,58.,9.15));
#5065 = DIRECTION('',(0.,0.,1.));
#5066 = DIRECTION('',(1.,0.,-0.));
#5067 = PCURVE('',#4134,#5068);
#5068 = DEFINITIONAL_REPRESENTATION('',(#5069),#5073);
#5069 = LINE('',#5070,#5071);
#5070 = CARTESIAN_POINT('',(0.,1.9));
#5071 = VECTOR('',#5072,1.);
#5072 = DIRECTION('',(1.,0.));
#5073 = ( GEOMETRIC_REPRESENTATION_CONTEXT(2) 
PARAMETRIC_REPRESENTATION_CONTEXT() REPRESENTATION_CONTEXT('2D SPACE',''
  ) );
#5074 = PCURVE('',#4108,#5075);
#5075 = DEFINITIONAL_REPRESENTATION('',(#5076),#5080);
#5076 = CIRCLE('',#5077,1.75);
#5077 = AXIS2_PLACEMENT_2D('',#5078,#5079);
#5078 = CARTESIAN_POINT('',(0.,0.));
#5079 = DIRECTION('',(1.,0.));
#5080 = ( GEOMETRIC_REPRESENTATION_CONTEXT(2) 
PARAMETRIC_REPRESENTATION_CONTEXT() REPRESENTATION_CONTEXT('2D SPACE',''
  ) );
#5081 = ORIENTED_EDGE('',*,*,#4519,.T.);
#5082 = ORIENTED_EDGE('',*,*,#5032,.F.);
#5083 = ADVANCED_FACE('',(#5084),#4108,.F.);
#5084 = FACE_BOUND('',#5085,.F.);
#5085 = EDGE_LOOP('',(#5086,#5087,#5088,#5089));
#5086 = ORIENTED_EDGE('',*,*,#4093,.T.);
#5087 = ORIENTED_EDGE('',*,*,#5060,.T.);
#5088 = ORIENTED_EDGE('',*,*,#4498,.F.);
#5089 = ORIENTED_EDGE('',*,*,#5090,.F.);
#5090 = EDGE_CURVE('',#4068,#4478,#5091,.T.);
#5091 = SURFACE_CURVE('',#5092,(#5097,#5104),.PCURVE_S1.);
#5092 = CIRCLE('',#5093,1.45);
#5093 = AXIS2_PLACEMENT_3D('',#5094,#5095,#5096);
#5094 = CARTESIAN_POINT('',(28.,58.,9.15));
#5095 = DIRECTION('',(0.,0.,1.));
#5096 = DIRECTION('',(1.,0.,-0.));
#5097 = PCURVE('',#4108,#5098);
#5098 = DEFINITIONAL_REPRESENTATION('',(#5099),#5103);
#5099 = CIRCLE('',#5100,1.45);
#5100 = AXIS2_PLACEMENT_2D('',#5101,#5102);
#5101 = CARTESIAN_POINT('',(0.,0.));
#5102 = DIRECTION('',(1.,0.));
#5103 = ( GEOMETRIC_REPRESENTATION_CONTEXT(2) 
PARAMETRIC_REPRESENTATION_CONTEXT() REPRESENTATION_CONTEXT('2D SPACE',''
  ) );
#5104 = PCURVE('',#4082,#5105);
#5105 = DEFINITIONAL_REPRESENTATION('',(#5106),#5110);
#5106 = LINE('',#5107,#5108);
#5107 = CARTESIAN_POINT('',(0.,0.3));
#5108 = VECTOR('',#5109,1.);
#5109 = DIRECTION('',(1.,0.));
#5110 = ( GEOMETRIC_REPRESENTATION_CONTEXT(2) 
PARAMETRIC_REPRESENTATION_CONTEXT() REPRESENTATION_CONTEXT('2D SPACE',''
  ) );
#5111 = ADVANCED_FACE('',(#5112),#4082,.T.);
#5112 = FACE_BOUND('',#5113,.T.);
#5113 = EDGE_LOOP('',(#5114,#5115,#5116,#5117));
#5114 = ORIENTED_EDGE('',*,*,#5090,.F.);
#5115 = ORIENTED_EDGE('',*,*,#4067,.F.);
#5116 = ORIENTED_EDGE('',*,*,#4429,.T.);
#5117 = ORIENTED_EDGE('',*,*,#4477,.T.);
#5118 = MANIFOLD_SOLID_BREP('',#5119);
#5119 = CLOSED_SHELL('',(#5120,#5238,#5311,#5668,#5716,#5993,#6021,#6049
    ,#6077,#6105,#6133,#6161,#6189,#6217,#6245,#6273,#6301,#6329));
#5120 = ADVANCED_FACE('',(#5121),#5136,.T.);
#5121 = FACE_BOUND('',#5122,.T.);
#5122 = EDGE_LOOP('',(#5123,#5159,#5185,#5214));
#5123 = ORIENTED_EDGE('',*,*,#5124,.T.);
#5124 = EDGE_CURVE('',#5125,#5127,#5129,.T.);
#5125 = VERTEX_POINT('',#5126);
#5126 = CARTESIAN_POINT('',(27.4,56.356071777723,8.15));
#5127 = VERTEX_POINT('',#5128);
#5128 = CARTESIAN_POINT('',(28.6,56.356071777723,8.15));
#5129 = SURFACE_CURVE('',#5130,(#5135,#5147),.PCURVE_S1.);
#5130 = CIRCLE('',#5131,1.75);
#5131 = AXIS2_PLACEMENT_3D('',#5132,#5133,#5134);
#5132 = CARTESIAN_POINT('',(28.,58.,8.15));
#5133 = DIRECTION('',(0.,0.,1.));
#5134 = DIRECTION('',(1.,0.,-0.));
#5135 = PCURVE('',#5136,#5141);
#5136 = CYLINDRICAL_SURFACE('',#5137,1.75);
#5137 = AXIS2_PLACEMENT_3D('',#5138,#5139,#5140);
#5138 = CARTESIAN_POINT('',(28.,58.,7.25));
#5139 = DIRECTION('',(0.,0.,1.));
#5140 = DIRECTION('',(1.,0.,-0.));
#5141 = DEFINITIONAL_REPRESENTATION('',(#5142),#5146);
#5142 = LINE('',#5143,#5144);
#5143 = CARTESIAN_POINT('',(0.,0.9));
#5144 = VECTOR('',#5145,1.);
#5145 = DIRECTION('',(1.,0.));
#5146 = ( GEOMETRIC_REPRESENTATION_CONTEXT(2) 
PARAMETRIC_REPRESENTATION_CONTEXT() REPRESENTATION_CONTEXT('2D SPACE',''
  ) );
#5147 = PCURVE('',#5148,#5153);
#5148 = PLANE('',#5149);
#5149 = AXIS2_PLACEMENT_3D('',#5150,#5151,#5152);
#5150 = CARTESIAN_POINT('',(28.,58.,8.15));
#5151 = DIRECTION('',(0.,0.,1.));
#5152 = DIRECTION('',(1.,0.,-0.));
#5153 = DEFINITIONAL_REPRESENTATION('',(#5154),#5158);
#5154 = CIRCLE('',#5155,1.75);
#5155 = AXIS2_PLACEMENT_2D('',#5156,#5157);
#5156 = CARTESIAN_POINT('',(0.,0.));
#5157 = DIRECTION('',(1.,0.));
#5158 = ( GEOMETRIC_REPRESENTATION_CONTEXT(2) 
PARAMETRIC_REPRESENTATION_CONTEXT() REPRESENTATION_CONTEXT('2D SPACE',''
  ) );
#5159 = ORIENTED_EDGE('',*,*,#5160,.T.);
#5160 = EDGE_CURVE('',#5127,#5161,#5163,.T.);
#5161 = VERTEX_POINT('',#5162);
#5162 = CARTESIAN_POINT('',(28.6,56.356071777723,8.85));
#5163 = SURFACE_CURVE('',#5164,(#5168,#5174),.PCURVE_S1.);
#5164 = LINE('',#5165,#5166);
#5165 = CARTESIAN_POINT('',(28.6,56.356071777723,7.25));
#5166 = VECTOR('',#5167,1.);
#5167 = DIRECTION('',(0.,0.,1.));
#5168 = PCURVE('',#5136,#5169);
#5169 = DEFINITIONAL_REPRESENTATION('',(#5170),#5173);
#5170 = B_SPLINE_CURVE_WITH_KNOTS('',1,(#5171,#5172),.UNSPECIFIED.,.F.,
  .F.,(2,2),(0.8999994,1.6000006),.PIECEWISE_BEZIER_KNOTS.);
#5171 = CARTESIAN_POINT('',(5.062345691628,0.8999994));
#5172 = CARTESIAN_POINT('',(5.062345691628,1.6000006));
#5173 = ( GEOMETRIC_REPRESENTATION_CONTEXT(2) 
PARAMETRIC_REPRESENTATION_CONTEXT() REPRESENTATION_CONTEXT('2D SPACE',''
  ) );
#5174 = PCURVE('',#5175,#5180);
#5175 = PLANE('',#5176);
#5176 = AXIS2_PLACEMENT_3D('',#5177,#5178,#5179);
#5177 = CARTESIAN_POINT('',(28.6,52.,-1.));
#5178 = DIRECTION('',(1.,0.,-0.));
#5179 = DIRECTION('',(0.,0.,1.));
#5180 = DEFINITIONAL_REPRESENTATION('',(#5181),#5184);
#5181 = B_SPLINE_CURVE_WITH_KNOTS('',1,(#5182,#5183),.UNSPECIFIED.,.F.,
  .F.,(2,2),(0.8999994,1.6000006),.PIECEWISE_BEZIER_KNOTS.);
#5182 = CARTESIAN_POINT('',(9.1499994,-4.356071777723));
#5183 = CARTESIAN_POINT('',(9.8500006,-4.356071777723));
#5184 = ( GEOMETRIC_REPRESENTATION_CONTEXT(2) 
PARAMETRIC_REPRESENTATION_CONTEXT() REPRESENTATION_CONTEXT('2D SPACE',''
  ) );
#5185 = ORIENTED_EDGE('',*,*,#5186,.F.);
#5186 = EDGE_CURVE('',#5187,#5161,#5189,.T.);
#5187 = VERTEX_POINT('',#5188);
#5188 = CARTESIAN_POINT('',(27.4,56.356071777723,8.85));
#5189 = SURFACE_CURVE('',#5190,(#5195,#5202),.PCURVE_S1.);
#5190 = CIRCLE('',#5191,1.75);
#5191 = AXIS2_PLACEMENT_3D('',#5192,#5193,#5194);
#5192 = CARTESIAN_POINT('',(28.,58.,8.85));
#5193 = DIRECTION('',(0.,0.,1.));
#5194 = DIRECTION('',(1.,0.,-0.));
#5195 = PCURVE('',#5136,#5196);
#5196 = DEFINITIONAL_REPRESENTATION('',(#5197),#5201);
#5197 = LINE('',#5198,#5199);
#5198 = CARTESIAN_POINT('',(0.,1.6));
#5199 = VECTOR('',#5200,1.);
#5200 = DIRECTION('',(1.,0.));
#5201 = ( GEOMETRIC_REPRESENTATION_CONTEXT(2) 
PARAMETRIC_REPRESENTATION_CONTEXT() REPRESENTATION_CONTEXT('2D SPACE',''
  ) );
#5202 = PCURVE('',#5203,#5208);
#5203 = PLANE('',#5204);
#5204 = AXIS2_PLACEMENT_3D('',#5205,#5206,#5207);
#5205 = CARTESIAN_POINT('',(28.,58.,8.85));
#5206 = DIRECTION('',(0.,0.,1.));
#5207 = DIRECTION('',(1.,0.,-0.));
#5208 = DEFINITIONAL_REPRESENTATION('',(#5209),#5213);
#5209 = CIRCLE('',#5210,1.75);
#5210 = AXIS2_PLACEMENT_2D('',#5211,#5212);
#5211 = CARTESIAN_POINT('',(0.,0.));
#5212 = DIRECTION('',(1.,0.));
#5213 = ( GEOMETRIC_REPRESENTATION_CONTEXT(2) 
PARAMETRIC_REPRESENTATION_CONTEXT() REPRESENTATION_CONTEXT('2D SPACE',''
  ) );
#5214 = ORIENTED_EDGE('',*,*,#5215,.F.);
#5215 = EDGE_CURVE('',#5125,#5187,#5216,.T.);
#5216 = SURFACE_CURVE('',#5217,(#5221,#5227),.PCURVE_S1.);
#5217 = LINE('',#5218,#5219);
#5218 = CARTESIAN_POINT('',(27.4,56.356071777723,7.25));
#5219 = VECTOR('',#5220,1.);
#5220 = DIRECTION('',(0.,0.,1.));
#5221 = PCURVE('',#5136,#5222);
#5222 = DEFINITIONAL_REPRESENTATION('',(#5223),#5226);
#5223 = B_SPLINE_CURVE_WITH_KNOTS('',1,(#5224,#5225),.UNSPECIFIED.,.F.,
  .F.,(2,2),(0.8999994,1.6000006),.PIECEWISE_BEZIER_KNOTS.);
#5224 = CARTESIAN_POINT('',(4.362432269142,0.8999994));
#5225 = CARTESIAN_POINT('',(4.362432269142,1.6000006));
#5226 = ( GEOMETRIC_REPRESENTATION_CONTEXT(2) 
PARAMETRIC_REPRESENTATION_CONTEXT() REPRESENTATION_CONTEXT('2D SPACE',''
  ) );
#5227 = PCURVE('',#5228,#5233);
#5228 = PLANE('',#5229);
#5229 = AXIS2_PLACEMENT_3D('',#5230,#5231,#5232);
#5230 = CARTESIAN_POINT('',(27.4,52.,-1.));
#5231 = DIRECTION('',(1.,0.,-0.));
#5232 = DIRECTION('',(0.,0.,1.));
#5233 = DEFINITIONAL_REPRESENTATION('',(#5234),#5237);
#5234 = B_SPLINE_CURVE_WITH_KNOTS('',1,(#5235,#5236),.UNSPECIFIED.,.F.,
  .F.,(2,2),(0.8999994,1.6000006),.PIECEWISE_BEZIER_KNOTS.);
#5235 = CARTESIAN_POINT('',(9.1499994,-4.356071777723));
#5236 = CARTESIAN_POINT('',(9.8500006,-4.356071777723));
#5237 = ( GEOMETRIC_REPRESENTATION_CONTEXT(2) 
PARAMETRIC_REPRESENTATION_CONTEXT() REPRESENTATION_CONTEXT('2D SPACE',''
  ) );
#5238 = ADVANCED_FACE('',(#5239),#5148,.F.);
#5239 = FACE_BOUND('',#5240,.F.);
#5240 = EDGE_LOOP('',(#5241,#5242,#5263,#5292));
#5241 = ORIENTED_EDGE('',*,*,#5124,.T.);
#5242 = ORIENTED_EDGE('',*,*,#5243,.T.);
#5243 = EDGE_CURVE('',#5127,#5244,#5246,.T.);
#5244 = VERTEX_POINT('',#5245);
#5245 = CARTESIAN_POINT('',(28.6,56.679962121756,8.15));
#5246 = SURFACE_CURVE('',#5247,(#5251,#5257),.PCURVE_S1.);
#5247 = LINE('',#5248,#5249);
#5248 = CARTESIAN_POINT('',(28.6,55.,8.15));
#5249 = VECTOR('',#5250,1.);
#5250 = DIRECTION('',(-0.,1.,0.));
#5251 = PCURVE('',#5148,#5252);
#5252 = DEFINITIONAL_REPRESENTATION('',(#5253),#5256);
#5253 = B_SPLINE_CURVE_WITH_KNOTS('',1,(#5254,#5255),.UNSPECIFIED.,.F.,
  .F.,(2,2),(1.25,4.75),.PIECEWISE_BEZIER_KNOTS.);
#5254 = CARTESIAN_POINT('',(0.6,-1.75));
#5255 = CARTESIAN_POINT('',(0.6,1.75));
#5256 = ( GEOMETRIC_REPRESENTATION_CONTEXT(2) 
PARAMETRIC_REPRESENTATION_CONTEXT() REPRESENTATION_CONTEXT('2D SPACE',''
  ) );
#5257 = PCURVE('',#5175,#5258);
#5258 = DEFINITIONAL_REPRESENTATION('',(#5259),#5262);
#5259 = B_SPLINE_CURVE_WITH_KNOTS('',1,(#5260,#5261),.UNSPECIFIED.,.F.,
  .F.,(2,2),(1.25,4.75),.PIECEWISE_BEZIER_KNOTS.);
#5260 = CARTESIAN_POINT('',(9.15,-4.25));
#5261 = CARTESIAN_POINT('',(9.15,-7.75));
#5262 = ( GEOMETRIC_REPRESENTATION_CONTEXT(2) 
PARAMETRIC_REPRESENTATION_CONTEXT() REPRESENTATION_CONTEXT('2D SPACE',''
  ) );
#5263 = ORIENTED_EDGE('',*,*,#5264,.F.);
#5264 = EDGE_CURVE('',#5265,#5244,#5267,.T.);
#5265 = VERTEX_POINT('',#5266);
#5266 = CARTESIAN_POINT('',(27.4,56.679962121756,8.15));
#5267 = SURFACE_CURVE('',#5268,(#5273,#5280),.PCURVE_S1.);
#5268 = CIRCLE('',#5269,1.45);
#5269 = AXIS2_PLACEMENT_3D('',#5270,#5271,#5272);
#5270 = CARTESIAN_POINT('',(28.,58.,8.15));
#5271 = DIRECTION('',(0.,0.,1.));
#5272 = DIRECTION('',(1.,0.,-0.));
#5273 = PCURVE('',#5148,#5274);
#5274 = DEFINITIONAL_REPRESENTATION('',(#5275),#5279);
#5275 = CIRCLE('',#5276,1.45);
#5276 = AXIS2_PLACEMENT_2D('',#5277,#5278);
#5277 = CARTESIAN_POINT('',(0.,0.));
#5278 = DIRECTION('',(1.,0.));
#5279 = ( GEOMETRIC_REPRESENTATION_CONTEXT(2) 
PARAMETRIC_REPRESENTATION_CONTEXT() REPRESENTATION_CONTEXT('2D SPACE',''
  ) );
#5280 = PCURVE('',#5281,#5286);
#5281 = CYLINDRICAL_SURFACE('',#5282,1.45);
#5282 = AXIS2_PLACEMENT_3D('',#5283,#5284,#5285);
#5283 = CARTESIAN_POINT('',(28.,58.,7.85));
#5284 = DIRECTION('',(0.,0.,1.));
#5285 = DIRECTION('',(1.,0.,-0.));
#5286 = DEFINITIONAL_REPRESENTATION('',(#5287),#5291);
#5287 = LINE('',#5288,#5289);
#5288 = CARTESIAN_POINT('',(0.,0.3));
#5289 = VECTOR('',#5290,1.);
#5290 = DIRECTION('',(1.,0.));
#5291 = ( GEOMETRIC_REPRESENTATION_CONTEXT(2) 
PARAMETRIC_REPRESENTATION_CONTEXT() REPRESENTATION_CONTEXT('2D SPACE',''
  ) );
#5292 = ORIENTED_EDGE('',*,*,#5293,.F.);
#5293 = EDGE_CURVE('',#5125,#5265,#5294,.T.);
#5294 = SURFACE_CURVE('',#5295,(#5299,#5305),.PCURVE_S1.);
#5295 = LINE('',#5296,#5297);
#5296 = CARTESIAN_POINT('',(27.4,55.,8.15));
#5297 = VECTOR('',#5298,1.);
#5298 = DIRECTION('',(-0.,1.,0.));
#5299 = PCURVE('',#5148,#5300);
#5300 = DEFINITIONAL_REPRESENTATION('',(#5301),#5304);
#5301 = B_SPLINE_CURVE_WITH_KNOTS('',1,(#5302,#5303),.UNSPECIFIED.,.F.,
  .F.,(2,2),(1.25,4.75),.PIECEWISE_BEZIER_KNOTS.);
#5302 = CARTESIAN_POINT('',(-0.6,-1.75));
#5303 = CARTESIAN_POINT('',(-0.6,1.75));
#5304 = ( GEOMETRIC_REPRESENTATION_CONTEXT(2) 
PARAMETRIC_REPRESENTATION_CONTEXT() REPRESENTATION_CONTEXT('2D SPACE',''
  ) );
#5305 = PCURVE('',#5228,#5306);
#5306 = DEFINITIONAL_REPRESENTATION('',(#5307),#5310);
#5307 = B_SPLINE_CURVE_WITH_KNOTS('',1,(#5308,#5309),.UNSPECIFIED.,.F.,
  .F.,(2,2),(1.25,4.75),.PIECEWISE_BEZIER_KNOTS.);
#5308 = CARTESIAN_POINT('',(9.15,-4.25));
#5309 = CARTESIAN_POINT('',(9.15,-7.75));
#5310 = ( GEOMETRIC_REPRESENTATION_CONTEXT(2) 
PARAMETRIC_REPRESENTATION_CONTEXT() REPRESENTATION_CONTEXT('2D SPACE',''
  ) );
#5311 = ADVANCED_FACE('',(#5312),#5228,.F.);
#5312 = FACE_BOUND('',#5313,.F.);
#5313 = EDGE_LOOP('',(#5314,#5315,#5316,#5337,#5363,#5389,#5415,#5441,
    #5467,#5493,#5519,#5545,#5571,#5597,#5623,#5649));
#5314 = ORIENTED_EDGE('',*,*,#5215,.F.);
#5315 = ORIENTED_EDGE('',*,*,#5293,.T.);
#5316 = ORIENTED_EDGE('',*,*,#5317,.F.);
#5317 = EDGE_CURVE('',#5318,#5265,#5320,.T.);
#5318 = VERTEX_POINT('',#5319);
#5319 = CARTESIAN_POINT('',(27.4,56.679962121756,7.85));
#5320 = SURFACE_CURVE('',#5321,(#5325,#5331),.PCURVE_S1.);
#5321 = LINE('',#5322,#5323);
#5322 = CARTESIAN_POINT('',(27.4,56.679962121756,7.85));
#5323 = VECTOR('',#5324,1.);
#5324 = DIRECTION('',(0.,0.,1.));
#5325 = PCURVE('',#5228,#5326);
#5326 = DEFINITIONAL_REPRESENTATION('',(#5327),#5330);
#5327 = B_SPLINE_CURVE_WITH_KNOTS('',1,(#5328,#5329),.UNSPECIFIED.,.F.,
  .F.,(2,2),(-5.999999999062E-07,0.3000006),.PIECEWISE_BEZIER_KNOTS.);
#5328 = CARTESIAN_POINT('',(8.8499994,-4.679962121756));
#5329 = CARTESIAN_POINT('',(9.1500006,-4.679962121756));
#5330 = ( GEOMETRIC_REPRESENTATION_CONTEXT(2) 
PARAMETRIC_REPRESENTATION_CONTEXT() REPRESENTATION_CONTEXT('2D SPACE',''
  ) );
#5331 = PCURVE('',#5281,#5332);
#5332 = DEFINITIONAL_REPRESENTATION('',(#5333),#5336);
#5333 = B_SPLINE_CURVE_WITH_KNOTS('',1,(#5334,#5335),.UNSPECIFIED.,.F.,
  .F.,(2,2),(-5.999999999062E-07,0.3000006),.PIECEWISE_BEZIER_KNOTS.);
#5334 = CARTESIAN_POINT('',(4.285772297002,-5.999999999062E-07));
#5335 = CARTESIAN_POINT('',(4.285772297002,0.3000006));
#5336 = ( GEOMETRIC_REPRESENTATION_CONTEXT(2) 
PARAMETRIC_REPRESENTATION_CONTEXT() REPRESENTATION_CONTEXT('2D SPACE',''
  ) );
#5337 = ORIENTED_EDGE('',*,*,#5338,.F.);
#5338 = EDGE_CURVE('',#5339,#5318,#5341,.T.);
#5339 = VERTEX_POINT('',#5340);
#5340 = CARTESIAN_POINT('',(27.4,56.356071777723,7.85));
#5341 = SURFACE_CURVE('',#5342,(#5346,#5352),.PCURVE_S1.);
#5342 = LINE('',#5343,#5344);
#5343 = CARTESIAN_POINT('',(27.4,55.,7.85));
#5344 = VECTOR('',#5345,1.);
#5345 = DIRECTION('',(-0.,1.,0.));
#5346 = PCURVE('',#5228,#5347);
#5347 = DEFINITIONAL_REPRESENTATION('',(#5348),#5351);
#5348 = B_SPLINE_CURVE_WITH_KNOTS('',1,(#5349,#5350),.UNSPECIFIED.,.F.,
  .F.,(2,2),(1.25,4.75),.PIECEWISE_BEZIER_KNOTS.);
#5349 = CARTESIAN_POINT('',(8.85,-4.25));
#5350 = CARTESIAN_POINT('',(8.85,-7.75));
#5351 = ( GEOMETRIC_REPRESENTATION_CONTEXT(2) 
PARAMETRIC_REPRESENTATION_CONTEXT() REPRESENTATION_CONTEXT('2D SPACE',''
  ) );
#5352 = PCURVE('',#5353,#5358);
#5353 = PLANE('',#5354);
#5354 = AXIS2_PLACEMENT_3D('',#5355,#5356,#5357);
#5355 = CARTESIAN_POINT('',(28.,58.,7.85));
#5356 = DIRECTION('',(0.,0.,1.));
#5357 = DIRECTION('',(1.,0.,-0.));
#5358 = DEFINITIONAL_REPRESENTATION('',(#5359),#5362);
#5359 = B_SPLINE_CURVE_WITH_KNOTS('',1,(#5360,#5361),.UNSPECIFIED.,.F.,
  .F.,(2,2),(1.25,4.75),.PIECEWISE_BEZIER_KNOTS.);
#5360 = CARTESIAN_POINT('',(-0.6,-1.75));
#5361 = CARTESIAN_POINT('',(-0.6,1.75));
#5362 = ( GEOMETRIC_REPRESENTATION_CONTEXT(2) 
PARAMETRIC_REPRESENTATION_CONTEXT() REPRESENTATION_CONTEXT('2D SPACE',''
  ) );
#5363 = ORIENTED_EDGE('',*,*,#5364,.F.);
#5364 = EDGE_CURVE('',#5365,#5339,#5367,.T.);
#5365 = VERTEX_POINT('',#5366);
#5366 = CARTESIAN_POINT('',(27.4,56.356071777723,7.25));
#5367 = SURFACE_CURVE('',#5368,(#5372,#5378),.PCURVE_S1.);
#5368 = LINE('',#5369,#5370);
#5369 = CARTESIAN_POINT('',(27.4,56.356071777723,7.25));
#5370 = VECTOR('',#5371,1.);
#5371 = DIRECTION('',(0.,0.,1.));
#5372 = PCURVE('',#5228,#5373);
#5373 = DEFINITIONAL_REPRESENTATION('',(#5374),#5377);
#5374 = B_SPLINE_CURVE_WITH_KNOTS('',1,(#5375,#5376),.UNSPECIFIED.,.F.,
  .F.,(2,2),(-5.999999999062E-07,0.6000006),.PIECEWISE_BEZIER_KNOTS.);
#5375 = CARTESIAN_POINT('',(8.2499994,-4.356071777723));
#5376 = CARTESIAN_POINT('',(8.8500006,-4.356071777723));
#5377 = ( GEOMETRIC_REPRESENTATION_CONTEXT(2) 
PARAMETRIC_REPRESENTATION_CONTEXT() REPRESENTATION_CONTEXT('2D SPACE',''
  ) );
#5378 = PCURVE('',#5379,#5384);
#5379 = CYLINDRICAL_SURFACE('',#5380,1.75);
#5380 = AXIS2_PLACEMENT_3D('',#5381,#5382,#5383);
#5381 = CARTESIAN_POINT('',(28.,58.,7.25));
#5382 = DIRECTION('',(0.,0.,1.));
#5383 = DIRECTION('',(1.,0.,-0.));
#5384 = DEFINITIONAL_REPRESENTATION('',(#5385),#5388);
#5385 = B_SPLINE_CURVE_WITH_KNOTS('',1,(#5386,#5387),.UNSPECIFIED.,.F.,
  .F.,(2,2),(-5.999999999062E-07,0.6000006),.PIECEWISE_BEZIER_KNOTS.);
#5386 = CARTESIAN_POINT('',(4.362432269142,-5.999999999062E-07));
#5387 = CARTESIAN_POINT('',(4.362432269142,0.6000006));
#5388 = ( GEOMETRIC_REPRESENTATION_CONTEXT(2) 
PARAMETRIC_REPRESENTATION_CONTEXT() REPRESENTATION_CONTEXT('2D SPACE',''
  ) );
#5389 = ORIENTED_EDGE('',*,*,#5390,.T.);
#5390 = EDGE_CURVE('',#5365,#5391,#5393,.T.);
#5391 = VERTEX_POINT('',#5392);
#5392 = CARTESIAN_POINT('',(27.4,57.470849737787,7.25));
#5393 = SURFACE_CURVE('',#5394,(#5398,#5404),.PCURVE_S1.);
#5394 = LINE('',#5395,#5396);
#5395 = CARTESIAN_POINT('',(27.4,55.,7.25));
#5396 = VECTOR('',#5397,1.);
#5397 = DIRECTION('',(-0.,1.,0.));
#5398 = PCURVE('',#5228,#5399);
#5399 = DEFINITIONAL_REPRESENTATION('',(#5400),#5403);
#5400 = B_SPLINE_CURVE_WITH_KNOTS('',1,(#5401,#5402),.UNSPECIFIED.,.F.,
  .F.,(2,2),(1.25,4.75),.PIECEWISE_BEZIER_KNOTS.);
#5401 = CARTESIAN_POINT('',(8.25,-4.25));
#5402 = CARTESIAN_POINT('',(8.25,-7.75));
#5403 = ( GEOMETRIC_REPRESENTATION_CONTEXT(2) 
PARAMETRIC_REPRESENTATION_CONTEXT() REPRESENTATION_CONTEXT('2D SPACE',''
  ) );
#5404 = PCURVE('',#5405,#5410);
#5405 = PLANE('',#5406);
#5406 = AXIS2_PLACEMENT_3D('',#5407,#5408,#5409);
#5407 = CARTESIAN_POINT('',(28.,58.,7.25));
#5408 = DIRECTION('',(0.,0.,1.));
#5409 = DIRECTION('',(1.,0.,-0.));
#5410 = DEFINITIONAL_REPRESENTATION('',(#5411),#5414);
#5411 = B_SPLINE_CURVE_WITH_KNOTS('',1,(#5412,#5413),.UNSPECIFIED.,.F.,
  .F.,(2,2),(1.25,4.75),.PIECEWISE_BEZIER_KNOTS.);
#5412 = CARTESIAN_POINT('',(-0.6,-1.75));
#5413 = CARTESIAN_POINT('',(-0.6,1.75));
#5414 = ( GEOMETRIC_REPRESENTATION_CONTEXT(2) 
PARAMETRIC_REPRESENTATION_CONTEXT() REPRESENTATION_CONTEXT('2D SPACE',''
  ) );
#5415 = ORIENTED_EDGE('',*,*,#5416,.T.);
#5416 = EDGE_CURVE('',#5391,#5417,#5419,.T.);
#5417 = VERTEX_POINT('',#5418);
#5418 = CARTESIAN_POINT('',(27.4,57.470849737787,11.25));
#5419 = SURFACE_CURVE('',#5420,(#5424,#5430),.PCURVE_S1.);
#5420 = LINE('',#5421,#5422);
#5421 = CARTESIAN_POINT('',(27.4,57.470849737787,7.25));
#5422 = VECTOR('',#5423,1.);
#5423 = DIRECTION('',(0.,0.,1.));
#5424 = PCURVE('',#5228,#5425);
#5425 = DEFINITIONAL_REPRESENTATION('',(#5426),#5429);
#5426 = B_SPLINE_CURVE_WITH_KNOTS('',1,(#5427,#5428),.UNSPECIFIED.,.F.,
  .F.,(2,2),(-5.999999999062E-07,4.0000006),.PIECEWISE_BEZIER_KNOTS.);
#5427 = CARTESIAN_POINT('',(8.2499994,-5.470849737787));
#5428 = CARTESIAN_POINT('',(12.2500006,-5.470849737787));
#5429 = ( GEOMETRIC_REPRESENTATION_CONTEXT(2) 
PARAMETRIC_REPRESENTATION_CONTEXT() REPRESENTATION_CONTEXT('2D SPACE',''
  ) );
#5430 = PCURVE('',#5431,#5436);
#5431 = CYLINDRICAL_SURFACE('',#5432,0.8);
#5432 = AXIS2_PLACEMENT_3D('',#5433,#5434,#5435);
#5433 = CARTESIAN_POINT('',(28.,58.,7.25));
#5434 = DIRECTION('',(0.,0.,1.));
#5435 = DIRECTION('',(1.,0.,-0.));
#5436 = DEFINITIONAL_REPRESENTATION('',(#5437),#5440);
#5437 = B_SPLINE_CURVE_WITH_KNOTS('',1,(#5438,#5439),.UNSPECIFIED.,.F.,
  .F.,(2,2),(-5.999999999062E-07,4.0000006),.PIECEWISE_BEZIER_KNOTS.);
#5438 = CARTESIAN_POINT('',(3.864326901403,-5.999999999062E-07));
#5439 = CARTESIAN_POINT('',(3.864326901403,4.0000006));
#5440 = ( GEOMETRIC_REPRESENTATION_CONTEXT(2) 
PARAMETRIC_REPRESENTATION_CONTEXT() REPRESENTATION_CONTEXT('2D SPACE',''
  ) );
#5441 = ORIENTED_EDGE('',*,*,#5442,.F.);
#5442 = EDGE_CURVE('',#5443,#5417,#5445,.T.);
#5443 = VERTEX_POINT('',#5444);
#5444 = CARTESIAN_POINT('',(27.4,56.356071777723,11.25));
#5445 = SURFACE_CURVE('',#5446,(#5450,#5456),.PCURVE_S1.);
#5446 = LINE('',#5447,#5448);
#5447 = CARTESIAN_POINT('',(27.4,55.,11.25));
#5448 = VECTOR('',#5449,1.);
#5449 = DIRECTION('',(-0.,1.,0.));
#5450 = PCURVE('',#5228,#5451);
#5451 = DEFINITIONAL_REPRESENTATION('',(#5452),#5455);
#5452 = B_SPLINE_CURVE_WITH_KNOTS('',1,(#5453,#5454),.UNSPECIFIED.,.F.,
  .F.,(2,2),(1.25,4.75),.PIECEWISE_BEZIER_KNOTS.);
#5453 = CARTESIAN_POINT('',(12.25,-4.25));
#5454 = CARTESIAN_POINT('',(12.25,-7.75));
#5455 = ( GEOMETRIC_REPRESENTATION_CONTEXT(2) 
PARAMETRIC_REPRESENTATION_CONTEXT() REPRESENTATION_CONTEXT('2D SPACE',''
  ) );
#5456 = PCURVE('',#5457,#5462);
#5457 = PLANE('',#5458);
#5458 = AXIS2_PLACEMENT_3D('',#5459,#5460,#5461);
#5459 = CARTESIAN_POINT('',(28.,58.,11.25));
#5460 = DIRECTION('',(0.,0.,1.));
#5461 = DIRECTION('',(1.,0.,-0.));
#5462 = DEFINITIONAL_REPRESENTATION('',(#5463),#5466);
#5463 = B_SPLINE_CURVE_WITH_KNOTS('',1,(#5464,#5465),.UNSPECIFIED.,.F.,
  .F.,(2,2),(1.25,4.75),.PIECEWISE_BEZIER_KNOTS.);
#5464 = CARTESIAN_POINT('',(-0.6,-1.75));
#5465 = CARTESIAN_POINT('',(-0.6,1.75));
#5466 = ( GEOMETRIC_REPRESENTATION_CONTEXT(2) 
PARAMETRIC_REPRESENTATION_CONTEXT() REPRESENTATION_CONTEXT('2D SPACE',''
  ) );
#5467 = ORIENTED_EDGE('',*,*,#5468,.F.);
#5468 = EDGE_CURVE('',#5469,#5443,#5471,.T.);
#5469 = VERTEX_POINT('',#5470);
#5470 = CARTESIAN_POINT('',(27.4,56.356071777723,10.15));
#5471 = SURFACE_CURVE('',#5472,(#5476,#5482),.PCURVE_S1.);
#5472 = LINE('',#5473,#5474);
#5473 = CARTESIAN_POINT('',(27.4,56.356071777723,7.25));
#5474 = VECTOR('',#5475,1.);
#5475 = DIRECTION('',(0.,0.,1.));
#5476 = PCURVE('',#5228,#5477);
#5477 = DEFINITIONAL_REPRESENTATION('',(#5478),#5481);
#5478 = B_SPLINE_CURVE_WITH_KNOTS('',1,(#5479,#5480),.UNSPECIFIED.,.F.,
  .F.,(2,2),(2.8999994,4.0000006),.PIECEWISE_BEZIER_KNOTS.);
#5479 = CARTESIAN_POINT('',(11.1499994,-4.356071777723));
#5480 = CARTESIAN_POINT('',(12.2500006,-4.356071777723));
#5481 = ( GEOMETRIC_REPRESENTATION_CONTEXT(2) 
PARAMETRIC_REPRESENTATION_CONTEXT() REPRESENTATION_CONTEXT('2D SPACE',''
  ) );
#5482 = PCURVE('',#5483,#5488);
#5483 = CYLINDRICAL_SURFACE('',#5484,1.75);
#5484 = AXIS2_PLACEMENT_3D('',#5485,#5486,#5487);
#5485 = CARTESIAN_POINT('',(28.,58.,7.25));
#5486 = DIRECTION('',(0.,0.,1.));
#5487 = DIRECTION('',(1.,0.,-0.));
#5488 = DEFINITIONAL_REPRESENTATION('',(#5489),#5492);
#5489 = B_SPLINE_CURVE_WITH_KNOTS('',1,(#5490,#5491),.UNSPECIFIED.,.F.,
  .F.,(2,2),(2.8999994,4.0000006),.PIECEWISE_BEZIER_KNOTS.);
#5490 = CARTESIAN_POINT('',(4.362432269142,2.8999994));
#5491 = CARTESIAN_POINT('',(4.362432269142,4.0000006));
#5492 = ( GEOMETRIC_REPRESENTATION_CONTEXT(2) 
PARAMETRIC_REPRESENTATION_CONTEXT() REPRESENTATION_CONTEXT('2D SPACE',''
  ) );
#5493 = ORIENTED_EDGE('',*,*,#5494,.T.);
#5494 = EDGE_CURVE('',#5469,#5495,#5497,.T.);
#5495 = VERTEX_POINT('',#5496);
#5496 = CARTESIAN_POINT('',(27.4,56.679962121756,10.15));
#5497 = SURFACE_CURVE('',#5498,(#5502,#5508),.PCURVE_S1.);
#5498 = LINE('',#5499,#5500);
#5499 = CARTESIAN_POINT('',(27.4,55.,10.15));
#5500 = VECTOR('',#5501,1.);
#5501 = DIRECTION('',(-0.,1.,0.));
#5502 = PCURVE('',#5228,#5503);
#5503 = DEFINITIONAL_REPRESENTATION('',(#5504),#5507);
#5504 = B_SPLINE_CURVE_WITH_KNOTS('',1,(#5505,#5506),.UNSPECIFIED.,.F.,
  .F.,(2,2),(1.25,4.75),.PIECEWISE_BEZIER_KNOTS.);
#5505 = CARTESIAN_POINT('',(11.15,-4.25));
#5506 = CARTESIAN_POINT('',(11.15,-7.75));
#5507 = ( GEOMETRIC_REPRESENTATION_CONTEXT(2) 
PARAMETRIC_REPRESENTATION_CONTEXT() REPRESENTATION_CONTEXT('2D SPACE',''
  ) );
#5508 = PCURVE('',#5509,#5514);
#5509 = PLANE('',#5510);
#5510 = AXIS2_PLACEMENT_3D('',#5511,#5512,#5513);
#5511 = CARTESIAN_POINT('',(28.,58.,10.15));
#5512 = DIRECTION('',(0.,0.,1.));
#5513 = DIRECTION('',(1.,0.,-0.));
#5514 = DEFINITIONAL_REPRESENTATION('',(#5515),#5518);
#5515 = B_SPLINE_CURVE_WITH_KNOTS('',1,(#5516,#5517),.UNSPECIFIED.,.F.,
  .F.,(2,2),(1.25,4.75),.PIECEWISE_BEZIER_KNOTS.);
#5516 = CARTESIAN_POINT('',(-0.6,-1.75));
#5517 = CARTESIAN_POINT('',(-0.6,1.75));
#5518 = ( GEOMETRIC_REPRESENTATION_CONTEXT(2) 
PARAMETRIC_REPRESENTATION_CONTEXT() REPRESENTATION_CONTEXT('2D SPACE',''
  ) );
#5519 = ORIENTED_EDGE('',*,*,#5520,.F.);
#5520 = EDGE_CURVE('',#5521,#5495,#5523,.T.);
#5521 = VERTEX_POINT('',#5522);
#5522 = CARTESIAN_POINT('',(27.4,56.679962121756,9.85));
#5523 = SURFACE_CURVE('',#5524,(#5528,#5534),.PCURVE_S1.);
#5524 = LINE('',#5525,#5526);
#5525 = CARTESIAN_POINT('',(27.4,56.679962121756,9.85));
#5526 = VECTOR('',#5527,1.);
#5527 = DIRECTION('',(0.,0.,1.));
#5528 = PCURVE('',#5228,#5529);
#5529 = DEFINITIONAL_REPRESENTATION('',(#5530),#5533);
#5530 = B_SPLINE_CURVE_WITH_KNOTS('',1,(#5531,#5532),.UNSPECIFIED.,.F.,
  .F.,(2,2),(-5.999999999062E-07,0.3000006),.PIECEWISE_BEZIER_KNOTS.);
#5531 = CARTESIAN_POINT('',(10.8499994,-4.679962121756));
#5532 = CARTESIAN_POINT('',(11.1500006,-4.679962121756));
#5533 = ( GEOMETRIC_REPRESENTATION_CONTEXT(2) 
PARAMETRIC_REPRESENTATION_CONTEXT() REPRESENTATION_CONTEXT('2D SPACE',''
  ) );
#5534 = PCURVE('',#5535,#5540);
#5535 = CYLINDRICAL_SURFACE('',#5536,1.45);
#5536 = AXIS2_PLACEMENT_3D('',#5537,#5538,#5539);
#5537 = CARTESIAN_POINT('',(28.,58.,9.85));
#5538 = DIRECTION('',(0.,0.,1.));
#5539 = DIRECTION('',(1.,0.,-0.));
#5540 = DEFINITIONAL_REPRESENTATION('',(#5541),#5544);
#5541 = B_SPLINE_CURVE_WITH_KNOTS('',1,(#5542,#5543),.UNSPECIFIED.,.F.,
  .F.,(2,2),(-5.999999999062E-07,0.3000006),.PIECEWISE_BEZIER_KNOTS.);
#5542 = CARTESIAN_POINT('',(4.285772297002,-5.999999999062E-07));
#5543 = CARTESIAN_POINT('',(4.285772297002,0.3000006));
#5544 = ( GEOMETRIC_REPRESENTATION_CONTEXT(2) 
PARAMETRIC_REPRESENTATION_CONTEXT() REPRESENTATION_CONTEXT('2D SPACE',''
  ) );
#5545 = ORIENTED_EDGE('',*,*,#5546,.F.);
#5546 = EDGE_CURVE('',#5547,#5521,#5549,.T.);
#5547 = VERTEX_POINT('',#5548);
#5548 = CARTESIAN_POINT('',(27.4,56.356071777723,9.85));
#5549 = SURFACE_CURVE('',#5550,(#5554,#5560),.PCURVE_S1.);
#5550 = LINE('',#5551,#5552);
#5551 = CARTESIAN_POINT('',(27.4,55.,9.85));
#5552 = VECTOR('',#5553,1.);
#5553 = DIRECTION('',(-0.,1.,0.));
#5554 = PCURVE('',#5228,#5555);
#5555 = DEFINITIONAL_REPRESENTATION('',(#5556),#5559);
#5556 = B_SPLINE_CURVE_WITH_KNOTS('',1,(#5557,#5558),.UNSPECIFIED.,.F.,
  .F.,(2,2),(1.25,4.75),.PIECEWISE_BEZIER_KNOTS.);
#5557 = CARTESIAN_POINT('',(10.85,-4.25));
#5558 = CARTESIAN_POINT('',(10.85,-7.75));
#5559 = ( GEOMETRIC_REPRESENTATION_CONTEXT(2) 
PARAMETRIC_REPRESENTATION_CONTEXT() REPRESENTATION_CONTEXT('2D SPACE',''
  ) );
#5560 = PCURVE('',#5561,#5566);
#5561 = PLANE('',#5562);
#5562 = AXIS2_PLACEMENT_3D('',#5563,#5564,#5565);
#5563 = CARTESIAN_POINT('',(28.,58.,9.85));
#5564 = DIRECTION('',(0.,0.,1.));
#5565 = DIRECTION('',(1.,0.,-0.));
#5566 = DEFINITIONAL_REPRESENTATION('',(#5567),#5570);
#5567 = B_SPLINE_CURVE_WITH_KNOTS('',1,(#5568,#5569),.UNSPECIFIED.,.F.,
  .F.,(2,2),(1.25,4.75),.PIECEWISE_BEZIER_KNOTS.);
#5568 = CARTESIAN_POINT('',(-0.6,-1.75));
#5569 = CARTESIAN_POINT('',(-0.6,1.75));
#5570 = ( GEOMETRIC_REPRESENTATION_CONTEXT(2) 
PARAMETRIC_REPRESENTATION_CONTEXT() REPRESENTATION_CONTEXT('2D SPACE',''
  ) );
#5571 = ORIENTED_EDGE('',*,*,#5572,.F.);
#5572 = EDGE_CURVE('',#5573,#5547,#5575,.T.);
#5573 = VERTEX_POINT('',#5574);
#5574 = CARTESIAN_POINT('',(27.4,56.356071777723,9.15));
#5575 = SURFACE_CURVE('',#5576,(#5580,#5586),.PCURVE_S1.);
#5576 = LINE('',#5577,#5578);
#5577 = CARTESIAN_POINT('',(27.4,56.356071777723,7.25));
#5578 = VECTOR('',#5579,1.);
#5579 = DIRECTION('',(0.,0.,1.));
#5580 = PCURVE('',#5228,#5581);
#5581 = DEFINITIONAL_REPRESENTATION('',(#5582),#5585);
#5582 = B_SPLINE_CURVE_WITH_KNOTS('',1,(#5583,#5584),.UNSPECIFIED.,.F.,
  .F.,(2,2),(1.8999994,2.6000006),.PIECEWISE_BEZIER_KNOTS.);
#5583 = CARTESIAN_POINT('',(10.1499994,-4.356071777723));
#5584 = CARTESIAN_POINT('',(10.8500006,-4.356071777723));
#5585 = ( GEOMETRIC_REPRESENTATION_CONTEXT(2) 
PARAMETRIC_REPRESENTATION_CONTEXT() REPRESENTATION_CONTEXT('2D SPACE',''
  ) );
#5586 = PCURVE('',#5587,#5592);
#5587 = CYLINDRICAL_SURFACE('',#5588,1.75);
#5588 = AXIS2_PLACEMENT_3D('',#5589,#5590,#5591);
#5589 = CARTESIAN_POINT('',(28.,58.,7.25));
#5590 = DIRECTION('',(0.,0.,1.));
#5591 = DIRECTION('',(1.,0.,-0.));
#5592 = DEFINITIONAL_REPRESENTATION('',(#5593),#5596);
#5593 = B_SPLINE_CURVE_WITH_KNOTS('',1,(#5594,#5595),.UNSPECIFIED.,.F.,
  .F.,(2,2),(1.8999994,2.6000006),.PIECEWISE_BEZIER_KNOTS.);
#5594 = CARTESIAN_POINT('',(4.362432269142,1.8999994));
#5595 = CARTESIAN_POINT('',(4.362432269142,2.6000006));
#5596 = ( GEOMETRIC_REPRESENTATION_CONTEXT(2) 
PARAMETRIC_REPRESENTATION_CONTEXT() REPRESENTATION_CONTEXT('2D SPACE',''
  ) );
#5597 = ORIENTED_EDGE('',*,*,#5598,.T.);
#5598 = EDGE_CURVE('',#5573,#5599,#5601,.T.);
#5599 = VERTEX_POINT('',#5600);
#5600 = CARTESIAN_POINT('',(27.4,56.679962121756,9.15));
#5601 = SURFACE_CURVE('',#5602,(#5606,#5612),.PCURVE_S1.);
#5602 = LINE('',#5603,#5604);
#5603 = CARTESIAN_POINT('',(27.4,55.,9.15));
#5604 = VECTOR('',#5605,1.);
#5605 = DIRECTION('',(-0.,1.,0.));
#5606 = PCURVE('',#5228,#5607);
#5607 = DEFINITIONAL_REPRESENTATION('',(#5608),#5611);
#5608 = B_SPLINE_CURVE_WITH_KNOTS('',1,(#5609,#5610),.UNSPECIFIED.,.F.,
  .F.,(2,2),(1.25,4.75),.PIECEWISE_BEZIER_KNOTS.);
#5609 = CARTESIAN_POINT('',(10.15,-4.25));
#5610 = CARTESIAN_POINT('',(10.15,-7.75));
#5611 = ( GEOMETRIC_REPRESENTATION_CONTEXT(2) 
PARAMETRIC_REPRESENTATION_CONTEXT() REPRESENTATION_CONTEXT('2D SPACE',''
  ) );
#5612 = PCURVE('',#5613,#5618);
#5613 = PLANE('',#5614);
#5614 = AXIS2_PLACEMENT_3D('',#5615,#5616,#5617);
#5615 = CARTESIAN_POINT('',(28.,58.,9.15));
#5616 = DIRECTION('',(0.,0.,1.));
#5617 = DIRECTION('',(1.,0.,-0.));
#5618 = DEFINITIONAL_REPRESENTATION('',(#5619),#5622);
#5619 = B_SPLINE_CURVE_WITH_KNOTS('',1,(#5620,#5621),.UNSPECIFIED.,.F.,
  .F.,(2,2),(1.25,4.75),.PIECEWISE_BEZIER_KNOTS.);
#5620 = CARTESIAN_POINT('',(-0.6,-1.75));
#5621 = CARTESIAN_POINT('',(-0.6,1.75));
#5622 = ( GEOMETRIC_REPRESENTATION_CONTEXT(2) 
PARAMETRIC_REPRESENTATION_CONTEXT() REPRESENTATION_CONTEXT('2D SPACE',''
  ) );
#5623 = ORIENTED_EDGE('',*,*,#5624,.F.);
#5624 = EDGE_CURVE('',#5625,#5599,#5627,.T.);
#5625 = VERTEX_POINT('',#5626);
#5626 = CARTESIAN_POINT('',(27.4,56.679962121756,8.85));
#5627 = SURFACE_CURVE('',#5628,(#5632,#5638),.PCURVE_S1.);
#5628 = LINE('',#5629,#5630);
#5629 = CARTESIAN_POINT('',(27.4,56.679962121756,8.85));
#5630 = VECTOR('',#5631,1.);
#5631 = DIRECTION('',(0.,0.,1.));
#5632 = PCURVE('',#5228,#5633);
#5633 = DEFINITIONAL_REPRESENTATION('',(#5634),#5637);
#5634 = B_SPLINE_CURVE_WITH_KNOTS('',1,(#5635,#5636),.UNSPECIFIED.,.F.,
  .F.,(2,2),(-5.999999999062E-07,0.3000006),.PIECEWISE_BEZIER_KNOTS.);
#5635 = CARTESIAN_POINT('',(9.8499994,-4.679962121756));
#5636 = CARTESIAN_POINT('',(10.1500006,-4.679962121756));
#5637 = ( GEOMETRIC_REPRESENTATION_CONTEXT(2) 
PARAMETRIC_REPRESENTATION_CONTEXT() REPRESENTATION_CONTEXT('2D SPACE',''
  ) );
#5638 = PCURVE('',#5639,#5644);
#5639 = CYLINDRICAL_SURFACE('',#5640,1.45);
#5640 = AXIS2_PLACEMENT_3D('',#5641,#5642,#5643);
#5641 = CARTESIAN_POINT('',(28.,58.,8.85));
#5642 = DIRECTION('',(0.,0.,1.));
#5643 = DIRECTION('',(1.,0.,-0.));
#5644 = DEFINITIONAL_REPRESENTATION('',(#5645),#5648);
#5645 = B_SPLINE_CURVE_WITH_KNOTS('',1,(#5646,#5647),.UNSPECIFIED.,.F.,
  .F.,(2,2),(-5.999999999062E-07,0.3000006),.PIECEWISE_BEZIER_KNOTS.);
#5646 = CARTESIAN_POINT('',(4.285772297002,-5.999999999062E-07));
#5647 = CARTESIAN_POINT('',(4.285772297002,0.3000006));
#5648 = ( GEOMETRIC_REPRESENTATION_CONTEXT(2) 
PARAMETRIC_REPRESENTATION_CONTEXT() REPRESENTATION_CONTEXT('2D SPACE',''
  ) );
#5649 = ORIENTED_EDGE('',*,*,#5650,.F.);
#5650 = EDGE_CURVE('',#5187,#5625,#5651,.T.);
#5651 = SURFACE_CURVE('',#5652,(#5656,#5662),.PCURVE_S1.);
#5652 = LINE('',#5653,#5654);
#5653 = CARTESIAN_POINT('',(27.4,55.,8.85));
#5654 = VECTOR('',#5655,1.);
#5655 = DIRECTION('',(-0.,1.,0.));
#5656 = PCURVE('',#5228,#5657);
#5657 = DEFINITIONAL_REPRESENTATION('',(#5658),#5661);
#5658 = B_SPLINE_CURVE_WITH_KNOTS('',1,(#5659,#5660),.UNSPECIFIED.,.F.,
  .F.,(2,2),(1.25,4.75),.PIECEWISE_BEZIER_KNOTS.);
#5659 = CARTESIAN_POINT('',(9.85,-4.25));
#5660 = CARTESIAN_POINT('',(9.85,-7.75));
#5661 = ( GEOMETRIC_REPRESENTATION_CONTEXT(2) 
PARAMETRIC_REPRESENTATION_CONTEXT() REPRESENTATION_CONTEXT('2D SPACE',''
  ) );
#5662 = PCURVE('',#5203,#5663);
#5663 = DEFINITIONAL_REPRESENTATION('',(#5664),#5667);
#5664 = B_SPLINE_CURVE_WITH_KNOTS('',1,(#5665,#5666),.UNSPECIFIED.,.F.,
  .F.,(2,2),(1.25,4.75),.PIECEWISE_BEZIER_KNOTS.);
#5665 = CARTESIAN_POINT('',(-0.6,-1.75));
#5666 = CARTESIAN_POINT('',(-0.6,1.75));
#5667 = ( GEOMETRIC_REPRESENTATION_CONTEXT(2) 
PARAMETRIC_REPRESENTATION_CONTEXT() REPRESENTATION_CONTEXT('2D SPACE',''
  ) );
#5668 = ADVANCED_FACE('',(#5669),#5203,.T.);
#5669 = FACE_BOUND('',#5670,.T.);
#5670 = EDGE_LOOP('',(#5671,#5672,#5693,#5715));
#5671 = ORIENTED_EDGE('',*,*,#5186,.T.);
#5672 = ORIENTED_EDGE('',*,*,#5673,.T.);
#5673 = EDGE_CURVE('',#5161,#5674,#5676,.T.);
#5674 = VERTEX_POINT('',#5675);
#5675 = CARTESIAN_POINT('',(28.6,56.679962121756,8.85));
#5676 = SURFACE_CURVE('',#5677,(#5681,#5687),.PCURVE_S1.);
#5677 = LINE('',#5678,#5679);
#5678 = CARTESIAN_POINT('',(28.6,55.,8.85));
#5679 = VECTOR('',#5680,1.);
#5680 = DIRECTION('',(-0.,1.,0.));
#5681 = PCURVE('',#5203,#5682);
#5682 = DEFINITIONAL_REPRESENTATION('',(#5683),#5686);
#5683 = B_SPLINE_CURVE_WITH_KNOTS('',1,(#5684,#5685),.UNSPECIFIED.,.F.,
  .F.,(2,2),(1.25,4.75),.PIECEWISE_BEZIER_KNOTS.);
#5684 = CARTESIAN_POINT('',(0.6,-1.75));
#5685 = CARTESIAN_POINT('',(0.6,1.75));
#5686 = ( GEOMETRIC_REPRESENTATION_CONTEXT(2) 
PARAMETRIC_REPRESENTATION_CONTEXT() REPRESENTATION_CONTEXT('2D SPACE',''
  ) );
#5687 = PCURVE('',#5175,#5688);
#5688 = DEFINITIONAL_REPRESENTATION('',(#5689),#5692);
#5689 = B_SPLINE_CURVE_WITH_KNOTS('',1,(#5690,#5691),.UNSPECIFIED.,.F.,
  .F.,(2,2),(1.25,4.75),.PIECEWISE_BEZIER_KNOTS.);
#5690 = CARTESIAN_POINT('',(9.85,-4.25));
#5691 = CARTESIAN_POINT('',(9.85,-7.75));
#5692 = ( GEOMETRIC_REPRESENTATION_CONTEXT(2) 
PARAMETRIC_REPRESENTATION_CONTEXT() REPRESENTATION_CONTEXT('2D SPACE',''
  ) );
#5693 = ORIENTED_EDGE('',*,*,#5694,.F.);
#5694 = EDGE_CURVE('',#5625,#5674,#5695,.T.);
#5695 = SURFACE_CURVE('',#5696,(#5701,#5708),.PCURVE_S1.);
#5696 = CIRCLE('',#5697,1.45);
#5697 = AXIS2_PLACEMENT_3D('',#5698,#5699,#5700);
#5698 = CARTESIAN_POINT('',(28.,58.,8.85));
#5699 = DIRECTION('',(0.,0.,1.));
#5700 = DIRECTION('',(1.,0.,-0.));
#5701 = PCURVE('',#5203,#5702);
#5702 = DEFINITIONAL_REPRESENTATION('',(#5703),#5707);
#5703 = CIRCLE('',#5704,1.45);
#5704 = AXIS2_PLACEMENT_2D('',#5705,#5706);
#5705 = CARTESIAN_POINT('',(0.,0.));
#5706 = DIRECTION('',(1.,0.));
#5707 = ( GEOMETRIC_REPRESENTATION_CONTEXT(2) 
PARAMETRIC_REPRESENTATION_CONTEXT() REPRESENTATION_CONTEXT('2D SPACE',''
  ) );
#5708 = PCURVE('',#5639,#5709);
#5709 = DEFINITIONAL_REPRESENTATION('',(#5710),#5714);
#5710 = LINE('',#5711,#5712);
#5711 = CARTESIAN_POINT('',(0.,0.));
#5712 = VECTOR('',#5713,1.);
#5713 = DIRECTION('',(1.,0.));
#5714 = ( GEOMETRIC_REPRESENTATION_CONTEXT(2) 
PARAMETRIC_REPRESENTATION_CONTEXT() REPRESENTATION_CONTEXT('2D SPACE',''
  ) );
#5715 = ORIENTED_EDGE('',*,*,#5650,.F.);
#5716 = ADVANCED_FACE('',(#5717),#5175,.T.);
#5717 = FACE_BOUND('',#5718,.T.);
#5718 = EDGE_LOOP('',(#5719,#5720,#5721,#5742,#5763,#5784,#5805,#5826,
    #5847,#5868,#5889,#5910,#5931,#5952,#5973,#5992));
#5719 = ORIENTED_EDGE('',*,*,#5160,.F.);
#5720 = ORIENTED_EDGE('',*,*,#5243,.T.);
#5721 = ORIENTED_EDGE('',*,*,#5722,.F.);
#5722 = EDGE_CURVE('',#5723,#5244,#5725,.T.);
#5723 = VERTEX_POINT('',#5724);
#5724 = CARTESIAN_POINT('',(28.6,56.679962121756,7.85));
#5725 = SURFACE_CURVE('',#5726,(#5730,#5736),.PCURVE_S1.);
#5726 = LINE('',#5727,#5728);
#5727 = CARTESIAN_POINT('',(28.6,56.679962121756,7.85));
#5728 = VECTOR('',#5729,1.);
#5729 = DIRECTION('',(0.,0.,1.));
#5730 = PCURVE('',#5175,#5731);
#5731 = DEFINITIONAL_REPRESENTATION('',(#5732),#5735);
#5732 = B_SPLINE_CURVE_WITH_KNOTS('',1,(#5733,#5734),.UNSPECIFIED.,.F.,
  .F.,(2,2),(-5.999999999062E-07,0.3000006),.PIECEWISE_BEZIER_KNOTS.);
#5733 = CARTESIAN_POINT('',(8.8499994,-4.679962121756));
#5734 = CARTESIAN_POINT('',(9.1500006,-4.679962121756));
#5735 = ( GEOMETRIC_REPRESENTATION_CONTEXT(2) 
PARAMETRIC_REPRESENTATION_CONTEXT() REPRESENTATION_CONTEXT('2D SPACE',''
  ) );
#5736 = PCURVE('',#5281,#5737);
#5737 = DEFINITIONAL_REPRESENTATION('',(#5738),#5741);
#5738 = B_SPLINE_CURVE_WITH_KNOTS('',1,(#5739,#5740),.UNSPECIFIED.,.F.,
  .F.,(2,2),(-5.999999999062E-07,0.3000006),.PIECEWISE_BEZIER_KNOTS.);
#5739 = CARTESIAN_POINT('',(5.139005663767,-5.999999999062E-07));
#5740 = CARTESIAN_POINT('',(5.139005663767,0.3000006));
#5741 = ( GEOMETRIC_REPRESENTATION_CONTEXT(2) 
PARAMETRIC_REPRESENTATION_CONTEXT() REPRESENTATION_CONTEXT('2D SPACE',''
  ) );
#5742 = ORIENTED_EDGE('',*,*,#5743,.F.);
#5743 = EDGE_CURVE('',#5744,#5723,#5746,.T.);
#5744 = VERTEX_POINT('',#5745);
#5745 = CARTESIAN_POINT('',(28.6,56.356071777723,7.85));
#5746 = SURFACE_CURVE('',#5747,(#5751,#5757),.PCURVE_S1.);
#5747 = LINE('',#5748,#5749);
#5748 = CARTESIAN_POINT('',(28.6,55.,7.85));
#5749 = VECTOR('',#5750,1.);
#5750 = DIRECTION('',(-0.,1.,0.));
#5751 = PCURVE('',#5175,#5752);
#5752 = DEFINITIONAL_REPRESENTATION('',(#5753),#5756);
#5753 = B_SPLINE_CURVE_WITH_KNOTS('',1,(#5754,#5755),.UNSPECIFIED.,.F.,
  .F.,(2,2),(1.25,4.75),.PIECEWISE_BEZIER_KNOTS.);
#5754 = CARTESIAN_POINT('',(8.85,-4.25));
#5755 = CARTESIAN_POINT('',(8.85,-7.75));
#5756 = ( GEOMETRIC_REPRESENTATION_CONTEXT(2) 
PARAMETRIC_REPRESENTATION_CONTEXT() REPRESENTATION_CONTEXT('2D SPACE',''
  ) );
#5757 = PCURVE('',#5353,#5758);
#5758 = DEFINITIONAL_REPRESENTATION('',(#5759),#5762);
#5759 = B_SPLINE_CURVE_WITH_KNOTS('',1,(#5760,#5761),.UNSPECIFIED.,.F.,
  .F.,(2,2),(1.25,4.75),.PIECEWISE_BEZIER_KNOTS.);
#5760 = CARTESIAN_POINT('',(0.6,-1.75));
#5761 = CARTESIAN_POINT('',(0.6,1.75));
#5762 = ( GEOMETRIC_REPRESENTATION_CONTEXT(2) 
PARAMETRIC_REPRESENTATION_CONTEXT() REPRESENTATION_CONTEXT('2D SPACE',''
  ) );
#5763 = ORIENTED_EDGE('',*,*,#5764,.F.);
#5764 = EDGE_CURVE('',#5765,#5744,#5767,.T.);
#5765 = VERTEX_POINT('',#5766);
#5766 = CARTESIAN_POINT('',(28.6,56.356071777723,7.25));
#5767 = SURFACE_CURVE('',#5768,(#5772,#5778),.PCURVE_S1.);
#5768 = LINE('',#5769,#5770);
#5769 = CARTESIAN_POINT('',(28.6,56.356071777723,7.25));
#5770 = VECTOR('',#5771,1.);
#5771 = DIRECTION('',(0.,0.,1.));
#5772 = PCURVE('',#5175,#5773);
#5773 = DEFINITIONAL_REPRESENTATION('',(#5774),#5777);
#5774 = B_SPLINE_CURVE_WITH_KNOTS('',1,(#5775,#5776),.UNSPECIFIED.,.F.,
  .F.,(2,2),(-5.999999999062E-07,0.6000006),.PIECEWISE_BEZIER_KNOTS.);
#5775 = CARTESIAN_POINT('',(8.2499994,-4.356071777723));
#5776 = CARTESIAN_POINT('',(8.8500006,-4.356071777723));
#5777 = ( GEOMETRIC_REPRESENTATION_CONTEXT(2) 
PARAMETRIC_REPRESENTATION_CONTEXT() REPRESENTATION_CONTEXT('2D SPACE',''
  ) );
#5778 = PCURVE('',#5379,#5779);
#5779 = DEFINITIONAL_REPRESENTATION('',(#5780),#5783);
#5780 = B_SPLINE_CURVE_WITH_KNOTS('',1,(#5781,#5782),.UNSPECIFIED.,.F.,
  .F.,(2,2),(-5.999999999062E-07,0.6000006),.PIECEWISE_BEZIER_KNOTS.);
#5781 = CARTESIAN_POINT('',(5.062345691628,-5.999999999062E-07));
#5782 = CARTESIAN_POINT('',(5.062345691628,0.6000006));
#5783 = ( GEOMETRIC_REPRESENTATION_CONTEXT(2) 
PARAMETRIC_REPRESENTATION_CONTEXT() REPRESENTATION_CONTEXT('2D SPACE',''
  ) );
#5784 = ORIENTED_EDGE('',*,*,#5785,.T.);
#5785 = EDGE_CURVE('',#5765,#5786,#5788,.T.);
#5786 = VERTEX_POINT('',#5787);
#5787 = CARTESIAN_POINT('',(28.6,57.470849737787,7.25));
#5788 = SURFACE_CURVE('',#5789,(#5793,#5799),.PCURVE_S1.);
#5789 = LINE('',#5790,#5791);
#5790 = CARTESIAN_POINT('',(28.6,55.,7.25));
#5791 = VECTOR('',#5792,1.);
#5792 = DIRECTION('',(-0.,1.,0.));
#5793 = PCURVE('',#5175,#5794);
#5794 = DEFINITIONAL_REPRESENTATION('',(#5795),#5798);
#5795 = B_SPLINE_CURVE_WITH_KNOTS('',1,(#5796,#5797),.UNSPECIFIED.,.F.,
  .F.,(2,2),(1.25,4.75),.PIECEWISE_BEZIER_KNOTS.);
#5796 = CARTESIAN_POINT('',(8.25,-4.25));
#5797 = CARTESIAN_POINT('',(8.25,-7.75));
#5798 = ( GEOMETRIC_REPRESENTATION_CONTEXT(2) 
PARAMETRIC_REPRESENTATION_CONTEXT() REPRESENTATION_CONTEXT('2D SPACE',''
  ) );
#5799 = PCURVE('',#5405,#5800);
#5800 = DEFINITIONAL_REPRESENTATION('',(#5801),#5804);
#5801 = B_SPLINE_CURVE_WITH_KNOTS('',1,(#5802,#5803),.UNSPECIFIED.,.F.,
  .F.,(2,2),(1.25,4.75),.PIECEWISE_BEZIER_KNOTS.);
#5802 = CARTESIAN_POINT('',(0.6,-1.75));
#5803 = CARTESIAN_POINT('',(0.6,1.75));
#5804 = ( GEOMETRIC_REPRESENTATION_CONTEXT(2) 
PARAMETRIC_REPRESENTATION_CONTEXT() REPRESENTATION_CONTEXT('2D SPACE',''
  ) );
#5805 = ORIENTED_EDGE('',*,*,#5806,.T.);
#5806 = EDGE_CURVE('',#5786,#5807,#5809,.T.);
#5807 = VERTEX_POINT('',#5808);
#5808 = CARTESIAN_POINT('',(28.6,57.470849737787,11.25));
#5809 = SURFACE_CURVE('',#5810,(#5814,#5820),.PCURVE_S1.);
#5810 = LINE('',#5811,#5812);
#5811 = CARTESIAN_POINT('',(28.6,57.470849737787,7.25));
#5812 = VECTOR('',#5813,1.);
#5813 = DIRECTION('',(0.,0.,1.));
#5814 = PCURVE('',#5175,#5815);
#5815 = DEFINITIONAL_REPRESENTATION('',(#5816),#5819);
#5816 = B_SPLINE_CURVE_WITH_KNOTS('',1,(#5817,#5818),.UNSPECIFIED.,.F.,
  .F.,(2,2),(-5.999999999062E-07,4.0000006),.PIECEWISE_BEZIER_KNOTS.);
#5817 = CARTESIAN_POINT('',(8.2499994,-5.470849737787));
#5818 = CARTESIAN_POINT('',(12.2500006,-5.470849737787));
#5819 = ( GEOMETRIC_REPRESENTATION_CONTEXT(2) 
PARAMETRIC_REPRESENTATION_CONTEXT() REPRESENTATION_CONTEXT('2D SPACE',''
  ) );
#5820 = PCURVE('',#5431,#5821);
#5821 = DEFINITIONAL_REPRESENTATION('',(#5822),#5825);
#5822 = B_SPLINE_CURVE_WITH_KNOTS('',1,(#5823,#5824),.UNSPECIFIED.,.F.,
  .F.,(2,2),(-5.999999999062E-07,4.0000006),.PIECEWISE_BEZIER_KNOTS.);
#5823 = CARTESIAN_POINT('',(5.560451059366,-5.999999999062E-07));
#5824 = CARTESIAN_POINT('',(5.560451059366,4.0000006));
#5825 = ( GEOMETRIC_REPRESENTATION_CONTEXT(2) 
PARAMETRIC_REPRESENTATION_CONTEXT() REPRESENTATION_CONTEXT('2D SPACE',''
  ) );
#5826 = ORIENTED_EDGE('',*,*,#5827,.F.);
#5827 = EDGE_CURVE('',#5828,#5807,#5830,.T.);
#5828 = VERTEX_POINT('',#5829);
#5829 = CARTESIAN_POINT('',(28.6,56.356071777723,11.25));
#5830 = SURFACE_CURVE('',#5831,(#5835,#5841),.PCURVE_S1.);
#5831 = LINE('',#5832,#5833);
#5832 = CARTESIAN_POINT('',(28.6,55.,11.25));
#5833 = VECTOR('',#5834,1.);
#5834 = DIRECTION('',(-0.,1.,0.));
#5835 = PCURVE('',#5175,#5836);
#5836 = DEFINITIONAL_REPRESENTATION('',(#5837),#5840);
#5837 = B_SPLINE_CURVE_WITH_KNOTS('',1,(#5838,#5839),.UNSPECIFIED.,.F.,
  .F.,(2,2),(1.25,4.75),.PIECEWISE_BEZIER_KNOTS.);
#5838 = CARTESIAN_POINT('',(12.25,-4.25));
#5839 = CARTESIAN_POINT('',(12.25,-7.75));
#5840 = ( GEOMETRIC_REPRESENTATION_CONTEXT(2) 
PARAMETRIC_REPRESENTATION_CONTEXT() REPRESENTATION_CONTEXT('2D SPACE',''
  ) );
#5841 = PCURVE('',#5457,#5842);
#5842 = DEFINITIONAL_REPRESENTATION('',(#5843),#5846);
#5843 = B_SPLINE_CURVE_WITH_KNOTS('',1,(#5844,#5845),.UNSPECIFIED.,.F.,
  .F.,(2,2),(1.25,4.75),.PIECEWISE_BEZIER_KNOTS.);
#5844 = CARTESIAN_POINT('',(0.6,-1.75));
#5845 = CARTESIAN_POINT('',(0.6,1.75));
#5846 = ( GEOMETRIC_REPRESENTATION_CONTEXT(2) 
PARAMETRIC_REPRESENTATION_CONTEXT() REPRESENTATION_CONTEXT('2D SPACE',''
  ) );
#5847 = ORIENTED_EDGE('',*,*,#5848,.F.);
#5848 = EDGE_CURVE('',#5849,#5828,#5851,.T.);
#5849 = VERTEX_POINT('',#5850);
#5850 = CARTESIAN_POINT('',(28.6,56.356071777723,10.15));
#5851 = SURFACE_CURVE('',#5852,(#5856,#5862),.PCURVE_S1.);
#5852 = LINE('',#5853,#5854);
#5853 = CARTESIAN_POINT('',(28.6,56.356071777723,7.25));
#5854 = VECTOR('',#5855,1.);
#5855 = DIRECTION('',(0.,0.,1.));
#5856 = PCURVE('',#5175,#5857);
#5857 = DEFINITIONAL_REPRESENTATION('',(#5858),#5861);
#5858 = B_SPLINE_CURVE_WITH_KNOTS('',1,(#5859,#5860),.UNSPECIFIED.,.F.,
  .F.,(2,2),(2.8999994,4.0000006),.PIECEWISE_BEZIER_KNOTS.);
#5859 = CARTESIAN_POINT('',(11.1499994,-4.356071777723));
#5860 = CARTESIAN_POINT('',(12.2500006,-4.356071777723));
#5861 = ( GEOMETRIC_REPRESENTATION_CONTEXT(2) 
PARAMETRIC_REPRESENTATION_CONTEXT() REPRESENTATION_CONTEXT('2D SPACE',''
  ) );
#5862 = PCURVE('',#5483,#5863);
#5863 = DEFINITIONAL_REPRESENTATION('',(#5864),#5867);
#5864 = B_SPLINE_CURVE_WITH_KNOTS('',1,(#5865,#5866),.UNSPECIFIED.,.F.,
  .F.,(2,2),(2.8999994,4.0000006),.PIECEWISE_BEZIER_KNOTS.);
#5865 = CARTESIAN_POINT('',(5.062345691628,2.8999994));
#5866 = CARTESIAN_POINT('',(5.062345691628,4.0000006));
#5867 = ( GEOMETRIC_REPRESENTATION_CONTEXT(2) 
PARAMETRIC_REPRESENTATION_CONTEXT() REPRESENTATION_CONTEXT('2D SPACE',''
  ) );
#5868 = ORIENTED_EDGE('',*,*,#5869,.T.);
#5869 = EDGE_CURVE('',#5849,#5870,#5872,.T.);
#5870 = VERTEX_POINT('',#5871);
#5871 = CARTESIAN_POINT('',(28.6,56.679962121756,10.15));
#5872 = SURFACE_CURVE('',#5873,(#5877,#5883),.PCURVE_S1.);
#5873 = LINE('',#5874,#5875);
#5874 = CARTESIAN_POINT('',(28.6,55.,10.15));
#5875 = VECTOR('',#5876,1.);
#5876 = DIRECTION('',(-0.,1.,0.));
#5877 = PCURVE('',#5175,#5878);
#5878 = DEFINITIONAL_REPRESENTATION('',(#5879),#5882);
#5879 = B_SPLINE_CURVE_WITH_KNOTS('',1,(#5880,#5881),.UNSPECIFIED.,.F.,
  .F.,(2,2),(1.25,4.75),.PIECEWISE_BEZIER_KNOTS.);
#5880 = CARTESIAN_POINT('',(11.15,-4.25));
#5881 = CARTESIAN_POINT('',(11.15,-7.75));
#5882 = ( GEOMETRIC_REPRESENTATION_CONTEXT(2) 
PARAMETRIC_REPRESENTATION_CONTEXT() REPRESENTATION_CONTEXT('2D SPACE',''
  ) );
#5883 = PCURVE('',#5509,#5884);
#5884 = DEFINITIONAL_REPRESENTATION('',(#5885),#5888);
#5885 = B_SPLINE_CURVE_WITH_KNOTS('',1,(#5886,#5887),.UNSPECIFIED.,.F.,
  .F.,(2,2),(1.25,4.75),.PIECEWISE_BEZIER_KNOTS.);
#5886 = CARTESIAN_POINT('',(0.6,-1.75));
#5887 = CARTESIAN_POINT('',(0.6,1.75));
#5888 = ( GEOMETRIC_REPRESENTATION_CONTEXT(2) 
PARAMETRIC_REPRESENTATION_CONTEXT() REPRESENTATION_CONTEXT('2D SPACE',''
  ) );
#5889 = ORIENTED_EDGE('',*,*,#5890,.F.);
#5890 = EDGE_CURVE('',#5891,#5870,#5893,.T.);
#5891 = VERTEX_POINT('',#5892);
#5892 = CARTESIAN_POINT('',(28.6,56.679962121756,9.85));
#5893 = SURFACE_CURVE('',#5894,(#5898,#5904),.PCURVE_S1.);
#5894 = LINE('',#5895,#5896);
#5895 = CARTESIAN_POINT('',(28.6,56.679962121756,9.85));
#5896 = VECTOR('',#5897,1.);
#5897 = DIRECTION('',(0.,0.,1.));
#5898 = PCURVE('',#5175,#5899);
#5899 = DEFINITIONAL_REPRESENTATION('',(#5900),#5903);
#5900 = B_SPLINE_CURVE_WITH_KNOTS('',1,(#5901,#5902),.UNSPECIFIED.,.F.,
  .F.,(2,2),(-5.999999999062E-07,0.3000006),.PIECEWISE_BEZIER_KNOTS.);
#5901 = CARTESIAN_POINT('',(10.8499994,-4.679962121756));
#5902 = CARTESIAN_POINT('',(11.1500006,-4.679962121756));
#5903 = ( GEOMETRIC_REPRESENTATION_CONTEXT(2) 
PARAMETRIC_REPRESENTATION_CONTEXT() REPRESENTATION_CONTEXT('2D SPACE',''
  ) );
#5904 = PCURVE('',#5535,#5905);
#5905 = DEFINITIONAL_REPRESENTATION('',(#5906),#5909);
#5906 = B_SPLINE_CURVE_WITH_KNOTS('',1,(#5907,#5908),.UNSPECIFIED.,.F.,
  .F.,(2,2),(-5.999999999062E-07,0.3000006),.PIECEWISE_BEZIER_KNOTS.);
#5907 = CARTESIAN_POINT('',(5.139005663767,-5.999999999062E-07));
#5908 = CARTESIAN_POINT('',(5.139005663767,0.3000006));
#5909 = ( GEOMETRIC_REPRESENTATION_CONTEXT(2) 
PARAMETRIC_REPRESENTATION_CONTEXT() REPRESENTATION_CONTEXT('2D SPACE',''
  ) );
#5910 = ORIENTED_EDGE('',*,*,#5911,.F.);
#5911 = EDGE_CURVE('',#5912,#5891,#5914,.T.);
#5912 = VERTEX_POINT('',#5913);
#5913 = CARTESIAN_POINT('',(28.6,56.356071777723,9.85));
#5914 = SURFACE_CURVE('',#5915,(#5919,#5925),.PCURVE_S1.);
#5915 = LINE('',#5916,#5917);
#5916 = CARTESIAN_POINT('',(28.6,55.,9.85));
#5917 = VECTOR('',#5918,1.);
#5918 = DIRECTION('',(-0.,1.,0.));
#5919 = PCURVE('',#5175,#5920);
#5920 = DEFINITIONAL_REPRESENTATION('',(#5921),#5924);
#5921 = B_SPLINE_CURVE_WITH_KNOTS('',1,(#5922,#5923),.UNSPECIFIED.,.F.,
  .F.,(2,2),(1.25,4.75),.PIECEWISE_BEZIER_KNOTS.);
#5922 = CARTESIAN_POINT('',(10.85,-4.25));
#5923 = CARTESIAN_POINT('',(10.85,-7.75));
#5924 = ( GEOMETRIC_REPRESENTATION_CONTEXT(2) 
PARAMETRIC_REPRESENTATION_CONTEXT() REPRESENTATION_CONTEXT('2D SPACE',''
  ) );
#5925 = PCURVE('',#5561,#5926);
#5926 = DEFINITIONAL_REPRESENTATION('',(#5927),#5930);
#5927 = B_SPLINE_CURVE_WITH_KNOTS('',1,(#5928,#5929),.UNSPECIFIED.,.F.,
  .F.,(2,2),(1.25,4.75),.PIECEWISE_BEZIER_KNOTS.);
#5928 = CARTESIAN_POINT('',(0.6,-1.75));
#5929 = CARTESIAN_POINT('',(0.6,1.75));
#5930 = ( GEOMETRIC_REPRESENTATION_CONTEXT(2) 
PARAMETRIC_REPRESENTATION_CONTEXT() REPRESENTATION_CONTEXT('2D SPACE',''
  ) );
#5931 = ORIENTED_EDGE('',*,*,#5932,.F.);
#5932 = EDGE_CURVE('',#5933,#5912,#5935,.T.);
#5933 = VERTEX_POINT('',#5934);
#5934 = CARTESIAN_POINT('',(28.6,56.356071777723,9.15));
#5935 = SURFACE_CURVE('',#5936,(#5940,#5946),.PCURVE_S1.);
#5936 = LINE('',#5937,#5938);
#5937 = CARTESIAN_POINT('',(28.6,56.356071777723,7.25));
#5938 = VECTOR('',#5939,1.);
#5939 = DIRECTION('',(0.,0.,1.));
#5940 = PCURVE('',#5175,#5941);
#5941 = DEFINITIONAL_REPRESENTATION('',(#5942),#5945);
#5942 = B_SPLINE_CURVE_WITH_KNOTS('',1,(#5943,#5944),.UNSPECIFIED.,.F.,
  .F.,(2,2),(1.8999994,2.6000006),.PIECEWISE_BEZIER_KNOTS.);
#5943 = CARTESIAN_POINT('',(10.1499994,-4.356071777723));
#5944 = CARTESIAN_POINT('',(10.8500006,-4.356071777723));
#5945 = ( GEOMETRIC_REPRESENTATION_CONTEXT(2) 
PARAMETRIC_REPRESENTATION_CONTEXT() REPRESENTATION_CONTEXT('2D SPACE',''
  ) );
#5946 = PCURVE('',#5587,#5947);
#5947 = DEFINITIONAL_REPRESENTATION('',(#5948),#5951);
#5948 = B_SPLINE_CURVE_WITH_KNOTS('',1,(#5949,#5950),.UNSPECIFIED.,.F.,
  .F.,(2,2),(1.8999994,2.6000006),.PIECEWISE_BEZIER_KNOTS.);
#5949 = CARTESIAN_POINT('',(5.062345691628,1.8999994));
#5950 = CARTESIAN_POINT('',(5.062345691628,2.6000006));
#5951 = ( GEOMETRIC_REPRESENTATION_CONTEXT(2) 
PARAMETRIC_REPRESENTATION_CONTEXT() REPRESENTATION_CONTEXT('2D SPACE',''
  ) );
#5952 = ORIENTED_EDGE('',*,*,#5953,.T.);
#5953 = EDGE_CURVE('',#5933,#5954,#5956,.T.);
#5954 = VERTEX_POINT('',#5955);
#5955 = CARTESIAN_POINT('',(28.6,56.679962121756,9.15));
#5956 = SURFACE_CURVE('',#5957,(#5961,#5967),.PCURVE_S1.);
#5957 = LINE('',#5958,#5959);
#5958 = CARTESIAN_POINT('',(28.6,55.,9.15));
#5959 = VECTOR('',#5960,1.);
#5960 = DIRECTION('',(-0.,1.,0.));
#5961 = PCURVE('',#5175,#5962);
#5962 = DEFINITIONAL_REPRESENTATION('',(#5963),#5966);
#5963 = B_SPLINE_CURVE_WITH_KNOTS('',1,(#5964,#5965),.UNSPECIFIED.,.F.,
  .F.,(2,2),(1.25,4.75),.PIECEWISE_BEZIER_KNOTS.);
#5964 = CARTESIAN_POINT('',(10.15,-4.25));
#5965 = CARTESIAN_POINT('',(10.15,-7.75));
#5966 = ( GEOMETRIC_REPRESENTATION_CONTEXT(2) 
PARAMETRIC_REPRESENTATION_CONTEXT() REPRESENTATION_CONTEXT('2D SPACE',''
  ) );
#5967 = PCURVE('',#5613,#5968);
#5968 = DEFINITIONAL_REPRESENTATION('',(#5969),#5972);
#5969 = B_SPLINE_CURVE_WITH_KNOTS('',1,(#5970,#5971),.UNSPECIFIED.,.F.,
  .F.,(2,2),(1.25,4.75),.PIECEWISE_BEZIER_KNOTS.);
#5970 = CARTESIAN_POINT('',(0.6,-1.75));
#5971 = CARTESIAN_POINT('',(0.6,1.75));
#5972 = ( GEOMETRIC_REPRESENTATION_CONTEXT(2) 
PARAMETRIC_REPRESENTATION_CONTEXT() REPRESENTATION_CONTEXT('2D SPACE',''
  ) );
#5973 = ORIENTED_EDGE('',*,*,#5974,.F.);
#5974 = EDGE_CURVE('',#5674,#5954,#5975,.T.);
#5975 = SURFACE_CURVE('',#5976,(#5980,#5986),.PCURVE_S1.);
#5976 = LINE('',#5977,#5978);
#5977 = CARTESIAN_POINT('',(28.6,56.679962121756,8.85));
#5978 = VECTOR('',#5979,1.);
#5979 = DIRECTION('',(0.,0.,1.));
#5980 = PCURVE('',#5175,#5981);
#5981 = DEFINITIONAL_REPRESENTATION('',(#5982),#5985);
#5982 = B_SPLINE_CURVE_WITH_KNOTS('',1,(#5983,#5984),.UNSPECIFIED.,.F.,
  .F.,(2,2),(-5.999999999062E-07,0.3000006),.PIECEWISE_BEZIER_KNOTS.);
#5983 = CARTESIAN_POINT('',(9.8499994,-4.679962121756));
#5984 = CARTESIAN_POINT('',(10.1500006,-4.679962121756));
#5985 = ( GEOMETRIC_REPRESENTATION_CONTEXT(2) 
PARAMETRIC_REPRESENTATION_CONTEXT() REPRESENTATION_CONTEXT('2D SPACE',''
  ) );
#5986 = PCURVE('',#5639,#5987);
#5987 = DEFINITIONAL_REPRESENTATION('',(#5988),#5991);
#5988 = B_SPLINE_CURVE_WITH_KNOTS('',1,(#5989,#5990),.UNSPECIFIED.,.F.,
  .F.,(2,2),(-5.999999999062E-07,0.3000006),.PIECEWISE_BEZIER_KNOTS.);
#5989 = CARTESIAN_POINT('',(5.139005663767,-5.999999999062E-07));
#5990 = CARTESIAN_POINT('',(5.139005663767,0.3000006));
#5991 = ( GEOMETRIC_REPRESENTATION_CONTEXT(2) 
PARAMETRIC_REPRESENTATION_CONTEXT() REPRESENTATION_CONTEXT('2D SPACE',''
  ) );
#5992 = ORIENTED_EDGE('',*,*,#5673,.F.);
#5993 = ADVANCED_FACE('',(#5994),#5281,.T.);
#5994 = FACE_BOUND('',#5995,.T.);
#5995 = EDGE_LOOP('',(#5996,#5997,#5998,#5999));
#5996 = ORIENTED_EDGE('',*,*,#5722,.T.);
#5997 = ORIENTED_EDGE('',*,*,#5264,.F.);
#5998 = ORIENTED_EDGE('',*,*,#5317,.F.);
#5999 = ORIENTED_EDGE('',*,*,#6000,.T.);
#6000 = EDGE_CURVE('',#5318,#5723,#6001,.T.);
#6001 = SURFACE_CURVE('',#6002,(#6007,#6014),.PCURVE_S1.);
#6002 = CIRCLE('',#6003,1.45);
#6003 = AXIS2_PLACEMENT_3D('',#6004,#6005,#6006);
#6004 = CARTESIAN_POINT('',(28.,58.,7.85));
#6005 = DIRECTION('',(0.,0.,1.));
#6006 = DIRECTION('',(1.,0.,-0.));
#6007 = PCURVE('',#5281,#6008);
#6008 = DEFINITIONAL_REPRESENTATION('',(#6009),#6013);
#6009 = LINE('',#6010,#6011);
#6010 = CARTESIAN_POINT('',(0.,0.));
#6011 = VECTOR('',#6012,1.);
#6012 = DIRECTION('',(1.,0.));
#6013 = ( GEOMETRIC_REPRESENTATION_CONTEXT(2) 
PARAMETRIC_REPRESENTATION_CONTEXT() REPRESENTATION_CONTEXT('2D SPACE',''
  ) );
#6014 = PCURVE('',#5353,#6015);
#6015 = DEFINITIONAL_REPRESENTATION('',(#6016),#6020);
#6016 = CIRCLE('',#6017,1.45);
#6017 = AXIS2_PLACEMENT_2D('',#6018,#6019);
#6018 = CARTESIAN_POINT('',(0.,0.));
#6019 = DIRECTION('',(1.,0.));
#6020 = ( GEOMETRIC_REPRESENTATION_CONTEXT(2) 
PARAMETRIC_REPRESENTATION_CONTEXT() REPRESENTATION_CONTEXT('2D SPACE',''
  ) );
#6021 = ADVANCED_FACE('',(#6022),#5639,.T.);
#6022 = FACE_BOUND('',#6023,.T.);
#6023 = EDGE_LOOP('',(#6024,#6025,#6047,#6048));
#6024 = ORIENTED_EDGE('',*,*,#5974,.T.);
#6025 = ORIENTED_EDGE('',*,*,#6026,.F.);
#6026 = EDGE_CURVE('',#5599,#5954,#6027,.T.);
#6027 = SURFACE_CURVE('',#6028,(#6033,#6040),.PCURVE_S1.);
#6028 = CIRCLE('',#6029,1.45);
#6029 = AXIS2_PLACEMENT_3D('',#6030,#6031,#6032);
#6030 = CARTESIAN_POINT('',(28.,58.,9.15));
#6031 = DIRECTION('',(0.,0.,1.));
#6032 = DIRECTION('',(1.,0.,-0.));
#6033 = PCURVE('',#5639,#6034);
#6034 = DEFINITIONAL_REPRESENTATION('',(#6035),#6039);
#6035 = LINE('',#6036,#6037);
#6036 = CARTESIAN_POINT('',(0.,0.3));
#6037 = VECTOR('',#6038,1.);
#6038 = DIRECTION('',(1.,0.));
#6039 = ( GEOMETRIC_REPRESENTATION_CONTEXT(2) 
PARAMETRIC_REPRESENTATION_CONTEXT() REPRESENTATION_CONTEXT('2D SPACE',''
  ) );
#6040 = PCURVE('',#5613,#6041);
#6041 = DEFINITIONAL_REPRESENTATION('',(#6042),#6046);
#6042 = CIRCLE('',#6043,1.45);
#6043 = AXIS2_PLACEMENT_2D('',#6044,#6045);
#6044 = CARTESIAN_POINT('',(0.,0.));
#6045 = DIRECTION('',(1.,0.));
#6046 = ( GEOMETRIC_REPRESENTATION_CONTEXT(2) 
PARAMETRIC_REPRESENTATION_CONTEXT() REPRESENTATION_CONTEXT('2D SPACE',''
  ) );
#6047 = ORIENTED_EDGE('',*,*,#5624,.F.);
#6048 = ORIENTED_EDGE('',*,*,#5694,.T.);
#6049 = ADVANCED_FACE('',(#6050),#5613,.F.);
#6050 = FACE_BOUND('',#6051,.F.);
#6051 = EDGE_LOOP('',(#6052,#6074,#6075,#6076));
#6052 = ORIENTED_EDGE('',*,*,#6053,.T.);
#6053 = EDGE_CURVE('',#5573,#5933,#6054,.T.);
#6054 = SURFACE_CURVE('',#6055,(#6060,#6067),.PCURVE_S1.);
#6055 = CIRCLE('',#6056,1.75);
#6056 = AXIS2_PLACEMENT_3D('',#6057,#6058,#6059);
#6057 = CARTESIAN_POINT('',(28.,58.,9.15));
#6058 = DIRECTION('',(0.,0.,1.));
#6059 = DIRECTION('',(1.,0.,-0.));
#6060 = PCURVE('',#5613,#6061);
#6061 = DEFINITIONAL_REPRESENTATION('',(#6062),#6066);
#6062 = CIRCLE('',#6063,1.75);
#6063 = AXIS2_PLACEMENT_2D('',#6064,#6065);
#6064 = CARTESIAN_POINT('',(0.,0.));
#6065 = DIRECTION('',(1.,0.));
#6066 = ( GEOMETRIC_REPRESENTATION_CONTEXT(2) 
PARAMETRIC_REPRESENTATION_CONTEXT() REPRESENTATION_CONTEXT('2D SPACE',''
  ) );
#6067 = PCURVE('',#5587,#6068);
#6068 = DEFINITIONAL_REPRESENTATION('',(#6069),#6073);
#6069 = LINE('',#6070,#6071);
#6070 = CARTESIAN_POINT('',(0.,1.9));
#6071 = VECTOR('',#6072,1.);
#6072 = DIRECTION('',(1.,0.));
#6073 = ( GEOMETRIC_REPRESENTATION_CONTEXT(2) 
PARAMETRIC_REPRESENTATION_CONTEXT() REPRESENTATION_CONTEXT('2D SPACE',''
  ) );
#6074 = ORIENTED_EDGE('',*,*,#5953,.T.);
#6075 = ORIENTED_EDGE('',*,*,#6026,.F.);
#6076 = ORIENTED_EDGE('',*,*,#5598,.F.);
#6077 = ADVANCED_FACE('',(#6078),#5587,.T.);
#6078 = FACE_BOUND('',#6079,.T.);
#6079 = EDGE_LOOP('',(#6080,#6081,#6082,#6104));
#6080 = ORIENTED_EDGE('',*,*,#6053,.T.);
#6081 = ORIENTED_EDGE('',*,*,#5932,.T.);
#6082 = ORIENTED_EDGE('',*,*,#6083,.F.);
#6083 = EDGE_CURVE('',#5547,#5912,#6084,.T.);
#6084 = SURFACE_CURVE('',#6085,(#6090,#6097),.PCURVE_S1.);
#6085 = CIRCLE('',#6086,1.75);
#6086 = AXIS2_PLACEMENT_3D('',#6087,#6088,#6089);
#6087 = CARTESIAN_POINT('',(28.,58.,9.85));
#6088 = DIRECTION('',(0.,0.,1.));
#6089 = DIRECTION('',(1.,0.,-0.));
#6090 = PCURVE('',#5587,#6091);
#6091 = DEFINITIONAL_REPRESENTATION('',(#6092),#6096);
#6092 = LINE('',#6093,#6094);
#6093 = CARTESIAN_POINT('',(0.,2.6));
#6094 = VECTOR('',#6095,1.);
#6095 = DIRECTION('',(1.,0.));
#6096 = ( GEOMETRIC_REPRESENTATION_CONTEXT(2) 
PARAMETRIC_REPRESENTATION_CONTEXT() REPRESENTATION_CONTEXT('2D SPACE',''
  ) );
#6097 = PCURVE('',#5561,#6098);
#6098 = DEFINITIONAL_REPRESENTATION('',(#6099),#6103);
#6099 = CIRCLE('',#6100,1.75);
#6100 = AXIS2_PLACEMENT_2D('',#6101,#6102);
#6101 = CARTESIAN_POINT('',(0.,0.));
#6102 = DIRECTION('',(1.,0.));
#6103 = ( GEOMETRIC_REPRESENTATION_CONTEXT(2) 
PARAMETRIC_REPRESENTATION_CONTEXT() REPRESENTATION_CONTEXT('2D SPACE',''
  ) );
#6104 = ORIENTED_EDGE('',*,*,#5572,.F.);
#6105 = ADVANCED_FACE('',(#6106),#5561,.T.);
#6106 = FACE_BOUND('',#6107,.T.);
#6107 = EDGE_LOOP('',(#6108,#6109,#6110,#6132));
#6108 = ORIENTED_EDGE('',*,*,#6083,.T.);
#6109 = ORIENTED_EDGE('',*,*,#5911,.T.);
#6110 = ORIENTED_EDGE('',*,*,#6111,.F.);
#6111 = EDGE_CURVE('',#5521,#5891,#6112,.T.);
#6112 = SURFACE_CURVE('',#6113,(#6118,#6125),.PCURVE_S1.);
#6113 = CIRCLE('',#6114,1.45);
#6114 = AXIS2_PLACEMENT_3D('',#6115,#6116,#6117);
#6115 = CARTESIAN_POINT('',(28.,58.,9.85));
#6116 = DIRECTION('',(0.,0.,1.));
#6117 = DIRECTION('',(1.,0.,-0.));
#6118 = PCURVE('',#5561,#6119);
#6119 = DEFINITIONAL_REPRESENTATION('',(#6120),#6124);
#6120 = CIRCLE('',#6121,1.45);
#6121 = AXIS2_PLACEMENT_2D('',#6122,#6123);
#6122 = CARTESIAN_POINT('',(0.,0.));
#6123 = DIRECTION('',(1.,0.));
#6124 = ( GEOMETRIC_REPRESENTATION_CONTEXT(2) 
PARAMETRIC_REPRESENTATION_CONTEXT() REPRESENTATION_CONTEXT('2D SPACE',''
  ) );
#6125 = PCURVE('',#5535,#6126);
#6126 = DEFINITIONAL_REPRESENTATION('',(#6127),#6131);
#6127 = LINE('',#6128,#6129);
#6128 = CARTESIAN_POINT('',(0.,0.));
#6129 = VECTOR('',#6130,1.);
#6130 = DIRECTION('',(1.,0.));
#6131 = ( GEOMETRIC_REPRESENTATION_CONTEXT(2) 
PARAMETRIC_REPRESENTATION_CONTEXT() REPRESENTATION_CONTEXT('2D SPACE',''
  ) );
#6132 = ORIENTED_EDGE('',*,*,#5546,.F.);
#6133 = ADVANCED_FACE('',(#6134),#5535,.T.);
#6134 = FACE_BOUND('',#6135,.T.);
#6135 = EDGE_LOOP('',(#6136,#6137,#6159,#6160));
#6136 = ORIENTED_EDGE('',*,*,#5890,.T.);
#6137 = ORIENTED_EDGE('',*,*,#6138,.F.);
#6138 = EDGE_CURVE('',#5495,#5870,#6139,.T.);
#6139 = SURFACE_CURVE('',#6140,(#6145,#6152),.PCURVE_S1.);
#6140 = CIRCLE('',#6141,1.45);
#6141 = AXIS2_PLACEMENT_3D('',#6142,#6143,#6144);
#6142 = CARTESIAN_POINT('',(28.,58.,10.15));
#6143 = DIRECTION('',(0.,0.,1.));
#6144 = DIRECTION('',(1.,0.,-0.));
#6145 = PCURVE('',#5535,#6146);
#6146 = DEFINITIONAL_REPRESENTATION('',(#6147),#6151);
#6147 = LINE('',#6148,#6149);
#6148 = CARTESIAN_POINT('',(0.,0.3));
#6149 = VECTOR('',#6150,1.);
#6150 = DIRECTION('',(1.,0.));
#6151 = ( GEOMETRIC_REPRESENTATION_CONTEXT(2) 
PARAMETRIC_REPRESENTATION_CONTEXT() REPRESENTATION_CONTEXT('2D SPACE',''
  ) );
#6152 = PCURVE('',#5509,#6153);
#6153 = DEFINITIONAL_REPRESENTATION('',(#6154),#6158);
#6154 = CIRCLE('',#6155,1.45);
#6155 = AXIS2_PLACEMENT_2D('',#6156,#6157);
#6156 = CARTESIAN_POINT('',(0.,0.));
#6157 = DIRECTION('',(1.,0.));
#6158 = ( GEOMETRIC_REPRESENTATION_CONTEXT(2) 
PARAMETRIC_REPRESENTATION_CONTEXT() REPRESENTATION_CONTEXT('2D SPACE',''
  ) );
#6159 = ORIENTED_EDGE('',*,*,#5520,.F.);
#6160 = ORIENTED_EDGE('',*,*,#6111,.T.);
#6161 = ADVANCED_FACE('',(#6162),#5509,.F.);
#6162 = FACE_BOUND('',#6163,.F.);
#6163 = EDGE_LOOP('',(#6164,#6186,#6187,#6188));
#6164 = ORIENTED_EDGE('',*,*,#6165,.T.);
#6165 = EDGE_CURVE('',#5469,#5849,#6166,.T.);
#6166 = SURFACE_CURVE('',#6167,(#6172,#6179),.PCURVE_S1.);
#6167 = CIRCLE('',#6168,1.75);
#6168 = AXIS2_PLACEMENT_3D('',#6169,#6170,#6171);
#6169 = CARTESIAN_POINT('',(28.,58.,10.15));
#6170 = DIRECTION('',(0.,0.,1.));
#6171 = DIRECTION('',(1.,0.,-0.));
#6172 = PCURVE('',#5509,#6173);
#6173 = DEFINITIONAL_REPRESENTATION('',(#6174),#6178);
#6174 = CIRCLE('',#6175,1.75);
#6175 = AXIS2_PLACEMENT_2D('',#6176,#6177);
#6176 = CARTESIAN_POINT('',(0.,0.));
#6177 = DIRECTION('',(1.,0.));
#6178 = ( GEOMETRIC_REPRESENTATION_CONTEXT(2) 
PARAMETRIC_REPRESENTATION_CONTEXT() REPRESENTATION_CONTEXT('2D SPACE',''
  ) );
#6179 = PCURVE('',#5483,#6180);
#6180 = DEFINITIONAL_REPRESENTATION('',(#6181),#6185);
#6181 = LINE('',#6182,#6183);
#6182 = CARTESIAN_POINT('',(0.,2.9));
#6183 = VECTOR('',#6184,1.);
#6184 = DIRECTION('',(1.,0.));
#6185 = ( GEOMETRIC_REPRESENTATION_CONTEXT(2) 
PARAMETRIC_REPRESENTATION_CONTEXT() REPRESENTATION_CONTEXT('2D SPACE',''
  ) );
#6186 = ORIENTED_EDGE('',*,*,#5869,.T.);
#6187 = ORIENTED_EDGE('',*,*,#6138,.F.);
#6188 = ORIENTED_EDGE('',*,*,#5494,.F.);
#6189 = ADVANCED_FACE('',(#6190),#5483,.T.);
#6190 = FACE_BOUND('',#6191,.T.);
#6191 = EDGE_LOOP('',(#6192,#6193,#6194,#6216));
#6192 = ORIENTED_EDGE('',*,*,#6165,.T.);
#6193 = ORIENTED_EDGE('',*,*,#5848,.T.);
#6194 = ORIENTED_EDGE('',*,*,#6195,.F.);
#6195 = EDGE_CURVE('',#5443,#5828,#6196,.T.);
#6196 = SURFACE_CURVE('',#6197,(#6202,#6209),.PCURVE_S1.);
#6197 = CIRCLE('',#6198,1.75);
#6198 = AXIS2_PLACEMENT_3D('',#6199,#6200,#6201);
#6199 = CARTESIAN_POINT('',(28.,58.,11.25));
#6200 = DIRECTION('',(0.,0.,1.));
#6201 = DIRECTION('',(1.,0.,-0.));
#6202 = PCURVE('',#5483,#6203);
#6203 = DEFINITIONAL_REPRESENTATION('',(#6204),#6208);
#6204 = LINE('',#6205,#6206);
#6205 = CARTESIAN_POINT('',(0.,4.));
#6206 = VECTOR('',#6207,1.);
#6207 = DIRECTION('',(1.,0.));
#6208 = ( GEOMETRIC_REPRESENTATION_CONTEXT(2) 
PARAMETRIC_REPRESENTATION_CONTEXT() REPRESENTATION_CONTEXT('2D SPACE',''
  ) );
#6209 = PCURVE('',#5457,#6210);
#6210 = DEFINITIONAL_REPRESENTATION('',(#6211),#6215);
#6211 = CIRCLE('',#6212,1.75);
#6212 = AXIS2_PLACEMENT_2D('',#6213,#6214);
#6213 = CARTESIAN_POINT('',(0.,0.));
#6214 = DIRECTION('',(1.,0.));
#6215 = ( GEOMETRIC_REPRESENTATION_CONTEXT(2) 
PARAMETRIC_REPRESENTATION_CONTEXT() REPRESENTATION_CONTEXT('2D SPACE',''
  ) );
#6216 = ORIENTED_EDGE('',*,*,#5468,.F.);
#6217 = ADVANCED_FACE('',(#6218),#5457,.T.);
#6218 = FACE_BOUND('',#6219,.T.);
#6219 = EDGE_LOOP('',(#6220,#6221,#6222,#6244));
#6220 = ORIENTED_EDGE('',*,*,#6195,.T.);
#6221 = ORIENTED_EDGE('',*,*,#5827,.T.);
#6222 = ORIENTED_EDGE('',*,*,#6223,.F.);
#6223 = EDGE_CURVE('',#5417,#5807,#6224,.T.);
#6224 = SURFACE_CURVE('',#6225,(#6230,#6237),.PCURVE_S1.);
#6225 = CIRCLE('',#6226,0.8);
#6226 = AXIS2_PLACEMENT_3D('',#6227,#6228,#6229);
#6227 = CARTESIAN_POINT('',(28.,58.,11.25));
#6228 = DIRECTION('',(0.,0.,1.));
#6229 = DIRECTION('',(1.,0.,-0.));
#6230 = PCURVE('',#5457,#6231);
#6231 = DEFINITIONAL_REPRESENTATION('',(#6232),#6236);
#6232 = CIRCLE('',#6233,0.8);
#6233 = AXIS2_PLACEMENT_2D('',#6234,#6235);
#6234 = CARTESIAN_POINT('',(0.,0.));
#6235 = DIRECTION('',(1.,0.));
#6236 = ( GEOMETRIC_REPRESENTATION_CONTEXT(2) 
PARAMETRIC_REPRESENTATION_CONTEXT() REPRESENTATION_CONTEXT('2D SPACE',''
  ) );
#6237 = PCURVE('',#5431,#6238);
#6238 = DEFINITIONAL_REPRESENTATION('',(#6239),#6243);
#6239 = LINE('',#6240,#6241);
#6240 = CARTESIAN_POINT('',(0.,4.));
#6241 = VECTOR('',#6242,1.);
#6242 = DIRECTION('',(1.,0.));
#6243 = ( GEOMETRIC_REPRESENTATION_CONTEXT(2) 
PARAMETRIC_REPRESENTATION_CONTEXT() REPRESENTATION_CONTEXT('2D SPACE',''
  ) );
#6244 = ORIENTED_EDGE('',*,*,#5442,.F.);
#6245 = ADVANCED_FACE('',(#6246),#5431,.F.);
#6246 = FACE_BOUND('',#6247,.F.);
#6247 = EDGE_LOOP('',(#6248,#6249,#6250,#6251));
#6248 = ORIENTED_EDGE('',*,*,#5806,.T.);
#6249 = ORIENTED_EDGE('',*,*,#6223,.F.);
#6250 = ORIENTED_EDGE('',*,*,#5416,.F.);
#6251 = ORIENTED_EDGE('',*,*,#6252,.T.);
#6252 = EDGE_CURVE('',#5391,#5786,#6253,.T.);
#6253 = SURFACE_CURVE('',#6254,(#6259,#6266),.PCURVE_S1.);
#6254 = CIRCLE('',#6255,0.8);
#6255 = AXIS2_PLACEMENT_3D('',#6256,#6257,#6258);
#6256 = CARTESIAN_POINT('',(28.,58.,7.25));
#6257 = DIRECTION('',(0.,0.,1.));
#6258 = DIRECTION('',(1.,0.,-0.));
#6259 = PCURVE('',#5431,#6260);
#6260 = DEFINITIONAL_REPRESENTATION('',(#6261),#6265);
#6261 = LINE('',#6262,#6263);
#6262 = CARTESIAN_POINT('',(0.,0.));
#6263 = VECTOR('',#6264,1.);
#6264 = DIRECTION('',(1.,0.));
#6265 = ( GEOMETRIC_REPRESENTATION_CONTEXT(2) 
PARAMETRIC_REPRESENTATION_CONTEXT() REPRESENTATION_CONTEXT('2D SPACE',''
  ) );
#6266 = PCURVE('',#5405,#6267);
#6267 = DEFINITIONAL_REPRESENTATION('',(#6268),#6272);
#6268 = CIRCLE('',#6269,0.8);
#6269 = AXIS2_PLACEMENT_2D('',#6270,#6271);
#6270 = CARTESIAN_POINT('',(0.,0.));
#6271 = DIRECTION('',(1.,0.));
#6272 = ( GEOMETRIC_REPRESENTATION_CONTEXT(2) 
PARAMETRIC_REPRESENTATION_CONTEXT() REPRESENTATION_CONTEXT('2D SPACE',''
  ) );
#6273 = ADVANCED_FACE('',(#6274),#5405,.F.);
#6274 = FACE_BOUND('',#6275,.F.);
#6275 = EDGE_LOOP('',(#6276,#6298,#6299,#6300));
#6276 = ORIENTED_EDGE('',*,*,#6277,.T.);
#6277 = EDGE_CURVE('',#5365,#5765,#6278,.T.);
#6278 = SURFACE_CURVE('',#6279,(#6284,#6291),.PCURVE_S1.);
#6279 = CIRCLE('',#6280,1.75);
#6280 = AXIS2_PLACEMENT_3D('',#6281,#6282,#6283);
#6281 = CARTESIAN_POINT('',(28.,58.,7.25));
#6282 = DIRECTION('',(0.,0.,1.));
#6283 = DIRECTION('',(1.,0.,-0.));
#6284 = PCURVE('',#5405,#6285);
#6285 = DEFINITIONAL_REPRESENTATION('',(#6286),#6290);
#6286 = CIRCLE('',#6287,1.75);
#6287 = AXIS2_PLACEMENT_2D('',#6288,#6289);
#6288 = CARTESIAN_POINT('',(0.,0.));
#6289 = DIRECTION('',(1.,0.));
#6290 = ( GEOMETRIC_REPRESENTATION_CONTEXT(2) 
PARAMETRIC_REPRESENTATION_CONTEXT() REPRESENTATION_CONTEXT('2D SPACE',''
  ) );
#6291 = PCURVE('',#5379,#6292);
#6292 = DEFINITIONAL_REPRESENTATION('',(#6293),#6297);
#6293 = LINE('',#6294,#6295);
#6294 = CARTESIAN_POINT('',(0.,0.));
#6295 = VECTOR('',#6296,1.);
#6296 = DIRECTION('',(1.,0.));
#6297 = ( GEOMETRIC_REPRESENTATION_CONTEXT(2) 
PARAMETRIC_REPRESENTATION_CONTEXT() REPRESENTATION_CONTEXT('2D SPACE',''
  ) );
#6298 = ORIENTED_EDGE('',*,*,#5785,.T.);
#6299 = ORIENTED_EDGE('',*,*,#6252,.F.);
#6300 = ORIENTED_EDGE('',*,*,#5390,.F.);
#6301 = ADVANCED_FACE('',(#6302),#5379,.T.);
#6302 = FACE_BOUND('',#6303,.T.);
#6303 = EDGE_LOOP('',(#6304,#6305,#6327,#6328));
#6304 = ORIENTED_EDGE('',*,*,#5764,.T.);
#6305 = ORIENTED_EDGE('',*,*,#6306,.F.);
#6306 = EDGE_CURVE('',#5339,#5744,#6307,.T.);
#6307 = SURFACE_CURVE('',#6308,(#6313,#6320),.PCURVE_S1.);
#6308 = CIRCLE('',#6309,1.75);
#6309 = AXIS2_PLACEMENT_3D('',#6310,#6311,#6312);
#6310 = CARTESIAN_POINT('',(28.,58.,7.85));
#6311 = DIRECTION('',(0.,0.,1.));
#6312 = DIRECTION('',(1.,0.,-0.));
#6313 = PCURVE('',#5379,#6314);
#6314 = DEFINITIONAL_REPRESENTATION('',(#6315),#6319);
#6315 = LINE('',#6316,#6317);
#6316 = CARTESIAN_POINT('',(0.,0.6));
#6317 = VECTOR('',#6318,1.);
#6318 = DIRECTION('',(1.,0.));
#6319 = ( GEOMETRIC_REPRESENTATION_CONTEXT(2) 
PARAMETRIC_REPRESENTATION_CONTEXT() REPRESENTATION_CONTEXT('2D SPACE',''
  ) );
#6320 = PCURVE('',#5353,#6321);
#6321 = DEFINITIONAL_REPRESENTATION('',(#6322),#6326);
#6322 = CIRCLE('',#6323,1.75);
#6323 = AXIS2_PLACEMENT_2D('',#6324,#6325);
#6324 = CARTESIAN_POINT('',(0.,0.));
#6325 = DIRECTION('',(1.,0.));
#6326 = ( GEOMETRIC_REPRESENTATION_CONTEXT(2) 
PARAMETRIC_REPRESENTATION_CONTEXT() REPRESENTATION_CONTEXT('2D SPACE',''
  ) );
#6327 = ORIENTED_EDGE('',*,*,#5364,.F.);
#6328 = ORIENTED_EDGE('',*,*,#6277,.T.);
#6329 = ADVANCED_FACE('',(#6330),#5353,.T.);
#6330 = FACE_BOUND('',#6331,.T.);
#6331 = EDGE_LOOP('',(#6332,#6333,#6334,#6335));
#6332 = ORIENTED_EDGE('',*,*,#6306,.T.);
#6333 = ORIENTED_EDGE('',*,*,#5743,.T.);
#6334 = ORIENTED_EDGE('',*,*,#6000,.F.);
#6335 = ORIENTED_EDGE('',*,*,#5338,.F.);
#6336 = ( GEOMETRIC_REPRESENTATION_CONTEXT(3) 
GLOBAL_UNCERTAINTY_ASSIGNED_CONTEXT((#6340)) 
GLOBAL_UNIT_ASSIGNED_CONTEXT((#6337,#6338,#6339)) REPRESENTATION_CONTEXT
('Context #1','3D Context with UNIT and UNCERTAINTY') );
#6337 = ( LENGTH_UNIT() NAMED_UNIT(*) SI_UNIT(.MILLI.,.METRE.) );
#6338 = ( NAMED_UNIT(*) PLANE_ANGLE_UNIT() SI_UNIT($,.RADIAN.) );
#6339 = ( NAMED_UNIT(*) SI_UNIT($,.STERADIAN.) SOLID_ANGLE_UNIT() );
#6340 = UNCERTAINTY_MEASURE_WITH_UNIT(LENGTH_MEASURE(2.E-07),#6337,
  'distance_accuracy_value','confusion accuracy');
#6341 = CONTEXT_DEPENDENT_SHAPE_REPRESENTATION(#6342,#6344);
#6342 = ( REPRESENTATION_RELATIONSHIP('','',#3899,#10) 
REPRESENTATION_RELATIONSHIP_WITH_TRANSFORMATION(#6343) 
SHAPE_REPRESENTATION_RELATIONSHIP() );
#6343 = ITEM_DEFINED_TRANSFORMATION('','',#11,#27);
#6344 = PRODUCT_DEFINITION_SHAPE('Placement','Placement of an item',
  #6345);
#6345 = NEXT_ASSEMBLY_USAGE_OCCURRENCE('4','insert_3','',#5,#3894,$);
#6346 = PRODUCT_RELATED_PRODUCT_CATEGORY('part',$,(#3896));

#6347=DESCRIPTIVE_REPRESENTATION_ITEM('cadpy:generator','cadpy');
#6348=REPRESENTATION('cadpy:generator',(#6347),#31);
#6349=PROPERTY_DEFINITION('cadpy metadata','cadpy:generator',#5);
#6350=PROPERTY_DEFINITION_REPRESENTATION(#6349,#6348);
#6351=DESCRIPTIVE_REPRESENTATION_ITEM('cadpy:entryKind','assembly');
#6352=REPRESENTATION('cadpy:entryKind',(#6351),#31);
#6353=PROPERTY_DEFINITION('cadpy metadata','cadpy:entryKind',#5);
#6354=PROPERTY_DEFINITION_REPRESENTATION(#6353,#6352);
#6355=DESCRIPTIVE_REPRESENTATION_ITEM('cadpy:sourcePath','section_view.py');
#6356=REPRESENTATION('cadpy:sourcePath',(#6355),#31);
#6357=PROPERTY_DEFINITION('cadpy metadata','cadpy:sourcePath',#5);
#6358=PROPERTY_DEFINITION_REPRESENTATION(#6357,#6356);
#6359=DESCRIPTIVE_REPRESENTATION_ITEM('cadpy:sourceHash','9741cc2fc34862a6b1a06bbca96b243ca2473ee0f9e4f52858951c17bfc25166');
#6360=REPRESENTATION('cadpy:sourceHash',(#6359),#31);
#6361=PROPERTY_DEFINITION('cadpy metadata','cadpy:sourceHash',#5);
#6362=PROPERTY_DEFINITION_REPRESENTATION(#6361,#6360);
ENDSEC;
END-ISO-10303-21;
