ISO-10303-21;
HEADER;
FILE_DESCRIPTION(('Open CASCADE Model'),'2;1');
FILE_NAME('Open CASCADE Shape Model','2026-07-30T15:29:33',('Author'),(
    'Open CASCADE'),'Open CASCADE STEP processor 7.9','Open CASCADE 7.9'
  ,'Unknown');
FILE_SCHEMA(('AUTOMOTIVE_DESIGN { 1 0 10303 214 1 1 1 1 }'));
ENDSEC;
DATA;
#1 = APPLICATION_PROTOCOL_DEFINITION('international standard',
  'automotive_design',2000,#2);
#2 = APPLICATION_CONTEXT(
  'core data for automotive mechanical design processes');
#3 = SHAPE_DEFINITION_REPRESENTATION(#4,#10);
#4 = PRODUCT_DEFINITION_SHAPE('','',#5);
#5 = PRODUCT_DEFINITION('design','',#6,#9);
#6 = PRODUCT_DEFINITION_FORMATION('','',#7);
#7 = PRODUCT('speaker_badge','speaker_badge','',(#8));
#8 = PRODUCT_CONTEXT('',#2,'mechanical');
#9 = PRODUCT_DEFINITION_CONTEXT('part definition',#2,'design');
#10 = SHAPE_REPRESENTATION('',(#11,#15,#19),#23);
#11 = AXIS2_PLACEMENT_3D('',#12,#13,#14);
#12 = CARTESIAN_POINT('',(0.,0.,0.));
#13 = DIRECTION('',(0.,0.,1.));
#14 = DIRECTION('',(1.,0.,-0.));
#15 = AXIS2_PLACEMENT_3D('',#16,#17,#18);
#16 = CARTESIAN_POINT('',(0.,0.,0.));
#17 = DIRECTION('',(0.,0.,1.));
#18 = DIRECTION('',(1.,0.,-0.));
#19 = AXIS2_PLACEMENT_3D('',#20,#21,#22);
#20 = CARTESIAN_POINT('',(80.,0.,0.));
#21 = DIRECTION('',(0.,0.,1.));
#22 = DIRECTION('',(1.,0.,-0.));
#23 = ( GEOMETRIC_REPRESENTATION_CONTEXT(3) 
GLOBAL_UNCERTAINTY_ASSIGNED_CONTEXT((#27)) GLOBAL_UNIT_ASSIGNED_CONTEXT(
(#24,#25,#26)) REPRESENTATION_CONTEXT('Context #1',
  '3D Context with UNIT and UNCERTAINTY') );
#24 = ( LENGTH_UNIT() NAMED_UNIT(*) SI_UNIT(.MILLI.,.METRE.) );
#25 = ( NAMED_UNIT(*) PLANE_ANGLE_UNIT() SI_UNIT($,.RADIAN.) );
#26 = ( NAMED_UNIT(*) SI_UNIT($,.STERADIAN.) SOLID_ANGLE_UNIT() );
#27 = UNCERTAINTY_MEASURE_WITH_UNIT(LENGTH_MEASURE(2.E-06),#24,
  'distance_accuracy_value','confusion accuracy');
#28 = PRODUCT_RELATED_PRODUCT_CATEGORY('part',$,(#7));
#29 = SHAPE_DEFINITION_REPRESENTATION(#30,#36);
#30 = PRODUCT_DEFINITION_SHAPE('','',#31);
#31 = PRODUCT_DEFINITION('design','',#32,#35);
#32 = PRODUCT_DEFINITION_FORMATION('','',#33);
#33 = PRODUCT('front_shell','front_shell','',(#34));
#34 = PRODUCT_CONTEXT('',#2,'mechanical');
#35 = PRODUCT_DEFINITION_CONTEXT('part definition',#2,'design');
#36 = ADVANCED_BREP_SHAPE_REPRESENTATION('',(#11,#37),#8900);
#37 = MANIFOLD_SOLID_BREP('',#38);
#38 = CLOSED_SHELL('',(#39,#1380,#1595,#1642,#1697,#1751,#1805,#1916,
    #1971,#2020,#2075,#2100,#2155,#2447,#2502,#2557,#2611,#2665,#2720,
    #2775,#2830,#3017,#3050,#3097,#3479,#3506,#3560,#3609,#3663,#3717,
    #3767,#4222,#4276,#4330,#4379,#4429,#4483,#4537,#4586,#4635,#4684,
    #4738,#4787,#4836,#4863,#4911,#4985,#5032,#5060,#5113,#5140,#5188,
    #5215,#5222,#5271,#5324,#5373,#5421,#5468,#5495,#5522,#5549,#5576,
    #5603,#5630,#5637,#5690,#5743,#5791,#5839,#5888,#5941,#5994,#6042,
    #6069,#6096,#6103,#6131,#7068,#7117,#7259,#7284,#7331,#7381,#7406,
    #7455,#7597,#7622,#7669,#7716,#7744,#7996,#8023,#8048,#8073,#8098,
    #8125,#8132,#8157,#8182,#8207,#8214,#8221,#8228,#8278,#8305,#8332,
    #8382,#8409,#8459,#8509,#8586,#8631,#8676,#8708,#8758,#8785,#8812,
    #8839,#8866,#8893));
#39 = ADVANCED_FACE('',(#40),#54,.T.);
#40 = FACE_BOUND('',#41,.T.);
#41 = EDGE_LOOP('',(#42,#77,#110,#138,#171,#200,#233,#261,#294,#322,#355
    ,#383,#409,#435,#468,#494,#527,#553,#586,#619,#652,#678,#711,#737,
    #763,#789,#815,#841,#874,#900,#933,#966,#999,#1020,#1046,#1069,#1102
    ,#1131,#1164,#1192,#1225,#1248,#1276,#1302,#1328,#1354));
#42 = ORIENTED_EDGE('',*,*,#43,.F.);
#43 = EDGE_CURVE('',#44,#46,#48,.T.);
#44 = VERTEX_POINT('',#45);
#45 = CARTESIAN_POINT('',(-28.,61.99999999869,7.25));
#46 = VERTEX_POINT('',#47);
#47 = CARTESIAN_POINT('',(-11.8,62.,7.25));
#48 = SURFACE_CURVE('',#49,(#53,#65),.PCURVE_S1.);
#49 = LINE('',#50,#51);
#50 = CARTESIAN_POINT('',(0.,62.,7.25));
#51 = VECTOR('',#52,1.);
#52 = DIRECTION('',(1.,0.,0.));
#53 = PCURVE('',#54,#59);
#54 = PLANE('',#55);
#55 = AXIS2_PLACEMENT_3D('',#56,#57,#58);
#56 = CARTESIAN_POINT('',(1.12850119938E-11,4.680582154577E-02,7.25));
#57 = DIRECTION('',(0.,0.,1.));
#58 = DIRECTION('',(1.,0.,-0.));
#59 = DEFINITIONAL_REPRESENTATION('',(#60),#64);
#60 = LINE('',#61,#62);
#61 = CARTESIAN_POINT('',(-1.12850119938E-11,61.953194178454));
#62 = VECTOR('',#63,1.);
#63 = DIRECTION('',(1.,0.));
#64 = ( GEOMETRIC_REPRESENTATION_CONTEXT(2) 
PARAMETRIC_REPRESENTATION_CONTEXT() REPRESENTATION_CONTEXT('2D SPACE',''
  ) );
#65 = PCURVE('',#66,#71);
#66 = PLANE('',#67);
#67 = AXIS2_PLACEMENT_3D('',#68,#69,#70);
#68 = CARTESIAN_POINT('',(-28.,62.,0.));
#69 = DIRECTION('',(0.,1.,0.));
#70 = DIRECTION('',(1.,0.,0.));
#71 = DEFINITIONAL_REPRESENTATION('',(#72),#76);
#72 = LINE('',#73,#74);
#73 = CARTESIAN_POINT('',(28.,-7.25));
#74 = VECTOR('',#75,1.);
#75 = DIRECTION('',(1.,0.));
#76 = ( GEOMETRIC_REPRESENTATION_CONTEXT(2) 
PARAMETRIC_REPRESENTATION_CONTEXT() REPRESENTATION_CONTEXT('2D SPACE',''
  ) );
#77 = ORIENTED_EDGE('',*,*,#78,.F.);
#78 = EDGE_CURVE('',#79,#44,#81,.T.);
#79 = VERTEX_POINT('',#80);
#80 = CARTESIAN_POINT('',(-32.,57.999999997379,7.25));
#81 = SURFACE_CURVE('',#82,(#87,#98),.PCURVE_S1.);
#82 = CIRCLE('',#83,4.);
#83 = AXIS2_PLACEMENT_3D('',#84,#85,#86);
#84 = CARTESIAN_POINT('',(-28.,57.999999997379,7.25));
#85 = DIRECTION('',(0.,0.,-1.));
#86 = DIRECTION('',(-1.,0.,0.));
#87 = PCURVE('',#54,#88);
#88 = DEFINITIONAL_REPRESENTATION('',(#89),#97);
#89 = ( BOUNDED_CURVE() B_SPLINE_CURVE(2,(#90,#91,#92,#93,#94,#95,#96),
.UNSPECIFIED.,.T.,.F.) B_SPLINE_CURVE_WITH_KNOTS((1,2,2,2,2,1),(
    -2.094395102393,0.,2.094395102393,4.188790204786,6.28318530718,
8.377580409573),.UNSPECIFIED.) CURVE() GEOMETRIC_REPRESENTATION_ITEM() 
RATIONAL_B_SPLINE_CURVE((1.,0.5,1.,0.5,1.,0.5,1.)) REPRESENTATION_ITEM(
  '') );
#90 = CARTESIAN_POINT('',(-32.00000000001,57.953194175833));
#91 = CARTESIAN_POINT('',(-32.00000000001,64.881397406109));
#92 = CARTESIAN_POINT('',(-26.00000000001,61.417295790971));
#93 = CARTESIAN_POINT('',(-20.00000000001,57.953194175833));
#94 = CARTESIAN_POINT('',(-26.00000000001,54.489092560696));
#95 = CARTESIAN_POINT('',(-32.00000000001,51.024990945558));
#96 = CARTESIAN_POINT('',(-32.00000000001,57.953194175833));
#97 = ( GEOMETRIC_REPRESENTATION_CONTEXT(2) 
PARAMETRIC_REPRESENTATION_CONTEXT() REPRESENTATION_CONTEXT('2D SPACE',''
  ) );
#98 = PCURVE('',#99,#104);
#99 = CYLINDRICAL_SURFACE('',#100,4.);
#100 = AXIS2_PLACEMENT_3D('',#101,#102,#103);
#101 = CARTESIAN_POINT('',(-28.,57.999999997379,0.));
#102 = DIRECTION('',(0.,0.,-1.));
#103 = DIRECTION('',(-1.,0.,0.));
#104 = DEFINITIONAL_REPRESENTATION('',(#105),#109);
#105 = LINE('',#106,#107);
#106 = CARTESIAN_POINT('',(0.,-7.25));
#107 = VECTOR('',#108,1.);
#108 = DIRECTION('',(1.,0.));
#109 = ( GEOMETRIC_REPRESENTATION_CONTEXT(2) 
PARAMETRIC_REPRESENTATION_CONTEXT() REPRESENTATION_CONTEXT('2D SPACE',''
  ) );
#110 = ORIENTED_EDGE('',*,*,#111,.F.);
#111 = EDGE_CURVE('',#112,#79,#114,.T.);
#112 = VERTEX_POINT('',#113);
#113 = CARTESIAN_POINT('',(-32.,25.435595774163,7.25));
#114 = SURFACE_CURVE('',#115,(#119,#126),.PCURVE_S1.);
#115 = LINE('',#116,#117);
#116 = CARTESIAN_POINT('',(-32.,0.,7.25));
#117 = VECTOR('',#118,1.);
#118 = DIRECTION('',(0.,1.,0.));
#119 = PCURVE('',#54,#120);
#120 = DEFINITIONAL_REPRESENTATION('',(#121),#125);
#121 = LINE('',#122,#123);
#122 = CARTESIAN_POINT('',(-32.00000000001,-4.680582154577E-02));
#123 = VECTOR('',#124,1.);
#124 = DIRECTION('',(0.,1.));
#125 = ( GEOMETRIC_REPRESENTATION_CONTEXT(2) 
PARAMETRIC_REPRESENTATION_CONTEXT() REPRESENTATION_CONTEXT('2D SPACE',''
  ) );
#126 = PCURVE('',#127,#132);
#127 = PLANE('',#128);
#128 = AXIS2_PLACEMENT_3D('',#129,#130,#131);
#129 = CARTESIAN_POINT('',(-32.,25.435595774163,0.));
#130 = DIRECTION('',(-1.,0.,0.));
#131 = DIRECTION('',(0.,1.,0.));
#132 = DEFINITIONAL_REPRESENTATION('',(#133),#137);
#133 = LINE('',#134,#135);
#134 = CARTESIAN_POINT('',(-25.43559577416,-7.25));
#135 = VECTOR('',#136,1.);
#136 = DIRECTION('',(1.,0.));
#137 = ( GEOMETRIC_REPRESENTATION_CONTEXT(2) 
PARAMETRIC_REPRESENTATION_CONTEXT() REPRESENTATION_CONTEXT('2D SPACE',''
  ) );
#138 = ORIENTED_EDGE('',*,*,#139,.T.);
#139 = EDGE_CURVE('',#112,#140,#142,.T.);
#140 = VERTEX_POINT('',#141);
#141 = CARTESIAN_POINT('',(-32.4,23.692036196746,7.25));
#142 = SURFACE_CURVE('',#143,(#148,#159),.PCURVE_S1.);
#143 = CIRCLE('',#144,4.);
#144 = AXIS2_PLACEMENT_3D('',#145,#146,#147);
#145 = CARTESIAN_POINT('',(-36.,25.435595774163,7.25));
#146 = DIRECTION('',(0.,0.,-1.));
#147 = DIRECTION('',(-1.,0.,0.));
#148 = PCURVE('',#54,#149);
#149 = DEFINITIONAL_REPRESENTATION('',(#150),#158);
#150 = ( BOUNDED_CURVE() B_SPLINE_CURVE(2,(#151,#152,#153,#154,#155,#156
,#157),.UNSPECIFIED.,.T.,.F.) B_SPLINE_CURVE_WITH_KNOTS((1,2,2,2,2,1),(
    -2.094395102393,0.,2.094395102393,4.188790204786,6.28318530718,
8.377580409573),.UNSPECIFIED.) CURVE() GEOMETRIC_REPRESENTATION_ITEM() 
RATIONAL_B_SPLINE_CURVE((1.,0.5,1.,0.5,1.,0.5,1.)) REPRESENTATION_ITEM(
  '') );
#151 = CARTESIAN_POINT('',(-40.00000000001,25.388789952617));
#152 = CARTESIAN_POINT('',(-40.00000000001,32.316993182892));
#153 = CARTESIAN_POINT('',(-34.00000000001,28.852891567755));
#154 = CARTESIAN_POINT('',(-28.00000000001,25.388789952617));
#155 = CARTESIAN_POINT('',(-34.00000000001,21.924688337479));
#156 = CARTESIAN_POINT('',(-40.00000000001,18.460586722341));
#157 = CARTESIAN_POINT('',(-40.00000000001,25.388789952617));
#158 = ( GEOMETRIC_REPRESENTATION_CONTEXT(2) 
PARAMETRIC_REPRESENTATION_CONTEXT() REPRESENTATION_CONTEXT('2D SPACE',''
  ) );
#159 = PCURVE('',#160,#165);
#160 = CYLINDRICAL_SURFACE('',#161,4.);
#161 = AXIS2_PLACEMENT_3D('',#162,#163,#164);
#162 = CARTESIAN_POINT('',(-36.,25.435595774163,0.));
#163 = DIRECTION('',(0.,0.,-1.));
#164 = DIRECTION('',(-1.,0.,0.));
#165 = DEFINITIONAL_REPRESENTATION('',(#166),#170);
#166 = LINE('',#167,#168);
#167 = CARTESIAN_POINT('',(0.,-7.25));
#168 = VECTOR('',#169,1.);
#169 = DIRECTION('',(1.,0.));
#170 = ( GEOMETRIC_REPRESENTATION_CONTEXT(2) 
PARAMETRIC_REPRESENTATION_CONTEXT() REPRESENTATION_CONTEXT('2D SPACE',''
  ) );
#171 = ORIENTED_EDGE('',*,*,#172,.T.);
#172 = EDGE_CURVE('',#140,#173,#175,.T.);
#173 = VERTEX_POINT('',#174);
#174 = CARTESIAN_POINT('',(-32.4,-7.692036196746,7.25));
#175 = SURFACE_CURVE('',#176,(#181,#188),.PCURVE_S1.);
#176 = CIRCLE('',#177,36.);
#177 = AXIS2_PLACEMENT_3D('',#178,#179,#180);
#178 = CARTESIAN_POINT('',(0.,8.,7.25));
#179 = DIRECTION('',(0.,0.,1.));
#180 = DIRECTION('',(1.,0.,0.));
#181 = PCURVE('',#54,#182);
#182 = DEFINITIONAL_REPRESENTATION('',(#183),#187);
#183 = CIRCLE('',#184,36.);
#184 = AXIS2_PLACEMENT_2D('',#185,#186);
#185 = CARTESIAN_POINT('',(-1.12850119938E-11,7.953194178454));
#186 = DIRECTION('',(1.,0.));
#187 = ( GEOMETRIC_REPRESENTATION_CONTEXT(2) 
PARAMETRIC_REPRESENTATION_CONTEXT() REPRESENTATION_CONTEXT('2D SPACE',''
  ) );
#188 = PCURVE('',#189,#194);
#189 = CYLINDRICAL_SURFACE('',#190,36.);
#190 = AXIS2_PLACEMENT_3D('',#191,#192,#193);
#191 = CARTESIAN_POINT('',(0.,8.,0.));
#192 = DIRECTION('',(-0.,-0.,-1.));
#193 = DIRECTION('',(1.,0.,0.));
#194 = DEFINITIONAL_REPRESENTATION('',(#195),#199);
#195 = LINE('',#196,#197);
#196 = CARTESIAN_POINT('',(-0.,-7.25));
#197 = VECTOR('',#198,1.);
#198 = DIRECTION('',(-1.,0.));
#199 = ( GEOMETRIC_REPRESENTATION_CONTEXT(2) 
PARAMETRIC_REPRESENTATION_CONTEXT() REPRESENTATION_CONTEXT('2D SPACE',''
  ) );
#200 = ORIENTED_EDGE('',*,*,#201,.T.);
#201 = EDGE_CURVE('',#173,#202,#204,.T.);
#202 = VERTEX_POINT('',#203);
#203 = CARTESIAN_POINT('',(-32.,-9.435595774163,7.25));
#204 = SURFACE_CURVE('',#205,(#210,#221),.PCURVE_S1.);
#205 = CIRCLE('',#206,4.);
#206 = AXIS2_PLACEMENT_3D('',#207,#208,#209);
#207 = CARTESIAN_POINT('',(-36.,-9.435595774163,7.25));
#208 = DIRECTION('',(0.,0.,-1.));
#209 = DIRECTION('',(-1.,0.,0.));
#210 = PCURVE('',#54,#211);
#211 = DEFINITIONAL_REPRESENTATION('',(#212),#220);
#212 = ( BOUNDED_CURVE() B_SPLINE_CURVE(2,(#213,#214,#215,#216,#217,#218
,#219),.UNSPECIFIED.,.T.,.F.) B_SPLINE_CURVE_WITH_KNOTS((1,2,2,2,2,1),(
    -2.094395102393,0.,2.094395102393,4.188790204786,6.28318530718,
8.377580409573),.UNSPECIFIED.) CURVE() GEOMETRIC_REPRESENTATION_ITEM() 
RATIONAL_B_SPLINE_CURVE((1.,0.5,1.,0.5,1.,0.5,1.)) REPRESENTATION_ITEM(
  '') );
#213 = CARTESIAN_POINT('',(-40.00000000001,-9.482401595708));
#214 = CARTESIAN_POINT('',(-40.00000000001,-2.554198365433));
#215 = CARTESIAN_POINT('',(-34.00000000001,-6.018299980571));
#216 = CARTESIAN_POINT('',(-28.00000000001,-9.482401595708));
#217 = CARTESIAN_POINT('',(-34.00000000001,-12.94650321084));
#218 = CARTESIAN_POINT('',(-40.00000000001,-16.41060482598));
#219 = CARTESIAN_POINT('',(-40.00000000001,-9.482401595708));
#220 = ( GEOMETRIC_REPRESENTATION_CONTEXT(2) 
PARAMETRIC_REPRESENTATION_CONTEXT() REPRESENTATION_CONTEXT('2D SPACE',''
  ) );
#221 = PCURVE('',#222,#227);
#222 = CYLINDRICAL_SURFACE('',#223,4.);
#223 = AXIS2_PLACEMENT_3D('',#224,#225,#226);
#224 = CARTESIAN_POINT('',(-36.,-9.435595774163,0.));
#225 = DIRECTION('',(0.,0.,-1.));
#226 = DIRECTION('',(-1.,0.,0.));
#227 = DEFINITIONAL_REPRESENTATION('',(#228),#232);
#228 = LINE('',#229,#230);
#229 = CARTESIAN_POINT('',(0.,-7.25));
#230 = VECTOR('',#231,1.);
#231 = DIRECTION('',(1.,0.));
#232 = ( GEOMETRIC_REPRESENTATION_CONTEXT(2) 
PARAMETRIC_REPRESENTATION_CONTEXT() REPRESENTATION_CONTEXT('2D SPACE',''
  ) );
#233 = ORIENTED_EDGE('',*,*,#234,.F.);
#234 = EDGE_CURVE('',#235,#202,#237,.T.);
#235 = VERTEX_POINT('',#236);
#236 = CARTESIAN_POINT('',(-32.,-58.,7.25));
#237 = SURFACE_CURVE('',#238,(#242,#249),.PCURVE_S1.);
#238 = LINE('',#239,#240);
#239 = CARTESIAN_POINT('',(-32.,0.,7.25));
#240 = VECTOR('',#241,1.);
#241 = DIRECTION('',(0.,1.,0.));
#242 = PCURVE('',#54,#243);
#243 = DEFINITIONAL_REPRESENTATION('',(#244),#248);
#244 = LINE('',#245,#246);
#245 = CARTESIAN_POINT('',(-32.00000000001,-4.680582154577E-02));
#246 = VECTOR('',#247,1.);
#247 = DIRECTION('',(0.,1.));
#248 = ( GEOMETRIC_REPRESENTATION_CONTEXT(2) 
PARAMETRIC_REPRESENTATION_CONTEXT() REPRESENTATION_CONTEXT('2D SPACE',''
  ) );
#249 = PCURVE('',#250,#255);
#250 = PLANE('',#251);
#251 = AXIS2_PLACEMENT_3D('',#252,#253,#254);
#252 = CARTESIAN_POINT('',(-32.,-58.,0.));
#253 = DIRECTION('',(-1.,0.,0.));
#254 = DIRECTION('',(0.,1.,0.));
#255 = DEFINITIONAL_REPRESENTATION('',(#256),#260);
#256 = LINE('',#257,#258);
#257 = CARTESIAN_POINT('',(58.000000000001,-7.25));
#258 = VECTOR('',#259,1.);
#259 = DIRECTION('',(1.,0.));
#260 = ( GEOMETRIC_REPRESENTATION_CONTEXT(2) 
PARAMETRIC_REPRESENTATION_CONTEXT() REPRESENTATION_CONTEXT('2D SPACE',''
  ) );
#261 = ORIENTED_EDGE('',*,*,#262,.F.);
#262 = EDGE_CURVE('',#263,#235,#265,.T.);
#263 = VERTEX_POINT('',#264);
#264 = CARTESIAN_POINT('',(-28.,-62.,7.25));
#265 = SURFACE_CURVE('',#266,(#271,#282),.PCURVE_S1.);
#266 = CIRCLE('',#267,4.);
#267 = AXIS2_PLACEMENT_3D('',#268,#269,#270);
#268 = CARTESIAN_POINT('',(-28.,-58.,7.25));
#269 = DIRECTION('',(0.,0.,-1.));
#270 = DIRECTION('',(-1.,0.,0.));
#271 = PCURVE('',#54,#272);
#272 = DEFINITIONAL_REPRESENTATION('',(#273),#281);
#273 = ( BOUNDED_CURVE() B_SPLINE_CURVE(2,(#274,#275,#276,#277,#278,#279
,#280),.UNSPECIFIED.,.T.,.F.) B_SPLINE_CURVE_WITH_KNOTS((1,2,2,2,2,1),(
    -2.094395102393,0.,2.094395102393,4.188790204786,6.28318530718,
8.377580409573),.UNSPECIFIED.) CURVE() GEOMETRIC_REPRESENTATION_ITEM() 
RATIONAL_B_SPLINE_CURVE((1.,0.5,1.,0.5,1.,0.5,1.)) REPRESENTATION_ITEM(
  '') );
#274 = CARTESIAN_POINT('',(-32.00000000001,-58.04680582154));
#275 = CARTESIAN_POINT('',(-32.00000000001,-51.11860259127));
#276 = CARTESIAN_POINT('',(-26.00000000001,-54.5827042064));
#277 = CARTESIAN_POINT('',(-20.00000000001,-58.04680582154));
#278 = CARTESIAN_POINT('',(-26.00000000001,-61.51090743668));
#279 = CARTESIAN_POINT('',(-32.00000000001,-64.97500905182));
#280 = CARTESIAN_POINT('',(-32.00000000001,-58.04680582154));
#281 = ( GEOMETRIC_REPRESENTATION_CONTEXT(2) 
PARAMETRIC_REPRESENTATION_CONTEXT() REPRESENTATION_CONTEXT('2D SPACE',''
  ) );
#282 = PCURVE('',#283,#288);
#283 = CYLINDRICAL_SURFACE('',#284,4.);
#284 = AXIS2_PLACEMENT_3D('',#285,#286,#287);
#285 = CARTESIAN_POINT('',(-28.,-58.,0.));
#286 = DIRECTION('',(0.,0.,-1.));
#287 = DIRECTION('',(-1.,0.,0.));
#288 = DEFINITIONAL_REPRESENTATION('',(#289),#293);
#289 = LINE('',#290,#291);
#290 = CARTESIAN_POINT('',(0.,-7.25));
#291 = VECTOR('',#292,1.);
#292 = DIRECTION('',(1.,0.));
#293 = ( GEOMETRIC_REPRESENTATION_CONTEXT(2) 
PARAMETRIC_REPRESENTATION_CONTEXT() REPRESENTATION_CONTEXT('2D SPACE',''
  ) );
#294 = ORIENTED_EDGE('',*,*,#295,.T.);
#295 = EDGE_CURVE('',#263,#296,#298,.T.);
#296 = VERTEX_POINT('',#297);
#297 = CARTESIAN_POINT('',(28.,-62.,7.25));
#298 = SURFACE_CURVE('',#299,(#303,#310),.PCURVE_S1.);
#299 = LINE('',#300,#301);
#300 = CARTESIAN_POINT('',(0.,-62.,7.25));
#301 = VECTOR('',#302,1.);
#302 = DIRECTION('',(1.,0.,0.));
#303 = PCURVE('',#54,#304);
#304 = DEFINITIONAL_REPRESENTATION('',(#305),#309);
#305 = LINE('',#306,#307);
#306 = CARTESIAN_POINT('',(-1.12850119938E-11,-62.04680582154));
#307 = VECTOR('',#308,1.);
#308 = DIRECTION('',(1.,0.));
#309 = ( GEOMETRIC_REPRESENTATION_CONTEXT(2) 
PARAMETRIC_REPRESENTATION_CONTEXT() REPRESENTATION_CONTEXT('2D SPACE',''
  ) );
#310 = PCURVE('',#311,#316);
#311 = PLANE('',#312);
#312 = AXIS2_PLACEMENT_3D('',#313,#314,#315);
#313 = CARTESIAN_POINT('',(-28.,-62.,0.));
#314 = DIRECTION('',(0.,1.,0.));
#315 = DIRECTION('',(1.,0.,0.));
#316 = DEFINITIONAL_REPRESENTATION('',(#317),#321);
#317 = LINE('',#318,#319);
#318 = CARTESIAN_POINT('',(28.,-7.25));
#319 = VECTOR('',#320,1.);
#320 = DIRECTION('',(1.,0.));
#321 = ( GEOMETRIC_REPRESENTATION_CONTEXT(2) 
PARAMETRIC_REPRESENTATION_CONTEXT() REPRESENTATION_CONTEXT('2D SPACE',''
  ) );
#322 = ORIENTED_EDGE('',*,*,#323,.F.);
#323 = EDGE_CURVE('',#324,#296,#326,.T.);
#324 = VERTEX_POINT('',#325);
#325 = CARTESIAN_POINT('',(32.,-58.,7.25));
#326 = SURFACE_CURVE('',#327,(#332,#343),.PCURVE_S1.);
#327 = CIRCLE('',#328,4.);
#328 = AXIS2_PLACEMENT_3D('',#329,#330,#331);
#329 = CARTESIAN_POINT('',(28.,-58.,7.25));
#330 = DIRECTION('',(0.,0.,-1.));
#331 = DIRECTION('',(-1.,0.,0.));
#332 = PCURVE('',#54,#333);
#333 = DEFINITIONAL_REPRESENTATION('',(#334),#342);
#334 = ( BOUNDED_CURVE() B_SPLINE_CURVE(2,(#335,#336,#337,#338,#339,#340
,#341),.UNSPECIFIED.,.T.,.F.) B_SPLINE_CURVE_WITH_KNOTS((1,2,2,2,2,1),(
    -2.094395102393,0.,2.094395102393,4.188790204786,6.28318530718,
8.377580409573),.UNSPECIFIED.) CURVE() GEOMETRIC_REPRESENTATION_ITEM() 
RATIONAL_B_SPLINE_CURVE((1.,0.5,1.,0.5,1.,0.5,1.)) REPRESENTATION_ITEM(
  '') );
#335 = CARTESIAN_POINT('',(23.999999999989,-58.04680582154));
#336 = CARTESIAN_POINT('',(23.999999999989,-51.11860259127));
#337 = CARTESIAN_POINT('',(29.999999999989,-54.5827042064));
#338 = CARTESIAN_POINT('',(35.999999999989,-58.04680582154));
#339 = CARTESIAN_POINT('',(29.999999999989,-61.51090743668));
#340 = CARTESIAN_POINT('',(23.999999999989,-64.97500905182));
#341 = CARTESIAN_POINT('',(23.999999999989,-58.04680582154));
#342 = ( GEOMETRIC_REPRESENTATION_CONTEXT(2) 
PARAMETRIC_REPRESENTATION_CONTEXT() REPRESENTATION_CONTEXT('2D SPACE',''
  ) );
#343 = PCURVE('',#344,#349);
#344 = CYLINDRICAL_SURFACE('',#345,4.);
#345 = AXIS2_PLACEMENT_3D('',#346,#347,#348);
#346 = CARTESIAN_POINT('',(28.,-58.,0.));
#347 = DIRECTION('',(0.,0.,-1.));
#348 = DIRECTION('',(-1.,0.,0.));
#349 = DEFINITIONAL_REPRESENTATION('',(#350),#354);
#350 = LINE('',#351,#352);
#351 = CARTESIAN_POINT('',(0.,-7.25));
#352 = VECTOR('',#353,1.);
#353 = DIRECTION('',(1.,0.));
#354 = ( GEOMETRIC_REPRESENTATION_CONTEXT(2) 
PARAMETRIC_REPRESENTATION_CONTEXT() REPRESENTATION_CONTEXT('2D SPACE',''
  ) );
#355 = ORIENTED_EDGE('',*,*,#356,.T.);
#356 = EDGE_CURVE('',#324,#357,#359,.T.);
#357 = VERTEX_POINT('',#358);
#358 = CARTESIAN_POINT('',(32.,-47.,7.25));
#359 = SURFACE_CURVE('',#360,(#364,#371),.PCURVE_S1.);
#360 = LINE('',#361,#362);
#361 = CARTESIAN_POINT('',(32.,0.,7.25));
#362 = VECTOR('',#363,1.);
#363 = DIRECTION('',(0.,1.,0.));
#364 = PCURVE('',#54,#365);
#365 = DEFINITIONAL_REPRESENTATION('',(#366),#370);
#366 = LINE('',#367,#368);
#367 = CARTESIAN_POINT('',(31.999999999989,-4.680582154577E-02));
#368 = VECTOR('',#369,1.);
#369 = DIRECTION('',(0.,1.));
#370 = ( GEOMETRIC_REPRESENTATION_CONTEXT(2) 
PARAMETRIC_REPRESENTATION_CONTEXT() REPRESENTATION_CONTEXT('2D SPACE',''
  ) );
#371 = PCURVE('',#372,#377);
#372 = PLANE('',#373);
#373 = AXIS2_PLACEMENT_3D('',#374,#375,#376);
#374 = CARTESIAN_POINT('',(32.,-58.,0.));
#375 = DIRECTION('',(-1.,0.,0.));
#376 = DIRECTION('',(0.,1.,0.));
#377 = DEFINITIONAL_REPRESENTATION('',(#378),#382);
#378 = LINE('',#379,#380);
#379 = CARTESIAN_POINT('',(58.000000000001,-7.25));
#380 = VECTOR('',#381,1.);
#381 = DIRECTION('',(1.,0.));
#382 = ( GEOMETRIC_REPRESENTATION_CONTEXT(2) 
PARAMETRIC_REPRESENTATION_CONTEXT() REPRESENTATION_CONTEXT('2D SPACE',''
  ) );
#383 = ORIENTED_EDGE('',*,*,#384,.T.);
#384 = EDGE_CURVE('',#357,#385,#387,.T.);
#385 = VERTEX_POINT('',#386);
#386 = CARTESIAN_POINT('',(30.2,-47.,7.25));
#387 = SURFACE_CURVE('',#388,(#392,#398),.PCURVE_S1.);
#388 = LINE('',#389,#390);
#389 = CARTESIAN_POINT('',(16.000000000006,-47.,7.25));
#390 = VECTOR('',#391,1.);
#391 = DIRECTION('',(-1.,0.,0.));
#392 = PCURVE('',#54,#393);
#393 = DEFINITIONAL_REPRESENTATION('',(#394),#397);
#394 = B_SPLINE_CURVE_WITH_KNOTS('',1,(#395,#396),.UNSPECIFIED.,.F.,.F.,
  (2,2),(-19.59999999999,-12.39999999999),.PIECEWISE_BEZIER_KNOTS.);
#395 = CARTESIAN_POINT('',(35.599999999989,-47.04680582154));
#396 = CARTESIAN_POINT('',(28.399999999989,-47.04680582154));
#397 = ( GEOMETRIC_REPRESENTATION_CONTEXT(2) 
PARAMETRIC_REPRESENTATION_CONTEXT() REPRESENTATION_CONTEXT('2D SPACE',''
  ) );
#398 = PCURVE('',#399,#404);
#399 = PLANE('',#400);
#400 = AXIS2_PLACEMENT_3D('',#401,#402,#403);
#401 = CARTESIAN_POINT('',(32.,-47.,5.));
#402 = DIRECTION('',(0.,1.,0.));
#403 = DIRECTION('',(0.,-0.,1.));
#404 = DEFINITIONAL_REPRESENTATION('',(#405),#408);
#405 = B_SPLINE_CURVE_WITH_KNOTS('',1,(#406,#407),.UNSPECIFIED.,.F.,.F.,
  (2,2),(-19.59999999999,-12.39999999999),.PIECEWISE_BEZIER_KNOTS.);
#406 = CARTESIAN_POINT('',(2.25,3.6));
#407 = CARTESIAN_POINT('',(2.25,-3.6));
#408 = ( GEOMETRIC_REPRESENTATION_CONTEXT(2) 
PARAMETRIC_REPRESENTATION_CONTEXT() REPRESENTATION_CONTEXT('2D SPACE',''
  ) );
#409 = ORIENTED_EDGE('',*,*,#410,.T.);
#410 = EDGE_CURVE('',#385,#411,#413,.T.);
#411 = VERTEX_POINT('',#412);
#412 = CARTESIAN_POINT('',(30.2,-58.,7.25));
#413 = SURFACE_CURVE('',#414,(#418,#424),.PCURVE_S1.);
#414 = LINE('',#415,#416);
#415 = CARTESIAN_POINT('',(30.2,-28.97659708922,7.25));
#416 = VECTOR('',#417,1.);
#417 = DIRECTION('',(0.,-1.,0.));
#418 = PCURVE('',#54,#419);
#419 = DEFINITIONAL_REPRESENTATION('',(#420),#423);
#420 = B_SPLINE_CURVE_WITH_KNOTS('',1,(#421,#422),.UNSPECIFIED.,.F.,.F.,
  (2,2),(-19.54100131506,29.023402910773),.PIECEWISE_BEZIER_KNOTS.);
#421 = CARTESIAN_POINT('',(30.199999999989,-9.482401595709));
#422 = CARTESIAN_POINT('',(30.199999999989,-58.04680582154));
#423 = ( GEOMETRIC_REPRESENTATION_CONTEXT(2) 
PARAMETRIC_REPRESENTATION_CONTEXT() REPRESENTATION_CONTEXT('2D SPACE',''
  ) );
#424 = PCURVE('',#425,#430);
#425 = PLANE('',#426);
#426 = AXIS2_PLACEMENT_3D('',#427,#428,#429);
#427 = CARTESIAN_POINT('',(30.2,-58.,1.8));
#428 = DIRECTION('',(-1.,0.,0.));
#429 = DIRECTION('',(0.,1.,0.));
#430 = DEFINITIONAL_REPRESENTATION('',(#431),#434);
#431 = B_SPLINE_CURVE_WITH_KNOTS('',1,(#432,#433),.UNSPECIFIED.,.F.,.F.,
  (2,2),(-19.54100131506,29.023402910773),.PIECEWISE_BEZIER_KNOTS.);
#432 = CARTESIAN_POINT('',(48.564404225838,-5.45));
#433 = CARTESIAN_POINT('',(0.,-5.45));
#434 = ( GEOMETRIC_REPRESENTATION_CONTEXT(2) 
PARAMETRIC_REPRESENTATION_CONTEXT() REPRESENTATION_CONTEXT('2D SPACE',''
  ) );
#435 = ORIENTED_EDGE('',*,*,#436,.T.);
#436 = EDGE_CURVE('',#411,#437,#439,.T.);
#437 = VERTEX_POINT('',#438);
#438 = CARTESIAN_POINT('',(28.,-60.2,7.25));
#439 = SURFACE_CURVE('',#440,(#445,#456),.PCURVE_S1.);
#440 = CIRCLE('',#441,2.2);
#441 = AXIS2_PLACEMENT_3D('',#442,#443,#444);
#442 = CARTESIAN_POINT('',(28.,-58.,7.25));
#443 = DIRECTION('',(0.,0.,-1.));
#444 = DIRECTION('',(-1.,0.,0.));
#445 = PCURVE('',#54,#446);
#446 = DEFINITIONAL_REPRESENTATION('',(#447),#455);
#447 = ( BOUNDED_CURVE() B_SPLINE_CURVE(2,(#448,#449,#450,#451,#452,#453
,#454),.UNSPECIFIED.,.T.,.F.) B_SPLINE_CURVE_WITH_KNOTS((1,2,2,2,2,1),(
    -2.094395102393,0.,2.094395102393,4.188790204786,6.28318530718,
8.377580409573),.UNSPECIFIED.) CURVE() GEOMETRIC_REPRESENTATION_ITEM() 
RATIONAL_B_SPLINE_CURVE((1.,0.5,1.,0.5,1.,0.5,1.)) REPRESENTATION_ITEM(
  '') );
#448 = CARTESIAN_POINT('',(25.799999999989,-58.04680582154));
#449 = CARTESIAN_POINT('',(25.799999999989,-54.23629404489));
#450 = CARTESIAN_POINT('',(29.099999999989,-56.14154993322));
#451 = CARTESIAN_POINT('',(32.399999999989,-58.04680582154));
#452 = CARTESIAN_POINT('',(29.099999999989,-59.95206170987));
#453 = CARTESIAN_POINT('',(25.799999999989,-61.85731759819));
#454 = CARTESIAN_POINT('',(25.799999999989,-58.04680582154));
#455 = ( GEOMETRIC_REPRESENTATION_CONTEXT(2) 
PARAMETRIC_REPRESENTATION_CONTEXT() REPRESENTATION_CONTEXT('2D SPACE',''
  ) );
#456 = PCURVE('',#457,#462);
#457 = CYLINDRICAL_SURFACE('',#458,2.2);
#458 = AXIS2_PLACEMENT_3D('',#459,#460,#461);
#459 = CARTESIAN_POINT('',(28.,-58.,1.8));
#460 = DIRECTION('',(0.,0.,-1.));
#461 = DIRECTION('',(-1.,0.,0.));
#462 = DEFINITIONAL_REPRESENTATION('',(#463),#467);
#463 = LINE('',#464,#465);
#464 = CARTESIAN_POINT('',(0.,-5.45));
#465 = VECTOR('',#466,1.);
#466 = DIRECTION('',(1.,0.));
#467 = ( GEOMETRIC_REPRESENTATION_CONTEXT(2) 
PARAMETRIC_REPRESENTATION_CONTEXT() REPRESENTATION_CONTEXT('2D SPACE',''
  ) );
#468 = ORIENTED_EDGE('',*,*,#469,.T.);
#469 = EDGE_CURVE('',#437,#470,#472,.T.);
#470 = VERTEX_POINT('',#471);
#471 = CARTESIAN_POINT('',(-28.,-60.2,7.25));
#472 = SURFACE_CURVE('',#473,(#477,#483),.PCURVE_S1.);
#473 = LINE('',#474,#475);
#474 = CARTESIAN_POINT('',(-13.99999999999,-60.2,7.25));
#475 = VECTOR('',#476,1.);
#476 = DIRECTION('',(-1.,0.,0.));
#477 = PCURVE('',#54,#478);
#478 = DEFINITIONAL_REPRESENTATION('',(#479),#482);
#479 = B_SPLINE_CURVE_WITH_KNOTS('',1,(#480,#481),.UNSPECIFIED.,.F.,.F.,
  (2,2),(-41.99999999999,14.000000000006),.PIECEWISE_BEZIER_KNOTS.);
#480 = CARTESIAN_POINT('',(27.999999999989,-60.24680582154));
#481 = CARTESIAN_POINT('',(-28.00000000001,-60.24680582154));
#482 = ( GEOMETRIC_REPRESENTATION_CONTEXT(2) 
PARAMETRIC_REPRESENTATION_CONTEXT() REPRESENTATION_CONTEXT('2D SPACE',''
  ) );
#483 = PCURVE('',#484,#489);
#484 = PLANE('',#485);
#485 = AXIS2_PLACEMENT_3D('',#486,#487,#488);
#486 = CARTESIAN_POINT('',(-28.,-60.2,1.8));
#487 = DIRECTION('',(0.,1.,0.));
#488 = DIRECTION('',(1.,0.,0.));
#489 = DEFINITIONAL_REPRESENTATION('',(#490),#493);
#490 = B_SPLINE_CURVE_WITH_KNOTS('',1,(#491,#492),.UNSPECIFIED.,.F.,.F.,
  (2,2),(-41.99999999999,14.000000000006),.PIECEWISE_BEZIER_KNOTS.);
#491 = CARTESIAN_POINT('',(56.,-5.45));
#492 = CARTESIAN_POINT('',(0.,-5.45));
#493 = ( GEOMETRIC_REPRESENTATION_CONTEXT(2) 
PARAMETRIC_REPRESENTATION_CONTEXT() REPRESENTATION_CONTEXT('2D SPACE',''
  ) );
#494 = ORIENTED_EDGE('',*,*,#495,.T.);
#495 = EDGE_CURVE('',#470,#496,#498,.T.);
#496 = VERTEX_POINT('',#497);
#497 = CARTESIAN_POINT('',(-30.2,-58.,7.25));
#498 = SURFACE_CURVE('',#499,(#504,#515),.PCURVE_S1.);
#499 = CIRCLE('',#500,2.2);
#500 = AXIS2_PLACEMENT_3D('',#501,#502,#503);
#501 = CARTESIAN_POINT('',(-28.,-58.,7.25));
#502 = DIRECTION('',(0.,0.,-1.));
#503 = DIRECTION('',(-1.,0.,0.));
#504 = PCURVE('',#54,#505);
#505 = DEFINITIONAL_REPRESENTATION('',(#506),#514);
#506 = ( BOUNDED_CURVE() B_SPLINE_CURVE(2,(#507,#508,#509,#510,#511,#512
,#513),.UNSPECIFIED.,.T.,.F.) B_SPLINE_CURVE_WITH_KNOTS((1,2,2,2,2,1),(
    -2.094395102393,0.,2.094395102393,4.188790204786,6.28318530718,
8.377580409573),.UNSPECIFIED.) CURVE() GEOMETRIC_REPRESENTATION_ITEM() 
RATIONAL_B_SPLINE_CURVE((1.,0.5,1.,0.5,1.,0.5,1.)) REPRESENTATION_ITEM(
  '') );
#507 = CARTESIAN_POINT('',(-30.20000000001,-58.04680582154));
#508 = CARTESIAN_POINT('',(-30.20000000001,-54.23629404489));
#509 = CARTESIAN_POINT('',(-26.90000000001,-56.14154993322));
#510 = CARTESIAN_POINT('',(-23.60000000001,-58.04680582154));
#511 = CARTESIAN_POINT('',(-26.90000000001,-59.95206170987));
#512 = CARTESIAN_POINT('',(-30.20000000001,-61.85731759819));
#513 = CARTESIAN_POINT('',(-30.20000000001,-58.04680582154));
#514 = ( GEOMETRIC_REPRESENTATION_CONTEXT(2) 
PARAMETRIC_REPRESENTATION_CONTEXT() REPRESENTATION_CONTEXT('2D SPACE',''
  ) );
#515 = PCURVE('',#516,#521);
#516 = CYLINDRICAL_SURFACE('',#517,2.2);
#517 = AXIS2_PLACEMENT_3D('',#518,#519,#520);
#518 = CARTESIAN_POINT('',(-28.,-58.,1.8));
#519 = DIRECTION('',(0.,0.,-1.));
#520 = DIRECTION('',(-1.,0.,0.));
#521 = DEFINITIONAL_REPRESENTATION('',(#522),#526);
#522 = LINE('',#523,#524);
#523 = CARTESIAN_POINT('',(0.,-5.45));
#524 = VECTOR('',#525,1.);
#525 = DIRECTION('',(1.,0.));
#526 = ( GEOMETRIC_REPRESENTATION_CONTEXT(2) 
PARAMETRIC_REPRESENTATION_CONTEXT() REPRESENTATION_CONTEXT('2D SPACE',''
  ) );
#527 = ORIENTED_EDGE('',*,*,#528,.F.);
#528 = EDGE_CURVE('',#529,#496,#531,.T.);
#529 = VERTEX_POINT('',#530);
#530 = CARTESIAN_POINT('',(-30.2,-9.435595774163,7.25));
#531 = SURFACE_CURVE('',#532,(#536,#542),.PCURVE_S1.);
#532 = LINE('',#533,#534);
#533 = CARTESIAN_POINT('',(-30.2,-28.97659708922,7.25));
#534 = VECTOR('',#535,1.);
#535 = DIRECTION('',(0.,-1.,0.));
#536 = PCURVE('',#54,#537);
#537 = DEFINITIONAL_REPRESENTATION('',(#538),#541);
#538 = B_SPLINE_CURVE_WITH_KNOTS('',1,(#539,#540),.UNSPECIFIED.,.F.,.F.,
  (2,2),(-19.54100131506,29.023402910773),.PIECEWISE_BEZIER_KNOTS.);
#539 = CARTESIAN_POINT('',(-30.20000000001,-9.482401595708));
#540 = CARTESIAN_POINT('',(-30.20000000001,-58.04680582154));
#541 = ( GEOMETRIC_REPRESENTATION_CONTEXT(2) 
PARAMETRIC_REPRESENTATION_CONTEXT() REPRESENTATION_CONTEXT('2D SPACE',''
  ) );
#542 = PCURVE('',#543,#548);
#543 = PLANE('',#544);
#544 = AXIS2_PLACEMENT_3D('',#545,#546,#547);
#545 = CARTESIAN_POINT('',(-30.2,-58.,1.8));
#546 = DIRECTION('',(-1.,0.,0.));
#547 = DIRECTION('',(0.,1.,0.));
#548 = DEFINITIONAL_REPRESENTATION('',(#549),#552);
#549 = B_SPLINE_CURVE_WITH_KNOTS('',1,(#550,#551),.UNSPECIFIED.,.F.,.F.,
  (2,2),(-19.54100131506,29.023402910773),.PIECEWISE_BEZIER_KNOTS.);
#550 = CARTESIAN_POINT('',(48.564404225838,-5.45));
#551 = CARTESIAN_POINT('',(0.,-5.45));
#552 = ( GEOMETRIC_REPRESENTATION_CONTEXT(2) 
PARAMETRIC_REPRESENTATION_CONTEXT() REPRESENTATION_CONTEXT('2D SPACE',''
  ) );
#553 = ORIENTED_EDGE('',*,*,#554,.F.);
#554 = EDGE_CURVE('',#555,#529,#557,.T.);
#555 = VERTEX_POINT('',#556);
#556 = CARTESIAN_POINT('',(-30.78,-6.907434386909,7.25));
#557 = SURFACE_CURVE('',#558,(#563,#574),.PCURVE_S1.);
#558 = CIRCLE('',#559,5.8);
#559 = AXIS2_PLACEMENT_3D('',#560,#561,#562);
#560 = CARTESIAN_POINT('',(-36.,-9.435595774163,7.25));
#561 = DIRECTION('',(0.,0.,-1.));
#562 = DIRECTION('',(-1.,0.,0.));
#563 = PCURVE('',#54,#564);
#564 = DEFINITIONAL_REPRESENTATION('',(#565),#573);
#565 = ( BOUNDED_CURVE() B_SPLINE_CURVE(2,(#566,#567,#568,#569,#570,#571
,#572),.UNSPECIFIED.,.T.,.F.) B_SPLINE_CURVE_WITH_KNOTS((1,2,2,2,2,1),(
    -2.094395102393,0.,2.094395102393,4.188790204786,6.28318530718,
8.377580409573),.UNSPECIFIED.) CURVE() GEOMETRIC_REPRESENTATION_ITEM() 
RATIONAL_B_SPLINE_CURVE((1.,0.5,1.,0.5,1.,0.5,1.)) REPRESENTATION_ITEM(
  '') );
#566 = CARTESIAN_POINT('',(-41.80000000001,-9.482401595708));
#567 = CARTESIAN_POINT('',(-41.80000000001,0.563493088191));
#568 = CARTESIAN_POINT('',(-33.10000000001,-4.459454253759));
#569 = CARTESIAN_POINT('',(-24.40000000001,-9.482401595708));
#570 = CARTESIAN_POINT('',(-33.10000000001,-14.50534893765));
#571 = CARTESIAN_POINT('',(-41.80000000001,-19.5282962796));
#572 = CARTESIAN_POINT('',(-41.80000000001,-9.482401595708));
#573 = ( GEOMETRIC_REPRESENTATION_CONTEXT(2) 
PARAMETRIC_REPRESENTATION_CONTEXT() REPRESENTATION_CONTEXT('2D SPACE',''
  ) );
#574 = PCURVE('',#575,#580);
#575 = CYLINDRICAL_SURFACE('',#576,5.8);
#576 = AXIS2_PLACEMENT_3D('',#577,#578,#579);
#577 = CARTESIAN_POINT('',(-36.,-9.435595774163,1.8));
#578 = DIRECTION('',(0.,0.,-1.));
#579 = DIRECTION('',(-1.,0.,0.));
#580 = DEFINITIONAL_REPRESENTATION('',(#581),#585);
#581 = LINE('',#582,#583);
#582 = CARTESIAN_POINT('',(0.,-5.45));
#583 = VECTOR('',#584,1.);
#584 = DIRECTION('',(1.,0.));
#585 = ( GEOMETRIC_REPRESENTATION_CONTEXT(2) 
PARAMETRIC_REPRESENTATION_CONTEXT() REPRESENTATION_CONTEXT('2D SPACE',''
  ) );
#586 = ORIENTED_EDGE('',*,*,#587,.T.);
#587 = EDGE_CURVE('',#555,#588,#590,.T.);
#588 = VERTEX_POINT('',#589);
#589 = CARTESIAN_POINT('',(-30.78,22.907434386909,7.25));
#590 = SURFACE_CURVE('',#591,(#596,#607),.PCURVE_S1.);
#591 = CIRCLE('',#592,34.2);
#592 = AXIS2_PLACEMENT_3D('',#593,#594,#595);
#593 = CARTESIAN_POINT('',(0.,8.,7.25));
#594 = DIRECTION('',(0.,0.,-1.));
#595 = DIRECTION('',(1.,0.,0.));
#596 = PCURVE('',#54,#597);
#597 = DEFINITIONAL_REPRESENTATION('',(#598),#606);
#598 = ( BOUNDED_CURVE() B_SPLINE_CURVE(2,(#599,#600,#601,#602,#603,#604
,#605),.UNSPECIFIED.,.T.,.F.) B_SPLINE_CURVE_WITH_KNOTS((1,2,2,2,2,1),(
    -2.094395102393,0.,2.094395102393,4.188790204786,6.28318530718,
8.377580409573),.UNSPECIFIED.) CURVE() GEOMETRIC_REPRESENTATION_ITEM() 
RATIONAL_B_SPLINE_CURVE((1.,0.5,1.,0.5,1.,0.5,1.)) REPRESENTATION_ITEM(
  '') );
#599 = CARTESIAN_POINT('',(34.199999999989,7.953194178454));
#600 = CARTESIAN_POINT('',(34.199999999989,-51.2829434404));
#601 = CARTESIAN_POINT('',(-17.10000000001,-21.66487463097));
#602 = CARTESIAN_POINT('',(-68.40000000001,7.953194178454));
#603 = CARTESIAN_POINT('',(-17.10000000001,37.571262987882));
#604 = CARTESIAN_POINT('',(34.199999999989,67.18933179731));
#605 = CARTESIAN_POINT('',(34.199999999989,7.953194178454));
#606 = ( GEOMETRIC_REPRESENTATION_CONTEXT(2) 
PARAMETRIC_REPRESENTATION_CONTEXT() REPRESENTATION_CONTEXT('2D SPACE',''
  ) );
#607 = PCURVE('',#608,#613);
#608 = CYLINDRICAL_SURFACE('',#609,34.2);
#609 = AXIS2_PLACEMENT_3D('',#610,#611,#612);
#610 = CARTESIAN_POINT('',(0.,8.,1.8));
#611 = DIRECTION('',(-0.,0.,-1.));
#612 = DIRECTION('',(1.,0.,0.));
#613 = DEFINITIONAL_REPRESENTATION('',(#614),#618);
#614 = LINE('',#615,#616);
#615 = CARTESIAN_POINT('',(-6.28318530718,-5.45));
#616 = VECTOR('',#617,1.);
#617 = DIRECTION('',(1.,-0.));
#618 = ( GEOMETRIC_REPRESENTATION_CONTEXT(2) 
PARAMETRIC_REPRESENTATION_CONTEXT() REPRESENTATION_CONTEXT('2D SPACE',''
  ) );
#619 = ORIENTED_EDGE('',*,*,#620,.F.);
#620 = EDGE_CURVE('',#621,#588,#623,.T.);
#621 = VERTEX_POINT('',#622);
#622 = CARTESIAN_POINT('',(-30.2,25.435595774163,7.25));
#623 = SURFACE_CURVE('',#624,(#629,#640),.PCURVE_S1.);
#624 = CIRCLE('',#625,5.8);
#625 = AXIS2_PLACEMENT_3D('',#626,#627,#628);
#626 = CARTESIAN_POINT('',(-36.,25.435595774163,7.25));
#627 = DIRECTION('',(0.,0.,-1.));
#628 = DIRECTION('',(-1.,0.,0.));
#629 = PCURVE('',#54,#630);
#630 = DEFINITIONAL_REPRESENTATION('',(#631),#639);
#631 = ( BOUNDED_CURVE() B_SPLINE_CURVE(2,(#632,#633,#634,#635,#636,#637
,#638),.UNSPECIFIED.,.T.,.F.) B_SPLINE_CURVE_WITH_KNOTS((1,2,2,2,2,1),(
    -2.094395102393,0.,2.094395102393,4.188790204786,6.28318530718,
8.377580409573),.UNSPECIFIED.) CURVE() GEOMETRIC_REPRESENTATION_ITEM() 
RATIONAL_B_SPLINE_CURVE((1.,0.5,1.,0.5,1.,0.5,1.)) REPRESENTATION_ITEM(
  '') );
#632 = CARTESIAN_POINT('',(-41.80000000001,25.388789952617));
#633 = CARTESIAN_POINT('',(-41.80000000001,35.434684636516));
#634 = CARTESIAN_POINT('',(-33.10000000001,30.411737294567));
#635 = CARTESIAN_POINT('',(-24.40000000001,25.388789952617));
#636 = CARTESIAN_POINT('',(-33.10000000001,20.365842610667));
#637 = CARTESIAN_POINT('',(-41.80000000001,15.342895268717));
#638 = CARTESIAN_POINT('',(-41.80000000001,25.388789952617));
#639 = ( GEOMETRIC_REPRESENTATION_CONTEXT(2) 
PARAMETRIC_REPRESENTATION_CONTEXT() REPRESENTATION_CONTEXT('2D SPACE',''
  ) );
#640 = PCURVE('',#641,#646);
#641 = CYLINDRICAL_SURFACE('',#642,5.8);
#642 = AXIS2_PLACEMENT_3D('',#643,#644,#645);
#643 = CARTESIAN_POINT('',(-36.,25.435595774163,1.8));
#644 = DIRECTION('',(0.,0.,-1.));
#645 = DIRECTION('',(-1.,0.,0.));
#646 = DEFINITIONAL_REPRESENTATION('',(#647),#651);
#647 = LINE('',#648,#649);
#648 = CARTESIAN_POINT('',(0.,-5.45));
#649 = VECTOR('',#650,1.);
#650 = DIRECTION('',(1.,0.));
#651 = ( GEOMETRIC_REPRESENTATION_CONTEXT(2) 
PARAMETRIC_REPRESENTATION_CONTEXT() REPRESENTATION_CONTEXT('2D SPACE',''
  ) );
#652 = ORIENTED_EDGE('',*,*,#653,.F.);
#653 = EDGE_CURVE('',#654,#621,#656,.T.);
#654 = VERTEX_POINT('',#655);
#655 = CARTESIAN_POINT('',(-30.2,57.999999997379,7.25));
#656 = SURFACE_CURVE('',#657,(#661,#667),.PCURVE_S1.);
#657 = LINE('',#658,#659);
#658 = CARTESIAN_POINT('',(-30.2,12.741200797854,7.25));
#659 = VECTOR('',#660,1.);
#660 = DIRECTION('',(0.,-1.,0.));
#661 = PCURVE('',#54,#662);
#662 = DEFINITIONAL_REPRESENTATION('',(#663),#666);
#663 = B_SPLINE_CURVE_WITH_KNOTS('',1,(#664,#665),.UNSPECIFIED.,.F.,.F.,
  (2,2),(-45.25879919952,-12.6943949763),.PIECEWISE_BEZIER_KNOTS.);
#664 = CARTESIAN_POINT('',(-30.20000000001,57.953194175833));
#665 = CARTESIAN_POINT('',(-30.20000000001,25.388789952617));
#666 = ( GEOMETRIC_REPRESENTATION_CONTEXT(2) 
PARAMETRIC_REPRESENTATION_CONTEXT() REPRESENTATION_CONTEXT('2D SPACE',''
  ) );
#667 = PCURVE('',#668,#673);
#668 = PLANE('',#669);
#669 = AXIS2_PLACEMENT_3D('',#670,#671,#672);
#670 = CARTESIAN_POINT('',(-30.2,25.435595774163,1.8));
#671 = DIRECTION('',(-1.,0.,0.));
#672 = DIRECTION('',(0.,1.,0.));
#673 = DEFINITIONAL_REPRESENTATION('',(#674),#677);
#674 = B_SPLINE_CURVE_WITH_KNOTS('',1,(#675,#676),.UNSPECIFIED.,.F.,.F.,
  (2,2),(-45.25879919952,-12.6943949763),.PIECEWISE_BEZIER_KNOTS.);
#675 = CARTESIAN_POINT('',(32.564404223217,-5.45));
#676 = CARTESIAN_POINT('',(0.,-5.45));
#677 = ( GEOMETRIC_REPRESENTATION_CONTEXT(2) 
PARAMETRIC_REPRESENTATION_CONTEXT() REPRESENTATION_CONTEXT('2D SPACE',''
  ) );
#678 = ORIENTED_EDGE('',*,*,#679,.T.);
#679 = EDGE_CURVE('',#654,#680,#682,.T.);
#680 = VERTEX_POINT('',#681);
#681 = CARTESIAN_POINT('',(-28.,60.199999997379,7.25));
#682 = SURFACE_CURVE('',#683,(#688,#699),.PCURVE_S1.);
#683 = CIRCLE('',#684,2.2);
#684 = AXIS2_PLACEMENT_3D('',#685,#686,#687);
#685 = CARTESIAN_POINT('',(-28.,57.999999997379,7.25));
#686 = DIRECTION('',(0.,0.,-1.));
#687 = DIRECTION('',(-1.,0.,0.));
#688 = PCURVE('',#54,#689);
#689 = DEFINITIONAL_REPRESENTATION('',(#690),#698);
#690 = ( BOUNDED_CURVE() B_SPLINE_CURVE(2,(#691,#692,#693,#694,#695,#696
,#697),.UNSPECIFIED.,.T.,.F.) B_SPLINE_CURVE_WITH_KNOTS((1,2,2,2,2,1),(
    -2.094395102393,0.,2.094395102393,4.188790204786,6.28318530718,
8.377580409573),.UNSPECIFIED.) CURVE() GEOMETRIC_REPRESENTATION_ITEM() 
RATIONAL_B_SPLINE_CURVE((1.,0.5,1.,0.5,1.,0.5,1.)) REPRESENTATION_ITEM(
  '') );
#691 = CARTESIAN_POINT('',(-30.20000000001,57.953194175833));
#692 = CARTESIAN_POINT('',(-30.20000000001,61.763705952485));
#693 = CARTESIAN_POINT('',(-26.90000000001,59.858450064159));
#694 = CARTESIAN_POINT('',(-23.60000000001,57.953194175833));
#695 = CARTESIAN_POINT('',(-26.90000000001,56.047938287508));
#696 = CARTESIAN_POINT('',(-30.20000000001,54.142682399182));
#697 = CARTESIAN_POINT('',(-30.20000000001,57.953194175833));
#698 = ( GEOMETRIC_REPRESENTATION_CONTEXT(2) 
PARAMETRIC_REPRESENTATION_CONTEXT() REPRESENTATION_CONTEXT('2D SPACE',''
  ) );
#699 = PCURVE('',#700,#705);
#700 = CYLINDRICAL_SURFACE('',#701,2.2);
#701 = AXIS2_PLACEMENT_3D('',#702,#703,#704);
#702 = CARTESIAN_POINT('',(-28.,57.999999997379,1.8));
#703 = DIRECTION('',(0.,0.,-1.));
#704 = DIRECTION('',(-1.,0.,0.));
#705 = DEFINITIONAL_REPRESENTATION('',(#706),#710);
#706 = LINE('',#707,#708);
#707 = CARTESIAN_POINT('',(6.28318530718,-5.45));
#708 = VECTOR('',#709,1.);
#709 = DIRECTION('',(1.,0.));
#710 = ( GEOMETRIC_REPRESENTATION_CONTEXT(2) 
PARAMETRIC_REPRESENTATION_CONTEXT() REPRESENTATION_CONTEXT('2D SPACE',''
  ) );
#711 = ORIENTED_EDGE('',*,*,#712,.F.);
#712 = EDGE_CURVE('',#713,#680,#715,.T.);
#713 = VERTEX_POINT('',#714);
#714 = CARTESIAN_POINT('',(-18.,60.2,7.25));
#715 = SURFACE_CURVE('',#716,(#720,#726),.PCURVE_S1.);
#716 = LINE('',#717,#718);
#717 = CARTESIAN_POINT('',(-13.99999999999,60.2,7.25));
#718 = VECTOR('',#719,1.);
#719 = DIRECTION('',(-1.,0.,0.));
#720 = PCURVE('',#54,#721);
#721 = DEFINITIONAL_REPRESENTATION('',(#722),#725);
#722 = B_SPLINE_CURVE_WITH_KNOTS('',1,(#723,#724),.UNSPECIFIED.,.F.,.F.,
  (2,2),(4.000000000006,14.000000000006),.PIECEWISE_BEZIER_KNOTS.);
#723 = CARTESIAN_POINT('',(-18.00000000001,60.153194178454));
#724 = CARTESIAN_POINT('',(-28.00000000001,60.153194178454));
#725 = ( GEOMETRIC_REPRESENTATION_CONTEXT(2) 
PARAMETRIC_REPRESENTATION_CONTEXT() REPRESENTATION_CONTEXT('2D SPACE',''
  ) );
#726 = PCURVE('',#727,#732);
#727 = PLANE('',#728);
#728 = AXIS2_PLACEMENT_3D('',#729,#730,#731);
#729 = CARTESIAN_POINT('',(-28.,60.2,1.8));
#730 = DIRECTION('',(0.,1.,0.));
#731 = DIRECTION('',(1.,0.,0.));
#732 = DEFINITIONAL_REPRESENTATION('',(#733),#736);
#733 = B_SPLINE_CURVE_WITH_KNOTS('',1,(#734,#735),.UNSPECIFIED.,.F.,.F.,
  (2,2),(4.000000000006,14.000000000006),.PIECEWISE_BEZIER_KNOTS.);
#734 = CARTESIAN_POINT('',(10.,-5.45));
#735 = CARTESIAN_POINT('',(0.,-5.45));
#736 = ( GEOMETRIC_REPRESENTATION_CONTEXT(2) 
PARAMETRIC_REPRESENTATION_CONTEXT() REPRESENTATION_CONTEXT('2D SPACE',''
  ) );
#737 = ORIENTED_EDGE('',*,*,#738,.T.);
#738 = EDGE_CURVE('',#713,#739,#741,.T.);
#739 = VERTEX_POINT('',#740);
#740 = CARTESIAN_POINT('',(-18.,55.,7.25));
#741 = SURFACE_CURVE('',#742,(#746,#752),.PCURVE_S1.);
#742 = LINE('',#743,#744);
#743 = CARTESIAN_POINT('',(-18.,27.523402910773,7.25));
#744 = VECTOR('',#745,1.);
#745 = DIRECTION('',(0.,-1.,0.));
#746 = PCURVE('',#54,#747);
#747 = DEFINITIONAL_REPRESENTATION('',(#748),#751);
#748 = B_SPLINE_CURVE_WITH_KNOTS('',1,(#749,#750),.UNSPECIFIED.,.F.,.F.,
  (2,2),(-32.67659708922,-27.47659708922),.PIECEWISE_BEZIER_KNOTS.);
#749 = CARTESIAN_POINT('',(-18.00000000001,60.153194178454));
#750 = CARTESIAN_POINT('',(-18.00000000001,54.953194178454));
#751 = ( GEOMETRIC_REPRESENTATION_CONTEXT(2) 
PARAMETRIC_REPRESENTATION_CONTEXT() REPRESENTATION_CONTEXT('2D SPACE',''
  ) );
#752 = PCURVE('',#753,#758);
#753 = PLANE('',#754);
#754 = AXIS2_PLACEMENT_3D('',#755,#756,#757);
#755 = CARTESIAN_POINT('',(-18.,55.,1.8));
#756 = DIRECTION('',(-1.,-0.,0.));
#757 = DIRECTION('',(-0.,1.,0.));
#758 = DEFINITIONAL_REPRESENTATION('',(#759),#762);
#759 = B_SPLINE_CURVE_WITH_KNOTS('',1,(#760,#761),.UNSPECIFIED.,.F.,.F.,
  (2,2),(-32.67659708922,-27.47659708922),.PIECEWISE_BEZIER_KNOTS.);
#760 = CARTESIAN_POINT('',(5.2,-5.45));
#761 = CARTESIAN_POINT('',(0.,-5.45));
#762 = ( GEOMETRIC_REPRESENTATION_CONTEXT(2) 
PARAMETRIC_REPRESENTATION_CONTEXT() REPRESENTATION_CONTEXT('2D SPACE',''
  ) );
#763 = ORIENTED_EDGE('',*,*,#764,.F.);
#764 = EDGE_CURVE('',#765,#739,#767,.T.);
#765 = VERTEX_POINT('',#766);
#766 = CARTESIAN_POINT('',(18.,55.,7.25));
#767 = SURFACE_CURVE('',#768,(#772,#778),.PCURVE_S1.);
#768 = LINE('',#769,#770);
#769 = CARTESIAN_POINT('',(-8.999999999994,55.,7.25));
#770 = VECTOR('',#771,1.);
#771 = DIRECTION('',(-1.,-0.,0.));
#772 = PCURVE('',#54,#773);
#773 = DEFINITIONAL_REPRESENTATION('',(#774),#777);
#774 = B_SPLINE_CURVE_WITH_KNOTS('',1,(#775,#776),.UNSPECIFIED.,.F.,.F.,
  (2,2),(-26.99999999999,9.000000000006),.PIECEWISE_BEZIER_KNOTS.);
#775 = CARTESIAN_POINT('',(17.999999999989,54.953194178454));
#776 = CARTESIAN_POINT('',(-18.00000000001,54.953194178454));
#777 = ( GEOMETRIC_REPRESENTATION_CONTEXT(2) 
PARAMETRIC_REPRESENTATION_CONTEXT() REPRESENTATION_CONTEXT('2D SPACE',''
  ) );
#778 = PCURVE('',#779,#784);
#779 = PLANE('',#780);
#780 = AXIS2_PLACEMENT_3D('',#781,#782,#783);
#781 = CARTESIAN_POINT('',(-18.,55.,1.8));
#782 = DIRECTION('',(-0.,1.,0.));
#783 = DIRECTION('',(1.,0.,-0.));
#784 = DEFINITIONAL_REPRESENTATION('',(#785),#788);
#785 = B_SPLINE_CURVE_WITH_KNOTS('',1,(#786,#787),.UNSPECIFIED.,.F.,.F.,
  (2,2),(-26.99999999999,9.000000000006),.PIECEWISE_BEZIER_KNOTS.);
#786 = CARTESIAN_POINT('',(36.,-5.45));
#787 = CARTESIAN_POINT('',(0.,-5.45));
#788 = ( GEOMETRIC_REPRESENTATION_CONTEXT(2) 
PARAMETRIC_REPRESENTATION_CONTEXT() REPRESENTATION_CONTEXT('2D SPACE',''
  ) );
#789 = ORIENTED_EDGE('',*,*,#790,.F.);
#790 = EDGE_CURVE('',#791,#765,#793,.T.);
#791 = VERTEX_POINT('',#792);
#792 = CARTESIAN_POINT('',(18.,60.2,7.25));
#793 = SURFACE_CURVE('',#794,(#798,#804),.PCURVE_S1.);
#794 = LINE('',#795,#796);
#795 = CARTESIAN_POINT('',(18.,27.523402910773,7.25));
#796 = VECTOR('',#797,1.);
#797 = DIRECTION('',(0.,-1.,0.));
#798 = PCURVE('',#54,#799);
#799 = DEFINITIONAL_REPRESENTATION('',(#800),#803);
#800 = B_SPLINE_CURVE_WITH_KNOTS('',1,(#801,#802),.UNSPECIFIED.,.F.,.F.,
  (2,2),(-32.67659708922,-27.47659708922),.PIECEWISE_BEZIER_KNOTS.);
#801 = CARTESIAN_POINT('',(17.999999999989,60.153194178454));
#802 = CARTESIAN_POINT('',(17.999999999989,54.953194178454));
#803 = ( GEOMETRIC_REPRESENTATION_CONTEXT(2) 
PARAMETRIC_REPRESENTATION_CONTEXT() REPRESENTATION_CONTEXT('2D SPACE',''
  ) );
#804 = PCURVE('',#805,#810);
#805 = PLANE('',#806);
#806 = AXIS2_PLACEMENT_3D('',#807,#808,#809);
#807 = CARTESIAN_POINT('',(18.,55.,1.8));
#808 = DIRECTION('',(-1.,-0.,0.));
#809 = DIRECTION('',(-0.,1.,0.));
#810 = DEFINITIONAL_REPRESENTATION('',(#811),#814);
#811 = B_SPLINE_CURVE_WITH_KNOTS('',1,(#812,#813),.UNSPECIFIED.,.F.,.F.,
  (2,2),(-32.67659708922,-27.47659708922),.PIECEWISE_BEZIER_KNOTS.);
#812 = CARTESIAN_POINT('',(5.2,-5.45));
#813 = CARTESIAN_POINT('',(0.,-5.45));
#814 = ( GEOMETRIC_REPRESENTATION_CONTEXT(2) 
PARAMETRIC_REPRESENTATION_CONTEXT() REPRESENTATION_CONTEXT('2D SPACE',''
  ) );
#815 = ORIENTED_EDGE('',*,*,#816,.F.);
#816 = EDGE_CURVE('',#817,#791,#819,.T.);
#817 = VERTEX_POINT('',#818);
#818 = CARTESIAN_POINT('',(28.,60.2,7.25));
#819 = SURFACE_CURVE('',#820,(#824,#830),.PCURVE_S1.);
#820 = LINE('',#821,#822);
#821 = CARTESIAN_POINT('',(9.000000000006,60.2,7.25));
#822 = VECTOR('',#823,1.);
#823 = DIRECTION('',(-1.,0.,0.));
#824 = PCURVE('',#54,#825);
#825 = DEFINITIONAL_REPRESENTATION('',(#826),#829);
#826 = B_SPLINE_CURVE_WITH_KNOTS('',1,(#827,#828),.UNSPECIFIED.,.F.,.F.,
  (2,2),(-18.99999999999,-8.999999999994),.PIECEWISE_BEZIER_KNOTS.);
#827 = CARTESIAN_POINT('',(27.999999999989,60.153194178454));
#828 = CARTESIAN_POINT('',(17.999999999989,60.153194178454));
#829 = ( GEOMETRIC_REPRESENTATION_CONTEXT(2) 
PARAMETRIC_REPRESENTATION_CONTEXT() REPRESENTATION_CONTEXT('2D SPACE',''
  ) );
#830 = PCURVE('',#831,#836);
#831 = PLANE('',#832);
#832 = AXIS2_PLACEMENT_3D('',#833,#834,#835);
#833 = CARTESIAN_POINT('',(18.,60.2,1.8));
#834 = DIRECTION('',(0.,1.,0.));
#835 = DIRECTION('',(1.,0.,0.));
#836 = DEFINITIONAL_REPRESENTATION('',(#837),#840);
#837 = B_SPLINE_CURVE_WITH_KNOTS('',1,(#838,#839),.UNSPECIFIED.,.F.,.F.,
  (2,2),(-18.99999999999,-8.999999999994),.PIECEWISE_BEZIER_KNOTS.);
#838 = CARTESIAN_POINT('',(10.,-5.45));
#839 = CARTESIAN_POINT('',(0.,-5.45));
#840 = ( GEOMETRIC_REPRESENTATION_CONTEXT(2) 
PARAMETRIC_REPRESENTATION_CONTEXT() REPRESENTATION_CONTEXT('2D SPACE',''
  ) );
#841 = ORIENTED_EDGE('',*,*,#842,.T.);
#842 = EDGE_CURVE('',#817,#843,#845,.T.);
#843 = VERTEX_POINT('',#844);
#844 = CARTESIAN_POINT('',(30.2,57.99999999751,7.25));
#845 = SURFACE_CURVE('',#846,(#851,#862),.PCURVE_S1.);
#846 = CIRCLE('',#847,2.2);
#847 = AXIS2_PLACEMENT_3D('',#848,#849,#850);
#848 = CARTESIAN_POINT('',(28.,57.99999999751,7.25));
#849 = DIRECTION('',(0.,0.,-1.));
#850 = DIRECTION('',(-1.,0.,0.));
#851 = PCURVE('',#54,#852);
#852 = DEFINITIONAL_REPRESENTATION('',(#853),#861);
#853 = ( BOUNDED_CURVE() B_SPLINE_CURVE(2,(#854,#855,#856,#857,#858,#859
,#860),.UNSPECIFIED.,.T.,.F.) B_SPLINE_CURVE_WITH_KNOTS((1,2,2,2,2,1),(
    -2.094395102393,0.,2.094395102393,4.188790204786,6.28318530718,
8.377580409573),.UNSPECIFIED.) CURVE() GEOMETRIC_REPRESENTATION_ITEM() 
RATIONAL_B_SPLINE_CURVE((1.,0.5,1.,0.5,1.,0.5,1.)) REPRESENTATION_ITEM(
  '') );
#854 = CARTESIAN_POINT('',(25.799999999989,57.953194175964));
#855 = CARTESIAN_POINT('',(25.799999999989,61.763705952616));
#856 = CARTESIAN_POINT('',(29.099999999989,59.85845006429));
#857 = CARTESIAN_POINT('',(32.399999999989,57.953194175964));
#858 = CARTESIAN_POINT('',(29.099999999989,56.047938287639));
#859 = CARTESIAN_POINT('',(25.799999999989,54.142682399313));
#860 = CARTESIAN_POINT('',(25.799999999989,57.953194175964));
#861 = ( GEOMETRIC_REPRESENTATION_CONTEXT(2) 
PARAMETRIC_REPRESENTATION_CONTEXT() REPRESENTATION_CONTEXT('2D SPACE',''
  ) );
#862 = PCURVE('',#863,#868);
#863 = CYLINDRICAL_SURFACE('',#864,2.2);
#864 = AXIS2_PLACEMENT_3D('',#865,#866,#867);
#865 = CARTESIAN_POINT('',(28.,57.99999999751,1.8));
#866 = DIRECTION('',(0.,0.,-1.));
#867 = DIRECTION('',(-1.,0.,0.));
#868 = DEFINITIONAL_REPRESENTATION('',(#869),#873);
#869 = LINE('',#870,#871);
#870 = CARTESIAN_POINT('',(0.,-5.45));
#871 = VECTOR('',#872,1.);
#872 = DIRECTION('',(1.,0.));
#873 = ( GEOMETRIC_REPRESENTATION_CONTEXT(2) 
PARAMETRIC_REPRESENTATION_CONTEXT() REPRESENTATION_CONTEXT('2D SPACE',''
  ) );
#874 = ORIENTED_EDGE('',*,*,#875,.T.);
#875 = EDGE_CURVE('',#843,#876,#878,.T.);
#876 = VERTEX_POINT('',#877);
#877 = CARTESIAN_POINT('',(30.2,25.435595774163,7.25));
#878 = SURFACE_CURVE('',#879,(#883,#889),.PCURVE_S1.);
#879 = LINE('',#880,#881);
#880 = CARTESIAN_POINT('',(30.2,12.741200797854,7.25));
#881 = VECTOR('',#882,1.);
#882 = DIRECTION('',(0.,-1.,0.));
#883 = PCURVE('',#54,#884);
#884 = DEFINITIONAL_REPRESENTATION('',(#885),#888);
#885 = B_SPLINE_CURVE_WITH_KNOTS('',1,(#886,#887),.UNSPECIFIED.,.F.,.F.,
  (2,2),(-45.25879919965,-12.6943949763),.PIECEWISE_BEZIER_KNOTS.);
#886 = CARTESIAN_POINT('',(30.199999999989,57.953194175964));
#887 = CARTESIAN_POINT('',(30.199999999989,25.388789952617));
#888 = ( GEOMETRIC_REPRESENTATION_CONTEXT(2) 
PARAMETRIC_REPRESENTATION_CONTEXT() REPRESENTATION_CONTEXT('2D SPACE',''
  ) );
#889 = PCURVE('',#890,#895);
#890 = PLANE('',#891);
#891 = AXIS2_PLACEMENT_3D('',#892,#893,#894);
#892 = CARTESIAN_POINT('',(30.2,25.435595774163,1.8));
#893 = DIRECTION('',(-1.,0.,0.));
#894 = DIRECTION('',(0.,1.,0.));
#895 = DEFINITIONAL_REPRESENTATION('',(#896),#899);
#896 = B_SPLINE_CURVE_WITH_KNOTS('',1,(#897,#898),.UNSPECIFIED.,.F.,.F.,
  (2,2),(-45.25879919965,-12.6943949763),.PIECEWISE_BEZIER_KNOTS.);
#897 = CARTESIAN_POINT('',(32.564404223347,-5.45));
#898 = CARTESIAN_POINT('',(0.,-5.45));
#899 = ( GEOMETRIC_REPRESENTATION_CONTEXT(2) 
PARAMETRIC_REPRESENTATION_CONTEXT() REPRESENTATION_CONTEXT('2D SPACE',''
  ) );
#900 = ORIENTED_EDGE('',*,*,#901,.F.);
#901 = EDGE_CURVE('',#902,#876,#904,.T.);
#902 = VERTEX_POINT('',#903);
#903 = CARTESIAN_POINT('',(30.78,22.907434386909,7.25));
#904 = SURFACE_CURVE('',#905,(#910,#921),.PCURVE_S1.);
#905 = CIRCLE('',#906,5.8);
#906 = AXIS2_PLACEMENT_3D('',#907,#908,#909);
#907 = CARTESIAN_POINT('',(36.,25.435595774163,7.25));
#908 = DIRECTION('',(0.,0.,-1.));
#909 = DIRECTION('',(-1.,0.,0.));
#910 = PCURVE('',#54,#911);
#911 = DEFINITIONAL_REPRESENTATION('',(#912),#920);
#912 = ( BOUNDED_CURVE() B_SPLINE_CURVE(2,(#913,#914,#915,#916,#917,#918
,#919),.UNSPECIFIED.,.T.,.F.) B_SPLINE_CURVE_WITH_KNOTS((1,2,2,2,2,1),(
    -2.094395102393,0.,2.094395102393,4.188790204786,6.28318530718,
8.377580409573),.UNSPECIFIED.) CURVE() GEOMETRIC_REPRESENTATION_ITEM() 
RATIONAL_B_SPLINE_CURVE((1.,0.5,1.,0.5,1.,0.5,1.)) REPRESENTATION_ITEM(
  '') );
#913 = CARTESIAN_POINT('',(30.199999999989,25.388789952617));
#914 = CARTESIAN_POINT('',(30.199999999989,35.434684636516));
#915 = CARTESIAN_POINT('',(38.899999999989,30.411737294567));
#916 = CARTESIAN_POINT('',(47.599999999989,25.388789952617));
#917 = CARTESIAN_POINT('',(38.899999999989,20.365842610667));
#918 = CARTESIAN_POINT('',(30.199999999989,15.342895268717));
#919 = CARTESIAN_POINT('',(30.199999999989,25.388789952617));
#920 = ( GEOMETRIC_REPRESENTATION_CONTEXT(2) 
PARAMETRIC_REPRESENTATION_CONTEXT() REPRESENTATION_CONTEXT('2D SPACE',''
  ) );
#921 = PCURVE('',#922,#927);
#922 = CYLINDRICAL_SURFACE('',#923,5.8);
#923 = AXIS2_PLACEMENT_3D('',#924,#925,#926);
#924 = CARTESIAN_POINT('',(36.,25.435595774163,1.8));
#925 = DIRECTION('',(0.,0.,-1.));
#926 = DIRECTION('',(-1.,0.,0.));
#927 = DEFINITIONAL_REPRESENTATION('',(#928),#932);
#928 = LINE('',#929,#930);
#929 = CARTESIAN_POINT('',(1.7763568394E-15,-5.45));
#930 = VECTOR('',#931,1.);
#931 = DIRECTION('',(1.,0.));
#932 = ( GEOMETRIC_REPRESENTATION_CONTEXT(2) 
PARAMETRIC_REPRESENTATION_CONTEXT() REPRESENTATION_CONTEXT('2D SPACE',''
  ) );
#933 = ORIENTED_EDGE('',*,*,#934,.T.);
#934 = EDGE_CURVE('',#902,#935,#937,.T.);
#935 = VERTEX_POINT('',#936);
#936 = CARTESIAN_POINT('',(30.78,-6.907434386909,7.25));
#937 = SURFACE_CURVE('',#938,(#943,#954),.PCURVE_S1.);
#938 = CIRCLE('',#939,34.2);
#939 = AXIS2_PLACEMENT_3D('',#940,#941,#942);
#940 = CARTESIAN_POINT('',(0.,8.,7.25));
#941 = DIRECTION('',(-0.,0.,-1.));
#942 = DIRECTION('',(0.888888888889,-0.458122847291,-0.));
#943 = PCURVE('',#54,#944);
#944 = DEFINITIONAL_REPRESENTATION('',(#945),#953);
#945 = ( BOUNDED_CURVE() B_SPLINE_CURVE(2,(#946,#947,#948,#949,#950,#951
,#952),.UNSPECIFIED.,.T.,.F.) B_SPLINE_CURVE_WITH_KNOTS((1,2,2,2,2,1),(
    -2.094395102393,0.,2.094395102393,4.188790204786,6.28318530718,
8.377580409573),.UNSPECIFIED.) CURVE() GEOMETRIC_REPRESENTATION_ITEM() 
RATIONAL_B_SPLINE_CURVE((1.,0.5,1.,0.5,1.,0.5,1.)) REPRESENTATION_ITEM(
  '') );
#946 = CARTESIAN_POINT('',(30.399999999989,-7.714607198892));
#947 = CARTESIAN_POINT('',(3.262571971528,-60.36895174898));
#948 = CARTESIAN_POINT('',(-28.76871401424,-10.54007740792));
#949 = CARTESIAN_POINT('',(-60.80000000001,39.288796933146));
#950 = CARTESIAN_POINT('',(-1.631285985781,42.114267142175));
#951 = CARTESIAN_POINT('',(57.53742802845,44.939737351203));
#952 = CARTESIAN_POINT('',(30.399999999989,-7.714607198892));
#953 = ( GEOMETRIC_REPRESENTATION_CONTEXT(2) 
PARAMETRIC_REPRESENTATION_CONTEXT() REPRESENTATION_CONTEXT('2D SPACE',''
  ) );
#954 = PCURVE('',#955,#960);
#955 = CYLINDRICAL_SURFACE('',#956,34.2);
#956 = AXIS2_PLACEMENT_3D('',#957,#958,#959);
#957 = CARTESIAN_POINT('',(0.,8.,1.8));
#958 = DIRECTION('',(-0.,0.,-1.));
#959 = DIRECTION('',(0.888888888889,-0.458122847291,-0.));
#960 = DEFINITIONAL_REPRESENTATION('',(#961),#965);
#961 = LINE('',#962,#963);
#962 = CARTESIAN_POINT('',(-12.56637061435,-5.45));
#963 = VECTOR('',#964,1.);
#964 = DIRECTION('',(1.,-0.));
#965 = ( GEOMETRIC_REPRESENTATION_CONTEXT(2) 
PARAMETRIC_REPRESENTATION_CONTEXT() REPRESENTATION_CONTEXT('2D SPACE',''
  ) );
#966 = ORIENTED_EDGE('',*,*,#967,.F.);
#967 = EDGE_CURVE('',#968,#935,#970,.T.);
#968 = VERTEX_POINT('',#969);
#969 = CARTESIAN_POINT('',(30.2,-9.435595774163,7.25));
#970 = SURFACE_CURVE('',#971,(#976,#987),.PCURVE_S1.);
#971 = CIRCLE('',#972,5.8);
#972 = AXIS2_PLACEMENT_3D('',#973,#974,#975);
#973 = CARTESIAN_POINT('',(36.,-9.435595774163,7.25));
#974 = DIRECTION('',(0.,0.,-1.));
#975 = DIRECTION('',(-1.,0.,0.));
#976 = PCURVE('',#54,#977);
#977 = DEFINITIONAL_REPRESENTATION('',(#978),#986);
#978 = ( BOUNDED_CURVE() B_SPLINE_CURVE(2,(#979,#980,#981,#982,#983,#984
,#985),.UNSPECIFIED.,.T.,.F.) B_SPLINE_CURVE_WITH_KNOTS((1,2,2,2,2,1),(
    -2.094395102393,0.,2.094395102393,4.188790204786,6.28318530718,
8.377580409573),.UNSPECIFIED.) CURVE() GEOMETRIC_REPRESENTATION_ITEM() 
RATIONAL_B_SPLINE_CURVE((1.,0.5,1.,0.5,1.,0.5,1.)) REPRESENTATION_ITEM(
  '') );
#979 = CARTESIAN_POINT('',(30.199999999989,-9.482401595709));
#980 = CARTESIAN_POINT('',(30.199999999989,0.563493088191));
#981 = CARTESIAN_POINT('',(38.899999999989,-4.459454253759));
#982 = CARTESIAN_POINT('',(47.599999999989,-9.482401595709));
#983 = CARTESIAN_POINT('',(38.899999999989,-14.50534893765));
#984 = CARTESIAN_POINT('',(30.199999999989,-19.5282962796));
#985 = CARTESIAN_POINT('',(30.199999999989,-9.482401595709));
#986 = ( GEOMETRIC_REPRESENTATION_CONTEXT(2) 
PARAMETRIC_REPRESENTATION_CONTEXT() REPRESENTATION_CONTEXT('2D SPACE',''
  ) );
#987 = PCURVE('',#988,#993);
#988 = CYLINDRICAL_SURFACE('',#989,5.8);
#989 = AXIS2_PLACEMENT_3D('',#990,#991,#992);
#990 = CARTESIAN_POINT('',(36.,-9.435595774163,1.8));
#991 = DIRECTION('',(0.,0.,-1.));
#992 = DIRECTION('',(-1.,0.,0.));
#993 = DEFINITIONAL_REPRESENTATION('',(#994),#998);
#994 = LINE('',#995,#996);
#995 = CARTESIAN_POINT('',(6.28318530718,-5.45));
#996 = VECTOR('',#997,1.);
#997 = DIRECTION('',(1.,0.));
#998 = ( GEOMETRIC_REPRESENTATION_CONTEXT(2) 
PARAMETRIC_REPRESENTATION_CONTEXT() REPRESENTATION_CONTEXT('2D SPACE',''
  ) );
#999 = ORIENTED_EDGE('',*,*,#1000,.T.);
#1000 = EDGE_CURVE('',#968,#1001,#1003,.T.);
#1001 = VERTEX_POINT('',#1002);
#1002 = CARTESIAN_POINT('',(30.2,-36.,7.25));
#1003 = SURFACE_CURVE('',#1004,(#1008,#1014),.PCURVE_S1.);
#1004 = LINE('',#1005,#1006);
#1005 = CARTESIAN_POINT('',(30.2,-28.97659708922,7.25));
#1006 = VECTOR('',#1007,1.);
#1007 = DIRECTION('',(0.,-1.,0.));
#1008 = PCURVE('',#54,#1009);
#1009 = DEFINITIONAL_REPRESENTATION('',(#1010),#1013);
#1010 = B_SPLINE_CURVE_WITH_KNOTS('',1,(#1011,#1012),.UNSPECIFIED.,.F.,
  .F.,(2,2),(-19.54100131506,29.023402910773),.PIECEWISE_BEZIER_KNOTS.);
#1011 = CARTESIAN_POINT('',(30.199999999989,-9.482401595709));
#1012 = CARTESIAN_POINT('',(30.199999999989,-58.04680582154));
#1013 = ( GEOMETRIC_REPRESENTATION_CONTEXT(2) 
PARAMETRIC_REPRESENTATION_CONTEXT() REPRESENTATION_CONTEXT('2D SPACE',''
  ) );
#1014 = PCURVE('',#425,#1015);
#1015 = DEFINITIONAL_REPRESENTATION('',(#1016),#1019);
#1016 = B_SPLINE_CURVE_WITH_KNOTS('',1,(#1017,#1018),.UNSPECIFIED.,.F.,
  .F.,(2,2),(-19.54100131506,29.023402910773),.PIECEWISE_BEZIER_KNOTS.);
#1017 = CARTESIAN_POINT('',(48.564404225838,-5.45));
#1018 = CARTESIAN_POINT('',(0.,-5.45));
#1019 = ( GEOMETRIC_REPRESENTATION_CONTEXT(2) 
PARAMETRIC_REPRESENTATION_CONTEXT() REPRESENTATION_CONTEXT('2D SPACE',''
  ) );
#1020 = ORIENTED_EDGE('',*,*,#1021,.F.);
#1021 = EDGE_CURVE('',#1022,#1001,#1024,.T.);
#1022 = VERTEX_POINT('',#1023);
#1023 = CARTESIAN_POINT('',(32.,-36.,7.25));
#1024 = SURFACE_CURVE('',#1025,(#1029,#1035),.PCURVE_S1.);
#1025 = LINE('',#1026,#1027);
#1026 = CARTESIAN_POINT('',(16.000000000006,-36.,7.25));
#1027 = VECTOR('',#1028,1.);
#1028 = DIRECTION('',(-1.,0.,0.));
#1029 = PCURVE('',#54,#1030);
#1030 = DEFINITIONAL_REPRESENTATION('',(#1031),#1034);
#1031 = B_SPLINE_CURVE_WITH_KNOTS('',1,(#1032,#1033),.UNSPECIFIED.,.F.,
  .F.,(2,2),(-19.59999999999,-12.39999999999),.PIECEWISE_BEZIER_KNOTS.);
#1032 = CARTESIAN_POINT('',(35.599999999989,-36.04680582154));
#1033 = CARTESIAN_POINT('',(28.399999999989,-36.04680582154));
#1034 = ( GEOMETRIC_REPRESENTATION_CONTEXT(2) 
PARAMETRIC_REPRESENTATION_CONTEXT() REPRESENTATION_CONTEXT('2D SPACE',''
  ) );
#1035 = PCURVE('',#1036,#1041);
#1036 = PLANE('',#1037);
#1037 = AXIS2_PLACEMENT_3D('',#1038,#1039,#1040);
#1038 = CARTESIAN_POINT('',(32.,-36.,5.));
#1039 = DIRECTION('',(0.,1.,0.));
#1040 = DIRECTION('',(0.,-0.,1.));
#1041 = DEFINITIONAL_REPRESENTATION('',(#1042),#1045);
#1042 = B_SPLINE_CURVE_WITH_KNOTS('',1,(#1043,#1044),.UNSPECIFIED.,.F.,
  .F.,(2,2),(-19.59999999999,-12.39999999999),.PIECEWISE_BEZIER_KNOTS.);
#1043 = CARTESIAN_POINT('',(2.25,3.6));
#1044 = CARTESIAN_POINT('',(2.25,-3.6));
#1045 = ( GEOMETRIC_REPRESENTATION_CONTEXT(2) 
PARAMETRIC_REPRESENTATION_CONTEXT() REPRESENTATION_CONTEXT('2D SPACE',''
  ) );
#1046 = ORIENTED_EDGE('',*,*,#1047,.T.);
#1047 = EDGE_CURVE('',#1022,#1048,#1050,.T.);
#1048 = VERTEX_POINT('',#1049);
#1049 = CARTESIAN_POINT('',(32.,-9.435595774163,7.25));
#1050 = SURFACE_CURVE('',#1051,(#1055,#1062),.PCURVE_S1.);
#1051 = LINE('',#1052,#1053);
#1052 = CARTESIAN_POINT('',(32.,0.,7.25));
#1053 = VECTOR('',#1054,1.);
#1054 = DIRECTION('',(0.,1.,0.));
#1055 = PCURVE('',#54,#1056);
#1056 = DEFINITIONAL_REPRESENTATION('',(#1057),#1061);
#1057 = LINE('',#1058,#1059);
#1058 = CARTESIAN_POINT('',(31.999999999989,-4.680582154577E-02));
#1059 = VECTOR('',#1060,1.);
#1060 = DIRECTION('',(0.,1.));
#1061 = ( GEOMETRIC_REPRESENTATION_CONTEXT(2) 
PARAMETRIC_REPRESENTATION_CONTEXT() REPRESENTATION_CONTEXT('2D SPACE',''
  ) );
#1062 = PCURVE('',#372,#1063);
#1063 = DEFINITIONAL_REPRESENTATION('',(#1064),#1068);
#1064 = LINE('',#1065,#1066);
#1065 = CARTESIAN_POINT('',(58.000000000001,-7.25));
#1066 = VECTOR('',#1067,1.);
#1067 = DIRECTION('',(1.,0.));
#1068 = ( GEOMETRIC_REPRESENTATION_CONTEXT(2) 
PARAMETRIC_REPRESENTATION_CONTEXT() REPRESENTATION_CONTEXT('2D SPACE',''
  ) );
#1069 = ORIENTED_EDGE('',*,*,#1070,.T.);
#1070 = EDGE_CURVE('',#1048,#1071,#1073,.T.);
#1071 = VERTEX_POINT('',#1072);
#1072 = CARTESIAN_POINT('',(32.4,-7.692036196746,7.25));
#1073 = SURFACE_CURVE('',#1074,(#1079,#1090),.PCURVE_S1.);
#1074 = CIRCLE('',#1075,4.);
#1075 = AXIS2_PLACEMENT_3D('',#1076,#1077,#1078);
#1076 = CARTESIAN_POINT('',(36.,-9.435595774163,7.25));
#1077 = DIRECTION('',(0.,0.,-1.));
#1078 = DIRECTION('',(-1.,0.,0.));
#1079 = PCURVE('',#54,#1080);
#1080 = DEFINITIONAL_REPRESENTATION('',(#1081),#1089);
#1081 = ( BOUNDED_CURVE() B_SPLINE_CURVE(2,(#1082,#1083,#1084,#1085,
#1086,#1087,#1088),.UNSPECIFIED.,.T.,.F.) B_SPLINE_CURVE_WITH_KNOTS((1,2
    ,2,2,2,1),(-2.094395102393,0.,2.094395102393,4.188790204786,
6.28318530718,8.377580409573),.UNSPECIFIED.) CURVE() 
GEOMETRIC_REPRESENTATION_ITEM() RATIONAL_B_SPLINE_CURVE((1.,0.5,1.,0.5,
1.,0.5,1.)) REPRESENTATION_ITEM('') );
#1082 = CARTESIAN_POINT('',(31.999999999989,-9.482401595709));
#1083 = CARTESIAN_POINT('',(31.999999999989,-2.554198365433));
#1084 = CARTESIAN_POINT('',(37.999999999989,-6.018299980571));
#1085 = CARTESIAN_POINT('',(43.999999999989,-9.482401595709));
#1086 = CARTESIAN_POINT('',(37.999999999989,-12.94650321084));
#1087 = CARTESIAN_POINT('',(31.999999999989,-16.41060482598));
#1088 = CARTESIAN_POINT('',(31.999999999989,-9.482401595709));
#1089 = ( GEOMETRIC_REPRESENTATION_CONTEXT(2) 
PARAMETRIC_REPRESENTATION_CONTEXT() REPRESENTATION_CONTEXT('2D SPACE',''
  ) );
#1090 = PCURVE('',#1091,#1096);
#1091 = CYLINDRICAL_SURFACE('',#1092,4.);
#1092 = AXIS2_PLACEMENT_3D('',#1093,#1094,#1095);
#1093 = CARTESIAN_POINT('',(36.,-9.435595774163,0.));
#1094 = DIRECTION('',(0.,0.,-1.));
#1095 = DIRECTION('',(-1.,0.,0.));
#1096 = DEFINITIONAL_REPRESENTATION('',(#1097),#1101);
#1097 = LINE('',#1098,#1099);
#1098 = CARTESIAN_POINT('',(0.,-7.25));
#1099 = VECTOR('',#1100,1.);
#1100 = DIRECTION('',(1.,0.));
#1101 = ( GEOMETRIC_REPRESENTATION_CONTEXT(2) 
PARAMETRIC_REPRESENTATION_CONTEXT() REPRESENTATION_CONTEXT('2D SPACE',''
  ) );
#1102 = ORIENTED_EDGE('',*,*,#1103,.T.);
#1103 = EDGE_CURVE('',#1071,#1104,#1106,.T.);
#1104 = VERTEX_POINT('',#1105);
#1105 = CARTESIAN_POINT('',(32.4,23.692036196746,7.25));
#1106 = SURFACE_CURVE('',#1107,(#1112,#1119),.PCURVE_S1.);
#1107 = CIRCLE('',#1108,36.);
#1108 = AXIS2_PLACEMENT_3D('',#1109,#1110,#1111);
#1109 = CARTESIAN_POINT('',(0.,8.,7.25));
#1110 = DIRECTION('',(0.,-0.,1.));
#1111 = DIRECTION('',(0.888888888889,-0.458122847291,-0.));
#1112 = PCURVE('',#54,#1113);
#1113 = DEFINITIONAL_REPRESENTATION('',(#1114),#1118);
#1114 = CIRCLE('',#1115,36.);
#1115 = AXIS2_PLACEMENT_2D('',#1116,#1117);
#1116 = CARTESIAN_POINT('',(-1.12850119938E-11,7.953194178454));
#1117 = DIRECTION('',(0.888888888889,-0.458122847291));
#1118 = ( GEOMETRIC_REPRESENTATION_CONTEXT(2) 
PARAMETRIC_REPRESENTATION_CONTEXT() REPRESENTATION_CONTEXT('2D SPACE',''
  ) );
#1119 = PCURVE('',#1120,#1125);
#1120 = CYLINDRICAL_SURFACE('',#1121,36.);
#1121 = AXIS2_PLACEMENT_3D('',#1122,#1123,#1124);
#1122 = CARTESIAN_POINT('',(0.,8.,0.));
#1123 = DIRECTION('',(-0.,0.,-1.));
#1124 = DIRECTION('',(0.888888888889,-0.458122847291,-0.));
#1125 = DEFINITIONAL_REPRESENTATION('',(#1126),#1130);
#1126 = LINE('',#1127,#1128);
#1127 = CARTESIAN_POINT('',(-0.,-7.25));
#1128 = VECTOR('',#1129,1.);
#1129 = DIRECTION('',(-1.,0.));
#1130 = ( GEOMETRIC_REPRESENTATION_CONTEXT(2) 
PARAMETRIC_REPRESENTATION_CONTEXT() REPRESENTATION_CONTEXT('2D SPACE',''
  ) );
#1131 = ORIENTED_EDGE('',*,*,#1132,.T.);
#1132 = EDGE_CURVE('',#1104,#1133,#1135,.T.);
#1133 = VERTEX_POINT('',#1134);
#1134 = CARTESIAN_POINT('',(32.,25.435595774163,7.25));
#1135 = SURFACE_CURVE('',#1136,(#1141,#1152),.PCURVE_S1.);
#1136 = CIRCLE('',#1137,4.);
#1137 = AXIS2_PLACEMENT_3D('',#1138,#1139,#1140);
#1138 = CARTESIAN_POINT('',(36.,25.435595774163,7.25));
#1139 = DIRECTION('',(0.,0.,-1.));
#1140 = DIRECTION('',(-1.,0.,0.));
#1141 = PCURVE('',#54,#1142);
#1142 = DEFINITIONAL_REPRESENTATION('',(#1143),#1151);
#1143 = ( BOUNDED_CURVE() B_SPLINE_CURVE(2,(#1144,#1145,#1146,#1147,
#1148,#1149,#1150),.UNSPECIFIED.,.T.,.F.) B_SPLINE_CURVE_WITH_KNOTS((1,2
    ,2,2,2,1),(-2.094395102393,0.,2.094395102393,4.188790204786,
6.28318530718,8.377580409573),.UNSPECIFIED.) CURVE() 
GEOMETRIC_REPRESENTATION_ITEM() RATIONAL_B_SPLINE_CURVE((1.,0.5,1.,0.5,
1.,0.5,1.)) REPRESENTATION_ITEM('') );
#1144 = CARTESIAN_POINT('',(31.999999999989,25.388789952617));
#1145 = CARTESIAN_POINT('',(31.999999999989,32.316993182892));
#1146 = CARTESIAN_POINT('',(37.999999999989,28.852891567755));
#1147 = CARTESIAN_POINT('',(43.999999999989,25.388789952617));
#1148 = CARTESIAN_POINT('',(37.999999999989,21.924688337479));
#1149 = CARTESIAN_POINT('',(31.999999999989,18.460586722341));
#1150 = CARTESIAN_POINT('',(31.999999999989,25.388789952617));
#1151 = ( GEOMETRIC_REPRESENTATION_CONTEXT(2) 
PARAMETRIC_REPRESENTATION_CONTEXT() REPRESENTATION_CONTEXT('2D SPACE',''
  ) );
#1152 = PCURVE('',#1153,#1158);
#1153 = CYLINDRICAL_SURFACE('',#1154,4.);
#1154 = AXIS2_PLACEMENT_3D('',#1155,#1156,#1157);
#1155 = CARTESIAN_POINT('',(36.,25.435595774163,0.));
#1156 = DIRECTION('',(0.,0.,-1.));
#1157 = DIRECTION('',(-1.,0.,0.));
#1158 = DEFINITIONAL_REPRESENTATION('',(#1159),#1163);
#1159 = LINE('',#1160,#1161);
#1160 = CARTESIAN_POINT('',(0.,-7.25));
#1161 = VECTOR('',#1162,1.);
#1162 = DIRECTION('',(1.,0.));
#1163 = ( GEOMETRIC_REPRESENTATION_CONTEXT(2) 
PARAMETRIC_REPRESENTATION_CONTEXT() REPRESENTATION_CONTEXT('2D SPACE',''
  ) );
#1164 = ORIENTED_EDGE('',*,*,#1165,.T.);
#1165 = EDGE_CURVE('',#1133,#1166,#1168,.T.);
#1166 = VERTEX_POINT('',#1167);
#1167 = CARTESIAN_POINT('',(32.,57.99999999751,7.25));
#1168 = SURFACE_CURVE('',#1169,(#1173,#1180),.PCURVE_S1.);
#1169 = LINE('',#1170,#1171);
#1170 = CARTESIAN_POINT('',(32.,0.,7.25));
#1171 = VECTOR('',#1172,1.);
#1172 = DIRECTION('',(0.,1.,0.));
#1173 = PCURVE('',#54,#1174);
#1174 = DEFINITIONAL_REPRESENTATION('',(#1175),#1179);
#1175 = LINE('',#1176,#1177);
#1176 = CARTESIAN_POINT('',(31.999999999989,-4.680582154577E-02));
#1177 = VECTOR('',#1178,1.);
#1178 = DIRECTION('',(0.,1.));
#1179 = ( GEOMETRIC_REPRESENTATION_CONTEXT(2) 
PARAMETRIC_REPRESENTATION_CONTEXT() REPRESENTATION_CONTEXT('2D SPACE',''
  ) );
#1180 = PCURVE('',#1181,#1186);
#1181 = PLANE('',#1182);
#1182 = AXIS2_PLACEMENT_3D('',#1183,#1184,#1185);
#1183 = CARTESIAN_POINT('',(32.,25.435595774163,0.));
#1184 = DIRECTION('',(-1.,0.,0.));
#1185 = DIRECTION('',(0.,1.,0.));
#1186 = DEFINITIONAL_REPRESENTATION('',(#1187),#1191);
#1187 = LINE('',#1188,#1189);
#1188 = CARTESIAN_POINT('',(-25.43559577416,-7.25));
#1189 = VECTOR('',#1190,1.);
#1190 = DIRECTION('',(1.,0.));
#1191 = ( GEOMETRIC_REPRESENTATION_CONTEXT(2) 
PARAMETRIC_REPRESENTATION_CONTEXT() REPRESENTATION_CONTEXT('2D SPACE',''
  ) );
#1192 = ORIENTED_EDGE('',*,*,#1193,.F.);
#1193 = EDGE_CURVE('',#1194,#1166,#1196,.T.);
#1194 = VERTEX_POINT('',#1195);
#1195 = CARTESIAN_POINT('',(28.,61.999999998755,7.25));
#1196 = SURFACE_CURVE('',#1197,(#1202,#1213),.PCURVE_S1.);
#1197 = CIRCLE('',#1198,4.);
#1198 = AXIS2_PLACEMENT_3D('',#1199,#1200,#1201);
#1199 = CARTESIAN_POINT('',(28.,57.99999999751,7.25));
#1200 = DIRECTION('',(0.,0.,-1.));
#1201 = DIRECTION('',(-1.,0.,0.));
#1202 = PCURVE('',#54,#1203);
#1203 = DEFINITIONAL_REPRESENTATION('',(#1204),#1212);
#1204 = ( BOUNDED_CURVE() B_SPLINE_CURVE(2,(#1205,#1206,#1207,#1208,
#1209,#1210,#1211),.UNSPECIFIED.,.T.,.F.) B_SPLINE_CURVE_WITH_KNOTS((1,2
    ,2,2,2,1),(-2.094395102393,0.,2.094395102393,4.188790204786,
6.28318530718,8.377580409573),.UNSPECIFIED.) CURVE() 
GEOMETRIC_REPRESENTATION_ITEM() RATIONAL_B_SPLINE_CURVE((1.,0.5,1.,0.5,
1.,0.5,1.)) REPRESENTATION_ITEM('') );
#1205 = CARTESIAN_POINT('',(23.999999999989,57.953194175964));
#1206 = CARTESIAN_POINT('',(23.999999999989,64.88139740624));
#1207 = CARTESIAN_POINT('',(29.999999999989,61.417295791102));
#1208 = CARTESIAN_POINT('',(35.999999999989,57.953194175964));
#1209 = CARTESIAN_POINT('',(29.999999999989,54.489092560827));
#1210 = CARTESIAN_POINT('',(23.999999999989,51.024990945689));
#1211 = CARTESIAN_POINT('',(23.999999999989,57.953194175964));
#1212 = ( GEOMETRIC_REPRESENTATION_CONTEXT(2) 
PARAMETRIC_REPRESENTATION_CONTEXT() REPRESENTATION_CONTEXT('2D SPACE',''
  ) );
#1213 = PCURVE('',#1214,#1219);
#1214 = CYLINDRICAL_SURFACE('',#1215,4.);
#1215 = AXIS2_PLACEMENT_3D('',#1216,#1217,#1218);
#1216 = CARTESIAN_POINT('',(28.,57.99999999751,0.));
#1217 = DIRECTION('',(0.,0.,-1.));
#1218 = DIRECTION('',(-1.,0.,0.));
#1219 = DEFINITIONAL_REPRESENTATION('',(#1220),#1224);
#1220 = LINE('',#1221,#1222);
#1221 = CARTESIAN_POINT('',(0.,-7.25));
#1222 = VECTOR('',#1223,1.);
#1223 = DIRECTION('',(1.,0.));
#1224 = ( GEOMETRIC_REPRESENTATION_CONTEXT(2) 
PARAMETRIC_REPRESENTATION_CONTEXT() REPRESENTATION_CONTEXT('2D SPACE',''
  ) );
#1225 = ORIENTED_EDGE('',*,*,#1226,.F.);
#1226 = EDGE_CURVE('',#1227,#1194,#1229,.T.);
#1227 = VERTEX_POINT('',#1228);
#1228 = CARTESIAN_POINT('',(11.8,62.,7.25));
#1229 = SURFACE_CURVE('',#1230,(#1234,#1241),.PCURVE_S1.);
#1230 = LINE('',#1231,#1232);
#1231 = CARTESIAN_POINT('',(0.,62.,7.25));
#1232 = VECTOR('',#1233,1.);
#1233 = DIRECTION('',(1.,0.,0.));
#1234 = PCURVE('',#54,#1235);
#1235 = DEFINITIONAL_REPRESENTATION('',(#1236),#1240);
#1236 = LINE('',#1237,#1238);
#1237 = CARTESIAN_POINT('',(-1.12850119938E-11,61.953194178454));
#1238 = VECTOR('',#1239,1.);
#1239 = DIRECTION('',(1.,0.));
#1240 = ( GEOMETRIC_REPRESENTATION_CONTEXT(2) 
PARAMETRIC_REPRESENTATION_CONTEXT() REPRESENTATION_CONTEXT('2D SPACE',''
  ) );
#1241 = PCURVE('',#66,#1242);
#1242 = DEFINITIONAL_REPRESENTATION('',(#1243),#1247);
#1243 = LINE('',#1244,#1245);
#1244 = CARTESIAN_POINT('',(28.,-7.25));
#1245 = VECTOR('',#1246,1.);
#1246 = DIRECTION('',(1.,0.));
#1247 = ( GEOMETRIC_REPRESENTATION_CONTEXT(2) 
PARAMETRIC_REPRESENTATION_CONTEXT() REPRESENTATION_CONTEXT('2D SPACE',''
  ) );
#1248 = ORIENTED_EDGE('',*,*,#1249,.T.);
#1249 = EDGE_CURVE('',#1227,#1250,#1252,.T.);
#1250 = VERTEX_POINT('',#1251);
#1251 = CARTESIAN_POINT('',(11.,61.2,7.25));
#1252 = SURFACE_CURVE('',#1253,(#1257,#1264),.PCURVE_S1.);
#1253 = LINE('',#1254,#1255);
#1254 = CARTESIAN_POINT('',(-6.838298544611,43.361701455389,7.25));
#1255 = VECTOR('',#1256,1.);
#1256 = DIRECTION('',(-0.707106781187,-0.707106781187,0.));
#1257 = PCURVE('',#54,#1258);
#1258 = DEFINITIONAL_REPRESENTATION('',(#1259),#1263);
#1259 = LINE('',#1260,#1261);
#1260 = CARTESIAN_POINT('',(-6.838298544622,43.314895633844));
#1261 = VECTOR('',#1262,1.);
#1262 = DIRECTION('',(-0.707106781187,-0.707106781187));
#1263 = ( GEOMETRIC_REPRESENTATION_CONTEXT(2) 
PARAMETRIC_REPRESENTATION_CONTEXT() REPRESENTATION_CONTEXT('2D SPACE',''
  ) );
#1264 = PCURVE('',#1265,#1270);
#1265 = PLANE('',#1266);
#1266 = AXIS2_PLACEMENT_3D('',#1267,#1268,#1269);
#1267 = CARTESIAN_POINT('',(11.4,61.6,6.25));
#1268 = DIRECTION('',(0.707106781187,-0.707106781187,-5.308045764503E-18
    ));
#1269 = DIRECTION('',(3.753355154928E-18,-3.753355154928E-18,1.));
#1270 = DEFINITIONAL_REPRESENTATION('',(#1271),#1275);
#1271 = LINE('',#1272,#1273);
#1272 = CARTESIAN_POINT('',(1.,25.792849156398));
#1273 = VECTOR('',#1274,1.);
#1274 = DIRECTION('',(1.445808246511E-34,1.));
#1275 = ( GEOMETRIC_REPRESENTATION_CONTEXT(2) 
PARAMETRIC_REPRESENTATION_CONTEXT() REPRESENTATION_CONTEXT('2D SPACE',''
  ) );
#1276 = ORIENTED_EDGE('',*,*,#1277,.F.);
#1277 = EDGE_CURVE('',#1278,#1250,#1280,.T.);
#1278 = VERTEX_POINT('',#1279);
#1279 = CARTESIAN_POINT('',(11.,56.,7.25));
#1280 = SURFACE_CURVE('',#1281,(#1285,#1291),.PCURVE_S1.);
#1281 = LINE('',#1282,#1283);
#1282 = CARTESIAN_POINT('',(11.,28.023402910773,7.25));
#1283 = VECTOR('',#1284,1.);
#1284 = DIRECTION('',(-0.,1.,0.));
#1285 = PCURVE('',#54,#1286);
#1286 = DEFINITIONAL_REPRESENTATION('',(#1287),#1290);
#1287 = B_SPLINE_CURVE_WITH_KNOTS('',1,(#1288,#1289),.UNSPECIFIED.,.F.,
  .F.,(2,2),(27.976597089227,33.976597089227),.PIECEWISE_BEZIER_KNOTS.);
#1288 = CARTESIAN_POINT('',(10.999999999989,55.953194178454));
#1289 = CARTESIAN_POINT('',(10.999999999989,61.953194178454));
#1290 = ( GEOMETRIC_REPRESENTATION_CONTEXT(2) 
PARAMETRIC_REPRESENTATION_CONTEXT() REPRESENTATION_CONTEXT('2D SPACE',''
  ) );
#1291 = PCURVE('',#1292,#1297);
#1292 = PLANE('',#1293);
#1293 = AXIS2_PLACEMENT_3D('',#1294,#1295,#1296);
#1294 = CARTESIAN_POINT('',(11.,56.,3.25));
#1295 = DIRECTION('',(1.,0.,-0.));
#1296 = DIRECTION('',(0.,0.,1.));
#1297 = DEFINITIONAL_REPRESENTATION('',(#1298),#1301);
#1298 = B_SPLINE_CURVE_WITH_KNOTS('',1,(#1299,#1300),.UNSPECIFIED.,.F.,
  .F.,(2,2),(27.976597089227,33.976597089227),.PIECEWISE_BEZIER_KNOTS.);
#1299 = CARTESIAN_POINT('',(4.,0.));
#1300 = CARTESIAN_POINT('',(4.,-6.));
#1301 = ( GEOMETRIC_REPRESENTATION_CONTEXT(2) 
PARAMETRIC_REPRESENTATION_CONTEXT() REPRESENTATION_CONTEXT('2D SPACE',''
  ) );
#1302 = ORIENTED_EDGE('',*,*,#1303,.T.);
#1303 = EDGE_CURVE('',#1278,#1304,#1306,.T.);
#1304 = VERTEX_POINT('',#1305);
#1305 = CARTESIAN_POINT('',(-11.,56.,7.25));
#1306 = SURFACE_CURVE('',#1307,(#1311,#1317),.PCURVE_S1.);
#1307 = LINE('',#1308,#1309);
#1308 = CARTESIAN_POINT('',(-5.499999999994,56.,7.25));
#1309 = VECTOR('',#1310,1.);
#1310 = DIRECTION('',(-1.,-0.,0.));
#1311 = PCURVE('',#54,#1312);
#1312 = DEFINITIONAL_REPRESENTATION('',(#1313),#1316);
#1313 = B_SPLINE_CURVE_WITH_KNOTS('',1,(#1314,#1315),.UNSPECIFIED.,.F.,
  .F.,(2,2),(-16.49999999999,5.500000000006),.PIECEWISE_BEZIER_KNOTS.);
#1314 = CARTESIAN_POINT('',(10.999999999989,55.953194178454));
#1315 = CARTESIAN_POINT('',(-11.00000000001,55.953194178454));
#1316 = ( GEOMETRIC_REPRESENTATION_CONTEXT(2) 
PARAMETRIC_REPRESENTATION_CONTEXT() REPRESENTATION_CONTEXT('2D SPACE',''
  ) );
#1317 = PCURVE('',#1318,#1323);
#1318 = PLANE('',#1319);
#1319 = AXIS2_PLACEMENT_3D('',#1320,#1321,#1322);
#1320 = CARTESIAN_POINT('',(-11.,56.,3.25));
#1321 = DIRECTION('',(-0.,1.,0.));
#1322 = DIRECTION('',(0.,0.,1.));
#1323 = DEFINITIONAL_REPRESENTATION('',(#1324),#1327);
#1324 = B_SPLINE_CURVE_WITH_KNOTS('',1,(#1325,#1326),.UNSPECIFIED.,.F.,
  .F.,(2,2),(-16.49999999999,5.500000000006),.PIECEWISE_BEZIER_KNOTS.);
#1325 = CARTESIAN_POINT('',(4.,22.));
#1326 = CARTESIAN_POINT('',(4.,0.));
#1327 = ( GEOMETRIC_REPRESENTATION_CONTEXT(2) 
PARAMETRIC_REPRESENTATION_CONTEXT() REPRESENTATION_CONTEXT('2D SPACE',''
  ) );
#1328 = ORIENTED_EDGE('',*,*,#1329,.T.);
#1329 = EDGE_CURVE('',#1304,#1330,#1332,.T.);
#1330 = VERTEX_POINT('',#1331);
#1331 = CARTESIAN_POINT('',(-11.,61.2,7.25));
#1332 = SURFACE_CURVE('',#1333,(#1337,#1343),.PCURVE_S1.);
#1333 = LINE('',#1334,#1335);
#1334 = CARTESIAN_POINT('',(-11.,28.023402910773,7.25));
#1335 = VECTOR('',#1336,1.);
#1336 = DIRECTION('',(-0.,1.,0.));
#1337 = PCURVE('',#54,#1338);
#1338 = DEFINITIONAL_REPRESENTATION('',(#1339),#1342);
#1339 = B_SPLINE_CURVE_WITH_KNOTS('',1,(#1340,#1341),.UNSPECIFIED.,.F.,
  .F.,(2,2),(27.976597089227,33.976597089227),.PIECEWISE_BEZIER_KNOTS.);
#1340 = CARTESIAN_POINT('',(-11.00000000001,55.953194178454));
#1341 = CARTESIAN_POINT('',(-11.00000000001,61.953194178454));
#1342 = ( GEOMETRIC_REPRESENTATION_CONTEXT(2) 
PARAMETRIC_REPRESENTATION_CONTEXT() REPRESENTATION_CONTEXT('2D SPACE',''
  ) );
#1343 = PCURVE('',#1344,#1349);
#1344 = PLANE('',#1345);
#1345 = AXIS2_PLACEMENT_3D('',#1346,#1347,#1348);
#1346 = CARTESIAN_POINT('',(-11.,56.,3.25));
#1347 = DIRECTION('',(1.,0.,-0.));
#1348 = DIRECTION('',(0.,0.,1.));
#1349 = DEFINITIONAL_REPRESENTATION('',(#1350),#1353);
#1350 = B_SPLINE_CURVE_WITH_KNOTS('',1,(#1351,#1352),.UNSPECIFIED.,.F.,
  .F.,(2,2),(27.976597089227,33.976597089227),.PIECEWISE_BEZIER_KNOTS.);
#1351 = CARTESIAN_POINT('',(4.,0.));
#1352 = CARTESIAN_POINT('',(4.,-6.));
#1353 = ( GEOMETRIC_REPRESENTATION_CONTEXT(2) 
PARAMETRIC_REPRESENTATION_CONTEXT() REPRESENTATION_CONTEXT('2D SPACE',''
  ) );
#1354 = ORIENTED_EDGE('',*,*,#1355,.F.);
#1355 = EDGE_CURVE('',#46,#1330,#1356,.T.);
#1356 = SURFACE_CURVE('',#1357,(#1361,#1368),.PCURVE_S1.);
#1357 = LINE('',#1358,#1359);
#1358 = CARTESIAN_POINT('',(6.838298544616,43.361701455384,7.25));
#1359 = VECTOR('',#1360,1.);
#1360 = DIRECTION('',(0.707106781187,-0.707106781187,-0.));
#1361 = PCURVE('',#54,#1362);
#1362 = DEFINITIONAL_REPRESENTATION('',(#1363),#1367);
#1363 = LINE('',#1364,#1365);
#1364 = CARTESIAN_POINT('',(6.838298544605,43.314895633838));
#1365 = VECTOR('',#1366,1.);
#1366 = DIRECTION('',(0.707106781187,-0.707106781187));
#1367 = ( GEOMETRIC_REPRESENTATION_CONTEXT(2) 
PARAMETRIC_REPRESENTATION_CONTEXT() REPRESENTATION_CONTEXT('2D SPACE',''
  ) );
#1368 = PCURVE('',#1369,#1374);
#1369 = PLANE('',#1370);
#1370 = AXIS2_PLACEMENT_3D('',#1371,#1372,#1373);
#1371 = CARTESIAN_POINT('',(-11.4,61.6,7.25));
#1372 = DIRECTION('',(0.707106781187,0.707106781187,5.308045764503E-18)
  );
#1373 = DIRECTION('',(-3.753355154928E-18,-3.753355154928E-18,1.));
#1374 = DEFINITIONAL_REPRESENTATION('',(#1375),#1379);
#1375 = LINE('',#1376,#1377);
#1376 = CARTESIAN_POINT('',(-2.081987631878E-32,25.792849156406));
#1377 = VECTOR('',#1378,1.);
#1378 = DIRECTION('',(1.445808246511E-34,1.));
#1379 = ( GEOMETRIC_REPRESENTATION_CONTEXT(2) 
PARAMETRIC_REPRESENTATION_CONTEXT() REPRESENTATION_CONTEXT('2D SPACE',''
  ) );
#1380 = ADVANCED_FACE('',(#1381),#66,.T.);
#1381 = FACE_BOUND('',#1382,.T.);
#1382 = EDGE_LOOP('',(#1383,#1384,#1407,#1435,#1456,#1457,#1480,#1513,
    #1541,#1574));
#1383 = ORIENTED_EDGE('',*,*,#1226,.T.);
#1384 = ORIENTED_EDGE('',*,*,#1385,.F.);
#1385 = EDGE_CURVE('',#1386,#1194,#1388,.T.);
#1386 = VERTEX_POINT('',#1387);
#1387 = CARTESIAN_POINT('',(28.,62.,1.5));
#1388 = SURFACE_CURVE('',#1389,(#1393,#1400),.PCURVE_S1.);
#1389 = LINE('',#1390,#1391);
#1390 = CARTESIAN_POINT('',(28.,61.999999998755,0.));
#1391 = VECTOR('',#1392,1.);
#1392 = DIRECTION('',(0.,0.,1.));
#1393 = PCURVE('',#66,#1394);
#1394 = DEFINITIONAL_REPRESENTATION('',(#1395),#1399);
#1395 = LINE('',#1396,#1397);
#1396 = CARTESIAN_POINT('',(56.,0.));
#1397 = VECTOR('',#1398,1.);
#1398 = DIRECTION('',(0.,-1.));
#1399 = ( GEOMETRIC_REPRESENTATION_CONTEXT(2) 
PARAMETRIC_REPRESENTATION_CONTEXT() REPRESENTATION_CONTEXT('2D SPACE',''
  ) );
#1400 = PCURVE('',#1214,#1401);
#1401 = DEFINITIONAL_REPRESENTATION('',(#1402),#1406);
#1402 = LINE('',#1403,#1404);
#1403 = CARTESIAN_POINT('',(1.570796326795,0.));
#1404 = VECTOR('',#1405,1.);
#1405 = DIRECTION('',(0.,-1.));
#1406 = ( GEOMETRIC_REPRESENTATION_CONTEXT(2) 
PARAMETRIC_REPRESENTATION_CONTEXT() REPRESENTATION_CONTEXT('2D SPACE',''
  ) );
#1407 = ORIENTED_EDGE('',*,*,#1408,.F.);
#1408 = EDGE_CURVE('',#1409,#1386,#1411,.T.);
#1409 = VERTEX_POINT('',#1410);
#1410 = CARTESIAN_POINT('',(-28.,61.999999997379,1.5));
#1411 = SURFACE_CURVE('',#1412,(#1416,#1423),.PCURVE_S1.);
#1412 = LINE('',#1413,#1414);
#1413 = CARTESIAN_POINT('',(-28.,62.,1.5));
#1414 = VECTOR('',#1415,1.);
#1415 = DIRECTION('',(1.,0.,0.));
#1416 = PCURVE('',#66,#1417);
#1417 = DEFINITIONAL_REPRESENTATION('',(#1418),#1422);
#1418 = LINE('',#1419,#1420);
#1419 = CARTESIAN_POINT('',(0.,-1.5));
#1420 = VECTOR('',#1421,1.);
#1421 = DIRECTION('',(1.,0.));
#1422 = ( GEOMETRIC_REPRESENTATION_CONTEXT(2) 
PARAMETRIC_REPRESENTATION_CONTEXT() REPRESENTATION_CONTEXT('2D SPACE',''
  ) );
#1423 = PCURVE('',#1424,#1429);
#1424 = CYLINDRICAL_SURFACE('',#1425,1.5);
#1425 = AXIS2_PLACEMENT_3D('',#1426,#1427,#1428);
#1426 = CARTESIAN_POINT('',(-28.,60.5,1.5));
#1427 = DIRECTION('',(1.,0.,0.));
#1428 = DIRECTION('',(-0.,1.,0.));
#1429 = DEFINITIONAL_REPRESENTATION('',(#1430),#1434);
#1430 = LINE('',#1431,#1432);
#1431 = CARTESIAN_POINT('',(-0.,0.));
#1432 = VECTOR('',#1433,1.);
#1433 = DIRECTION('',(-0.,1.));
#1434 = ( GEOMETRIC_REPRESENTATION_CONTEXT(2) 
PARAMETRIC_REPRESENTATION_CONTEXT() REPRESENTATION_CONTEXT('2D SPACE',''
  ) );
#1435 = ORIENTED_EDGE('',*,*,#1436,.T.);
#1436 = EDGE_CURVE('',#1409,#44,#1437,.T.);
#1437 = SURFACE_CURVE('',#1438,(#1442,#1449),.PCURVE_S1.);
#1438 = LINE('',#1439,#1440);
#1439 = CARTESIAN_POINT('',(-28.,61.99999999869,0.));
#1440 = VECTOR('',#1441,1.);
#1441 = DIRECTION('',(0.,0.,1.));
#1442 = PCURVE('',#66,#1443);
#1443 = DEFINITIONAL_REPRESENTATION('',(#1444),#1448);
#1444 = LINE('',#1445,#1446);
#1445 = CARTESIAN_POINT('',(0.,0.));
#1446 = VECTOR('',#1447,1.);
#1447 = DIRECTION('',(0.,-1.));
#1448 = ( GEOMETRIC_REPRESENTATION_CONTEXT(2) 
PARAMETRIC_REPRESENTATION_CONTEXT() REPRESENTATION_CONTEXT('2D SPACE',''
  ) );
#1449 = PCURVE('',#99,#1450);
#1450 = DEFINITIONAL_REPRESENTATION('',(#1451),#1455);
#1451 = LINE('',#1452,#1453);
#1452 = CARTESIAN_POINT('',(1.570796326795,0.));
#1453 = VECTOR('',#1454,1.);
#1454 = DIRECTION('',(0.,-1.));
#1455 = ( GEOMETRIC_REPRESENTATION_CONTEXT(2) 
PARAMETRIC_REPRESENTATION_CONTEXT() REPRESENTATION_CONTEXT('2D SPACE',''
  ) );
#1456 = ORIENTED_EDGE('',*,*,#43,.T.);
#1457 = ORIENTED_EDGE('',*,*,#1458,.T.);
#1458 = EDGE_CURVE('',#46,#1459,#1461,.T.);
#1459 = VERTEX_POINT('',#1460);
#1460 = CARTESIAN_POINT('',(-11.8,62.,6.25));
#1461 = SURFACE_CURVE('',#1462,(#1466,#1473),.PCURVE_S1.);
#1462 = LINE('',#1463,#1464);
#1463 = CARTESIAN_POINT('',(-11.8,62.,7.25));
#1464 = VECTOR('',#1465,1.);
#1465 = DIRECTION('',(-0.,0.,-1.));
#1466 = PCURVE('',#66,#1467);
#1467 = DEFINITIONAL_REPRESENTATION('',(#1468),#1472);
#1468 = LINE('',#1469,#1470);
#1469 = CARTESIAN_POINT('',(16.2,-7.25));
#1470 = VECTOR('',#1471,1.);
#1471 = DIRECTION('',(0.,1.));
#1472 = ( GEOMETRIC_REPRESENTATION_CONTEXT(2) 
PARAMETRIC_REPRESENTATION_CONTEXT() REPRESENTATION_CONTEXT('2D SPACE',''
  ) );
#1473 = PCURVE('',#1369,#1474);
#1474 = DEFINITIONAL_REPRESENTATION('',(#1475),#1479);
#1475 = LINE('',#1476,#1477);
#1476 = CARTESIAN_POINT('',(-0.,-0.565685424949));
#1477 = VECTOR('',#1478,1.);
#1478 = DIRECTION('',(-1.,0.));
#1479 = ( GEOMETRIC_REPRESENTATION_CONTEXT(2) 
PARAMETRIC_REPRESENTATION_CONTEXT() REPRESENTATION_CONTEXT('2D SPACE',''
  ) );
#1480 = ORIENTED_EDGE('',*,*,#1481,.T.);
#1481 = EDGE_CURVE('',#1459,#1482,#1484,.T.);
#1482 = VERTEX_POINT('',#1483);
#1483 = CARTESIAN_POINT('',(-8.,62.,2.45));
#1484 = SURFACE_CURVE('',#1485,(#1490,#1501),.PCURVE_S1.);
#1485 = CIRCLE('',#1486,3.8);
#1486 = AXIS2_PLACEMENT_3D('',#1487,#1488,#1489);
#1487 = CARTESIAN_POINT('',(-8.,62.,6.25));
#1488 = DIRECTION('',(0.,-1.,-0.));
#1489 = DIRECTION('',(-1.,0.,-2.960594732334E-16));
#1490 = PCURVE('',#66,#1491);
#1491 = DEFINITIONAL_REPRESENTATION('',(#1492),#1500);
#1492 = ( BOUNDED_CURVE() B_SPLINE_CURVE(2,(#1493,#1494,#1495,#1496,
#1497,#1498,#1499),.UNSPECIFIED.,.T.,.F.) B_SPLINE_CURVE_WITH_KNOTS((1,2
    ,2,2,2,1),(-2.094395102393,0.,2.094395102393,4.188790204786,
6.28318530718,8.377580409573),.UNSPECIFIED.) CURVE() 
GEOMETRIC_REPRESENTATION_ITEM() RATIONAL_B_SPLINE_CURVE((1.,0.5,1.,0.5,
1.,0.5,1.)) REPRESENTATION_ITEM('') );
#1493 = CARTESIAN_POINT('',(16.2,-6.25));
#1494 = CARTESIAN_POINT('',(16.2,0.331793068762));
#1495 = CARTESIAN_POINT('',(21.9,-2.959103465619));
#1496 = CARTESIAN_POINT('',(27.6,-6.25));
#1497 = CARTESIAN_POINT('',(21.9,-9.540896534381));
#1498 = CARTESIAN_POINT('',(16.2,-12.83179306876));
#1499 = CARTESIAN_POINT('',(16.2,-6.25));
#1500 = ( GEOMETRIC_REPRESENTATION_CONTEXT(2) 
PARAMETRIC_REPRESENTATION_CONTEXT() REPRESENTATION_CONTEXT('2D SPACE',''
  ) );
#1501 = PCURVE('',#1502,#1507);
#1502 = CONICAL_SURFACE('',#1503,3.,0.785398163397);
#1503 = AXIS2_PLACEMENT_3D('',#1504,#1505,#1506);
#1504 = CARTESIAN_POINT('',(-8.,61.2,6.25));
#1505 = DIRECTION('',(-0.,1.,0.));
#1506 = DIRECTION('',(-1.,0.,-2.960594732334E-16));
#1507 = DEFINITIONAL_REPRESENTATION('',(#1508),#1512);
#1508 = LINE('',#1509,#1510);
#1509 = CARTESIAN_POINT('',(0.,0.8));
#1510 = VECTOR('',#1511,1.);
#1511 = DIRECTION('',(-1.,-0.));
#1512 = ( GEOMETRIC_REPRESENTATION_CONTEXT(2) 
PARAMETRIC_REPRESENTATION_CONTEXT() REPRESENTATION_CONTEXT('2D SPACE',''
  ) );
#1513 = ORIENTED_EDGE('',*,*,#1514,.T.);
#1514 = EDGE_CURVE('',#1482,#1515,#1517,.T.);
#1515 = VERTEX_POINT('',#1516);
#1516 = CARTESIAN_POINT('',(8.,62.,2.45));
#1517 = SURFACE_CURVE('',#1518,(#1522,#1529),.PCURVE_S1.);
#1518 = LINE('',#1519,#1520);
#1519 = CARTESIAN_POINT('',(-8.,62.,2.45));
#1520 = VECTOR('',#1521,1.);
#1521 = DIRECTION('',(1.,0.,0.));
#1522 = PCURVE('',#66,#1523);
#1523 = DEFINITIONAL_REPRESENTATION('',(#1524),#1528);
#1524 = LINE('',#1525,#1526);
#1525 = CARTESIAN_POINT('',(20.,-2.45));
#1526 = VECTOR('',#1527,1.);
#1527 = DIRECTION('',(1.,0.));
#1528 = ( GEOMETRIC_REPRESENTATION_CONTEXT(2) 
PARAMETRIC_REPRESENTATION_CONTEXT() REPRESENTATION_CONTEXT('2D SPACE',''
  ) );
#1529 = PCURVE('',#1530,#1535);
#1530 = PLANE('',#1531);
#1531 = AXIS2_PLACEMENT_3D('',#1532,#1533,#1534);
#1532 = CARTESIAN_POINT('',(-8.,61.6,2.85));
#1533 = DIRECTION('',(-4.082897117453E-18,0.707106781187,0.707106781187)
  );
#1534 = DIRECTION('',(-1.,-2.887044238638E-18,-2.887044238638E-18));
#1535 = DEFINITIONAL_REPRESENTATION('',(#1536),#1540);
#1536 = LINE('',#1537,#1538);
#1537 = CARTESIAN_POINT('',(-0.,-0.565685424949));
#1538 = VECTOR('',#1539,1.);
#1539 = DIRECTION('',(-1.,0.));
#1540 = ( GEOMETRIC_REPRESENTATION_CONTEXT(2) 
PARAMETRIC_REPRESENTATION_CONTEXT() REPRESENTATION_CONTEXT('2D SPACE',''
  ) );
#1541 = ORIENTED_EDGE('',*,*,#1542,.T.);
#1542 = EDGE_CURVE('',#1515,#1543,#1545,.T.);
#1543 = VERTEX_POINT('',#1544);
#1544 = CARTESIAN_POINT('',(11.8,62.,6.25));
#1545 = SURFACE_CURVE('',#1546,(#1551,#1562),.PCURVE_S1.);
#1546 = CIRCLE('',#1547,3.8);
#1547 = AXIS2_PLACEMENT_3D('',#1548,#1549,#1550);
#1548 = CARTESIAN_POINT('',(8.,62.,6.25));
#1549 = DIRECTION('',(0.,-1.,0.));
#1550 = DIRECTION('',(0.,0.,-1.));
#1551 = PCURVE('',#66,#1552);
#1552 = DEFINITIONAL_REPRESENTATION('',(#1553),#1561);
#1553 = ( BOUNDED_CURVE() B_SPLINE_CURVE(2,(#1554,#1555,#1556,#1557,
#1558,#1559,#1560),.UNSPECIFIED.,.T.,.F.) B_SPLINE_CURVE_WITH_KNOTS((1,2
    ,2,2,2,1),(-2.094395102393,0.,2.094395102393,4.188790204786,
6.28318530718,8.377580409573),.UNSPECIFIED.) CURVE() 
GEOMETRIC_REPRESENTATION_ITEM() RATIONAL_B_SPLINE_CURVE((1.,0.5,1.,0.5,
1.,0.5,1.)) REPRESENTATION_ITEM('') );
#1554 = CARTESIAN_POINT('',(36.,-2.45));
#1555 = CARTESIAN_POINT('',(42.581793068762,-2.45));
#1556 = CARTESIAN_POINT('',(39.290896534381,-8.15));
#1557 = CARTESIAN_POINT('',(36.,-13.85));
#1558 = CARTESIAN_POINT('',(32.709103465619,-8.15));
#1559 = CARTESIAN_POINT('',(29.418206931238,-2.45));
#1560 = CARTESIAN_POINT('',(36.,-2.45));
#1561 = ( GEOMETRIC_REPRESENTATION_CONTEXT(2) 
PARAMETRIC_REPRESENTATION_CONTEXT() REPRESENTATION_CONTEXT('2D SPACE',''
  ) );
#1562 = PCURVE('',#1563,#1568);
#1563 = CONICAL_SURFACE('',#1564,3.,0.785398163397);
#1564 = AXIS2_PLACEMENT_3D('',#1565,#1566,#1567);
#1565 = CARTESIAN_POINT('',(8.,61.2,6.25));
#1566 = DIRECTION('',(-0.,1.,0.));
#1567 = DIRECTION('',(0.,0.,-1.));
#1568 = DEFINITIONAL_REPRESENTATION('',(#1569),#1573);
#1569 = LINE('',#1570,#1571);
#1570 = CARTESIAN_POINT('',(0.,0.8));
#1571 = VECTOR('',#1572,1.);
#1572 = DIRECTION('',(-1.,-0.));
#1573 = ( GEOMETRIC_REPRESENTATION_CONTEXT(2) 
PARAMETRIC_REPRESENTATION_CONTEXT() REPRESENTATION_CONTEXT('2D SPACE',''
  ) );
#1574 = ORIENTED_EDGE('',*,*,#1575,.T.);
#1575 = EDGE_CURVE('',#1543,#1227,#1576,.T.);
#1576 = SURFACE_CURVE('',#1577,(#1581,#1588),.PCURVE_S1.);
#1577 = LINE('',#1578,#1579);
#1578 = CARTESIAN_POINT('',(11.8,62.,6.25));
#1579 = VECTOR('',#1580,1.);
#1580 = DIRECTION('',(0.,-0.,1.));
#1581 = PCURVE('',#66,#1582);
#1582 = DEFINITIONAL_REPRESENTATION('',(#1583),#1587);
#1583 = LINE('',#1584,#1585);
#1584 = CARTESIAN_POINT('',(39.8,-6.25));
#1585 = VECTOR('',#1586,1.);
#1586 = DIRECTION('',(0.,-1.));
#1587 = ( GEOMETRIC_REPRESENTATION_CONTEXT(2) 
PARAMETRIC_REPRESENTATION_CONTEXT() REPRESENTATION_CONTEXT('2D SPACE',''
  ) );
#1588 = PCURVE('',#1265,#1589);
#1589 = DEFINITIONAL_REPRESENTATION('',(#1590),#1594);
#1590 = LINE('',#1591,#1592);
#1591 = CARTESIAN_POINT('',(0.,-0.565685424949));
#1592 = VECTOR('',#1593,1.);
#1593 = DIRECTION('',(1.,0.));
#1594 = ( GEOMETRIC_REPRESENTATION_CONTEXT(2) 
PARAMETRIC_REPRESENTATION_CONTEXT() REPRESENTATION_CONTEXT('2D SPACE',''
  ) );
#1595 = ADVANCED_FACE('',(#1596),#1369,.T.);
#1596 = FACE_BOUND('',#1597,.F.);
#1597 = EDGE_LOOP('',(#1598,#1599,#1600,#1621));
#1598 = ORIENTED_EDGE('',*,*,#1355,.F.);
#1599 = ORIENTED_EDGE('',*,*,#1458,.T.);
#1600 = ORIENTED_EDGE('',*,*,#1601,.T.);
#1601 = EDGE_CURVE('',#1459,#1602,#1604,.T.);
#1602 = VERTEX_POINT('',#1603);
#1603 = CARTESIAN_POINT('',(-11.,61.2,6.25));
#1604 = SURFACE_CURVE('',#1605,(#1609,#1615),.PCURVE_S1.);
#1605 = LINE('',#1606,#1607);
#1606 = CARTESIAN_POINT('',(-11.4,61.6,6.25));
#1607 = VECTOR('',#1608,1.);
#1608 = DIRECTION('',(0.707106781187,-0.707106781187,-1.71822989222E-34)
  );
#1609 = PCURVE('',#1369,#1610);
#1610 = DEFINITIONAL_REPRESENTATION('',(#1611),#1614);
#1611 = B_SPLINE_CURVE_WITH_KNOTS('',1,(#1612,#1613),.UNSPECIFIED.,.F.,
  .F.,(2,2),(-0.565685424949,0.565685424949),.PIECEWISE_BEZIER_KNOTS.);
#1612 = CARTESIAN_POINT('',(-1.,-0.565685424949));
#1613 = CARTESIAN_POINT('',(-1.,0.565685424949));
#1614 = ( GEOMETRIC_REPRESENTATION_CONTEXT(2) 
PARAMETRIC_REPRESENTATION_CONTEXT() REPRESENTATION_CONTEXT('2D SPACE',''
  ) );
#1615 = PCURVE('',#1502,#1616);
#1616 = DEFINITIONAL_REPRESENTATION('',(#1617),#1620);
#1617 = B_SPLINE_CURVE_WITH_KNOTS('',1,(#1618,#1619),.UNSPECIFIED.,.F.,
  .F.,(2,2),(-0.565685424949,0.565685424949),.PIECEWISE_BEZIER_KNOTS.);
#1618 = CARTESIAN_POINT('',(2.960594732334E-16,0.8));
#1619 = CARTESIAN_POINT('',(2.960594732334E-16,1.727101704552E-15));
#1620 = ( GEOMETRIC_REPRESENTATION_CONTEXT(2) 
PARAMETRIC_REPRESENTATION_CONTEXT() REPRESENTATION_CONTEXT('2D SPACE',''
  ) );
#1621 = ORIENTED_EDGE('',*,*,#1622,.F.);
#1622 = EDGE_CURVE('',#1330,#1602,#1623,.T.);
#1623 = SURFACE_CURVE('',#1624,(#1628,#1635),.PCURVE_S1.);
#1624 = LINE('',#1625,#1626);
#1625 = CARTESIAN_POINT('',(-11.,61.2,7.25));
#1626 = VECTOR('',#1627,1.);
#1627 = DIRECTION('',(-0.,0.,-1.));
#1628 = PCURVE('',#1369,#1629);
#1629 = DEFINITIONAL_REPRESENTATION('',(#1630),#1634);
#1630 = LINE('',#1631,#1632);
#1631 = CARTESIAN_POINT('',(-0.,0.565685424949));
#1632 = VECTOR('',#1633,1.);
#1633 = DIRECTION('',(-1.,0.));
#1634 = ( GEOMETRIC_REPRESENTATION_CONTEXT(2) 
PARAMETRIC_REPRESENTATION_CONTEXT() REPRESENTATION_CONTEXT('2D SPACE',''
  ) );
#1635 = PCURVE('',#1344,#1636);
#1636 = DEFINITIONAL_REPRESENTATION('',(#1637),#1641);
#1637 = LINE('',#1638,#1639);
#1638 = CARTESIAN_POINT('',(4.,-5.2));
#1639 = VECTOR('',#1640,1.);
#1640 = DIRECTION('',(-1.,-0.));
#1641 = ( GEOMETRIC_REPRESENTATION_CONTEXT(2) 
PARAMETRIC_REPRESENTATION_CONTEXT() REPRESENTATION_CONTEXT('2D SPACE',''
  ) );
#1642 = ADVANCED_FACE('',(#1643),#99,.T.);
#1643 = FACE_BOUND('',#1644,.T.);
#1644 = EDGE_LOOP('',(#1645,#1668,#1669,#1670));
#1645 = ORIENTED_EDGE('',*,*,#1646,.T.);
#1646 = EDGE_CURVE('',#1647,#79,#1649,.T.);
#1647 = VERTEX_POINT('',#1648);
#1648 = CARTESIAN_POINT('',(-32.,57.999999997379,1.5));
#1649 = SURFACE_CURVE('',#1650,(#1654,#1661),.PCURVE_S1.);
#1650 = LINE('',#1651,#1652);
#1651 = CARTESIAN_POINT('',(-32.,57.999999997379,0.));
#1652 = VECTOR('',#1653,1.);
#1653 = DIRECTION('',(0.,0.,1.));
#1654 = PCURVE('',#99,#1655);
#1655 = DEFINITIONAL_REPRESENTATION('',(#1656),#1660);
#1656 = LINE('',#1657,#1658);
#1657 = CARTESIAN_POINT('',(0.,0.));
#1658 = VECTOR('',#1659,1.);
#1659 = DIRECTION('',(0.,-1.));
#1660 = ( GEOMETRIC_REPRESENTATION_CONTEXT(2) 
PARAMETRIC_REPRESENTATION_CONTEXT() REPRESENTATION_CONTEXT('2D SPACE',''
  ) );
#1661 = PCURVE('',#127,#1662);
#1662 = DEFINITIONAL_REPRESENTATION('',(#1663),#1667);
#1663 = LINE('',#1664,#1665);
#1664 = CARTESIAN_POINT('',(32.564404223217,0.));
#1665 = VECTOR('',#1666,1.);
#1666 = DIRECTION('',(0.,-1.));
#1667 = ( GEOMETRIC_REPRESENTATION_CONTEXT(2) 
PARAMETRIC_REPRESENTATION_CONTEXT() REPRESENTATION_CONTEXT('2D SPACE',''
  ) );
#1668 = ORIENTED_EDGE('',*,*,#78,.T.);
#1669 = ORIENTED_EDGE('',*,*,#1436,.F.);
#1670 = ORIENTED_EDGE('',*,*,#1671,.F.);
#1671 = EDGE_CURVE('',#1647,#1409,#1672,.T.);
#1672 = SURFACE_CURVE('',#1673,(#1678,#1685),.PCURVE_S1.);
#1673 = CIRCLE('',#1674,4.);
#1674 = AXIS2_PLACEMENT_3D('',#1675,#1676,#1677);
#1675 = CARTESIAN_POINT('',(-28.,57.999999997379,1.5));
#1676 = DIRECTION('',(-0.,0.,-1.));
#1677 = DIRECTION('',(-1.,0.,0.));
#1678 = PCURVE('',#99,#1679);
#1679 = DEFINITIONAL_REPRESENTATION('',(#1680),#1684);
#1680 = LINE('',#1681,#1682);
#1681 = CARTESIAN_POINT('',(0.,-1.5));
#1682 = VECTOR('',#1683,1.);
#1683 = DIRECTION('',(1.,0.));
#1684 = ( GEOMETRIC_REPRESENTATION_CONTEXT(2) 
PARAMETRIC_REPRESENTATION_CONTEXT() REPRESENTATION_CONTEXT('2D SPACE',''
  ) );
#1685 = PCURVE('',#1686,#1691);
#1686 = TOROIDAL_SURFACE('',#1687,2.5,1.5);
#1687 = AXIS2_PLACEMENT_3D('',#1688,#1689,#1690);
#1688 = CARTESIAN_POINT('',(-28.,57.999999997379,1.5));
#1689 = DIRECTION('',(-0.,-0.,-1.));
#1690 = DIRECTION('',(-1.,0.,0.));
#1691 = DEFINITIONAL_REPRESENTATION('',(#1692),#1696);
#1692 = LINE('',#1693,#1694);
#1693 = CARTESIAN_POINT('',(0.,0.));
#1694 = VECTOR('',#1695,1.);
#1695 = DIRECTION('',(1.,0.));
#1696 = ( GEOMETRIC_REPRESENTATION_CONTEXT(2) 
PARAMETRIC_REPRESENTATION_CONTEXT() REPRESENTATION_CONTEXT('2D SPACE',''
  ) );
#1697 = ADVANCED_FACE('',(#1698),#1344,.T.);
#1698 = FACE_BOUND('',#1699,.T.);
#1699 = EDGE_LOOP('',(#1700,#1701,#1724,#1750));
#1700 = ORIENTED_EDGE('',*,*,#1329,.F.);
#1701 = ORIENTED_EDGE('',*,*,#1702,.F.);
#1702 = EDGE_CURVE('',#1703,#1304,#1705,.T.);
#1703 = VERTEX_POINT('',#1704);
#1704 = CARTESIAN_POINT('',(-11.,56.,6.25));
#1705 = SURFACE_CURVE('',#1706,(#1710,#1717),.PCURVE_S1.);
#1706 = LINE('',#1707,#1708);
#1707 = CARTESIAN_POINT('',(-11.,56.,3.25));
#1708 = VECTOR('',#1709,1.);
#1709 = DIRECTION('',(0.,0.,1.));
#1710 = PCURVE('',#1344,#1711);
#1711 = DEFINITIONAL_REPRESENTATION('',(#1712),#1716);
#1712 = LINE('',#1713,#1714);
#1713 = CARTESIAN_POINT('',(0.,0.));
#1714 = VECTOR('',#1715,1.);
#1715 = DIRECTION('',(1.,0.));
#1716 = ( GEOMETRIC_REPRESENTATION_CONTEXT(2) 
PARAMETRIC_REPRESENTATION_CONTEXT() REPRESENTATION_CONTEXT('2D SPACE',''
  ) );
#1717 = PCURVE('',#1318,#1718);
#1718 = DEFINITIONAL_REPRESENTATION('',(#1719),#1723);
#1719 = LINE('',#1720,#1721);
#1720 = CARTESIAN_POINT('',(0.,0.));
#1721 = VECTOR('',#1722,1.);
#1722 = DIRECTION('',(1.,0.));
#1723 = ( GEOMETRIC_REPRESENTATION_CONTEXT(2) 
PARAMETRIC_REPRESENTATION_CONTEXT() REPRESENTATION_CONTEXT('2D SPACE',''
  ) );
#1724 = ORIENTED_EDGE('',*,*,#1725,.T.);
#1725 = EDGE_CURVE('',#1703,#1602,#1726,.T.);
#1726 = SURFACE_CURVE('',#1727,(#1731,#1738),.PCURVE_S1.);
#1727 = LINE('',#1728,#1729);
#1728 = CARTESIAN_POINT('',(-11.,56.,6.25));
#1729 = VECTOR('',#1730,1.);
#1730 = DIRECTION('',(-0.,1.,0.));
#1731 = PCURVE('',#1344,#1732);
#1732 = DEFINITIONAL_REPRESENTATION('',(#1733),#1737);
#1733 = LINE('',#1734,#1735);
#1734 = CARTESIAN_POINT('',(3.,0.));
#1735 = VECTOR('',#1736,1.);
#1736 = DIRECTION('',(0.,-1.));
#1737 = ( GEOMETRIC_REPRESENTATION_CONTEXT(2) 
PARAMETRIC_REPRESENTATION_CONTEXT() REPRESENTATION_CONTEXT('2D SPACE',''
  ) );
#1738 = PCURVE('',#1739,#1744);
#1739 = CYLINDRICAL_SURFACE('',#1740,3.);
#1740 = AXIS2_PLACEMENT_3D('',#1741,#1742,#1743);
#1741 = CARTESIAN_POINT('',(-8.,56.,6.25));
#1742 = DIRECTION('',(-0.,1.,0.));
#1743 = DIRECTION('',(-1.,-0.,0.));
#1744 = DEFINITIONAL_REPRESENTATION('',(#1745),#1749);
#1745 = LINE('',#1746,#1747);
#1746 = CARTESIAN_POINT('',(-0.,0.));
#1747 = VECTOR('',#1748,1.);
#1748 = DIRECTION('',(-0.,1.));
#1749 = ( GEOMETRIC_REPRESENTATION_CONTEXT(2) 
PARAMETRIC_REPRESENTATION_CONTEXT() REPRESENTATION_CONTEXT('2D SPACE',''
  ) );
#1750 = ORIENTED_EDGE('',*,*,#1622,.F.);
#1751 = ADVANCED_FACE('',(#1752),#127,.T.);
#1752 = FACE_BOUND('',#1753,.T.);
#1753 = EDGE_LOOP('',(#1754,#1777,#1778,#1779));
#1754 = ORIENTED_EDGE('',*,*,#1755,.T.);
#1755 = EDGE_CURVE('',#1756,#112,#1758,.T.);
#1756 = VERTEX_POINT('',#1757);
#1757 = CARTESIAN_POINT('',(-32.,25.435595774163,1.5));
#1758 = SURFACE_CURVE('',#1759,(#1763,#1770),.PCURVE_S1.);
#1759 = LINE('',#1760,#1761);
#1760 = CARTESIAN_POINT('',(-32.,25.435595774163,0.));
#1761 = VECTOR('',#1762,1.);
#1762 = DIRECTION('',(0.,0.,1.));
#1763 = PCURVE('',#127,#1764);
#1764 = DEFINITIONAL_REPRESENTATION('',(#1765),#1769);
#1765 = LINE('',#1766,#1767);
#1766 = CARTESIAN_POINT('',(0.,0.));
#1767 = VECTOR('',#1768,1.);
#1768 = DIRECTION('',(0.,-1.));
#1769 = ( GEOMETRIC_REPRESENTATION_CONTEXT(2) 
PARAMETRIC_REPRESENTATION_CONTEXT() REPRESENTATION_CONTEXT('2D SPACE',''
  ) );
#1770 = PCURVE('',#160,#1771);
#1771 = DEFINITIONAL_REPRESENTATION('',(#1772),#1776);
#1772 = LINE('',#1773,#1774);
#1773 = CARTESIAN_POINT('',(3.14159265359,0.));
#1774 = VECTOR('',#1775,1.);
#1775 = DIRECTION('',(0.,-1.));
#1776 = ( GEOMETRIC_REPRESENTATION_CONTEXT(2) 
PARAMETRIC_REPRESENTATION_CONTEXT() REPRESENTATION_CONTEXT('2D SPACE',''
  ) );
#1777 = ORIENTED_EDGE('',*,*,#111,.T.);
#1778 = ORIENTED_EDGE('',*,*,#1646,.F.);
#1779 = ORIENTED_EDGE('',*,*,#1780,.F.);
#1780 = EDGE_CURVE('',#1756,#1647,#1781,.T.);
#1781 = SURFACE_CURVE('',#1782,(#1786,#1793),.PCURVE_S1.);
#1782 = LINE('',#1783,#1784);
#1783 = CARTESIAN_POINT('',(-32.,25.435595774163,1.5));
#1784 = VECTOR('',#1785,1.);
#1785 = DIRECTION('',(0.,1.,0.));
#1786 = PCURVE('',#127,#1787);
#1787 = DEFINITIONAL_REPRESENTATION('',(#1788),#1792);
#1788 = LINE('',#1789,#1790);
#1789 = CARTESIAN_POINT('',(0.,-1.5));
#1790 = VECTOR('',#1791,1.);
#1791 = DIRECTION('',(1.,0.));
#1792 = ( GEOMETRIC_REPRESENTATION_CONTEXT(2) 
PARAMETRIC_REPRESENTATION_CONTEXT() REPRESENTATION_CONTEXT('2D SPACE',''
  ) );
#1793 = PCURVE('',#1794,#1799);
#1794 = CYLINDRICAL_SURFACE('',#1795,1.5);
#1795 = AXIS2_PLACEMENT_3D('',#1796,#1797,#1798);
#1796 = CARTESIAN_POINT('',(-30.5,25.435595774163,1.5));
#1797 = DIRECTION('',(0.,1.,0.));
#1798 = DIRECTION('',(-1.,0.,0.));
#1799 = DEFINITIONAL_REPRESENTATION('',(#1800),#1804);
#1800 = LINE('',#1801,#1802);
#1801 = CARTESIAN_POINT('',(-0.,0.));
#1802 = VECTOR('',#1803,1.);
#1803 = DIRECTION('',(-0.,1.));
#1804 = ( GEOMETRIC_REPRESENTATION_CONTEXT(2) 
PARAMETRIC_REPRESENTATION_CONTEXT() REPRESENTATION_CONTEXT('2D SPACE',''
  ) );
#1805 = ADVANCED_FACE('',(#1806),#1318,.T.);
#1806 = FACE_BOUND('',#1807,.T.);
#1807 = EDGE_LOOP('',(#1808,#1838,#1864,#1865,#1866,#1889));
#1808 = ORIENTED_EDGE('',*,*,#1809,.F.);
#1809 = EDGE_CURVE('',#1810,#1812,#1814,.T.);
#1810 = VERTEX_POINT('',#1811);
#1811 = CARTESIAN_POINT('',(-8.,56.,3.25));
#1812 = VERTEX_POINT('',#1813);
#1813 = CARTESIAN_POINT('',(8.,56.,3.25));
#1814 = SURFACE_CURVE('',#1815,(#1819,#1826),.PCURVE_S1.);
#1815 = LINE('',#1816,#1817);
#1816 = CARTESIAN_POINT('',(-11.,56.,3.25));
#1817 = VECTOR('',#1818,1.);
#1818 = DIRECTION('',(1.,0.,-0.));
#1819 = PCURVE('',#1318,#1820);
#1820 = DEFINITIONAL_REPRESENTATION('',(#1821),#1825);
#1821 = LINE('',#1822,#1823);
#1822 = CARTESIAN_POINT('',(0.,0.));
#1823 = VECTOR('',#1824,1.);
#1824 = DIRECTION('',(0.,1.));
#1825 = ( GEOMETRIC_REPRESENTATION_CONTEXT(2) 
PARAMETRIC_REPRESENTATION_CONTEXT() REPRESENTATION_CONTEXT('2D SPACE',''
  ) );
#1826 = PCURVE('',#1827,#1832);
#1827 = PLANE('',#1828);
#1828 = AXIS2_PLACEMENT_3D('',#1829,#1830,#1831);
#1829 = CARTESIAN_POINT('',(-11.,56.,3.25));
#1830 = DIRECTION('',(0.,0.,1.));
#1831 = DIRECTION('',(1.,0.,-0.));
#1832 = DEFINITIONAL_REPRESENTATION('',(#1833),#1837);
#1833 = LINE('',#1834,#1835);
#1834 = CARTESIAN_POINT('',(0.,0.));
#1835 = VECTOR('',#1836,1.);
#1836 = DIRECTION('',(1.,0.));
#1837 = ( GEOMETRIC_REPRESENTATION_CONTEXT(2) 
PARAMETRIC_REPRESENTATION_CONTEXT() REPRESENTATION_CONTEXT('2D SPACE',''
  ) );
#1838 = ORIENTED_EDGE('',*,*,#1839,.F.);
#1839 = EDGE_CURVE('',#1703,#1810,#1840,.T.);
#1840 = SURFACE_CURVE('',#1841,(#1846,#1857),.PCURVE_S1.);
#1841 = CIRCLE('',#1842,3.);
#1842 = AXIS2_PLACEMENT_3D('',#1843,#1844,#1845);
#1843 = CARTESIAN_POINT('',(-8.,56.,6.25));
#1844 = DIRECTION('',(0.,-1.,0.));
#1845 = DIRECTION('',(0.,0.,1.));
#1846 = PCURVE('',#1318,#1847);
#1847 = DEFINITIONAL_REPRESENTATION('',(#1848),#1856);
#1848 = ( BOUNDED_CURVE() B_SPLINE_CURVE(2,(#1849,#1850,#1851,#1852,
#1853,#1854,#1855),.UNSPECIFIED.,.T.,.F.) B_SPLINE_CURVE_WITH_KNOTS((1,2
    ,2,2,2,1),(-2.094395102393,0.,2.094395102393,4.188790204786,
6.28318530718,8.377580409573),.UNSPECIFIED.) CURVE() 
GEOMETRIC_REPRESENTATION_ITEM() RATIONAL_B_SPLINE_CURVE((1.,0.5,1.,0.5,
1.,0.5,1.)) REPRESENTATION_ITEM('') );
#1849 = CARTESIAN_POINT('',(6.,3.));
#1850 = CARTESIAN_POINT('',(6.,-2.196152422707));
#1851 = CARTESIAN_POINT('',(1.5,0.401923788647));
#1852 = CARTESIAN_POINT('',(-3.,3.));
#1853 = CARTESIAN_POINT('',(1.5,5.598076211353));
#1854 = CARTESIAN_POINT('',(6.,8.196152422707));
#1855 = CARTESIAN_POINT('',(6.,3.));
#1856 = ( GEOMETRIC_REPRESENTATION_CONTEXT(2) 
PARAMETRIC_REPRESENTATION_CONTEXT() REPRESENTATION_CONTEXT('2D SPACE',''
  ) );
#1857 = PCURVE('',#1739,#1858);
#1858 = DEFINITIONAL_REPRESENTATION('',(#1859),#1863);
#1859 = LINE('',#1860,#1861);
#1860 = CARTESIAN_POINT('',(1.570796326795,-0.));
#1861 = VECTOR('',#1862,1.);
#1862 = DIRECTION('',(-1.,0.));
#1863 = ( GEOMETRIC_REPRESENTATION_CONTEXT(2) 
PARAMETRIC_REPRESENTATION_CONTEXT() REPRESENTATION_CONTEXT('2D SPACE',''
  ) );
#1864 = ORIENTED_EDGE('',*,*,#1702,.T.);
#1865 = ORIENTED_EDGE('',*,*,#1303,.F.);
#1866 = ORIENTED_EDGE('',*,*,#1867,.F.);
#1867 = EDGE_CURVE('',#1868,#1278,#1870,.T.);
#1868 = VERTEX_POINT('',#1869);
#1869 = CARTESIAN_POINT('',(11.,56.,6.25));
#1870 = SURFACE_CURVE('',#1871,(#1875,#1882),.PCURVE_S1.);
#1871 = LINE('',#1872,#1873);
#1872 = CARTESIAN_POINT('',(11.,56.,3.25));
#1873 = VECTOR('',#1874,1.);
#1874 = DIRECTION('',(0.,0.,1.));
#1875 = PCURVE('',#1318,#1876);
#1876 = DEFINITIONAL_REPRESENTATION('',(#1877),#1881);
#1877 = LINE('',#1878,#1879);
#1878 = CARTESIAN_POINT('',(0.,22.));
#1879 = VECTOR('',#1880,1.);
#1880 = DIRECTION('',(1.,0.));
#1881 = ( GEOMETRIC_REPRESENTATION_CONTEXT(2) 
PARAMETRIC_REPRESENTATION_CONTEXT() REPRESENTATION_CONTEXT('2D SPACE',''
  ) );
#1882 = PCURVE('',#1292,#1883);
#1883 = DEFINITIONAL_REPRESENTATION('',(#1884),#1888);
#1884 = LINE('',#1885,#1886);
#1885 = CARTESIAN_POINT('',(0.,0.));
#1886 = VECTOR('',#1887,1.);
#1887 = DIRECTION('',(1.,0.));
#1888 = ( GEOMETRIC_REPRESENTATION_CONTEXT(2) 
PARAMETRIC_REPRESENTATION_CONTEXT() REPRESENTATION_CONTEXT('2D SPACE',''
  ) );
#1889 = ORIENTED_EDGE('',*,*,#1890,.T.);
#1890 = EDGE_CURVE('',#1868,#1812,#1891,.T.);
#1891 = SURFACE_CURVE('',#1892,(#1897,#1904),.PCURVE_S1.);
#1892 = CIRCLE('',#1893,3.);
#1893 = AXIS2_PLACEMENT_3D('',#1894,#1895,#1896);
#1894 = CARTESIAN_POINT('',(8.,56.,6.25));
#1895 = DIRECTION('',(-0.,1.,0.));
#1896 = DIRECTION('',(0.,0.,1.));
#1897 = PCURVE('',#1318,#1898);
#1898 = DEFINITIONAL_REPRESENTATION('',(#1899),#1903);
#1899 = CIRCLE('',#1900,3.);
#1900 = AXIS2_PLACEMENT_2D('',#1901,#1902);
#1901 = CARTESIAN_POINT('',(3.,19.));
#1902 = DIRECTION('',(1.,0.));
#1903 = ( GEOMETRIC_REPRESENTATION_CONTEXT(2) 
PARAMETRIC_REPRESENTATION_CONTEXT() REPRESENTATION_CONTEXT('2D SPACE',''
  ) );
#1904 = PCURVE('',#1905,#1910);
#1905 = CYLINDRICAL_SURFACE('',#1906,3.);
#1906 = AXIS2_PLACEMENT_3D('',#1907,#1908,#1909);
#1907 = CARTESIAN_POINT('',(8.,56.,6.25));
#1908 = DIRECTION('',(-0.,1.,0.));
#1909 = DIRECTION('',(1.,0.,-0.));
#1910 = DEFINITIONAL_REPRESENTATION('',(#1911),#1915);
#1911 = LINE('',#1912,#1913);
#1912 = CARTESIAN_POINT('',(-1.570796326795,0.));
#1913 = VECTOR('',#1914,1.);
#1914 = DIRECTION('',(1.,0.));
#1915 = ( GEOMETRIC_REPRESENTATION_CONTEXT(2) 
PARAMETRIC_REPRESENTATION_CONTEXT() REPRESENTATION_CONTEXT('2D SPACE',''
  ) );
#1916 = ADVANCED_FACE('',(#1917),#160,.F.);
#1917 = FACE_BOUND('',#1918,.F.);
#1918 = EDGE_LOOP('',(#1919,#1920,#1921,#1944));
#1919 = ORIENTED_EDGE('',*,*,#1755,.T.);
#1920 = ORIENTED_EDGE('',*,*,#139,.T.);
#1921 = ORIENTED_EDGE('',*,*,#1922,.F.);
#1922 = EDGE_CURVE('',#1923,#140,#1925,.T.);
#1923 = VERTEX_POINT('',#1924);
#1924 = CARTESIAN_POINT('',(-32.4,23.692036196746,1.5));
#1925 = SURFACE_CURVE('',#1926,(#1930,#1937),.PCURVE_S1.);
#1926 = LINE('',#1927,#1928);
#1927 = CARTESIAN_POINT('',(-32.4,23.692036196746,0.));
#1928 = VECTOR('',#1929,1.);
#1929 = DIRECTION('',(0.,0.,1.));
#1930 = PCURVE('',#160,#1931);
#1931 = DEFINITIONAL_REPRESENTATION('',(#1932),#1936);
#1932 = LINE('',#1933,#1934);
#1933 = CARTESIAN_POINT('',(3.592619465386,0.));
#1934 = VECTOR('',#1935,1.);
#1935 = DIRECTION('',(0.,-1.));
#1936 = ( GEOMETRIC_REPRESENTATION_CONTEXT(2) 
PARAMETRIC_REPRESENTATION_CONTEXT() REPRESENTATION_CONTEXT('2D SPACE',''
  ) );
#1937 = PCURVE('',#189,#1938);
#1938 = DEFINITIONAL_REPRESENTATION('',(#1939),#1943);
#1939 = LINE('',#1940,#1941);
#1940 = CARTESIAN_POINT('',(-2.690565841794,0.));
#1941 = VECTOR('',#1942,1.);
#1942 = DIRECTION('',(-0.,-1.));
#1943 = ( GEOMETRIC_REPRESENTATION_CONTEXT(2) 
PARAMETRIC_REPRESENTATION_CONTEXT() REPRESENTATION_CONTEXT('2D SPACE',''
  ) );
#1944 = ORIENTED_EDGE('',*,*,#1945,.T.);
#1945 = EDGE_CURVE('',#1923,#1756,#1946,.T.);
#1946 = SURFACE_CURVE('',#1947,(#1952,#1959),.PCURVE_S1.);
#1947 = CIRCLE('',#1948,4.);
#1948 = AXIS2_PLACEMENT_3D('',#1949,#1950,#1951);
#1949 = CARTESIAN_POINT('',(-36.,25.435595774163,1.5));
#1950 = DIRECTION('',(0.,0.,1.));
#1951 = DIRECTION('',(0.9,-0.435889894354,0.));
#1952 = PCURVE('',#160,#1953);
#1953 = DEFINITIONAL_REPRESENTATION('',(#1954),#1958);
#1954 = LINE('',#1955,#1956);
#1955 = CARTESIAN_POINT('',(3.592619465386,-1.5));
#1956 = VECTOR('',#1957,1.);
#1957 = DIRECTION('',(-1.,-0.));
#1958 = ( GEOMETRIC_REPRESENTATION_CONTEXT(2) 
PARAMETRIC_REPRESENTATION_CONTEXT() REPRESENTATION_CONTEXT('2D SPACE',''
  ) );
#1959 = PCURVE('',#1960,#1965);
#1960 = TOROIDAL_SURFACE('',#1961,5.5,1.5);
#1961 = AXIS2_PLACEMENT_3D('',#1962,#1963,#1964);
#1962 = CARTESIAN_POINT('',(-36.,25.435595774163,1.5));
#1963 = DIRECTION('',(0.,0.,1.));
#1964 = DIRECTION('',(0.9,-0.435889894354,0.));
#1965 = DEFINITIONAL_REPRESENTATION('',(#1966),#1970);
#1966 = LINE('',#1967,#1968);
#1967 = CARTESIAN_POINT('',(0.,3.14159265359));
#1968 = VECTOR('',#1969,1.);
#1969 = DIRECTION('',(1.,0.));
#1970 = ( GEOMETRIC_REPRESENTATION_CONTEXT(2) 
PARAMETRIC_REPRESENTATION_CONTEXT() REPRESENTATION_CONTEXT('2D SPACE',''
  ) );
#1971 = ADVANCED_FACE('',(#1972),#1292,.F.);
#1972 = FACE_BOUND('',#1973,.F.);
#1973 = EDGE_LOOP('',(#1974,#1975,#1976,#1999));
#1974 = ORIENTED_EDGE('',*,*,#1277,.F.);
#1975 = ORIENTED_EDGE('',*,*,#1867,.F.);
#1976 = ORIENTED_EDGE('',*,*,#1977,.T.);
#1977 = EDGE_CURVE('',#1868,#1978,#1980,.T.);
#1978 = VERTEX_POINT('',#1979);
#1979 = CARTESIAN_POINT('',(11.,61.2,6.25));
#1980 = SURFACE_CURVE('',#1981,(#1985,#1992),.PCURVE_S1.);
#1981 = LINE('',#1982,#1983);
#1982 = CARTESIAN_POINT('',(11.,56.,6.25));
#1983 = VECTOR('',#1984,1.);
#1984 = DIRECTION('',(-0.,1.,0.));
#1985 = PCURVE('',#1292,#1986);
#1986 = DEFINITIONAL_REPRESENTATION('',(#1987),#1991);
#1987 = LINE('',#1988,#1989);
#1988 = CARTESIAN_POINT('',(3.,0.));
#1989 = VECTOR('',#1990,1.);
#1990 = DIRECTION('',(0.,-1.));
#1991 = ( GEOMETRIC_REPRESENTATION_CONTEXT(2) 
PARAMETRIC_REPRESENTATION_CONTEXT() REPRESENTATION_CONTEXT('2D SPACE',''
  ) );
#1992 = PCURVE('',#1905,#1993);
#1993 = DEFINITIONAL_REPRESENTATION('',(#1994),#1998);
#1994 = LINE('',#1995,#1996);
#1995 = CARTESIAN_POINT('',(0.,0.));
#1996 = VECTOR('',#1997,1.);
#1997 = DIRECTION('',(0.,1.));
#1998 = ( GEOMETRIC_REPRESENTATION_CONTEXT(2) 
PARAMETRIC_REPRESENTATION_CONTEXT() REPRESENTATION_CONTEXT('2D SPACE',''
  ) );
#1999 = ORIENTED_EDGE('',*,*,#2000,.T.);
#2000 = EDGE_CURVE('',#1978,#1250,#2001,.T.);
#2001 = SURFACE_CURVE('',#2002,(#2006,#2013),.PCURVE_S1.);
#2002 = LINE('',#2003,#2004);
#2003 = CARTESIAN_POINT('',(11.,61.2,6.25));
#2004 = VECTOR('',#2005,1.);
#2005 = DIRECTION('',(0.,-0.,1.));
#2006 = PCURVE('',#1292,#2007);
#2007 = DEFINITIONAL_REPRESENTATION('',(#2008),#2012);
#2008 = LINE('',#2009,#2010);
#2009 = CARTESIAN_POINT('',(3.,-5.2));
#2010 = VECTOR('',#2011,1.);
#2011 = DIRECTION('',(1.,0.));
#2012 = ( GEOMETRIC_REPRESENTATION_CONTEXT(2) 
PARAMETRIC_REPRESENTATION_CONTEXT() REPRESENTATION_CONTEXT('2D SPACE',''
  ) );
#2013 = PCURVE('',#1265,#2014);
#2014 = DEFINITIONAL_REPRESENTATION('',(#2015),#2019);
#2015 = LINE('',#2016,#2017);
#2016 = CARTESIAN_POINT('',(0.,0.565685424949));
#2017 = VECTOR('',#2018,1.);
#2018 = DIRECTION('',(1.,0.));
#2019 = ( GEOMETRIC_REPRESENTATION_CONTEXT(2) 
PARAMETRIC_REPRESENTATION_CONTEXT() REPRESENTATION_CONTEXT('2D SPACE',''
  ) );
#2020 = ADVANCED_FACE('',(#2021),#189,.T.);
#2021 = FACE_BOUND('',#2022,.F.);
#2022 = EDGE_LOOP('',(#2023,#2024,#2025,#2048));
#2023 = ORIENTED_EDGE('',*,*,#1922,.T.);
#2024 = ORIENTED_EDGE('',*,*,#172,.T.);
#2025 = ORIENTED_EDGE('',*,*,#2026,.F.);
#2026 = EDGE_CURVE('',#2027,#173,#2029,.T.);
#2027 = VERTEX_POINT('',#2028);
#2028 = CARTESIAN_POINT('',(-32.4,-7.692036196746,1.5));
#2029 = SURFACE_CURVE('',#2030,(#2034,#2041),.PCURVE_S1.);
#2030 = LINE('',#2031,#2032);
#2031 = CARTESIAN_POINT('',(-32.4,-7.692036196746,0.));
#2032 = VECTOR('',#2033,1.);
#2033 = DIRECTION('',(0.,0.,1.));
#2034 = PCURVE('',#189,#2035);
#2035 = DEFINITIONAL_REPRESENTATION('',(#2036),#2040);
#2036 = LINE('',#2037,#2038);
#2037 = CARTESIAN_POINT('',(-3.592619465386,0.));
#2038 = VECTOR('',#2039,1.);
#2039 = DIRECTION('',(-0.,-1.));
#2040 = ( GEOMETRIC_REPRESENTATION_CONTEXT(2) 
PARAMETRIC_REPRESENTATION_CONTEXT() REPRESENTATION_CONTEXT('2D SPACE',''
  ) );
#2041 = PCURVE('',#222,#2042);
#2042 = DEFINITIONAL_REPRESENTATION('',(#2043),#2047);
#2043 = LINE('',#2044,#2045);
#2044 = CARTESIAN_POINT('',(2.690565841794,0.));
#2045 = VECTOR('',#2046,1.);
#2046 = DIRECTION('',(0.,-1.));
#2047 = ( GEOMETRIC_REPRESENTATION_CONTEXT(2) 
PARAMETRIC_REPRESENTATION_CONTEXT() REPRESENTATION_CONTEXT('2D SPACE',''
  ) );
#2048 = ORIENTED_EDGE('',*,*,#2049,.T.);
#2049 = EDGE_CURVE('',#2027,#1923,#2050,.T.);
#2050 = SURFACE_CURVE('',#2051,(#2056,#2063),.PCURVE_S1.);
#2051 = CIRCLE('',#2052,36.);
#2052 = AXIS2_PLACEMENT_3D('',#2053,#2054,#2055);
#2053 = CARTESIAN_POINT('',(0.,8.,1.5));
#2054 = DIRECTION('',(-0.,0.,-1.));
#2055 = DIRECTION('',(-0.9,-0.435889894354,0.));
#2056 = PCURVE('',#189,#2057);
#2057 = DEFINITIONAL_REPRESENTATION('',(#2058),#2062);
#2058 = LINE('',#2059,#2060);
#2059 = CARTESIAN_POINT('',(-3.592619465386,-1.5));
#2060 = VECTOR('',#2061,1.);
#2061 = DIRECTION('',(1.,-0.));
#2062 = ( GEOMETRIC_REPRESENTATION_CONTEXT(2) 
PARAMETRIC_REPRESENTATION_CONTEXT() REPRESENTATION_CONTEXT('2D SPACE',''
  ) );
#2063 = PCURVE('',#2064,#2069);
#2064 = TOROIDAL_SURFACE('',#2065,34.5,1.5);
#2065 = AXIS2_PLACEMENT_3D('',#2066,#2067,#2068);
#2066 = CARTESIAN_POINT('',(0.,8.,1.5));
#2067 = DIRECTION('',(-0.,-0.,-1.));
#2068 = DIRECTION('',(-0.9,-0.435889894354,0.));
#2069 = DEFINITIONAL_REPRESENTATION('',(#2070),#2074);
#2070 = LINE('',#2071,#2072);
#2071 = CARTESIAN_POINT('',(0.,0.));
#2072 = VECTOR('',#2073,1.);
#2073 = DIRECTION('',(1.,0.));
#2074 = ( GEOMETRIC_REPRESENTATION_CONTEXT(2) 
PARAMETRIC_REPRESENTATION_CONTEXT() REPRESENTATION_CONTEXT('2D SPACE',''
  ) );
#2075 = ADVANCED_FACE('',(#2076),#1265,.F.);
#2076 = FACE_BOUND('',#2077,.F.);
#2077 = EDGE_LOOP('',(#2078,#2097,#2098,#2099));
#2078 = ORIENTED_EDGE('',*,*,#2079,.F.);
#2079 = EDGE_CURVE('',#1543,#1978,#2080,.T.);
#2080 = SURFACE_CURVE('',#2081,(#2085,#2091),.PCURVE_S1.);
#2081 = LINE('',#2082,#2083);
#2082 = CARTESIAN_POINT('',(11.,61.2,6.25));
#2083 = VECTOR('',#2084,1.);
#2084 = DIRECTION('',(-0.707106781187,-0.707106781187,4.329780281177E-17
    ));
#2085 = PCURVE('',#1265,#2086);
#2086 = DEFINITIONAL_REPRESENTATION('',(#2087),#2090);
#2087 = B_SPLINE_CURVE_WITH_KNOTS('',1,(#2088,#2089),.UNSPECIFIED.,.F.,
  .F.,(2,2),(-1.131370849898,0.),.PIECEWISE_BEZIER_KNOTS.);
#2088 = CARTESIAN_POINT('',(0.,-0.565685424949));
#2089 = CARTESIAN_POINT('',(0.,0.565685424949));
#2090 = ( GEOMETRIC_REPRESENTATION_CONTEXT(2) 
PARAMETRIC_REPRESENTATION_CONTEXT() REPRESENTATION_CONTEXT('2D SPACE',''
  ) );
#2091 = PCURVE('',#1563,#2092);
#2092 = DEFINITIONAL_REPRESENTATION('',(#2093),#2096);
#2093 = B_SPLINE_CURVE_WITH_KNOTS('',1,(#2094,#2095),.UNSPECIFIED.,.F.,
  .F.,(2,2),(-1.131370849898,0.),.PIECEWISE_BEZIER_KNOTS.);
#2094 = CARTESIAN_POINT('',(-1.570796326795,0.8));
#2095 = CARTESIAN_POINT('',(-1.570796326795,0.));
#2096 = ( GEOMETRIC_REPRESENTATION_CONTEXT(2) 
PARAMETRIC_REPRESENTATION_CONTEXT() REPRESENTATION_CONTEXT('2D SPACE',''
  ) );
#2097 = ORIENTED_EDGE('',*,*,#1575,.T.);
#2098 = ORIENTED_EDGE('',*,*,#1249,.T.);
#2099 = ORIENTED_EDGE('',*,*,#2000,.F.);
#2100 = ADVANCED_FACE('',(#2101),#222,.F.);
#2101 = FACE_BOUND('',#2102,.F.);
#2102 = EDGE_LOOP('',(#2103,#2104,#2105,#2128));
#2103 = ORIENTED_EDGE('',*,*,#2026,.T.);
#2104 = ORIENTED_EDGE('',*,*,#201,.T.);
#2105 = ORIENTED_EDGE('',*,*,#2106,.F.);
#2106 = EDGE_CURVE('',#2107,#202,#2109,.T.);
#2107 = VERTEX_POINT('',#2108);
#2108 = CARTESIAN_POINT('',(-32.,-9.435595774163,1.5));
#2109 = SURFACE_CURVE('',#2110,(#2114,#2121),.PCURVE_S1.);
#2110 = LINE('',#2111,#2112);
#2111 = CARTESIAN_POINT('',(-32.,-9.435595774163,0.));
#2112 = VECTOR('',#2113,1.);
#2113 = DIRECTION('',(0.,0.,1.));
#2114 = PCURVE('',#222,#2115);
#2115 = DEFINITIONAL_REPRESENTATION('',(#2116),#2120);
#2116 = LINE('',#2117,#2118);
#2117 = CARTESIAN_POINT('',(3.14159265359,0.));
#2118 = VECTOR('',#2119,1.);
#2119 = DIRECTION('',(0.,-1.));
#2120 = ( GEOMETRIC_REPRESENTATION_CONTEXT(2) 
PARAMETRIC_REPRESENTATION_CONTEXT() REPRESENTATION_CONTEXT('2D SPACE',''
  ) );
#2121 = PCURVE('',#250,#2122);
#2122 = DEFINITIONAL_REPRESENTATION('',(#2123),#2127);
#2123 = LINE('',#2124,#2125);
#2124 = CARTESIAN_POINT('',(48.564404225838,0.));
#2125 = VECTOR('',#2126,1.);
#2126 = DIRECTION('',(0.,-1.));
#2127 = ( GEOMETRIC_REPRESENTATION_CONTEXT(2) 
PARAMETRIC_REPRESENTATION_CONTEXT() REPRESENTATION_CONTEXT('2D SPACE',''
  ) );
#2128 = ORIENTED_EDGE('',*,*,#2129,.T.);
#2129 = EDGE_CURVE('',#2107,#2027,#2130,.T.);
#2130 = SURFACE_CURVE('',#2131,(#2136,#2143),.PCURVE_S1.);
#2131 = CIRCLE('',#2132,4.);
#2132 = AXIS2_PLACEMENT_3D('',#2133,#2134,#2135);
#2133 = CARTESIAN_POINT('',(-36.,-9.435595774163,1.5));
#2134 = DIRECTION('',(0.,0.,1.));
#2135 = DIRECTION('',(1.,0.,-0.));
#2136 = PCURVE('',#222,#2137);
#2137 = DEFINITIONAL_REPRESENTATION('',(#2138),#2142);
#2138 = LINE('',#2139,#2140);
#2139 = CARTESIAN_POINT('',(3.14159265359,-1.5));
#2140 = VECTOR('',#2141,1.);
#2141 = DIRECTION('',(-1.,-0.));
#2142 = ( GEOMETRIC_REPRESENTATION_CONTEXT(2) 
PARAMETRIC_REPRESENTATION_CONTEXT() REPRESENTATION_CONTEXT('2D SPACE',''
  ) );
#2143 = PCURVE('',#2144,#2149);
#2144 = TOROIDAL_SURFACE('',#2145,5.5,1.5);
#2145 = AXIS2_PLACEMENT_3D('',#2146,#2147,#2148);
#2146 = CARTESIAN_POINT('',(-36.,-9.435595774163,1.5));
#2147 = DIRECTION('',(0.,0.,1.));
#2148 = DIRECTION('',(1.,0.,-0.));
#2149 = DEFINITIONAL_REPRESENTATION('',(#2150),#2154);
#2150 = LINE('',#2151,#2152);
#2151 = CARTESIAN_POINT('',(0.,3.14159265359));
#2152 = VECTOR('',#2153,1.);
#2153 = DIRECTION('',(1.,0.));
#2154 = ( GEOMETRIC_REPRESENTATION_CONTEXT(2) 
PARAMETRIC_REPRESENTATION_CONTEXT() REPRESENTATION_CONTEXT('2D SPACE',''
  ) );
#2155 = ADVANCED_FACE('',(#2156,#2209),#250,.T.);
#2156 = FACE_BOUND('',#2157,.T.);
#2157 = EDGE_LOOP('',(#2158,#2181,#2182,#2183));
#2158 = ORIENTED_EDGE('',*,*,#2159,.T.);
#2159 = EDGE_CURVE('',#2160,#235,#2162,.T.);
#2160 = VERTEX_POINT('',#2161);
#2161 = CARTESIAN_POINT('',(-32.,-58.,1.5));
#2162 = SURFACE_CURVE('',#2163,(#2167,#2174),.PCURVE_S1.);
#2163 = LINE('',#2164,#2165);
#2164 = CARTESIAN_POINT('',(-32.,-58.,0.));
#2165 = VECTOR('',#2166,1.);
#2166 = DIRECTION('',(0.,0.,1.));
#2167 = PCURVE('',#250,#2168);
#2168 = DEFINITIONAL_REPRESENTATION('',(#2169),#2173);
#2169 = LINE('',#2170,#2171);
#2170 = CARTESIAN_POINT('',(-7.105427357601E-15,0.));
#2171 = VECTOR('',#2172,1.);
#2172 = DIRECTION('',(0.,-1.));
#2173 = ( GEOMETRIC_REPRESENTATION_CONTEXT(2) 
PARAMETRIC_REPRESENTATION_CONTEXT() REPRESENTATION_CONTEXT('2D SPACE',''
  ) );
#2174 = PCURVE('',#283,#2175);
#2175 = DEFINITIONAL_REPRESENTATION('',(#2176),#2180);
#2176 = LINE('',#2177,#2178);
#2177 = CARTESIAN_POINT('',(6.28318530718,0.));
#2178 = VECTOR('',#2179,1.);
#2179 = DIRECTION('',(0.,-1.));
#2180 = ( GEOMETRIC_REPRESENTATION_CONTEXT(2) 
PARAMETRIC_REPRESENTATION_CONTEXT() REPRESENTATION_CONTEXT('2D SPACE',''
  ) );
#2181 = ORIENTED_EDGE('',*,*,#234,.T.);
#2182 = ORIENTED_EDGE('',*,*,#2106,.F.);
#2183 = ORIENTED_EDGE('',*,*,#2184,.F.);
#2184 = EDGE_CURVE('',#2160,#2107,#2185,.T.);
#2185 = SURFACE_CURVE('',#2186,(#2190,#2197),.PCURVE_S1.);
#2186 = LINE('',#2187,#2188);
#2187 = CARTESIAN_POINT('',(-32.,-58.,1.5));
#2188 = VECTOR('',#2189,1.);
#2189 = DIRECTION('',(0.,1.,0.));
#2190 = PCURVE('',#250,#2191);
#2191 = DEFINITIONAL_REPRESENTATION('',(#2192),#2196);
#2192 = LINE('',#2193,#2194);
#2193 = CARTESIAN_POINT('',(0.,-1.5));
#2194 = VECTOR('',#2195,1.);
#2195 = DIRECTION('',(1.,0.));
#2196 = ( GEOMETRIC_REPRESENTATION_CONTEXT(2) 
PARAMETRIC_REPRESENTATION_CONTEXT() REPRESENTATION_CONTEXT('2D SPACE',''
  ) );
#2197 = PCURVE('',#2198,#2203);
#2198 = CYLINDRICAL_SURFACE('',#2199,1.5);
#2199 = AXIS2_PLACEMENT_3D('',#2200,#2201,#2202);
#2200 = CARTESIAN_POINT('',(-30.5,-58.,1.5));
#2201 = DIRECTION('',(0.,1.,0.));
#2202 = DIRECTION('',(-1.,0.,0.));
#2203 = DEFINITIONAL_REPRESENTATION('',(#2204),#2208);
#2204 = LINE('',#2205,#2206);
#2205 = CARTESIAN_POINT('',(-0.,0.));
#2206 = VECTOR('',#2207,1.);
#2207 = DIRECTION('',(-0.,1.));
#2208 = ( GEOMETRIC_REPRESENTATION_CONTEXT(2) 
PARAMETRIC_REPRESENTATION_CONTEXT() REPRESENTATION_CONTEXT('2D SPACE',''
  ) );
#2209 = FACE_BOUND('',#2210,.T.);
#2210 = EDGE_LOOP('',(#2211,#2246,#2272,#2305,#2331,#2364,#2390,#2423));
#2211 = ORIENTED_EDGE('',*,*,#2212,.T.);
#2212 = EDGE_CURVE('',#2213,#2215,#2217,.T.);
#2213 = VERTEX_POINT('',#2214);
#2214 = CARTESIAN_POINT('',(-32.,-47.6,6.500000032584));
#2215 = VERTEX_POINT('',#2216);
#2216 = CARTESIAN_POINT('',(-32.,-48.,6.100000026439));
#2217 = SURFACE_CURVE('',#2218,(#2223,#2234),.PCURVE_S1.);
#2218 = CIRCLE('',#2219,0.4);
#2219 = AXIS2_PLACEMENT_3D('',#2220,#2221,#2222);
#2220 = CARTESIAN_POINT('',(-32.,-47.6,6.100000026439));
#2221 = DIRECTION('',(1.,0.,-0.));
#2222 = DIRECTION('',(0.,-1.,0.));
#2223 = PCURVE('',#250,#2224);
#2224 = DEFINITIONAL_REPRESENTATION('',(#2225),#2233);
#2225 = ( BOUNDED_CURVE() B_SPLINE_CURVE(2,(#2226,#2227,#2228,#2229,
#2230,#2231,#2232),.UNSPECIFIED.,.T.,.F.) B_SPLINE_CURVE_WITH_KNOTS((1,2
    ,2,2,2,1),(-2.094395102393,0.,2.094395102393,4.188790204786,
6.28318530718,8.377580409573),.UNSPECIFIED.) CURVE() 
GEOMETRIC_REPRESENTATION_ITEM() RATIONAL_B_SPLINE_CURVE((1.,0.5,1.,0.5,
1.,0.5,1.)) REPRESENTATION_ITEM('') );
#2226 = CARTESIAN_POINT('',(10.000000000001,-6.100000026439));
#2227 = CARTESIAN_POINT('',(10.000000000001,-5.407179703411));
#2228 = CARTESIAN_POINT('',(10.600000000001,-5.753589864925));
#2229 = CARTESIAN_POINT('',(11.200000000001,-6.100000026439));
#2230 = CARTESIAN_POINT('',(10.600000000001,-6.446410187952));
#2231 = CARTESIAN_POINT('',(10.000000000001,-6.792820349466));
#2232 = CARTESIAN_POINT('',(10.000000000001,-6.100000026439));
#2233 = ( GEOMETRIC_REPRESENTATION_CONTEXT(2) 
PARAMETRIC_REPRESENTATION_CONTEXT() REPRESENTATION_CONTEXT('2D SPACE',''
  ) );
#2234 = PCURVE('',#2235,#2240);
#2235 = CYLINDRICAL_SURFACE('',#2236,0.4);
#2236 = AXIS2_PLACEMENT_3D('',#2237,#2238,#2239);
#2237 = CARTESIAN_POINT('',(-32.,-47.6,6.100000026439));
#2238 = DIRECTION('',(1.,-0.,-0.));
#2239 = DIRECTION('',(0.,-1.,0.));
#2240 = DEFINITIONAL_REPRESENTATION('',(#2241),#2245);
#2241 = LINE('',#2242,#2243);
#2242 = CARTESIAN_POINT('',(-6.28318530718,-7.105427357601E-15));
#2243 = VECTOR('',#2244,1.);
#2244 = DIRECTION('',(1.,-0.));
#2245 = ( GEOMETRIC_REPRESENTATION_CONTEXT(2) 
PARAMETRIC_REPRESENTATION_CONTEXT() REPRESENTATION_CONTEXT('2D SPACE',''
  ) );
#2246 = ORIENTED_EDGE('',*,*,#2247,.T.);
#2247 = EDGE_CURVE('',#2215,#2248,#2250,.T.);
#2248 = VERTEX_POINT('',#2249);
#2249 = CARTESIAN_POINT('',(-32.,-48.,3.89999996127));
#2250 = SURFACE_CURVE('',#2251,(#2255,#2261),.PCURVE_S1.);
#2251 = LINE('',#2252,#2253);
#2252 = CARTESIAN_POINT('',(-32.,-48.,1.949999980635));
#2253 = VECTOR('',#2254,1.);
#2254 = DIRECTION('',(0.,0.,-1.));
#2255 = PCURVE('',#250,#2256);
#2256 = DEFINITIONAL_REPRESENTATION('',(#2257),#2260);
#2257 = B_SPLINE_CURVE_WITH_KNOTS('',1,(#2258,#2259),.UNSPECIFIED.,.F.,
  .F.,(2,2),(-4.150000045804,-1.949999980635),.PIECEWISE_BEZIER_KNOTS.);
#2258 = CARTESIAN_POINT('',(10.000000000001,-6.100000026439));
#2259 = CARTESIAN_POINT('',(10.000000000001,-3.89999996127));
#2260 = ( GEOMETRIC_REPRESENTATION_CONTEXT(2) 
PARAMETRIC_REPRESENTATION_CONTEXT() REPRESENTATION_CONTEXT('2D SPACE',''
  ) );
#2261 = PCURVE('',#2262,#2267);
#2262 = PLANE('',#2263);
#2263 = AXIS2_PLACEMENT_3D('',#2264,#2265,#2266);
#2264 = CARTESIAN_POINT('',(-32.,-48.,3.89999996127));
#2265 = DIRECTION('',(0.,1.,0.));
#2266 = DIRECTION('',(0.,-0.,1.));
#2267 = DEFINITIONAL_REPRESENTATION('',(#2268),#2271);
#2268 = B_SPLINE_CURVE_WITH_KNOTS('',1,(#2269,#2270),.UNSPECIFIED.,.F.,
  .F.,(2,2),(-4.150000045804,-1.949999980635),.PIECEWISE_BEZIER_KNOTS.);
#2269 = CARTESIAN_POINT('',(2.200000065169,-7.105427357601E-15));
#2270 = CARTESIAN_POINT('',(0.,-7.105427357601E-15));
#2271 = ( GEOMETRIC_REPRESENTATION_CONTEXT(2) 
PARAMETRIC_REPRESENTATION_CONTEXT() REPRESENTATION_CONTEXT('2D SPACE',''
  ) );
#2272 = ORIENTED_EDGE('',*,*,#2273,.T.);
#2273 = EDGE_CURVE('',#2248,#2274,#2276,.T.);
#2274 = VERTEX_POINT('',#2275);
#2275 = CARTESIAN_POINT('',(-32.,-47.6,3.5));
#2276 = SURFACE_CURVE('',#2277,(#2282,#2293),.PCURVE_S1.);
#2277 = CIRCLE('',#2278,0.4);
#2278 = AXIS2_PLACEMENT_3D('',#2279,#2280,#2281);
#2279 = CARTESIAN_POINT('',(-32.,-47.6,3.89999996127));
#2280 = DIRECTION('',(1.,0.,-0.));
#2281 = DIRECTION('',(0.,-1.,0.));
#2282 = PCURVE('',#250,#2283);
#2283 = DEFINITIONAL_REPRESENTATION('',(#2284),#2292);
#2284 = ( BOUNDED_CURVE() B_SPLINE_CURVE(2,(#2285,#2286,#2287,#2288,
#2289,#2290,#2291),.UNSPECIFIED.,.T.,.F.) B_SPLINE_CURVE_WITH_KNOTS((1,2
    ,2,2,2,1),(-2.094395102393,0.,2.094395102393,4.188790204786,
6.28318530718,8.377580409573),.UNSPECIFIED.) CURVE() 
GEOMETRIC_REPRESENTATION_ITEM() RATIONAL_B_SPLINE_CURVE((1.,0.5,1.,0.5,
1.,0.5,1.)) REPRESENTATION_ITEM('') );
#2285 = CARTESIAN_POINT('',(10.000000000001,-3.89999996127));
#2286 = CARTESIAN_POINT('',(10.000000000001,-3.207179638243));
#2287 = CARTESIAN_POINT('',(10.600000000001,-3.553589799756));
#2288 = CARTESIAN_POINT('',(11.200000000001,-3.89999996127));
#2289 = CARTESIAN_POINT('',(10.600000000001,-4.246410122784));
#2290 = CARTESIAN_POINT('',(10.000000000001,-4.592820284298));
#2291 = CARTESIAN_POINT('',(10.000000000001,-3.89999996127));
#2292 = ( GEOMETRIC_REPRESENTATION_CONTEXT(2) 
PARAMETRIC_REPRESENTATION_CONTEXT() REPRESENTATION_CONTEXT('2D SPACE',''
  ) );
#2293 = PCURVE('',#2294,#2299);
#2294 = CYLINDRICAL_SURFACE('',#2295,0.4);
#2295 = AXIS2_PLACEMENT_3D('',#2296,#2297,#2298);
#2296 = CARTESIAN_POINT('',(-32.,-47.6,3.89999996127));
#2297 = DIRECTION('',(1.,-0.,-0.));
#2298 = DIRECTION('',(0.,-1.,0.));
#2299 = DEFINITIONAL_REPRESENTATION('',(#2300),#2304);
#2300 = LINE('',#2301,#2302);
#2301 = CARTESIAN_POINT('',(-6.28318530718,-7.105427357601E-15));
#2302 = VECTOR('',#2303,1.);
#2303 = DIRECTION('',(1.,-0.));
#2304 = ( GEOMETRIC_REPRESENTATION_CONTEXT(2) 
PARAMETRIC_REPRESENTATION_CONTEXT() REPRESENTATION_CONTEXT('2D SPACE',''
  ) );
#2305 = ORIENTED_EDGE('',*,*,#2306,.F.);
#2306 = EDGE_CURVE('',#2307,#2274,#2309,.T.);
#2307 = VERTEX_POINT('',#2308);
#2308 = CARTESIAN_POINT('',(-32.,-35.4,3.5));
#2309 = SURFACE_CURVE('',#2310,(#2314,#2320),.PCURVE_S1.);
#2310 = LINE('',#2311,#2312);
#2311 = CARTESIAN_POINT('',(-32.,-52.8,3.50000003873));
#2312 = VECTOR('',#2313,1.);
#2313 = DIRECTION('',(-0.,-1.,-0.));
#2314 = PCURVE('',#250,#2315);
#2315 = DEFINITIONAL_REPRESENTATION('',(#2316),#2319);
#2316 = B_SPLINE_CURVE_WITH_KNOTS('',1,(#2317,#2318),.UNSPECIFIED.,.F.,
  .F.,(2,2),(-17.4,-5.2),.PIECEWISE_BEZIER_KNOTS.);
#2317 = CARTESIAN_POINT('',(22.600000000001,-3.50000003873));
#2318 = CARTESIAN_POINT('',(10.400000000001,-3.50000003873));
#2319 = ( GEOMETRIC_REPRESENTATION_CONTEXT(2) 
PARAMETRIC_REPRESENTATION_CONTEXT() REPRESENTATION_CONTEXT('2D SPACE',''
  ) );
#2320 = PCURVE('',#2321,#2326);
#2321 = PLANE('',#2322);
#2322 = AXIS2_PLACEMENT_3D('',#2323,#2324,#2325);
#2323 = CARTESIAN_POINT('',(-32.,-47.6,3.50000003873));
#2324 = DIRECTION('',(0.,0.,-1.));
#2325 = DIRECTION('',(0.,1.,0.));
#2326 = DEFINITIONAL_REPRESENTATION('',(#2327),#2330);
#2327 = B_SPLINE_CURVE_WITH_KNOTS('',1,(#2328,#2329),.UNSPECIFIED.,.F.,
  .F.,(2,2),(-17.4,-5.2),.PIECEWISE_BEZIER_KNOTS.);
#2328 = CARTESIAN_POINT('',(12.2,-7.105427357601E-15));
#2329 = CARTESIAN_POINT('',(0.,-7.105427357601E-15));
#2330 = ( GEOMETRIC_REPRESENTATION_CONTEXT(2) 
PARAMETRIC_REPRESENTATION_CONTEXT() REPRESENTATION_CONTEXT('2D SPACE',''
  ) );
#2331 = ORIENTED_EDGE('',*,*,#2332,.T.);
#2332 = EDGE_CURVE('',#2307,#2333,#2335,.T.);
#2333 = VERTEX_POINT('',#2334);
#2334 = CARTESIAN_POINT('',(-32.,-35.,3.89999996127));
#2335 = SURFACE_CURVE('',#2336,(#2341,#2352),.PCURVE_S1.);
#2336 = CIRCLE('',#2337,0.4);
#2337 = AXIS2_PLACEMENT_3D('',#2338,#2339,#2340);
#2338 = CARTESIAN_POINT('',(-32.,-35.4,3.89999996127));
#2339 = DIRECTION('',(1.,0.,-0.));
#2340 = DIRECTION('',(0.,-1.,0.));
#2341 = PCURVE('',#250,#2342);
#2342 = DEFINITIONAL_REPRESENTATION('',(#2343),#2351);
#2343 = ( BOUNDED_CURVE() B_SPLINE_CURVE(2,(#2344,#2345,#2346,#2347,
#2348,#2349,#2350),.UNSPECIFIED.,.T.,.F.) B_SPLINE_CURVE_WITH_KNOTS((1,2
    ,2,2,2,1),(-2.094395102393,0.,2.094395102393,4.188790204786,
6.28318530718,8.377580409573),.UNSPECIFIED.) CURVE() 
GEOMETRIC_REPRESENTATION_ITEM() RATIONAL_B_SPLINE_CURVE((1.,0.5,1.,0.5,
1.,0.5,1.)) REPRESENTATION_ITEM('') );
#2344 = CARTESIAN_POINT('',(22.200000000001,-3.89999996127));
#2345 = CARTESIAN_POINT('',(22.200000000001,-3.207179638243));
#2346 = CARTESIAN_POINT('',(22.800000000001,-3.553589799756));
#2347 = CARTESIAN_POINT('',(23.400000000001,-3.89999996127));
#2348 = CARTESIAN_POINT('',(22.800000000001,-4.246410122784));
#2349 = CARTESIAN_POINT('',(22.200000000001,-4.592820284298));
#2350 = CARTESIAN_POINT('',(22.200000000001,-3.89999996127));
#2351 = ( GEOMETRIC_REPRESENTATION_CONTEXT(2) 
PARAMETRIC_REPRESENTATION_CONTEXT() REPRESENTATION_CONTEXT('2D SPACE',''
  ) );
#2352 = PCURVE('',#2353,#2358);
#2353 = CYLINDRICAL_SURFACE('',#2354,0.4);
#2354 = AXIS2_PLACEMENT_3D('',#2355,#2356,#2357);
#2355 = CARTESIAN_POINT('',(-32.,-35.4,3.89999996127));
#2356 = DIRECTION('',(1.,-0.,-0.));
#2357 = DIRECTION('',(0.,-1.,0.));
#2358 = DEFINITIONAL_REPRESENTATION('',(#2359),#2363);
#2359 = LINE('',#2360,#2361);
#2360 = CARTESIAN_POINT('',(-6.28318530718,-7.105427357601E-15));
#2361 = VECTOR('',#2362,1.);
#2362 = DIRECTION('',(1.,-0.));
#2363 = ( GEOMETRIC_REPRESENTATION_CONTEXT(2) 
PARAMETRIC_REPRESENTATION_CONTEXT() REPRESENTATION_CONTEXT('2D SPACE',''
  ) );
#2364 = ORIENTED_EDGE('',*,*,#2365,.F.);
#2365 = EDGE_CURVE('',#2366,#2333,#2368,.T.);
#2366 = VERTEX_POINT('',#2367);
#2367 = CARTESIAN_POINT('',(-32.,-35.,6.100000026439));
#2368 = SURFACE_CURVE('',#2369,(#2373,#2379),.PCURVE_S1.);
#2369 = LINE('',#2370,#2371);
#2370 = CARTESIAN_POINT('',(-32.,-35.,1.949999980635));
#2371 = VECTOR('',#2372,1.);
#2372 = DIRECTION('',(0.,0.,-1.));
#2373 = PCURVE('',#250,#2374);
#2374 = DEFINITIONAL_REPRESENTATION('',(#2375),#2378);
#2375 = B_SPLINE_CURVE_WITH_KNOTS('',1,(#2376,#2377),.UNSPECIFIED.,.F.,
  .F.,(2,2),(-4.150000045804,-1.949999980635),.PIECEWISE_BEZIER_KNOTS.);
#2376 = CARTESIAN_POINT('',(23.000000000001,-6.100000026439));
#2377 = CARTESIAN_POINT('',(23.000000000001,-3.89999996127));
#2378 = ( GEOMETRIC_REPRESENTATION_CONTEXT(2) 
PARAMETRIC_REPRESENTATION_CONTEXT() REPRESENTATION_CONTEXT('2D SPACE',''
  ) );
#2379 = PCURVE('',#2380,#2385);
#2380 = PLANE('',#2381);
#2381 = AXIS2_PLACEMENT_3D('',#2382,#2383,#2384);
#2382 = CARTESIAN_POINT('',(-32.,-35.,3.89999996127));
#2383 = DIRECTION('',(0.,1.,0.));
#2384 = DIRECTION('',(0.,-0.,1.));
#2385 = DEFINITIONAL_REPRESENTATION('',(#2386),#2389);
#2386 = B_SPLINE_CURVE_WITH_KNOTS('',1,(#2387,#2388),.UNSPECIFIED.,.F.,
  .F.,(2,2),(-4.150000045804,-1.949999980635),.PIECEWISE_BEZIER_KNOTS.);
#2387 = CARTESIAN_POINT('',(2.200000065169,-7.105427357601E-15));
#2388 = CARTESIAN_POINT('',(0.,-7.105427357601E-15));
#2389 = ( GEOMETRIC_REPRESENTATION_CONTEXT(2) 
PARAMETRIC_REPRESENTATION_CONTEXT() REPRESENTATION_CONTEXT('2D SPACE',''
  ) );
#2390 = ORIENTED_EDGE('',*,*,#2391,.T.);
#2391 = EDGE_CURVE('',#2366,#2392,#2394,.T.);
#2392 = VERTEX_POINT('',#2393);
#2393 = CARTESIAN_POINT('',(-32.,-35.4,6.500000032584));
#2394 = SURFACE_CURVE('',#2395,(#2400,#2411),.PCURVE_S1.);
#2395 = CIRCLE('',#2396,0.4);
#2396 = AXIS2_PLACEMENT_3D('',#2397,#2398,#2399);
#2397 = CARTESIAN_POINT('',(-32.,-35.4,6.100000026439));
#2398 = DIRECTION('',(1.,0.,-0.));
#2399 = DIRECTION('',(0.,-1.,0.));
#2400 = PCURVE('',#250,#2401);
#2401 = DEFINITIONAL_REPRESENTATION('',(#2402),#2410);
#2402 = ( BOUNDED_CURVE() B_SPLINE_CURVE(2,(#2403,#2404,#2405,#2406,
#2407,#2408,#2409),.UNSPECIFIED.,.T.,.F.) B_SPLINE_CURVE_WITH_KNOTS((1,2
    ,2,2,2,1),(-2.094395102393,0.,2.094395102393,4.188790204786,
6.28318530718,8.377580409573),.UNSPECIFIED.) CURVE() 
GEOMETRIC_REPRESENTATION_ITEM() RATIONAL_B_SPLINE_CURVE((1.,0.5,1.,0.5,
1.,0.5,1.)) REPRESENTATION_ITEM('') );
#2403 = CARTESIAN_POINT('',(22.200000000001,-6.100000026439));
#2404 = CARTESIAN_POINT('',(22.200000000001,-5.407179703411));
#2405 = CARTESIAN_POINT('',(22.800000000001,-5.753589864925));
#2406 = CARTESIAN_POINT('',(23.400000000001,-6.100000026439));
#2407 = CARTESIAN_POINT('',(22.800000000001,-6.446410187952));
#2408 = CARTESIAN_POINT('',(22.200000000001,-6.792820349466));
#2409 = CARTESIAN_POINT('',(22.200000000001,-6.100000026439));
#2410 = ( GEOMETRIC_REPRESENTATION_CONTEXT(2) 
PARAMETRIC_REPRESENTATION_CONTEXT() REPRESENTATION_CONTEXT('2D SPACE',''
  ) );
#2411 = PCURVE('',#2412,#2417);
#2412 = CYLINDRICAL_SURFACE('',#2413,0.4);
#2413 = AXIS2_PLACEMENT_3D('',#2414,#2415,#2416);
#2414 = CARTESIAN_POINT('',(-32.,-35.4,6.100000026439));
#2415 = DIRECTION('',(1.,-0.,-0.));
#2416 = DIRECTION('',(0.,-1.,0.));
#2417 = DEFINITIONAL_REPRESENTATION('',(#2418),#2422);
#2418 = LINE('',#2419,#2420);
#2419 = CARTESIAN_POINT('',(-6.28318530718,-7.105427357601E-15));
#2420 = VECTOR('',#2421,1.);
#2421 = DIRECTION('',(1.,-0.));
#2422 = ( GEOMETRIC_REPRESENTATION_CONTEXT(2) 
PARAMETRIC_REPRESENTATION_CONTEXT() REPRESENTATION_CONTEXT('2D SPACE',''
  ) );
#2423 = ORIENTED_EDGE('',*,*,#2424,.T.);
#2424 = EDGE_CURVE('',#2392,#2213,#2425,.T.);
#2425 = SURFACE_CURVE('',#2426,(#2430,#2436),.PCURVE_S1.);
#2426 = LINE('',#2427,#2428);
#2427 = CARTESIAN_POINT('',(-32.,-52.8,6.50000003873));
#2428 = VECTOR('',#2429,1.);
#2429 = DIRECTION('',(-0.,-1.,-0.));
#2430 = PCURVE('',#250,#2431);
#2431 = DEFINITIONAL_REPRESENTATION('',(#2432),#2435);
#2432 = B_SPLINE_CURVE_WITH_KNOTS('',1,(#2433,#2434),.UNSPECIFIED.,.F.,
  .F.,(2,2),(-17.4,-5.2),.PIECEWISE_BEZIER_KNOTS.);
#2433 = CARTESIAN_POINT('',(22.600000000001,-6.50000003873));
#2434 = CARTESIAN_POINT('',(10.400000000001,-6.50000003873));
#2435 = ( GEOMETRIC_REPRESENTATION_CONTEXT(2) 
PARAMETRIC_REPRESENTATION_CONTEXT() REPRESENTATION_CONTEXT('2D SPACE',''
  ) );
#2436 = PCURVE('',#2437,#2442);
#2437 = PLANE('',#2438);
#2438 = AXIS2_PLACEMENT_3D('',#2439,#2440,#2441);
#2439 = CARTESIAN_POINT('',(-32.,-47.6,6.50000003873));
#2440 = DIRECTION('',(0.,0.,-1.));
#2441 = DIRECTION('',(0.,1.,0.));
#2442 = DEFINITIONAL_REPRESENTATION('',(#2443),#2446);
#2443 = B_SPLINE_CURVE_WITH_KNOTS('',1,(#2444,#2445),.UNSPECIFIED.,.F.,
  .F.,(2,2),(-17.4,-5.2),.PIECEWISE_BEZIER_KNOTS.);
#2444 = CARTESIAN_POINT('',(12.2,-7.105427357601E-15));
#2445 = CARTESIAN_POINT('',(0.,-7.105427357601E-15));
#2446 = ( GEOMETRIC_REPRESENTATION_CONTEXT(2) 
PARAMETRIC_REPRESENTATION_CONTEXT() REPRESENTATION_CONTEXT('2D SPACE',''
  ) );
#2447 = ADVANCED_FACE('',(#2448),#1214,.T.);
#2448 = FACE_BOUND('',#2449,.T.);
#2449 = EDGE_LOOP('',(#2450,#2451,#2452,#2475));
#2450 = ORIENTED_EDGE('',*,*,#1385,.T.);
#2451 = ORIENTED_EDGE('',*,*,#1193,.T.);
#2452 = ORIENTED_EDGE('',*,*,#2453,.F.);
#2453 = EDGE_CURVE('',#2454,#1166,#2456,.T.);
#2454 = VERTEX_POINT('',#2455);
#2455 = CARTESIAN_POINT('',(32.,57.99999999751,1.5));
#2456 = SURFACE_CURVE('',#2457,(#2461,#2468),.PCURVE_S1.);
#2457 = LINE('',#2458,#2459);
#2458 = CARTESIAN_POINT('',(32.,57.99999999751,0.));
#2459 = VECTOR('',#2460,1.);
#2460 = DIRECTION('',(0.,0.,1.));
#2461 = PCURVE('',#1214,#2462);
#2462 = DEFINITIONAL_REPRESENTATION('',(#2463),#2467);
#2463 = LINE('',#2464,#2465);
#2464 = CARTESIAN_POINT('',(3.14159265359,0.));
#2465 = VECTOR('',#2466,1.);
#2466 = DIRECTION('',(0.,-1.));
#2467 = ( GEOMETRIC_REPRESENTATION_CONTEXT(2) 
PARAMETRIC_REPRESENTATION_CONTEXT() REPRESENTATION_CONTEXT('2D SPACE',''
  ) );
#2468 = PCURVE('',#1181,#2469);
#2469 = DEFINITIONAL_REPRESENTATION('',(#2470),#2474);
#2470 = LINE('',#2471,#2472);
#2471 = CARTESIAN_POINT('',(32.564404223347,0.));
#2472 = VECTOR('',#2473,1.);
#2473 = DIRECTION('',(0.,-1.));
#2474 = ( GEOMETRIC_REPRESENTATION_CONTEXT(2) 
PARAMETRIC_REPRESENTATION_CONTEXT() REPRESENTATION_CONTEXT('2D SPACE',''
  ) );
#2475 = ORIENTED_EDGE('',*,*,#2476,.F.);
#2476 = EDGE_CURVE('',#1386,#2454,#2477,.T.);
#2477 = SURFACE_CURVE('',#2478,(#2483,#2490),.PCURVE_S1.);
#2478 = CIRCLE('',#2479,4.);
#2479 = AXIS2_PLACEMENT_3D('',#2480,#2481,#2482);
#2480 = CARTESIAN_POINT('',(28.,57.99999999751,1.5));
#2481 = DIRECTION('',(0.,-0.,-1.));
#2482 = DIRECTION('',(0.,1.,-0.));
#2483 = PCURVE('',#1214,#2484);
#2484 = DEFINITIONAL_REPRESENTATION('',(#2485),#2489);
#2485 = LINE('',#2486,#2487);
#2486 = CARTESIAN_POINT('',(1.570796326795,-1.5));
#2487 = VECTOR('',#2488,1.);
#2488 = DIRECTION('',(1.,0.));
#2489 = ( GEOMETRIC_REPRESENTATION_CONTEXT(2) 
PARAMETRIC_REPRESENTATION_CONTEXT() REPRESENTATION_CONTEXT('2D SPACE',''
  ) );
#2490 = PCURVE('',#2491,#2496);
#2491 = TOROIDAL_SURFACE('',#2492,2.5,1.5);
#2492 = AXIS2_PLACEMENT_3D('',#2493,#2494,#2495);
#2493 = CARTESIAN_POINT('',(28.,57.99999999751,1.5));
#2494 = DIRECTION('',(-0.,-0.,-1.));
#2495 = DIRECTION('',(0.,1.,-0.));
#2496 = DEFINITIONAL_REPRESENTATION('',(#2497),#2501);
#2497 = LINE('',#2498,#2499);
#2498 = CARTESIAN_POINT('',(0.,0.));
#2499 = VECTOR('',#2500,1.);
#2500 = DIRECTION('',(1.,0.));
#2501 = ( GEOMETRIC_REPRESENTATION_CONTEXT(2) 
PARAMETRIC_REPRESENTATION_CONTEXT() REPRESENTATION_CONTEXT('2D SPACE',''
  ) );
#2502 = ADVANCED_FACE('',(#2503),#283,.T.);
#2503 = FACE_BOUND('',#2504,.T.);
#2504 = EDGE_LOOP('',(#2505,#2528,#2529,#2530));
#2505 = ORIENTED_EDGE('',*,*,#2506,.T.);
#2506 = EDGE_CURVE('',#2507,#263,#2509,.T.);
#2507 = VERTEX_POINT('',#2508);
#2508 = CARTESIAN_POINT('',(-28.,-62.,1.5));
#2509 = SURFACE_CURVE('',#2510,(#2514,#2521),.PCURVE_S1.);
#2510 = LINE('',#2511,#2512);
#2511 = CARTESIAN_POINT('',(-28.,-62.,0.));
#2512 = VECTOR('',#2513,1.);
#2513 = DIRECTION('',(0.,0.,1.));
#2514 = PCURVE('',#283,#2515);
#2515 = DEFINITIONAL_REPRESENTATION('',(#2516),#2520);
#2516 = LINE('',#2517,#2518);
#2517 = CARTESIAN_POINT('',(4.712388980385,0.));
#2518 = VECTOR('',#2519,1.);
#2519 = DIRECTION('',(0.,-1.));
#2520 = ( GEOMETRIC_REPRESENTATION_CONTEXT(2) 
PARAMETRIC_REPRESENTATION_CONTEXT() REPRESENTATION_CONTEXT('2D SPACE',''
  ) );
#2521 = PCURVE('',#311,#2522);
#2522 = DEFINITIONAL_REPRESENTATION('',(#2523),#2527);
#2523 = LINE('',#2524,#2525);
#2524 = CARTESIAN_POINT('',(0.,0.));
#2525 = VECTOR('',#2526,1.);
#2526 = DIRECTION('',(0.,-1.));
#2527 = ( GEOMETRIC_REPRESENTATION_CONTEXT(2) 
PARAMETRIC_REPRESENTATION_CONTEXT() REPRESENTATION_CONTEXT('2D SPACE',''
  ) );
#2528 = ORIENTED_EDGE('',*,*,#262,.T.);
#2529 = ORIENTED_EDGE('',*,*,#2159,.F.);
#2530 = ORIENTED_EDGE('',*,*,#2531,.F.);
#2531 = EDGE_CURVE('',#2507,#2160,#2532,.T.);
#2532 = SURFACE_CURVE('',#2533,(#2538,#2545),.PCURVE_S1.);
#2533 = CIRCLE('',#2534,4.);
#2534 = AXIS2_PLACEMENT_3D('',#2535,#2536,#2537);
#2535 = CARTESIAN_POINT('',(-28.,-58.,1.5));
#2536 = DIRECTION('',(-0.,-0.,-1.));
#2537 = DIRECTION('',(0.,-1.,0.));
#2538 = PCURVE('',#283,#2539);
#2539 = DEFINITIONAL_REPRESENTATION('',(#2540),#2544);
#2540 = LINE('',#2541,#2542);
#2541 = CARTESIAN_POINT('',(4.712388980385,-1.5));
#2542 = VECTOR('',#2543,1.);
#2543 = DIRECTION('',(1.,0.));
#2544 = ( GEOMETRIC_REPRESENTATION_CONTEXT(2) 
PARAMETRIC_REPRESENTATION_CONTEXT() REPRESENTATION_CONTEXT('2D SPACE',''
  ) );
#2545 = PCURVE('',#2546,#2551);
#2546 = TOROIDAL_SURFACE('',#2547,2.5,1.5);
#2547 = AXIS2_PLACEMENT_3D('',#2548,#2549,#2550);
#2548 = CARTESIAN_POINT('',(-28.,-58.,1.5));
#2549 = DIRECTION('',(-0.,-0.,-1.));
#2550 = DIRECTION('',(0.,-1.,0.));
#2551 = DEFINITIONAL_REPRESENTATION('',(#2552),#2556);
#2552 = LINE('',#2553,#2554);
#2553 = CARTESIAN_POINT('',(0.,0.));
#2554 = VECTOR('',#2555,1.);
#2555 = DIRECTION('',(1.,0.));
#2556 = ( GEOMETRIC_REPRESENTATION_CONTEXT(2) 
PARAMETRIC_REPRESENTATION_CONTEXT() REPRESENTATION_CONTEXT('2D SPACE',''
  ) );
#2557 = ADVANCED_FACE('',(#2558),#1181,.F.);
#2558 = FACE_BOUND('',#2559,.F.);
#2559 = EDGE_LOOP('',(#2560,#2583,#2584,#2585));
#2560 = ORIENTED_EDGE('',*,*,#2561,.T.);
#2561 = EDGE_CURVE('',#2562,#1133,#2564,.T.);
#2562 = VERTEX_POINT('',#2563);
#2563 = CARTESIAN_POINT('',(32.,25.435595774163,1.5));
#2564 = SURFACE_CURVE('',#2565,(#2569,#2576),.PCURVE_S1.);
#2565 = LINE('',#2566,#2567);
#2566 = CARTESIAN_POINT('',(32.,25.435595774163,0.));
#2567 = VECTOR('',#2568,1.);
#2568 = DIRECTION('',(0.,0.,1.));
#2569 = PCURVE('',#1181,#2570);
#2570 = DEFINITIONAL_REPRESENTATION('',(#2571),#2575);
#2571 = LINE('',#2572,#2573);
#2572 = CARTESIAN_POINT('',(0.,0.));
#2573 = VECTOR('',#2574,1.);
#2574 = DIRECTION('',(0.,-1.));
#2575 = ( GEOMETRIC_REPRESENTATION_CONTEXT(2) 
PARAMETRIC_REPRESENTATION_CONTEXT() REPRESENTATION_CONTEXT('2D SPACE',''
  ) );
#2576 = PCURVE('',#1153,#2577);
#2577 = DEFINITIONAL_REPRESENTATION('',(#2578),#2582);
#2578 = LINE('',#2579,#2580);
#2579 = CARTESIAN_POINT('',(6.28318530718,0.));
#2580 = VECTOR('',#2581,1.);
#2581 = DIRECTION('',(0.,-1.));
#2582 = ( GEOMETRIC_REPRESENTATION_CONTEXT(2) 
PARAMETRIC_REPRESENTATION_CONTEXT() REPRESENTATION_CONTEXT('2D SPACE',''
  ) );
#2583 = ORIENTED_EDGE('',*,*,#1165,.T.);
#2584 = ORIENTED_EDGE('',*,*,#2453,.F.);
#2585 = ORIENTED_EDGE('',*,*,#2586,.T.);
#2586 = EDGE_CURVE('',#2454,#2562,#2587,.T.);
#2587 = SURFACE_CURVE('',#2588,(#2592,#2599),.PCURVE_S1.);
#2588 = LINE('',#2589,#2590);
#2589 = CARTESIAN_POINT('',(32.,57.99999999751,1.5));
#2590 = VECTOR('',#2591,1.);
#2591 = DIRECTION('',(-0.,-1.,-0.));
#2592 = PCURVE('',#1181,#2593);
#2593 = DEFINITIONAL_REPRESENTATION('',(#2594),#2598);
#2594 = LINE('',#2595,#2596);
#2595 = CARTESIAN_POINT('',(32.564404223347,-1.5));
#2596 = VECTOR('',#2597,1.);
#2597 = DIRECTION('',(-1.,0.));
#2598 = ( GEOMETRIC_REPRESENTATION_CONTEXT(2) 
PARAMETRIC_REPRESENTATION_CONTEXT() REPRESENTATION_CONTEXT('2D SPACE',''
  ) );
#2599 = PCURVE('',#2600,#2605);
#2600 = CYLINDRICAL_SURFACE('',#2601,1.5);
#2601 = AXIS2_PLACEMENT_3D('',#2602,#2603,#2604);
#2602 = CARTESIAN_POINT('',(30.5,57.99999999751,1.5));
#2603 = DIRECTION('',(-0.,-1.,-0.));
#2604 = DIRECTION('',(1.,-0.,0.));
#2605 = DEFINITIONAL_REPRESENTATION('',(#2606),#2610);
#2606 = LINE('',#2607,#2608);
#2607 = CARTESIAN_POINT('',(-0.,0.));
#2608 = VECTOR('',#2609,1.);
#2609 = DIRECTION('',(-0.,1.));
#2610 = ( GEOMETRIC_REPRESENTATION_CONTEXT(2) 
PARAMETRIC_REPRESENTATION_CONTEXT() REPRESENTATION_CONTEXT('2D SPACE',''
  ) );
#2611 = ADVANCED_FACE('',(#2612),#311,.F.);
#2612 = FACE_BOUND('',#2613,.F.);
#2613 = EDGE_LOOP('',(#2614,#2615,#2616,#2639));
#2614 = ORIENTED_EDGE('',*,*,#2506,.T.);
#2615 = ORIENTED_EDGE('',*,*,#295,.T.);
#2616 = ORIENTED_EDGE('',*,*,#2617,.F.);
#2617 = EDGE_CURVE('',#2618,#296,#2620,.T.);
#2618 = VERTEX_POINT('',#2619);
#2619 = CARTESIAN_POINT('',(28.,-62.,1.5));
#2620 = SURFACE_CURVE('',#2621,(#2625,#2632),.PCURVE_S1.);
#2621 = LINE('',#2622,#2623);
#2622 = CARTESIAN_POINT('',(28.,-62.,0.));
#2623 = VECTOR('',#2624,1.);
#2624 = DIRECTION('',(0.,0.,1.));
#2625 = PCURVE('',#311,#2626);
#2626 = DEFINITIONAL_REPRESENTATION('',(#2627),#2631);
#2627 = LINE('',#2628,#2629);
#2628 = CARTESIAN_POINT('',(56.,0.));
#2629 = VECTOR('',#2630,1.);
#2630 = DIRECTION('',(0.,-1.));
#2631 = ( GEOMETRIC_REPRESENTATION_CONTEXT(2) 
PARAMETRIC_REPRESENTATION_CONTEXT() REPRESENTATION_CONTEXT('2D SPACE',''
  ) );
#2632 = PCURVE('',#344,#2633);
#2633 = DEFINITIONAL_REPRESENTATION('',(#2634),#2638);
#2634 = LINE('',#2635,#2636);
#2635 = CARTESIAN_POINT('',(4.712388980385,0.));
#2636 = VECTOR('',#2637,1.);
#2637 = DIRECTION('',(0.,-1.));
#2638 = ( GEOMETRIC_REPRESENTATION_CONTEXT(2) 
PARAMETRIC_REPRESENTATION_CONTEXT() REPRESENTATION_CONTEXT('2D SPACE',''
  ) );
#2639 = ORIENTED_EDGE('',*,*,#2640,.T.);
#2640 = EDGE_CURVE('',#2618,#2507,#2641,.T.);
#2641 = SURFACE_CURVE('',#2642,(#2646,#2653),.PCURVE_S1.);
#2642 = LINE('',#2643,#2644);
#2643 = CARTESIAN_POINT('',(28.,-62.,1.5));
#2644 = VECTOR('',#2645,1.);
#2645 = DIRECTION('',(-1.,-0.,-0.));
#2646 = PCURVE('',#311,#2647);
#2647 = DEFINITIONAL_REPRESENTATION('',(#2648),#2652);
#2648 = LINE('',#2649,#2650);
#2649 = CARTESIAN_POINT('',(56.,-1.5));
#2650 = VECTOR('',#2651,1.);
#2651 = DIRECTION('',(-1.,0.));
#2652 = ( GEOMETRIC_REPRESENTATION_CONTEXT(2) 
PARAMETRIC_REPRESENTATION_CONTEXT() REPRESENTATION_CONTEXT('2D SPACE',''
  ) );
#2653 = PCURVE('',#2654,#2659);
#2654 = CYLINDRICAL_SURFACE('',#2655,1.5);
#2655 = AXIS2_PLACEMENT_3D('',#2656,#2657,#2658);
#2656 = CARTESIAN_POINT('',(28.,-60.5,1.5));
#2657 = DIRECTION('',(-1.,-0.,-0.));
#2658 = DIRECTION('',(0.,-1.,0.));
#2659 = DEFINITIONAL_REPRESENTATION('',(#2660),#2664);
#2660 = LINE('',#2661,#2662);
#2661 = CARTESIAN_POINT('',(-0.,0.));
#2662 = VECTOR('',#2663,1.);
#2663 = DIRECTION('',(-0.,1.));
#2664 = ( GEOMETRIC_REPRESENTATION_CONTEXT(2) 
PARAMETRIC_REPRESENTATION_CONTEXT() REPRESENTATION_CONTEXT('2D SPACE',''
  ) );
#2665 = ADVANCED_FACE('',(#2666),#1153,.F.);
#2666 = FACE_BOUND('',#2667,.F.);
#2667 = EDGE_LOOP('',(#2668,#2691,#2692,#2693));
#2668 = ORIENTED_EDGE('',*,*,#2669,.T.);
#2669 = EDGE_CURVE('',#2670,#1104,#2672,.T.);
#2670 = VERTEX_POINT('',#2671);
#2671 = CARTESIAN_POINT('',(32.4,23.692036196746,1.5));
#2672 = SURFACE_CURVE('',#2673,(#2677,#2684),.PCURVE_S1.);
#2673 = LINE('',#2674,#2675);
#2674 = CARTESIAN_POINT('',(32.4,23.692036196746,0.));
#2675 = VECTOR('',#2676,1.);
#2676 = DIRECTION('',(0.,0.,1.));
#2677 = PCURVE('',#1153,#2678);
#2678 = DEFINITIONAL_REPRESENTATION('',(#2679),#2683);
#2679 = LINE('',#2680,#2681);
#2680 = CARTESIAN_POINT('',(5.832158495383,0.));
#2681 = VECTOR('',#2682,1.);
#2682 = DIRECTION('',(0.,-1.));
#2683 = ( GEOMETRIC_REPRESENTATION_CONTEXT(2) 
PARAMETRIC_REPRESENTATION_CONTEXT() REPRESENTATION_CONTEXT('2D SPACE',''
  ) );
#2684 = PCURVE('',#1120,#2685);
#2685 = DEFINITIONAL_REPRESENTATION('',(#2686),#2690);
#2686 = LINE('',#2687,#2688);
#2687 = CARTESIAN_POINT('',(-0.926909061457,0.));
#2688 = VECTOR('',#2689,1.);
#2689 = DIRECTION('',(-0.,-1.));
#2690 = ( GEOMETRIC_REPRESENTATION_CONTEXT(2) 
PARAMETRIC_REPRESENTATION_CONTEXT() REPRESENTATION_CONTEXT('2D SPACE',''
  ) );
#2691 = ORIENTED_EDGE('',*,*,#1132,.T.);
#2692 = ORIENTED_EDGE('',*,*,#2561,.F.);
#2693 = ORIENTED_EDGE('',*,*,#2694,.T.);
#2694 = EDGE_CURVE('',#2562,#2670,#2695,.T.);
#2695 = SURFACE_CURVE('',#2696,(#2701,#2708),.PCURVE_S1.);
#2696 = CIRCLE('',#2697,4.);
#2697 = AXIS2_PLACEMENT_3D('',#2698,#2699,#2700);
#2698 = CARTESIAN_POINT('',(36.,25.435595774163,1.5));
#2699 = DIRECTION('',(0.,0.,1.));
#2700 = DIRECTION('',(-1.,0.,0.));
#2701 = PCURVE('',#1153,#2702);
#2702 = DEFINITIONAL_REPRESENTATION('',(#2703),#2707);
#2703 = LINE('',#2704,#2705);
#2704 = CARTESIAN_POINT('',(6.28318530718,-1.5));
#2705 = VECTOR('',#2706,1.);
#2706 = DIRECTION('',(-1.,-0.));
#2707 = ( GEOMETRIC_REPRESENTATION_CONTEXT(2) 
PARAMETRIC_REPRESENTATION_CONTEXT() REPRESENTATION_CONTEXT('2D SPACE',''
  ) );
#2708 = PCURVE('',#2709,#2714);
#2709 = TOROIDAL_SURFACE('',#2710,5.5,1.5);
#2710 = AXIS2_PLACEMENT_3D('',#2711,#2712,#2713);
#2711 = CARTESIAN_POINT('',(36.,25.435595774163,1.5));
#2712 = DIRECTION('',(0.,0.,1.));
#2713 = DIRECTION('',(-1.,0.,0.));
#2714 = DEFINITIONAL_REPRESENTATION('',(#2715),#2719);
#2715 = LINE('',#2716,#2717);
#2716 = CARTESIAN_POINT('',(0.,3.14159265359));
#2717 = VECTOR('',#2718,1.);
#2718 = DIRECTION('',(1.,0.));
#2719 = ( GEOMETRIC_REPRESENTATION_CONTEXT(2) 
PARAMETRIC_REPRESENTATION_CONTEXT() REPRESENTATION_CONTEXT('2D SPACE',''
  ) );
#2720 = ADVANCED_FACE('',(#2721),#344,.T.);
#2721 = FACE_BOUND('',#2722,.T.);
#2722 = EDGE_LOOP('',(#2723,#2746,#2747,#2748));
#2723 = ORIENTED_EDGE('',*,*,#2724,.T.);
#2724 = EDGE_CURVE('',#2725,#324,#2727,.T.);
#2725 = VERTEX_POINT('',#2726);
#2726 = CARTESIAN_POINT('',(32.,-58.,1.5));
#2727 = SURFACE_CURVE('',#2728,(#2732,#2739),.PCURVE_S1.);
#2728 = LINE('',#2729,#2730);
#2729 = CARTESIAN_POINT('',(32.,-58.,0.));
#2730 = VECTOR('',#2731,1.);
#2731 = DIRECTION('',(0.,0.,1.));
#2732 = PCURVE('',#344,#2733);
#2733 = DEFINITIONAL_REPRESENTATION('',(#2734),#2738);
#2734 = LINE('',#2735,#2736);
#2735 = CARTESIAN_POINT('',(3.14159265359,0.));
#2736 = VECTOR('',#2737,1.);
#2737 = DIRECTION('',(0.,-1.));
#2738 = ( GEOMETRIC_REPRESENTATION_CONTEXT(2) 
PARAMETRIC_REPRESENTATION_CONTEXT() REPRESENTATION_CONTEXT('2D SPACE',''
  ) );
#2739 = PCURVE('',#372,#2740);
#2740 = DEFINITIONAL_REPRESENTATION('',(#2741),#2745);
#2741 = LINE('',#2742,#2743);
#2742 = CARTESIAN_POINT('',(0.,0.));
#2743 = VECTOR('',#2744,1.);
#2744 = DIRECTION('',(0.,-1.));
#2745 = ( GEOMETRIC_REPRESENTATION_CONTEXT(2) 
PARAMETRIC_REPRESENTATION_CONTEXT() REPRESENTATION_CONTEXT('2D SPACE',''
  ) );
#2746 = ORIENTED_EDGE('',*,*,#323,.T.);
#2747 = ORIENTED_EDGE('',*,*,#2617,.F.);
#2748 = ORIENTED_EDGE('',*,*,#2749,.F.);
#2749 = EDGE_CURVE('',#2725,#2618,#2750,.T.);
#2750 = SURFACE_CURVE('',#2751,(#2756,#2763),.PCURVE_S1.);
#2751 = CIRCLE('',#2752,4.);
#2752 = AXIS2_PLACEMENT_3D('',#2753,#2754,#2755);
#2753 = CARTESIAN_POINT('',(28.,-58.,1.5));
#2754 = DIRECTION('',(0.,-0.,-1.));
#2755 = DIRECTION('',(1.,0.,-0.));
#2756 = PCURVE('',#344,#2757);
#2757 = DEFINITIONAL_REPRESENTATION('',(#2758),#2762);
#2758 = LINE('',#2759,#2760);
#2759 = CARTESIAN_POINT('',(3.14159265359,-1.5));
#2760 = VECTOR('',#2761,1.);
#2761 = DIRECTION('',(1.,0.));
#2762 = ( GEOMETRIC_REPRESENTATION_CONTEXT(2) 
PARAMETRIC_REPRESENTATION_CONTEXT() REPRESENTATION_CONTEXT('2D SPACE',''
  ) );
#2763 = PCURVE('',#2764,#2769);
#2764 = TOROIDAL_SURFACE('',#2765,2.5,1.5);
#2765 = AXIS2_PLACEMENT_3D('',#2766,#2767,#2768);
#2766 = CARTESIAN_POINT('',(28.,-58.,1.5));
#2767 = DIRECTION('',(-0.,-0.,-1.));
#2768 = DIRECTION('',(1.,0.,-0.));
#2769 = DEFINITIONAL_REPRESENTATION('',(#2770),#2774);
#2770 = LINE('',#2771,#2772);
#2771 = CARTESIAN_POINT('',(0.,0.));
#2772 = VECTOR('',#2773,1.);
#2773 = DIRECTION('',(1.,0.));
#2774 = ( GEOMETRIC_REPRESENTATION_CONTEXT(2) 
PARAMETRIC_REPRESENTATION_CONTEXT() REPRESENTATION_CONTEXT('2D SPACE',''
  ) );
#2775 = ADVANCED_FACE('',(#2776),#1120,.T.);
#2776 = FACE_BOUND('',#2777,.F.);
#2777 = EDGE_LOOP('',(#2778,#2801,#2802,#2803));
#2778 = ORIENTED_EDGE('',*,*,#2779,.T.);
#2779 = EDGE_CURVE('',#2780,#1071,#2782,.T.);
#2780 = VERTEX_POINT('',#2781);
#2781 = CARTESIAN_POINT('',(32.4,-7.692036196746,1.5));
#2782 = SURFACE_CURVE('',#2783,(#2787,#2794),.PCURVE_S1.);
#2783 = LINE('',#2784,#2785);
#2784 = CARTESIAN_POINT('',(32.4,-7.692036196746,0.));
#2785 = VECTOR('',#2786,1.);
#2786 = DIRECTION('',(0.,0.,1.));
#2787 = PCURVE('',#1120,#2788);
#2788 = DEFINITIONAL_REPRESENTATION('',(#2789),#2793);
#2789 = LINE('',#2790,#2791);
#2790 = CARTESIAN_POINT('',(-2.485543786412E-02,0.));
#2791 = VECTOR('',#2792,1.);
#2792 = DIRECTION('',(-0.,-1.));
#2793 = ( GEOMETRIC_REPRESENTATION_CONTEXT(2) 
PARAMETRIC_REPRESENTATION_CONTEXT() REPRESENTATION_CONTEXT('2D SPACE',''
  ) );
#2794 = PCURVE('',#1091,#2795);
#2795 = DEFINITIONAL_REPRESENTATION('',(#2796),#2800);
#2796 = LINE('',#2797,#2798);
#2797 = CARTESIAN_POINT('',(0.451026811796,0.));
#2798 = VECTOR('',#2799,1.);
#2799 = DIRECTION('',(0.,-1.));
#2800 = ( GEOMETRIC_REPRESENTATION_CONTEXT(2) 
PARAMETRIC_REPRESENTATION_CONTEXT() REPRESENTATION_CONTEXT('2D SPACE',''
  ) );
#2801 = ORIENTED_EDGE('',*,*,#1103,.T.);
#2802 = ORIENTED_EDGE('',*,*,#2669,.F.);
#2803 = ORIENTED_EDGE('',*,*,#2804,.T.);
#2804 = EDGE_CURVE('',#2670,#2780,#2805,.T.);
#2805 = SURFACE_CURVE('',#2806,(#2811,#2818),.PCURVE_S1.);
#2806 = CIRCLE('',#2807,36.);
#2807 = AXIS2_PLACEMENT_3D('',#2808,#2809,#2810);
#2808 = CARTESIAN_POINT('',(0.,8.,1.5));
#2809 = DIRECTION('',(0.,-0.,-1.));
#2810 = DIRECTION('',(0.9,0.435889894354,-0.));
#2811 = PCURVE('',#1120,#2812);
#2812 = DEFINITIONAL_REPRESENTATION('',(#2813),#2817);
#2813 = LINE('',#2814,#2815);
#2814 = CARTESIAN_POINT('',(-0.926909061457,-1.5));
#2815 = VECTOR('',#2816,1.);
#2816 = DIRECTION('',(1.,-0.));
#2817 = ( GEOMETRIC_REPRESENTATION_CONTEXT(2) 
PARAMETRIC_REPRESENTATION_CONTEXT() REPRESENTATION_CONTEXT('2D SPACE',''
  ) );
#2818 = PCURVE('',#2819,#2824);
#2819 = TOROIDAL_SURFACE('',#2820,34.5,1.5);
#2820 = AXIS2_PLACEMENT_3D('',#2821,#2822,#2823);
#2821 = CARTESIAN_POINT('',(0.,8.,1.5));
#2822 = DIRECTION('',(-0.,-0.,-1.));
#2823 = DIRECTION('',(0.9,0.435889894354,-0.));
#2824 = DEFINITIONAL_REPRESENTATION('',(#2825),#2829);
#2825 = LINE('',#2826,#2827);
#2826 = CARTESIAN_POINT('',(0.,0.));
#2827 = VECTOR('',#2828,1.);
#2828 = DIRECTION('',(1.,0.));
#2829 = ( GEOMETRIC_REPRESENTATION_CONTEXT(2) 
PARAMETRIC_REPRESENTATION_CONTEXT() REPRESENTATION_CONTEXT('2D SPACE',''
  ) );
#2830 = ADVANCED_FACE('',(#2831),#372,.F.);
#2831 = FACE_BOUND('',#2832,.F.);
#2832 = EDGE_LOOP('',(#2833,#2861,#2862,#2863,#2884,#2917,#2943,#2976,
    #2995,#2996));
#2833 = ORIENTED_EDGE('',*,*,#2834,.T.);
#2834 = EDGE_CURVE('',#2835,#2725,#2837,.T.);
#2835 = VERTEX_POINT('',#2836);
#2836 = CARTESIAN_POINT('',(32.,-9.435595774163,1.5));
#2837 = SURFACE_CURVE('',#2838,(#2842,#2849),.PCURVE_S1.);
#2838 = LINE('',#2839,#2840);
#2839 = CARTESIAN_POINT('',(32.,-9.435595774163,1.5));
#2840 = VECTOR('',#2841,1.);
#2841 = DIRECTION('',(-0.,-1.,-0.));
#2842 = PCURVE('',#372,#2843);
#2843 = DEFINITIONAL_REPRESENTATION('',(#2844),#2848);
#2844 = LINE('',#2845,#2846);
#2845 = CARTESIAN_POINT('',(48.564404225838,-1.5));
#2846 = VECTOR('',#2847,1.);
#2847 = DIRECTION('',(-1.,0.));
#2848 = ( GEOMETRIC_REPRESENTATION_CONTEXT(2) 
PARAMETRIC_REPRESENTATION_CONTEXT() REPRESENTATION_CONTEXT('2D SPACE',''
  ) );
#2849 = PCURVE('',#2850,#2855);
#2850 = CYLINDRICAL_SURFACE('',#2851,1.5);
#2851 = AXIS2_PLACEMENT_3D('',#2852,#2853,#2854);
#2852 = CARTESIAN_POINT('',(30.5,-9.435595774163,1.5));
#2853 = DIRECTION('',(-0.,-1.,-0.));
#2854 = DIRECTION('',(1.,-0.,0.));
#2855 = DEFINITIONAL_REPRESENTATION('',(#2856),#2860);
#2856 = LINE('',#2857,#2858);
#2857 = CARTESIAN_POINT('',(-0.,0.));
#2858 = VECTOR('',#2859,1.);
#2859 = DIRECTION('',(-0.,1.));
#2860 = ( GEOMETRIC_REPRESENTATION_CONTEXT(2) 
PARAMETRIC_REPRESENTATION_CONTEXT() REPRESENTATION_CONTEXT('2D SPACE',''
  ) );
#2861 = ORIENTED_EDGE('',*,*,#2724,.T.);
#2862 = ORIENTED_EDGE('',*,*,#356,.T.);
#2863 = ORIENTED_EDGE('',*,*,#2864,.T.);
#2864 = EDGE_CURVE('',#357,#2865,#2867,.T.);
#2865 = VERTEX_POINT('',#2866);
#2866 = CARTESIAN_POINT('',(32.,-47.,5.));
#2867 = SURFACE_CURVE('',#2868,(#2872,#2878),.PCURVE_S1.);
#2868 = LINE('',#2869,#2870);
#2869 = CARTESIAN_POINT('',(32.,-47.,2.5));
#2870 = VECTOR('',#2871,1.);
#2871 = DIRECTION('',(0.,0.,-1.));
#2872 = PCURVE('',#372,#2873);
#2873 = DEFINITIONAL_REPRESENTATION('',(#2874),#2877);
#2874 = B_SPLINE_CURVE_WITH_KNOTS('',1,(#2875,#2876),.UNSPECIFIED.,.F.,
  .F.,(2,2),(-4.75,-2.5),.PIECEWISE_BEZIER_KNOTS.);
#2875 = CARTESIAN_POINT('',(11.000000000001,-7.25));
#2876 = CARTESIAN_POINT('',(11.000000000001,-5.));
#2877 = ( GEOMETRIC_REPRESENTATION_CONTEXT(2) 
PARAMETRIC_REPRESENTATION_CONTEXT() REPRESENTATION_CONTEXT('2D SPACE',''
  ) );
#2878 = PCURVE('',#399,#2879);
#2879 = DEFINITIONAL_REPRESENTATION('',(#2880),#2883);
#2880 = B_SPLINE_CURVE_WITH_KNOTS('',1,(#2881,#2882),.UNSPECIFIED.,.F.,
  .F.,(2,2),(-4.75,-2.5),.PIECEWISE_BEZIER_KNOTS.);
#2881 = CARTESIAN_POINT('',(2.25,0.));
#2882 = CARTESIAN_POINT('',(0.,0.));
#2883 = ( GEOMETRIC_REPRESENTATION_CONTEXT(2) 
PARAMETRIC_REPRESENTATION_CONTEXT() REPRESENTATION_CONTEXT('2D SPACE',''
  ) );
#2884 = ORIENTED_EDGE('',*,*,#2885,.T.);
#2885 = EDGE_CURVE('',#2865,#2886,#2888,.T.);
#2886 = VERTEX_POINT('',#2887);
#2887 = CARTESIAN_POINT('',(32.,-46.,4.));
#2888 = SURFACE_CURVE('',#2889,(#2894,#2905),.PCURVE_S1.);
#2889 = CIRCLE('',#2890,1.);
#2890 = AXIS2_PLACEMENT_3D('',#2891,#2892,#2893);
#2891 = CARTESIAN_POINT('',(32.,-46.,5.));
#2892 = DIRECTION('',(1.,0.,0.));
#2893 = DIRECTION('',(-0.,1.,0.));
#2894 = PCURVE('',#372,#2895);
#2895 = DEFINITIONAL_REPRESENTATION('',(#2896),#2904);
#2896 = ( BOUNDED_CURVE() B_SPLINE_CURVE(2,(#2897,#2898,#2899,#2900,
#2901,#2902,#2903),.UNSPECIFIED.,.T.,.F.) B_SPLINE_CURVE_WITH_KNOTS((1,2
    ,2,2,2,1),(-2.094395102393,0.,2.094395102393,4.188790204786,
6.28318530718,8.377580409573),.UNSPECIFIED.) CURVE() 
GEOMETRIC_REPRESENTATION_ITEM() RATIONAL_B_SPLINE_CURVE((1.,0.5,1.,0.5,
1.,0.5,1.)) REPRESENTATION_ITEM('') );
#2897 = CARTESIAN_POINT('',(13.000000000001,-5.));
#2898 = CARTESIAN_POINT('',(13.000000000001,-6.732050807569));
#2899 = CARTESIAN_POINT('',(11.500000000001,-5.866025403784));
#2900 = CARTESIAN_POINT('',(10.000000000001,-5.));
#2901 = CARTESIAN_POINT('',(11.500000000001,-4.133974596216));
#2902 = CARTESIAN_POINT('',(13.000000000001,-3.267949192431));
#2903 = CARTESIAN_POINT('',(13.000000000001,-5.));
#2904 = ( GEOMETRIC_REPRESENTATION_CONTEXT(2) 
PARAMETRIC_REPRESENTATION_CONTEXT() REPRESENTATION_CONTEXT('2D SPACE',''
  ) );
#2905 = PCURVE('',#2906,#2911);
#2906 = CYLINDRICAL_SURFACE('',#2907,1.);
#2907 = AXIS2_PLACEMENT_3D('',#2908,#2909,#2910);
#2908 = CARTESIAN_POINT('',(32.,-46.,5.));
#2909 = DIRECTION('',(1.,0.,0.));
#2910 = DIRECTION('',(0.,1.,0.));
#2911 = DEFINITIONAL_REPRESENTATION('',(#2912),#2916);
#2912 = LINE('',#2913,#2914);
#2913 = CARTESIAN_POINT('',(0.,0.));
#2914 = VECTOR('',#2915,1.);
#2915 = DIRECTION('',(1.,0.));
#2916 = ( GEOMETRIC_REPRESENTATION_CONTEXT(2) 
PARAMETRIC_REPRESENTATION_CONTEXT() REPRESENTATION_CONTEXT('2D SPACE',''
  ) );
#2917 = ORIENTED_EDGE('',*,*,#2918,.F.);
#2918 = EDGE_CURVE('',#2919,#2886,#2921,.T.);
#2919 = VERTEX_POINT('',#2920);
#2920 = CARTESIAN_POINT('',(32.,-37.,4.));
#2921 = SURFACE_CURVE('',#2922,(#2926,#2932),.PCURVE_S1.);
#2922 = LINE('',#2923,#2924);
#2923 = CARTESIAN_POINT('',(32.,-52.,4.));
#2924 = VECTOR('',#2925,1.);
#2925 = DIRECTION('',(-0.,-1.,-0.));
#2926 = PCURVE('',#372,#2927);
#2927 = DEFINITIONAL_REPRESENTATION('',(#2928),#2931);
#2928 = B_SPLINE_CURVE_WITH_KNOTS('',1,(#2929,#2930),.UNSPECIFIED.,.F.,
  .F.,(2,2),(-15.,-6.),.PIECEWISE_BEZIER_KNOTS.);
#2929 = CARTESIAN_POINT('',(21.000000000001,-4.));
#2930 = CARTESIAN_POINT('',(12.000000000001,-4.));
#2931 = ( GEOMETRIC_REPRESENTATION_CONTEXT(2) 
PARAMETRIC_REPRESENTATION_CONTEXT() REPRESENTATION_CONTEXT('2D SPACE',''
  ) );
#2932 = PCURVE('',#2933,#2938);
#2933 = PLANE('',#2934);
#2934 = AXIS2_PLACEMENT_3D('',#2935,#2936,#2937);
#2935 = CARTESIAN_POINT('',(32.,-46.,4.));
#2936 = DIRECTION('',(0.,0.,-1.));
#2937 = DIRECTION('',(0.,1.,0.));
#2938 = DEFINITIONAL_REPRESENTATION('',(#2939),#2942);
#2939 = B_SPLINE_CURVE_WITH_KNOTS('',1,(#2940,#2941),.UNSPECIFIED.,.F.,
  .F.,(2,2),(-15.,-6.),.PIECEWISE_BEZIER_KNOTS.);
#2940 = CARTESIAN_POINT('',(9.,0.));
#2941 = CARTESIAN_POINT('',(0.,0.));
#2942 = ( GEOMETRIC_REPRESENTATION_CONTEXT(2) 
PARAMETRIC_REPRESENTATION_CONTEXT() REPRESENTATION_CONTEXT('2D SPACE',''
  ) );
#2943 = ORIENTED_EDGE('',*,*,#2944,.T.);
#2944 = EDGE_CURVE('',#2919,#2945,#2947,.T.);
#2945 = VERTEX_POINT('',#2946);
#2946 = CARTESIAN_POINT('',(32.,-36.,5.));
#2947 = SURFACE_CURVE('',#2948,(#2953,#2964),.PCURVE_S1.);
#2948 = CIRCLE('',#2949,1.);
#2949 = AXIS2_PLACEMENT_3D('',#2950,#2951,#2952);
#2950 = CARTESIAN_POINT('',(32.,-37.,5.));
#2951 = DIRECTION('',(1.,0.,0.));
#2952 = DIRECTION('',(-0.,1.,0.));
#2953 = PCURVE('',#372,#2954);
#2954 = DEFINITIONAL_REPRESENTATION('',(#2955),#2963);
#2955 = ( BOUNDED_CURVE() B_SPLINE_CURVE(2,(#2956,#2957,#2958,#2959,
#2960,#2961,#2962),.UNSPECIFIED.,.T.,.F.) B_SPLINE_CURVE_WITH_KNOTS((1,2
    ,2,2,2,1),(-2.094395102393,0.,2.094395102393,4.188790204786,
6.28318530718,8.377580409573),.UNSPECIFIED.) CURVE() 
GEOMETRIC_REPRESENTATION_ITEM() RATIONAL_B_SPLINE_CURVE((1.,0.5,1.,0.5,
1.,0.5,1.)) REPRESENTATION_ITEM('') );
#2956 = CARTESIAN_POINT('',(22.000000000001,-5.));
#2957 = CARTESIAN_POINT('',(22.000000000001,-6.732050807569));
#2958 = CARTESIAN_POINT('',(20.500000000001,-5.866025403784));
#2959 = CARTESIAN_POINT('',(19.000000000001,-5.));
#2960 = CARTESIAN_POINT('',(20.500000000001,-4.133974596216));
#2961 = CARTESIAN_POINT('',(22.000000000001,-3.267949192431));
#2962 = CARTESIAN_POINT('',(22.000000000001,-5.));
#2963 = ( GEOMETRIC_REPRESENTATION_CONTEXT(2) 
PARAMETRIC_REPRESENTATION_CONTEXT() REPRESENTATION_CONTEXT('2D SPACE',''
  ) );
#2964 = PCURVE('',#2965,#2970);
#2965 = CYLINDRICAL_SURFACE('',#2966,1.);
#2966 = AXIS2_PLACEMENT_3D('',#2967,#2968,#2969);
#2967 = CARTESIAN_POINT('',(32.,-37.,5.));
#2968 = DIRECTION('',(1.,0.,0.));
#2969 = DIRECTION('',(0.,1.,0.));
#2970 = DEFINITIONAL_REPRESENTATION('',(#2971),#2975);
#2971 = LINE('',#2972,#2973);
#2972 = CARTESIAN_POINT('',(0.,0.));
#2973 = VECTOR('',#2974,1.);
#2974 = DIRECTION('',(1.,0.));
#2975 = ( GEOMETRIC_REPRESENTATION_CONTEXT(2) 
PARAMETRIC_REPRESENTATION_CONTEXT() REPRESENTATION_CONTEXT('2D SPACE',''
  ) );
#2976 = ORIENTED_EDGE('',*,*,#2977,.F.);
#2977 = EDGE_CURVE('',#1022,#2945,#2978,.T.);
#2978 = SURFACE_CURVE('',#2979,(#2983,#2989),.PCURVE_S1.);
#2979 = LINE('',#2980,#2981);
#2980 = CARTESIAN_POINT('',(32.,-36.,2.5));
#2981 = VECTOR('',#2982,1.);
#2982 = DIRECTION('',(0.,0.,-1.));
#2983 = PCURVE('',#372,#2984);
#2984 = DEFINITIONAL_REPRESENTATION('',(#2985),#2988);
#2985 = B_SPLINE_CURVE_WITH_KNOTS('',1,(#2986,#2987),.UNSPECIFIED.,.F.,
  .F.,(2,2),(-4.75,-2.5),.PIECEWISE_BEZIER_KNOTS.);
#2986 = CARTESIAN_POINT('',(22.000000000001,-7.25));
#2987 = CARTESIAN_POINT('',(22.000000000001,-5.));
#2988 = ( GEOMETRIC_REPRESENTATION_CONTEXT(2) 
PARAMETRIC_REPRESENTATION_CONTEXT() REPRESENTATION_CONTEXT('2D SPACE',''
  ) );
#2989 = PCURVE('',#1036,#2990);
#2990 = DEFINITIONAL_REPRESENTATION('',(#2991),#2994);
#2991 = B_SPLINE_CURVE_WITH_KNOTS('',1,(#2992,#2993),.UNSPECIFIED.,.F.,
  .F.,(2,2),(-4.75,-2.5),.PIECEWISE_BEZIER_KNOTS.);
#2992 = CARTESIAN_POINT('',(2.25,0.));
#2993 = CARTESIAN_POINT('',(0.,0.));
#2994 = ( GEOMETRIC_REPRESENTATION_CONTEXT(2) 
PARAMETRIC_REPRESENTATION_CONTEXT() REPRESENTATION_CONTEXT('2D SPACE',''
  ) );
#2995 = ORIENTED_EDGE('',*,*,#1047,.T.);
#2996 = ORIENTED_EDGE('',*,*,#2997,.F.);
#2997 = EDGE_CURVE('',#2835,#1048,#2998,.T.);
#2998 = SURFACE_CURVE('',#2999,(#3003,#3010),.PCURVE_S1.);
#2999 = LINE('',#3000,#3001);
#3000 = CARTESIAN_POINT('',(32.,-9.435595774163,0.));
#3001 = VECTOR('',#3002,1.);
#3002 = DIRECTION('',(0.,0.,1.));
#3003 = PCURVE('',#372,#3004);
#3004 = DEFINITIONAL_REPRESENTATION('',(#3005),#3009);
#3005 = LINE('',#3006,#3007);
#3006 = CARTESIAN_POINT('',(48.564404225838,0.));
#3007 = VECTOR('',#3008,1.);
#3008 = DIRECTION('',(0.,-1.));
#3009 = ( GEOMETRIC_REPRESENTATION_CONTEXT(2) 
PARAMETRIC_REPRESENTATION_CONTEXT() REPRESENTATION_CONTEXT('2D SPACE',''
  ) );
#3010 = PCURVE('',#1091,#3011);
#3011 = DEFINITIONAL_REPRESENTATION('',(#3012),#3016);
#3012 = LINE('',#3013,#3014);
#3013 = CARTESIAN_POINT('',(0.,0.));
#3014 = VECTOR('',#3015,1.);
#3015 = DIRECTION('',(0.,-1.));
#3016 = ( GEOMETRIC_REPRESENTATION_CONTEXT(2) 
PARAMETRIC_REPRESENTATION_CONTEXT() REPRESENTATION_CONTEXT('2D SPACE',''
  ) );
#3017 = ADVANCED_FACE('',(#3018),#1091,.F.);
#3018 = FACE_BOUND('',#3019,.F.);
#3019 = EDGE_LOOP('',(#3020,#3021,#3022,#3023));
#3020 = ORIENTED_EDGE('',*,*,#2997,.T.);
#3021 = ORIENTED_EDGE('',*,*,#1070,.T.);
#3022 = ORIENTED_EDGE('',*,*,#2779,.F.);
#3023 = ORIENTED_EDGE('',*,*,#3024,.T.);
#3024 = EDGE_CURVE('',#2780,#2835,#3025,.T.);
#3025 = SURFACE_CURVE('',#3026,(#3031,#3038),.PCURVE_S1.);
#3026 = CIRCLE('',#3027,4.);
#3027 = AXIS2_PLACEMENT_3D('',#3028,#3029,#3030);
#3028 = CARTESIAN_POINT('',(36.,-9.435595774163,1.5));
#3029 = DIRECTION('',(0.,0.,1.));
#3030 = DIRECTION('',(-0.9,0.435889894354,0.));
#3031 = PCURVE('',#1091,#3032);
#3032 = DEFINITIONAL_REPRESENTATION('',(#3033),#3037);
#3033 = LINE('',#3034,#3035);
#3034 = CARTESIAN_POINT('',(0.451026811796,-1.5));
#3035 = VECTOR('',#3036,1.);
#3036 = DIRECTION('',(-1.,-0.));
#3037 = ( GEOMETRIC_REPRESENTATION_CONTEXT(2) 
PARAMETRIC_REPRESENTATION_CONTEXT() REPRESENTATION_CONTEXT('2D SPACE',''
  ) );
#3038 = PCURVE('',#3039,#3044);
#3039 = TOROIDAL_SURFACE('',#3040,5.5,1.5);
#3040 = AXIS2_PLACEMENT_3D('',#3041,#3042,#3043);
#3041 = CARTESIAN_POINT('',(36.,-9.435595774163,1.5));
#3042 = DIRECTION('',(0.,0.,1.));
#3043 = DIRECTION('',(-0.9,0.435889894354,0.));
#3044 = DEFINITIONAL_REPRESENTATION('',(#3045),#3049);
#3045 = LINE('',#3046,#3047);
#3046 = CARTESIAN_POINT('',(0.,3.14159265359));
#3047 = VECTOR('',#3048,1.);
#3048 = DIRECTION('',(1.,0.));
#3049 = ( GEOMETRIC_REPRESENTATION_CONTEXT(2) 
PARAMETRIC_REPRESENTATION_CONTEXT() REPRESENTATION_CONTEXT('2D SPACE',''
  ) );
#3050 = ADVANCED_FACE('',(#3051),#399,.T.);
#3051 = FACE_BOUND('',#3052,.T.);
#3052 = EDGE_LOOP('',(#3053,#3076,#3095,#3096));
#3053 = ORIENTED_EDGE('',*,*,#3054,.F.);
#3054 = EDGE_CURVE('',#3055,#2865,#3057,.T.);
#3055 = VERTEX_POINT('',#3056);
#3056 = CARTESIAN_POINT('',(30.2,-47.,5.));
#3057 = SURFACE_CURVE('',#3058,(#3062,#3069),.PCURVE_S1.);
#3058 = LINE('',#3059,#3060);
#3059 = CARTESIAN_POINT('',(28.4,-47.,5.));
#3060 = VECTOR('',#3061,1.);
#3061 = DIRECTION('',(1.,0.,0.));
#3062 = PCURVE('',#399,#3063);
#3063 = DEFINITIONAL_REPRESENTATION('',(#3064),#3068);
#3064 = LINE('',#3065,#3066);
#3065 = CARTESIAN_POINT('',(0.,-3.6));
#3066 = VECTOR('',#3067,1.);
#3067 = DIRECTION('',(0.,1.));
#3068 = ( GEOMETRIC_REPRESENTATION_CONTEXT(2) 
PARAMETRIC_REPRESENTATION_CONTEXT() REPRESENTATION_CONTEXT('2D SPACE',''
  ) );
#3069 = PCURVE('',#2906,#3070);
#3070 = DEFINITIONAL_REPRESENTATION('',(#3071),#3075);
#3071 = LINE('',#3072,#3073);
#3072 = CARTESIAN_POINT('',(3.14159265359,-3.6));
#3073 = VECTOR('',#3074,1.);
#3074 = DIRECTION('',(-0.,1.));
#3075 = ( GEOMETRIC_REPRESENTATION_CONTEXT(2) 
PARAMETRIC_REPRESENTATION_CONTEXT() REPRESENTATION_CONTEXT('2D SPACE',''
  ) );
#3076 = ORIENTED_EDGE('',*,*,#3077,.F.);
#3077 = EDGE_CURVE('',#385,#3055,#3078,.T.);
#3078 = SURFACE_CURVE('',#3079,(#3083,#3089),.PCURVE_S1.);
#3079 = LINE('',#3080,#3081);
#3080 = CARTESIAN_POINT('',(30.2,-47.,3.4));
#3081 = VECTOR('',#3082,1.);
#3082 = DIRECTION('',(0.,0.,-1.));
#3083 = PCURVE('',#399,#3084);
#3084 = DEFINITIONAL_REPRESENTATION('',(#3085),#3088);
#3085 = B_SPLINE_CURVE_WITH_KNOTS('',1,(#3086,#3087),.UNSPECIFIED.,.F.,
  .F.,(2,2),(-3.85,-1.6),.PIECEWISE_BEZIER_KNOTS.);
#3086 = CARTESIAN_POINT('',(2.25,-1.8));
#3087 = CARTESIAN_POINT('',(0.,-1.8));
#3088 = ( GEOMETRIC_REPRESENTATION_CONTEXT(2) 
PARAMETRIC_REPRESENTATION_CONTEXT() REPRESENTATION_CONTEXT('2D SPACE',''
  ) );
#3089 = PCURVE('',#425,#3090);
#3090 = DEFINITIONAL_REPRESENTATION('',(#3091),#3094);
#3091 = B_SPLINE_CURVE_WITH_KNOTS('',1,(#3092,#3093),.UNSPECIFIED.,.F.,
  .F.,(2,2),(-3.85,-1.6),.PIECEWISE_BEZIER_KNOTS.);
#3092 = CARTESIAN_POINT('',(11.000000000001,-5.45));
#3093 = CARTESIAN_POINT('',(11.000000000001,-3.2));
#3094 = ( GEOMETRIC_REPRESENTATION_CONTEXT(2) 
PARAMETRIC_REPRESENTATION_CONTEXT() REPRESENTATION_CONTEXT('2D SPACE',''
  ) );
#3095 = ORIENTED_EDGE('',*,*,#384,.F.);
#3096 = ORIENTED_EDGE('',*,*,#2864,.T.);
#3097 = ADVANCED_FACE('',(#3098),#425,.T.);
#3098 = FACE_BOUND('',#3099,.T.);
#3099 = EDGE_LOOP('',(#3100,#3130,#3151,#3152,#3153,#3181,#3202,#3230,
    #3249,#3250,#3273,#3296,#3323,#3350,#3377,#3400,#3427,#3454));
#3100 = ORIENTED_EDGE('',*,*,#3101,.F.);
#3101 = EDGE_CURVE('',#3102,#3104,#3106,.T.);
#3102 = VERTEX_POINT('',#3103);
#3103 = CARTESIAN_POINT('',(30.2,-58.,1.8));
#3104 = VERTEX_POINT('',#3105);
#3105 = CARTESIAN_POINT('',(30.2,-52.6,1.8));
#3106 = SURFACE_CURVE('',#3107,(#3111,#3118),.PCURVE_S1.);
#3107 = LINE('',#3108,#3109);
#3108 = CARTESIAN_POINT('',(30.2,0.,1.8));
#3109 = VECTOR('',#3110,1.);
#3110 = DIRECTION('',(0.,1.,0.));
#3111 = PCURVE('',#425,#3112);
#3112 = DEFINITIONAL_REPRESENTATION('',(#3113),#3117);
#3113 = LINE('',#3114,#3115);
#3114 = CARTESIAN_POINT('',(58.000000000001,0.));
#3115 = VECTOR('',#3116,1.);
#3116 = DIRECTION('',(1.,0.));
#3117 = ( GEOMETRIC_REPRESENTATION_CONTEXT(2) 
PARAMETRIC_REPRESENTATION_CONTEXT() REPRESENTATION_CONTEXT('2D SPACE',''
  ) );
#3118 = PCURVE('',#3119,#3124);
#3119 = PLANE('',#3120);
#3120 = AXIS2_PLACEMENT_3D('',#3121,#3122,#3123);
#3121 = CARTESIAN_POINT('',(1.12850119938E-11,4.680582154577E-02,1.8));
#3122 = DIRECTION('',(0.,0.,1.));
#3123 = DIRECTION('',(1.,0.,-0.));
#3124 = DEFINITIONAL_REPRESENTATION('',(#3125),#3129);
#3125 = LINE('',#3126,#3127);
#3126 = CARTESIAN_POINT('',(30.199999999989,-4.680582154577E-02));
#3127 = VECTOR('',#3128,1.);
#3128 = DIRECTION('',(0.,1.));
#3129 = ( GEOMETRIC_REPRESENTATION_CONTEXT(2) 
PARAMETRIC_REPRESENTATION_CONTEXT() REPRESENTATION_CONTEXT('2D SPACE',''
  ) );
#3130 = ORIENTED_EDGE('',*,*,#3131,.T.);
#3131 = EDGE_CURVE('',#3102,#411,#3132,.T.);
#3132 = SURFACE_CURVE('',#3133,(#3137,#3144),.PCURVE_S1.);
#3133 = LINE('',#3134,#3135);
#3134 = CARTESIAN_POINT('',(30.2,-58.,1.8));
#3135 = VECTOR('',#3136,1.);
#3136 = DIRECTION('',(0.,0.,1.));
#3137 = PCURVE('',#425,#3138);
#3138 = DEFINITIONAL_REPRESENTATION('',(#3139),#3143);
#3139 = LINE('',#3140,#3141);
#3140 = CARTESIAN_POINT('',(0.,0.));
#3141 = VECTOR('',#3142,1.);
#3142 = DIRECTION('',(0.,-1.));
#3143 = ( GEOMETRIC_REPRESENTATION_CONTEXT(2) 
PARAMETRIC_REPRESENTATION_CONTEXT() REPRESENTATION_CONTEXT('2D SPACE',''
  ) );
#3144 = PCURVE('',#457,#3145);
#3145 = DEFINITIONAL_REPRESENTATION('',(#3146),#3150);
#3146 = LINE('',#3147,#3148);
#3147 = CARTESIAN_POINT('',(3.14159265359,0.));
#3148 = VECTOR('',#3149,1.);
#3149 = DIRECTION('',(0.,-1.));
#3150 = ( GEOMETRIC_REPRESENTATION_CONTEXT(2) 
PARAMETRIC_REPRESENTATION_CONTEXT() REPRESENTATION_CONTEXT('2D SPACE',''
  ) );
#3151 = ORIENTED_EDGE('',*,*,#410,.F.);
#3152 = ORIENTED_EDGE('',*,*,#3077,.T.);
#3153 = ORIENTED_EDGE('',*,*,#3154,.T.);
#3154 = EDGE_CURVE('',#3055,#3155,#3157,.T.);
#3155 = VERTEX_POINT('',#3156);
#3156 = CARTESIAN_POINT('',(30.2,-46.,4.));
#3157 = SURFACE_CURVE('',#3158,(#3163,#3174),.PCURVE_S1.);
#3158 = CIRCLE('',#3159,1.);
#3159 = AXIS2_PLACEMENT_3D('',#3160,#3161,#3162);
#3160 = CARTESIAN_POINT('',(30.2,-46.,5.));
#3161 = DIRECTION('',(1.,0.,0.));
#3162 = DIRECTION('',(-0.,1.,0.));
#3163 = PCURVE('',#425,#3164);
#3164 = DEFINITIONAL_REPRESENTATION('',(#3165),#3173);
#3165 = ( BOUNDED_CURVE() B_SPLINE_CURVE(2,(#3166,#3167,#3168,#3169,
#3170,#3171,#3172),.UNSPECIFIED.,.T.,.F.) B_SPLINE_CURVE_WITH_KNOTS((1,2
    ,2,2,2,1),(-2.094395102393,0.,2.094395102393,4.188790204786,
6.28318530718,8.377580409573),.UNSPECIFIED.) CURVE() 
GEOMETRIC_REPRESENTATION_ITEM() RATIONAL_B_SPLINE_CURVE((1.,0.5,1.,0.5,
1.,0.5,1.)) REPRESENTATION_ITEM('') );
#3166 = CARTESIAN_POINT('',(13.000000000001,-3.2));
#3167 = CARTESIAN_POINT('',(13.000000000001,-4.932050807569));
#3168 = CARTESIAN_POINT('',(11.500000000001,-4.066025403784));
#3169 = CARTESIAN_POINT('',(10.000000000001,-3.2));
#3170 = CARTESIAN_POINT('',(11.500000000001,-2.333974596216));
#3171 = CARTESIAN_POINT('',(13.000000000001,-1.467949192431));
#3172 = CARTESIAN_POINT('',(13.000000000001,-3.2));
#3173 = ( GEOMETRIC_REPRESENTATION_CONTEXT(2) 
PARAMETRIC_REPRESENTATION_CONTEXT() REPRESENTATION_CONTEXT('2D SPACE',''
  ) );
#3174 = PCURVE('',#2906,#3175);
#3175 = DEFINITIONAL_REPRESENTATION('',(#3176),#3180);
#3176 = LINE('',#3177,#3178);
#3177 = CARTESIAN_POINT('',(0.,-1.8));
#3178 = VECTOR('',#3179,1.);
#3179 = DIRECTION('',(1.,0.));
#3180 = ( GEOMETRIC_REPRESENTATION_CONTEXT(2) 
PARAMETRIC_REPRESENTATION_CONTEXT() REPRESENTATION_CONTEXT('2D SPACE',''
  ) );
#3181 = ORIENTED_EDGE('',*,*,#3182,.F.);
#3182 = EDGE_CURVE('',#3183,#3155,#3185,.T.);
#3183 = VERTEX_POINT('',#3184);
#3184 = CARTESIAN_POINT('',(30.2,-37.,4.));
#3185 = SURFACE_CURVE('',#3186,(#3190,#3196),.PCURVE_S1.);
#3186 = LINE('',#3187,#3188);
#3187 = CARTESIAN_POINT('',(30.2,-52.,4.));
#3188 = VECTOR('',#3189,1.);
#3189 = DIRECTION('',(-0.,-1.,-0.));
#3190 = PCURVE('',#425,#3191);
#3191 = DEFINITIONAL_REPRESENTATION('',(#3192),#3195);
#3192 = B_SPLINE_CURVE_WITH_KNOTS('',1,(#3193,#3194),.UNSPECIFIED.,.F.,
  .F.,(2,2),(-15.,-6.),.PIECEWISE_BEZIER_KNOTS.);
#3193 = CARTESIAN_POINT('',(21.000000000001,-2.2));
#3194 = CARTESIAN_POINT('',(12.000000000001,-2.2));
#3195 = ( GEOMETRIC_REPRESENTATION_CONTEXT(2) 
PARAMETRIC_REPRESENTATION_CONTEXT() REPRESENTATION_CONTEXT('2D SPACE',''
  ) );
#3196 = PCURVE('',#2933,#3197);
#3197 = DEFINITIONAL_REPRESENTATION('',(#3198),#3201);
#3198 = B_SPLINE_CURVE_WITH_KNOTS('',1,(#3199,#3200),.UNSPECIFIED.,.F.,
  .F.,(2,2),(-15.,-6.),.PIECEWISE_BEZIER_KNOTS.);
#3199 = CARTESIAN_POINT('',(9.,-1.8));
#3200 = CARTESIAN_POINT('',(0.,-1.8));
#3201 = ( GEOMETRIC_REPRESENTATION_CONTEXT(2) 
PARAMETRIC_REPRESENTATION_CONTEXT() REPRESENTATION_CONTEXT('2D SPACE',''
  ) );
#3202 = ORIENTED_EDGE('',*,*,#3203,.T.);
#3203 = EDGE_CURVE('',#3183,#3204,#3206,.T.);
#3204 = VERTEX_POINT('',#3205);
#3205 = CARTESIAN_POINT('',(30.2,-36.,5.));
#3206 = SURFACE_CURVE('',#3207,(#3212,#3223),.PCURVE_S1.);
#3207 = CIRCLE('',#3208,1.);
#3208 = AXIS2_PLACEMENT_3D('',#3209,#3210,#3211);
#3209 = CARTESIAN_POINT('',(30.2,-37.,5.));
#3210 = DIRECTION('',(1.,0.,0.));
#3211 = DIRECTION('',(-0.,1.,0.));
#3212 = PCURVE('',#425,#3213);
#3213 = DEFINITIONAL_REPRESENTATION('',(#3214),#3222);
#3214 = ( BOUNDED_CURVE() B_SPLINE_CURVE(2,(#3215,#3216,#3217,#3218,
#3219,#3220,#3221),.UNSPECIFIED.,.T.,.F.) B_SPLINE_CURVE_WITH_KNOTS((1,2
    ,2,2,2,1),(-2.094395102393,0.,2.094395102393,4.188790204786,
6.28318530718,8.377580409573),.UNSPECIFIED.) CURVE() 
GEOMETRIC_REPRESENTATION_ITEM() RATIONAL_B_SPLINE_CURVE((1.,0.5,1.,0.5,
1.,0.5,1.)) REPRESENTATION_ITEM('') );
#3215 = CARTESIAN_POINT('',(22.000000000001,-3.2));
#3216 = CARTESIAN_POINT('',(22.000000000001,-4.932050807569));
#3217 = CARTESIAN_POINT('',(20.500000000001,-4.066025403784));
#3218 = CARTESIAN_POINT('',(19.000000000001,-3.2));
#3219 = CARTESIAN_POINT('',(20.500000000001,-2.333974596216));
#3220 = CARTESIAN_POINT('',(22.000000000001,-1.467949192431));
#3221 = CARTESIAN_POINT('',(22.000000000001,-3.2));
#3222 = ( GEOMETRIC_REPRESENTATION_CONTEXT(2) 
PARAMETRIC_REPRESENTATION_CONTEXT() REPRESENTATION_CONTEXT('2D SPACE',''
  ) );
#3223 = PCURVE('',#2965,#3224);
#3224 = DEFINITIONAL_REPRESENTATION('',(#3225),#3229);
#3225 = LINE('',#3226,#3227);
#3226 = CARTESIAN_POINT('',(0.,-1.8));
#3227 = VECTOR('',#3228,1.);
#3228 = DIRECTION('',(1.,0.));
#3229 = ( GEOMETRIC_REPRESENTATION_CONTEXT(2) 
PARAMETRIC_REPRESENTATION_CONTEXT() REPRESENTATION_CONTEXT('2D SPACE',''
  ) );
#3230 = ORIENTED_EDGE('',*,*,#3231,.F.);
#3231 = EDGE_CURVE('',#1001,#3204,#3232,.T.);
#3232 = SURFACE_CURVE('',#3233,(#3237,#3243),.PCURVE_S1.);
#3233 = LINE('',#3234,#3235);
#3234 = CARTESIAN_POINT('',(30.2,-36.,3.4));
#3235 = VECTOR('',#3236,1.);
#3236 = DIRECTION('',(0.,0.,-1.));
#3237 = PCURVE('',#425,#3238);
#3238 = DEFINITIONAL_REPRESENTATION('',(#3239),#3242);
#3239 = B_SPLINE_CURVE_WITH_KNOTS('',1,(#3240,#3241),.UNSPECIFIED.,.F.,
  .F.,(2,2),(-3.85,-1.6),.PIECEWISE_BEZIER_KNOTS.);
#3240 = CARTESIAN_POINT('',(22.000000000001,-5.45));
#3241 = CARTESIAN_POINT('',(22.000000000001,-3.2));
#3242 = ( GEOMETRIC_REPRESENTATION_CONTEXT(2) 
PARAMETRIC_REPRESENTATION_CONTEXT() REPRESENTATION_CONTEXT('2D SPACE',''
  ) );
#3243 = PCURVE('',#1036,#3244);
#3244 = DEFINITIONAL_REPRESENTATION('',(#3245),#3248);
#3245 = B_SPLINE_CURVE_WITH_KNOTS('',1,(#3246,#3247),.UNSPECIFIED.,.F.,
  .F.,(2,2),(-3.85,-1.6),.PIECEWISE_BEZIER_KNOTS.);
#3246 = CARTESIAN_POINT('',(2.25,-1.8));
#3247 = CARTESIAN_POINT('',(0.,-1.8));
#3248 = ( GEOMETRIC_REPRESENTATION_CONTEXT(2) 
PARAMETRIC_REPRESENTATION_CONTEXT() REPRESENTATION_CONTEXT('2D SPACE',''
  ) );
#3249 = ORIENTED_EDGE('',*,*,#1000,.F.);
#3250 = ORIENTED_EDGE('',*,*,#3251,.F.);
#3251 = EDGE_CURVE('',#3252,#968,#3254,.T.);
#3252 = VERTEX_POINT('',#3253);
#3253 = CARTESIAN_POINT('',(30.2,-9.435595774163,1.8));
#3254 = SURFACE_CURVE('',#3255,(#3259,#3266),.PCURVE_S1.);
#3255 = LINE('',#3256,#3257);
#3256 = CARTESIAN_POINT('',(30.2,-9.435595774163,1.8));
#3257 = VECTOR('',#3258,1.);
#3258 = DIRECTION('',(0.,0.,1.));
#3259 = PCURVE('',#425,#3260);
#3260 = DEFINITIONAL_REPRESENTATION('',(#3261),#3265);
#3261 = LINE('',#3262,#3263);
#3262 = CARTESIAN_POINT('',(48.564404225838,0.));
#3263 = VECTOR('',#3264,1.);
#3264 = DIRECTION('',(0.,-1.));
#3265 = ( GEOMETRIC_REPRESENTATION_CONTEXT(2) 
PARAMETRIC_REPRESENTATION_CONTEXT() REPRESENTATION_CONTEXT('2D SPACE',''
  ) );
#3266 = PCURVE('',#988,#3267);
#3267 = DEFINITIONAL_REPRESENTATION('',(#3268),#3272);
#3268 = LINE('',#3269,#3270);
#3269 = CARTESIAN_POINT('',(6.28318530718,0.));
#3270 = VECTOR('',#3271,1.);
#3271 = DIRECTION('',(0.,-1.));
#3272 = ( GEOMETRIC_REPRESENTATION_CONTEXT(2) 
PARAMETRIC_REPRESENTATION_CONTEXT() REPRESENTATION_CONTEXT('2D SPACE',''
  ) );
#3273 = ORIENTED_EDGE('',*,*,#3274,.F.);
#3274 = EDGE_CURVE('',#3275,#3252,#3277,.T.);
#3275 = VERTEX_POINT('',#3276);
#3276 = CARTESIAN_POINT('',(30.2,-30.4,1.8));
#3277 = SURFACE_CURVE('',#3278,(#3282,#3289),.PCURVE_S1.);
#3278 = LINE('',#3279,#3280);
#3279 = CARTESIAN_POINT('',(30.2,0.,1.8));
#3280 = VECTOR('',#3281,1.);
#3281 = DIRECTION('',(0.,1.,0.));
#3282 = PCURVE('',#425,#3283);
#3283 = DEFINITIONAL_REPRESENTATION('',(#3284),#3288);
#3284 = LINE('',#3285,#3286);
#3285 = CARTESIAN_POINT('',(58.000000000001,0.));
#3286 = VECTOR('',#3287,1.);
#3287 = DIRECTION('',(1.,0.));
#3288 = ( GEOMETRIC_REPRESENTATION_CONTEXT(2) 
PARAMETRIC_REPRESENTATION_CONTEXT() REPRESENTATION_CONTEXT('2D SPACE',''
  ) );
#3289 = PCURVE('',#3119,#3290);
#3290 = DEFINITIONAL_REPRESENTATION('',(#3291),#3295);
#3291 = LINE('',#3292,#3293);
#3292 = CARTESIAN_POINT('',(30.199999999989,-4.680582154577E-02));
#3293 = VECTOR('',#3294,1.);
#3294 = DIRECTION('',(0.,1.));
#3295 = ( GEOMETRIC_REPRESENTATION_CONTEXT(2) 
PARAMETRIC_REPRESENTATION_CONTEXT() REPRESENTATION_CONTEXT('2D SPACE',''
  ) );
#3296 = ORIENTED_EDGE('',*,*,#3297,.T.);
#3297 = EDGE_CURVE('',#3275,#3298,#3300,.T.);
#3298 = VERTEX_POINT('',#3299);
#3299 = CARTESIAN_POINT('',(30.2,-30.4,6.45));
#3300 = SURFACE_CURVE('',#3301,(#3305,#3312),.PCURVE_S1.);
#3301 = LINE('',#3302,#3303);
#3302 = CARTESIAN_POINT('',(30.2,-30.4,1.8));
#3303 = VECTOR('',#3304,1.);
#3304 = DIRECTION('',(0.,0.,1.));
#3305 = PCURVE('',#425,#3306);
#3306 = DEFINITIONAL_REPRESENTATION('',(#3307),#3311);
#3307 = LINE('',#3308,#3309);
#3308 = CARTESIAN_POINT('',(27.600000000001,2.22044604925E-16));
#3309 = VECTOR('',#3310,1.);
#3310 = DIRECTION('',(0.,-1.));
#3311 = ( GEOMETRIC_REPRESENTATION_CONTEXT(2) 
PARAMETRIC_REPRESENTATION_CONTEXT() REPRESENTATION_CONTEXT('2D SPACE',''
  ) );
#3312 = PCURVE('',#3313,#3318);
#3313 = PLANE('',#3314);
#3314 = AXIS2_PLACEMENT_3D('',#3315,#3316,#3317);
#3315 = CARTESIAN_POINT('',(4.,-30.4,1.8));
#3316 = DIRECTION('',(-0.,1.,0.));
#3317 = DIRECTION('',(0.,0.,1.));
#3318 = DEFINITIONAL_REPRESENTATION('',(#3319),#3322);
#3319 = B_SPLINE_CURVE_WITH_KNOTS('',1,(#3320,#3321),.UNSPECIFIED.,.F.,
  .F.,(2,2),(2.22044604925E-16,4.65),.PIECEWISE_BEZIER_KNOTS.);
#3320 = CARTESIAN_POINT('',(2.22044604925E-16,26.2));
#3321 = CARTESIAN_POINT('',(4.65,26.2));
#3322 = ( GEOMETRIC_REPRESENTATION_CONTEXT(2) 
PARAMETRIC_REPRESENTATION_CONTEXT() REPRESENTATION_CONTEXT('2D SPACE',''
  ) );
#3323 = ORIENTED_EDGE('',*,*,#3324,.T.);
#3324 = EDGE_CURVE('',#3298,#3325,#3327,.T.);
#3325 = VERTEX_POINT('',#3326);
#3326 = CARTESIAN_POINT('',(30.2,-32.,6.45));
#3327 = SURFACE_CURVE('',#3328,(#3332,#3339),.PCURVE_S1.);
#3328 = LINE('',#3329,#3330);
#3329 = CARTESIAN_POINT('',(30.2,-55.3,6.45));
#3330 = VECTOR('',#3331,1.);
#3331 = DIRECTION('',(0.,-1.,0.));
#3332 = PCURVE('',#425,#3333);
#3333 = DEFINITIONAL_REPRESENTATION('',(#3334),#3338);
#3334 = LINE('',#3335,#3336);
#3335 = CARTESIAN_POINT('',(2.7,-4.65));
#3336 = VECTOR('',#3337,1.);
#3337 = DIRECTION('',(-1.,0.));
#3338 = ( GEOMETRIC_REPRESENTATION_CONTEXT(2) 
PARAMETRIC_REPRESENTATION_CONTEXT() REPRESENTATION_CONTEXT('2D SPACE',''
  ) );
#3339 = PCURVE('',#3340,#3345);
#3340 = PLANE('',#3341);
#3341 = AXIS2_PLACEMENT_3D('',#3342,#3343,#3344);
#3342 = CARTESIAN_POINT('',(4.,-52.6,6.45));
#3343 = DIRECTION('',(0.,0.,1.));
#3344 = DIRECTION('',(1.,0.,-0.));
#3345 = DEFINITIONAL_REPRESENTATION('',(#3346),#3349);
#3346 = B_SPLINE_CURVE_WITH_KNOTS('',1,(#3347,#3348),.UNSPECIFIED.,.F.,
  .F.,(2,2),(-24.9,-2.7),.PIECEWISE_BEZIER_KNOTS.);
#3347 = CARTESIAN_POINT('',(26.2,22.2));
#3348 = CARTESIAN_POINT('',(26.2,7.105427357601E-15));
#3349 = ( GEOMETRIC_REPRESENTATION_CONTEXT(2) 
PARAMETRIC_REPRESENTATION_CONTEXT() REPRESENTATION_CONTEXT('2D SPACE',''
  ) );
#3350 = ORIENTED_EDGE('',*,*,#3351,.F.);
#3351 = EDGE_CURVE('',#3352,#3325,#3354,.T.);
#3352 = VERTEX_POINT('',#3353);
#3353 = CARTESIAN_POINT('',(30.2,-32.,1.8));
#3354 = SURFACE_CURVE('',#3355,(#3359,#3366),.PCURVE_S1.);
#3355 = LINE('',#3356,#3357);
#3356 = CARTESIAN_POINT('',(30.2,-32.,1.8));
#3357 = VECTOR('',#3358,1.);
#3358 = DIRECTION('',(0.,0.,1.));
#3359 = PCURVE('',#425,#3360);
#3360 = DEFINITIONAL_REPRESENTATION('',(#3361),#3365);
#3361 = LINE('',#3362,#3363);
#3362 = CARTESIAN_POINT('',(26.000000000001,2.22044604925E-16));
#3363 = VECTOR('',#3364,1.);
#3364 = DIRECTION('',(0.,-1.));
#3365 = ( GEOMETRIC_REPRESENTATION_CONTEXT(2) 
PARAMETRIC_REPRESENTATION_CONTEXT() REPRESENTATION_CONTEXT('2D SPACE',''
  ) );
#3366 = PCURVE('',#3367,#3372);
#3367 = PLANE('',#3368);
#3368 = AXIS2_PLACEMENT_3D('',#3369,#3370,#3371);
#3369 = CARTESIAN_POINT('',(4.,-32.,1.8));
#3370 = DIRECTION('',(-0.,1.,0.));
#3371 = DIRECTION('',(0.,0.,1.));
#3372 = DEFINITIONAL_REPRESENTATION('',(#3373),#3376);
#3373 = B_SPLINE_CURVE_WITH_KNOTS('',1,(#3374,#3375),.UNSPECIFIED.,.F.,
  .F.,(2,2),(2.22044604925E-16,4.65),.PIECEWISE_BEZIER_KNOTS.);
#3374 = CARTESIAN_POINT('',(2.22044604925E-16,26.2));
#3375 = CARTESIAN_POINT('',(4.65,26.2));
#3376 = ( GEOMETRIC_REPRESENTATION_CONTEXT(2) 
PARAMETRIC_REPRESENTATION_CONTEXT() REPRESENTATION_CONTEXT('2D SPACE',''
  ) );
#3377 = ORIENTED_EDGE('',*,*,#3378,.F.);
#3378 = EDGE_CURVE('',#3379,#3352,#3381,.T.);
#3379 = VERTEX_POINT('',#3380);
#3380 = CARTESIAN_POINT('',(30.2,-51.,1.8));
#3381 = SURFACE_CURVE('',#3382,(#3386,#3393),.PCURVE_S1.);
#3382 = LINE('',#3383,#3384);
#3383 = CARTESIAN_POINT('',(30.2,0.,1.8));
#3384 = VECTOR('',#3385,1.);
#3385 = DIRECTION('',(0.,1.,0.));
#3386 = PCURVE('',#425,#3387);
#3387 = DEFINITIONAL_REPRESENTATION('',(#3388),#3392);
#3388 = LINE('',#3389,#3390);
#3389 = CARTESIAN_POINT('',(58.000000000001,0.));
#3390 = VECTOR('',#3391,1.);
#3391 = DIRECTION('',(1.,0.));
#3392 = ( GEOMETRIC_REPRESENTATION_CONTEXT(2) 
PARAMETRIC_REPRESENTATION_CONTEXT() REPRESENTATION_CONTEXT('2D SPACE',''
  ) );
#3393 = PCURVE('',#3119,#3394);
#3394 = DEFINITIONAL_REPRESENTATION('',(#3395),#3399);
#3395 = LINE('',#3396,#3397);
#3396 = CARTESIAN_POINT('',(30.199999999989,-4.680582154577E-02));
#3397 = VECTOR('',#3398,1.);
#3398 = DIRECTION('',(0.,1.));
#3399 = ( GEOMETRIC_REPRESENTATION_CONTEXT(2) 
PARAMETRIC_REPRESENTATION_CONTEXT() REPRESENTATION_CONTEXT('2D SPACE',''
  ) );
#3400 = ORIENTED_EDGE('',*,*,#3401,.T.);
#3401 = EDGE_CURVE('',#3379,#3402,#3404,.T.);
#3402 = VERTEX_POINT('',#3403);
#3403 = CARTESIAN_POINT('',(30.2,-51.,6.45));
#3404 = SURFACE_CURVE('',#3405,(#3409,#3416),.PCURVE_S1.);
#3405 = LINE('',#3406,#3407);
#3406 = CARTESIAN_POINT('',(30.2,-51.,1.8));
#3407 = VECTOR('',#3408,1.);
#3408 = DIRECTION('',(0.,0.,1.));
#3409 = PCURVE('',#425,#3410);
#3410 = DEFINITIONAL_REPRESENTATION('',(#3411),#3415);
#3411 = LINE('',#3412,#3413);
#3412 = CARTESIAN_POINT('',(7.000000000001,2.22044604925E-16));
#3413 = VECTOR('',#3414,1.);
#3414 = DIRECTION('',(0.,-1.));
#3415 = ( GEOMETRIC_REPRESENTATION_CONTEXT(2) 
PARAMETRIC_REPRESENTATION_CONTEXT() REPRESENTATION_CONTEXT('2D SPACE',''
  ) );
#3416 = PCURVE('',#3417,#3422);
#3417 = PLANE('',#3418);
#3418 = AXIS2_PLACEMENT_3D('',#3419,#3420,#3421);
#3419 = CARTESIAN_POINT('',(4.,-51.,1.8));
#3420 = DIRECTION('',(-0.,1.,0.));
#3421 = DIRECTION('',(0.,0.,1.));
#3422 = DEFINITIONAL_REPRESENTATION('',(#3423),#3426);
#3423 = B_SPLINE_CURVE_WITH_KNOTS('',1,(#3424,#3425),.UNSPECIFIED.,.F.,
  .F.,(2,2),(2.22044604925E-16,4.65),.PIECEWISE_BEZIER_KNOTS.);
#3424 = CARTESIAN_POINT('',(2.22044604925E-16,26.2));
#3425 = CARTESIAN_POINT('',(4.65,26.2));
#3426 = ( GEOMETRIC_REPRESENTATION_CONTEXT(2) 
PARAMETRIC_REPRESENTATION_CONTEXT() REPRESENTATION_CONTEXT('2D SPACE',''
  ) );
#3427 = ORIENTED_EDGE('',*,*,#3428,.T.);
#3428 = EDGE_CURVE('',#3402,#3429,#3431,.T.);
#3429 = VERTEX_POINT('',#3430);
#3430 = CARTESIAN_POINT('',(30.2,-52.6,6.45));
#3431 = SURFACE_CURVE('',#3432,(#3436,#3443),.PCURVE_S1.);
#3432 = LINE('',#3433,#3434);
#3433 = CARTESIAN_POINT('',(30.2,-55.3,6.45));
#3434 = VECTOR('',#3435,1.);
#3435 = DIRECTION('',(0.,-1.,0.));
#3436 = PCURVE('',#425,#3437);
#3437 = DEFINITIONAL_REPRESENTATION('',(#3438),#3442);
#3438 = LINE('',#3439,#3440);
#3439 = CARTESIAN_POINT('',(2.7,-4.65));
#3440 = VECTOR('',#3441,1.);
#3441 = DIRECTION('',(-1.,0.));
#3442 = ( GEOMETRIC_REPRESENTATION_CONTEXT(2) 
PARAMETRIC_REPRESENTATION_CONTEXT() REPRESENTATION_CONTEXT('2D SPACE',''
  ) );
#3443 = PCURVE('',#3444,#3449);
#3444 = PLANE('',#3445);
#3445 = AXIS2_PLACEMENT_3D('',#3446,#3447,#3448);
#3446 = CARTESIAN_POINT('',(4.,-52.6,6.45));
#3447 = DIRECTION('',(0.,0.,1.));
#3448 = DIRECTION('',(1.,0.,-0.));
#3449 = DEFINITIONAL_REPRESENTATION('',(#3450),#3453);
#3450 = B_SPLINE_CURVE_WITH_KNOTS('',1,(#3451,#3452),.UNSPECIFIED.,.F.,
  .F.,(2,2),(-24.9,-2.7),.PIECEWISE_BEZIER_KNOTS.);
#3451 = CARTESIAN_POINT('',(26.2,22.2));
#3452 = CARTESIAN_POINT('',(26.2,7.105427357601E-15));
#3453 = ( GEOMETRIC_REPRESENTATION_CONTEXT(2) 
PARAMETRIC_REPRESENTATION_CONTEXT() REPRESENTATION_CONTEXT('2D SPACE',''
  ) );
#3454 = ORIENTED_EDGE('',*,*,#3455,.F.);
#3455 = EDGE_CURVE('',#3104,#3429,#3456,.T.);
#3456 = SURFACE_CURVE('',#3457,(#3461,#3468),.PCURVE_S1.);
#3457 = LINE('',#3458,#3459);
#3458 = CARTESIAN_POINT('',(30.2,-52.6,1.8));
#3459 = VECTOR('',#3460,1.);
#3460 = DIRECTION('',(0.,0.,1.));
#3461 = PCURVE('',#425,#3462);
#3462 = DEFINITIONAL_REPRESENTATION('',(#3463),#3467);
#3463 = LINE('',#3464,#3465);
#3464 = CARTESIAN_POINT('',(5.400000000001,2.22044604925E-16));
#3465 = VECTOR('',#3466,1.);
#3466 = DIRECTION('',(0.,-1.));
#3467 = ( GEOMETRIC_REPRESENTATION_CONTEXT(2) 
PARAMETRIC_REPRESENTATION_CONTEXT() REPRESENTATION_CONTEXT('2D SPACE',''
  ) );
#3468 = PCURVE('',#3469,#3474);
#3469 = PLANE('',#3470);
#3470 = AXIS2_PLACEMENT_3D('',#3471,#3472,#3473);
#3471 = CARTESIAN_POINT('',(4.,-52.6,1.8));
#3472 = DIRECTION('',(-0.,1.,0.));
#3473 = DIRECTION('',(0.,0.,1.));
#3474 = DEFINITIONAL_REPRESENTATION('',(#3475),#3478);
#3475 = B_SPLINE_CURVE_WITH_KNOTS('',1,(#3476,#3477),.UNSPECIFIED.,.F.,
  .F.,(2,2),(2.22044604925E-16,4.65),.PIECEWISE_BEZIER_KNOTS.);
#3476 = CARTESIAN_POINT('',(2.22044604925E-16,26.2));
#3477 = CARTESIAN_POINT('',(4.65,26.2));
#3478 = ( GEOMETRIC_REPRESENTATION_CONTEXT(2) 
PARAMETRIC_REPRESENTATION_CONTEXT() REPRESENTATION_CONTEXT('2D SPACE',''
  ) );
#3479 = ADVANCED_FACE('',(#3480),#1036,.F.);
#3480 = FACE_BOUND('',#3481,.F.);
#3481 = EDGE_LOOP('',(#3482,#3503,#3504,#3505));
#3482 = ORIENTED_EDGE('',*,*,#3483,.F.);
#3483 = EDGE_CURVE('',#3204,#2945,#3484,.T.);
#3484 = SURFACE_CURVE('',#3485,(#3489,#3496),.PCURVE_S1.);
#3485 = LINE('',#3486,#3487);
#3486 = CARTESIAN_POINT('',(28.4,-36.,5.));
#3487 = VECTOR('',#3488,1.);
#3488 = DIRECTION('',(1.,0.,0.));
#3489 = PCURVE('',#1036,#3490);
#3490 = DEFINITIONAL_REPRESENTATION('',(#3491),#3495);
#3491 = LINE('',#3492,#3493);
#3492 = CARTESIAN_POINT('',(0.,-3.6));
#3493 = VECTOR('',#3494,1.);
#3494 = DIRECTION('',(0.,1.));
#3495 = ( GEOMETRIC_REPRESENTATION_CONTEXT(2) 
PARAMETRIC_REPRESENTATION_CONTEXT() REPRESENTATION_CONTEXT('2D SPACE',''
  ) );
#3496 = PCURVE('',#2965,#3497);
#3497 = DEFINITIONAL_REPRESENTATION('',(#3498),#3502);
#3498 = LINE('',#3499,#3500);
#3499 = CARTESIAN_POINT('',(6.28318530718,-3.6));
#3500 = VECTOR('',#3501,1.);
#3501 = DIRECTION('',(-0.,1.));
#3502 = ( GEOMETRIC_REPRESENTATION_CONTEXT(2) 
PARAMETRIC_REPRESENTATION_CONTEXT() REPRESENTATION_CONTEXT('2D SPACE',''
  ) );
#3503 = ORIENTED_EDGE('',*,*,#3231,.F.);
#3504 = ORIENTED_EDGE('',*,*,#1021,.F.);
#3505 = ORIENTED_EDGE('',*,*,#2977,.T.);
#3506 = ADVANCED_FACE('',(#3507),#457,.F.);
#3507 = FACE_BOUND('',#3508,.F.);
#3508 = EDGE_LOOP('',(#3509,#3537,#3538,#3539));
#3509 = ORIENTED_EDGE('',*,*,#3510,.F.);
#3510 = EDGE_CURVE('',#3102,#3511,#3513,.T.);
#3511 = VERTEX_POINT('',#3512);
#3512 = CARTESIAN_POINT('',(28.,-60.2,1.8));
#3513 = SURFACE_CURVE('',#3514,(#3519,#3526),.PCURVE_S1.);
#3514 = CIRCLE('',#3515,2.2);
#3515 = AXIS2_PLACEMENT_3D('',#3516,#3517,#3518);
#3516 = CARTESIAN_POINT('',(28.,-58.,1.8));
#3517 = DIRECTION('',(0.,0.,-1.));
#3518 = DIRECTION('',(-1.,0.,0.));
#3519 = PCURVE('',#457,#3520);
#3520 = DEFINITIONAL_REPRESENTATION('',(#3521),#3525);
#3521 = LINE('',#3522,#3523);
#3522 = CARTESIAN_POINT('',(0.,0.));
#3523 = VECTOR('',#3524,1.);
#3524 = DIRECTION('',(1.,0.));
#3525 = ( GEOMETRIC_REPRESENTATION_CONTEXT(2) 
PARAMETRIC_REPRESENTATION_CONTEXT() REPRESENTATION_CONTEXT('2D SPACE',''
  ) );
#3526 = PCURVE('',#3119,#3527);
#3527 = DEFINITIONAL_REPRESENTATION('',(#3528),#3536);
#3528 = ( BOUNDED_CURVE() B_SPLINE_CURVE(2,(#3529,#3530,#3531,#3532,
#3533,#3534,#3535),.UNSPECIFIED.,.T.,.F.) B_SPLINE_CURVE_WITH_KNOTS((1,2
    ,2,2,2,1),(-2.094395102393,0.,2.094395102393,4.188790204786,
6.28318530718,8.377580409573),.UNSPECIFIED.) CURVE() 
GEOMETRIC_REPRESENTATION_ITEM() RATIONAL_B_SPLINE_CURVE((1.,0.5,1.,0.5,
1.,0.5,1.)) REPRESENTATION_ITEM('') );
#3529 = CARTESIAN_POINT('',(25.799999999989,-58.04680582154));
#3530 = CARTESIAN_POINT('',(25.799999999989,-54.23629404489));
#3531 = CARTESIAN_POINT('',(29.099999999989,-56.14154993322));
#3532 = CARTESIAN_POINT('',(32.399999999989,-58.04680582154));
#3533 = CARTESIAN_POINT('',(29.099999999989,-59.95206170987));
#3534 = CARTESIAN_POINT('',(25.799999999989,-61.85731759819));
#3535 = CARTESIAN_POINT('',(25.799999999989,-58.04680582154));
#3536 = ( GEOMETRIC_REPRESENTATION_CONTEXT(2) 
PARAMETRIC_REPRESENTATION_CONTEXT() REPRESENTATION_CONTEXT('2D SPACE',''
  ) );
#3537 = ORIENTED_EDGE('',*,*,#3131,.T.);
#3538 = ORIENTED_EDGE('',*,*,#436,.T.);
#3539 = ORIENTED_EDGE('',*,*,#3540,.F.);
#3540 = EDGE_CURVE('',#3511,#437,#3541,.T.);
#3541 = SURFACE_CURVE('',#3542,(#3546,#3553),.PCURVE_S1.);
#3542 = LINE('',#3543,#3544);
#3543 = CARTESIAN_POINT('',(28.,-60.2,1.8));
#3544 = VECTOR('',#3545,1.);
#3545 = DIRECTION('',(0.,0.,1.));
#3546 = PCURVE('',#457,#3547);
#3547 = DEFINITIONAL_REPRESENTATION('',(#3548),#3552);
#3548 = LINE('',#3549,#3550);
#3549 = CARTESIAN_POINT('',(4.712388980385,0.));
#3550 = VECTOR('',#3551,1.);
#3551 = DIRECTION('',(0.,-1.));
#3552 = ( GEOMETRIC_REPRESENTATION_CONTEXT(2) 
PARAMETRIC_REPRESENTATION_CONTEXT() REPRESENTATION_CONTEXT('2D SPACE',''
  ) );
#3553 = PCURVE('',#484,#3554);
#3554 = DEFINITIONAL_REPRESENTATION('',(#3555),#3559);
#3555 = LINE('',#3556,#3557);
#3556 = CARTESIAN_POINT('',(56.,0.));
#3557 = VECTOR('',#3558,1.);
#3558 = DIRECTION('',(0.,-1.));
#3559 = ( GEOMETRIC_REPRESENTATION_CONTEXT(2) 
PARAMETRIC_REPRESENTATION_CONTEXT() REPRESENTATION_CONTEXT('2D SPACE',''
  ) );
#3560 = ADVANCED_FACE('',(#3561),#484,.T.);
#3561 = FACE_BOUND('',#3562,.T.);
#3562 = EDGE_LOOP('',(#3563,#3586,#3607,#3608));
#3563 = ORIENTED_EDGE('',*,*,#3564,.F.);
#3564 = EDGE_CURVE('',#3565,#3511,#3567,.T.);
#3565 = VERTEX_POINT('',#3566);
#3566 = CARTESIAN_POINT('',(-28.,-60.2,1.8));
#3567 = SURFACE_CURVE('',#3568,(#3572,#3579),.PCURVE_S1.);
#3568 = LINE('',#3569,#3570);
#3569 = CARTESIAN_POINT('',(0.,-60.2,1.8));
#3570 = VECTOR('',#3571,1.);
#3571 = DIRECTION('',(1.,0.,0.));
#3572 = PCURVE('',#484,#3573);
#3573 = DEFINITIONAL_REPRESENTATION('',(#3574),#3578);
#3574 = LINE('',#3575,#3576);
#3575 = CARTESIAN_POINT('',(28.,0.));
#3576 = VECTOR('',#3577,1.);
#3577 = DIRECTION('',(1.,0.));
#3578 = ( GEOMETRIC_REPRESENTATION_CONTEXT(2) 
PARAMETRIC_REPRESENTATION_CONTEXT() REPRESENTATION_CONTEXT('2D SPACE',''
  ) );
#3579 = PCURVE('',#3119,#3580);
#3580 = DEFINITIONAL_REPRESENTATION('',(#3581),#3585);
#3581 = LINE('',#3582,#3583);
#3582 = CARTESIAN_POINT('',(-1.12850119938E-11,-60.24680582154));
#3583 = VECTOR('',#3584,1.);
#3584 = DIRECTION('',(1.,0.));
#3585 = ( GEOMETRIC_REPRESENTATION_CONTEXT(2) 
PARAMETRIC_REPRESENTATION_CONTEXT() REPRESENTATION_CONTEXT('2D SPACE',''
  ) );
#3586 = ORIENTED_EDGE('',*,*,#3587,.T.);
#3587 = EDGE_CURVE('',#3565,#470,#3588,.T.);
#3588 = SURFACE_CURVE('',#3589,(#3593,#3600),.PCURVE_S1.);
#3589 = LINE('',#3590,#3591);
#3590 = CARTESIAN_POINT('',(-28.,-60.2,1.8));
#3591 = VECTOR('',#3592,1.);
#3592 = DIRECTION('',(0.,0.,1.));
#3593 = PCURVE('',#484,#3594);
#3594 = DEFINITIONAL_REPRESENTATION('',(#3595),#3599);
#3595 = LINE('',#3596,#3597);
#3596 = CARTESIAN_POINT('',(0.,0.));
#3597 = VECTOR('',#3598,1.);
#3598 = DIRECTION('',(0.,-1.));
#3599 = ( GEOMETRIC_REPRESENTATION_CONTEXT(2) 
PARAMETRIC_REPRESENTATION_CONTEXT() REPRESENTATION_CONTEXT('2D SPACE',''
  ) );
#3600 = PCURVE('',#516,#3601);
#3601 = DEFINITIONAL_REPRESENTATION('',(#3602),#3606);
#3602 = LINE('',#3603,#3604);
#3603 = CARTESIAN_POINT('',(4.712388980385,0.));
#3604 = VECTOR('',#3605,1.);
#3605 = DIRECTION('',(0.,-1.));
#3606 = ( GEOMETRIC_REPRESENTATION_CONTEXT(2) 
PARAMETRIC_REPRESENTATION_CONTEXT() REPRESENTATION_CONTEXT('2D SPACE',''
  ) );
#3607 = ORIENTED_EDGE('',*,*,#469,.F.);
#3608 = ORIENTED_EDGE('',*,*,#3540,.F.);
#3609 = ADVANCED_FACE('',(#3610),#988,.T.);
#3610 = FACE_BOUND('',#3611,.T.);
#3611 = EDGE_LOOP('',(#3612,#3640,#3641,#3642));
#3612 = ORIENTED_EDGE('',*,*,#3613,.F.);
#3613 = EDGE_CURVE('',#3252,#3614,#3616,.T.);
#3614 = VERTEX_POINT('',#3615);
#3615 = CARTESIAN_POINT('',(30.78,-6.907434386909,1.8));
#3616 = SURFACE_CURVE('',#3617,(#3622,#3629),.PCURVE_S1.);
#3617 = CIRCLE('',#3618,5.8);
#3618 = AXIS2_PLACEMENT_3D('',#3619,#3620,#3621);
#3619 = CARTESIAN_POINT('',(36.,-9.435595774163,1.8));
#3620 = DIRECTION('',(0.,0.,-1.));
#3621 = DIRECTION('',(-1.,0.,0.));
#3622 = PCURVE('',#988,#3623);
#3623 = DEFINITIONAL_REPRESENTATION('',(#3624),#3628);
#3624 = LINE('',#3625,#3626);
#3625 = CARTESIAN_POINT('',(0.,0.));
#3626 = VECTOR('',#3627,1.);
#3627 = DIRECTION('',(1.,0.));
#3628 = ( GEOMETRIC_REPRESENTATION_CONTEXT(2) 
PARAMETRIC_REPRESENTATION_CONTEXT() REPRESENTATION_CONTEXT('2D SPACE',''
  ) );
#3629 = PCURVE('',#3119,#3630);
#3630 = DEFINITIONAL_REPRESENTATION('',(#3631),#3639);
#3631 = ( BOUNDED_CURVE() B_SPLINE_CURVE(2,(#3632,#3633,#3634,#3635,
#3636,#3637,#3638),.UNSPECIFIED.,.T.,.F.) B_SPLINE_CURVE_WITH_KNOTS((1,2
    ,2,2,2,1),(-2.094395102393,0.,2.094395102393,4.188790204786,
6.28318530718,8.377580409573),.UNSPECIFIED.) CURVE() 
GEOMETRIC_REPRESENTATION_ITEM() RATIONAL_B_SPLINE_CURVE((1.,0.5,1.,0.5,
1.,0.5,1.)) REPRESENTATION_ITEM('') );
#3632 = CARTESIAN_POINT('',(30.199999999989,-9.482401595709));
#3633 = CARTESIAN_POINT('',(30.199999999989,0.563493088191));
#3634 = CARTESIAN_POINT('',(38.899999999989,-4.459454253759));
#3635 = CARTESIAN_POINT('',(47.599999999989,-9.482401595709));
#3636 = CARTESIAN_POINT('',(38.899999999989,-14.50534893765));
#3637 = CARTESIAN_POINT('',(30.199999999989,-19.5282962796));
#3638 = CARTESIAN_POINT('',(30.199999999989,-9.482401595709));
#3639 = ( GEOMETRIC_REPRESENTATION_CONTEXT(2) 
PARAMETRIC_REPRESENTATION_CONTEXT() REPRESENTATION_CONTEXT('2D SPACE',''
  ) );
#3640 = ORIENTED_EDGE('',*,*,#3251,.T.);
#3641 = ORIENTED_EDGE('',*,*,#967,.T.);
#3642 = ORIENTED_EDGE('',*,*,#3643,.F.);
#3643 = EDGE_CURVE('',#3614,#935,#3644,.T.);
#3644 = SURFACE_CURVE('',#3645,(#3649,#3656),.PCURVE_S1.);
#3645 = LINE('',#3646,#3647);
#3646 = CARTESIAN_POINT('',(30.78,-6.907434386909,1.8));
#3647 = VECTOR('',#3648,1.);
#3648 = DIRECTION('',(0.,0.,1.));
#3649 = PCURVE('',#988,#3650);
#3650 = DEFINITIONAL_REPRESENTATION('',(#3651),#3655);
#3651 = LINE('',#3652,#3653);
#3652 = CARTESIAN_POINT('',(6.734212118976,0.));
#3653 = VECTOR('',#3654,1.);
#3654 = DIRECTION('',(0.,-1.));
#3655 = ( GEOMETRIC_REPRESENTATION_CONTEXT(2) 
PARAMETRIC_REPRESENTATION_CONTEXT() REPRESENTATION_CONTEXT('2D SPACE',''
  ) );
#3656 = PCURVE('',#955,#3657);
#3657 = DEFINITIONAL_REPRESENTATION('',(#3658),#3662);
#3658 = LINE('',#3659,#3660);
#3659 = CARTESIAN_POINT('',(-6.308040745044,0.));
#3660 = VECTOR('',#3661,1.);
#3661 = DIRECTION('',(-0.,-1.));
#3662 = ( GEOMETRIC_REPRESENTATION_CONTEXT(2) 
PARAMETRIC_REPRESENTATION_CONTEXT() REPRESENTATION_CONTEXT('2D SPACE',''
  ) );
#3663 = ADVANCED_FACE('',(#3664),#516,.F.);
#3664 = FACE_BOUND('',#3665,.F.);
#3665 = EDGE_LOOP('',(#3666,#3694,#3695,#3696));
#3666 = ORIENTED_EDGE('',*,*,#3667,.F.);
#3667 = EDGE_CURVE('',#3565,#3668,#3670,.T.);
#3668 = VERTEX_POINT('',#3669);
#3669 = CARTESIAN_POINT('',(-30.2,-58.,1.8));
#3670 = SURFACE_CURVE('',#3671,(#3676,#3683),.PCURVE_S1.);
#3671 = CIRCLE('',#3672,2.2);
#3672 = AXIS2_PLACEMENT_3D('',#3673,#3674,#3675);
#3673 = CARTESIAN_POINT('',(-28.,-58.,1.8));
#3674 = DIRECTION('',(0.,0.,-1.));
#3675 = DIRECTION('',(-1.,0.,0.));
#3676 = PCURVE('',#516,#3677);
#3677 = DEFINITIONAL_REPRESENTATION('',(#3678),#3682);
#3678 = LINE('',#3679,#3680);
#3679 = CARTESIAN_POINT('',(0.,0.));
#3680 = VECTOR('',#3681,1.);
#3681 = DIRECTION('',(1.,0.));
#3682 = ( GEOMETRIC_REPRESENTATION_CONTEXT(2) 
PARAMETRIC_REPRESENTATION_CONTEXT() REPRESENTATION_CONTEXT('2D SPACE',''
  ) );
#3683 = PCURVE('',#3119,#3684);
#3684 = DEFINITIONAL_REPRESENTATION('',(#3685),#3693);
#3685 = ( BOUNDED_CURVE() B_SPLINE_CURVE(2,(#3686,#3687,#3688,#3689,
#3690,#3691,#3692),.UNSPECIFIED.,.T.,.F.) B_SPLINE_CURVE_WITH_KNOTS((1,2
    ,2,2,2,1),(-2.094395102393,0.,2.094395102393,4.188790204786,
6.28318530718,8.377580409573),.UNSPECIFIED.) CURVE() 
GEOMETRIC_REPRESENTATION_ITEM() RATIONAL_B_SPLINE_CURVE((1.,0.5,1.,0.5,
1.,0.5,1.)) REPRESENTATION_ITEM('') );
#3686 = CARTESIAN_POINT('',(-30.20000000001,-58.04680582154));
#3687 = CARTESIAN_POINT('',(-30.20000000001,-54.23629404489));
#3688 = CARTESIAN_POINT('',(-26.90000000001,-56.14154993322));
#3689 = CARTESIAN_POINT('',(-23.60000000001,-58.04680582154));
#3690 = CARTESIAN_POINT('',(-26.90000000001,-59.95206170987));
#3691 = CARTESIAN_POINT('',(-30.20000000001,-61.85731759819));
#3692 = CARTESIAN_POINT('',(-30.20000000001,-58.04680582154));
#3693 = ( GEOMETRIC_REPRESENTATION_CONTEXT(2) 
PARAMETRIC_REPRESENTATION_CONTEXT() REPRESENTATION_CONTEXT('2D SPACE',''
  ) );
#3694 = ORIENTED_EDGE('',*,*,#3587,.T.);
#3695 = ORIENTED_EDGE('',*,*,#495,.T.);
#3696 = ORIENTED_EDGE('',*,*,#3697,.F.);
#3697 = EDGE_CURVE('',#3668,#496,#3698,.T.);
#3698 = SURFACE_CURVE('',#3699,(#3703,#3710),.PCURVE_S1.);
#3699 = LINE('',#3700,#3701);
#3700 = CARTESIAN_POINT('',(-30.2,-58.,1.8));
#3701 = VECTOR('',#3702,1.);
#3702 = DIRECTION('',(0.,0.,1.));
#3703 = PCURVE('',#516,#3704);
#3704 = DEFINITIONAL_REPRESENTATION('',(#3705),#3709);
#3705 = LINE('',#3706,#3707);
#3706 = CARTESIAN_POINT('',(6.28318530718,0.));
#3707 = VECTOR('',#3708,1.);
#3708 = DIRECTION('',(0.,-1.));
#3709 = ( GEOMETRIC_REPRESENTATION_CONTEXT(2) 
PARAMETRIC_REPRESENTATION_CONTEXT() REPRESENTATION_CONTEXT('2D SPACE',''
  ) );
#3710 = PCURVE('',#543,#3711);
#3711 = DEFINITIONAL_REPRESENTATION('',(#3712),#3716);
#3712 = LINE('',#3713,#3714);
#3713 = CARTESIAN_POINT('',(0.,0.));
#3714 = VECTOR('',#3715,1.);
#3715 = DIRECTION('',(0.,-1.));
#3716 = ( GEOMETRIC_REPRESENTATION_CONTEXT(2) 
PARAMETRIC_REPRESENTATION_CONTEXT() REPRESENTATION_CONTEXT('2D SPACE',''
  ) );
#3717 = ADVANCED_FACE('',(#3718),#955,.F.);
#3718 = FACE_BOUND('',#3719,.T.);
#3719 = EDGE_LOOP('',(#3720,#3744,#3745,#3746));
#3720 = ORIENTED_EDGE('',*,*,#3721,.F.);
#3721 = EDGE_CURVE('',#3614,#3722,#3724,.T.);
#3722 = VERTEX_POINT('',#3723);
#3723 = CARTESIAN_POINT('',(30.78,22.907434386909,1.8));
#3724 = SURFACE_CURVE('',#3725,(#3730,#3737),.PCURVE_S1.);
#3725 = CIRCLE('',#3726,34.2);
#3726 = AXIS2_PLACEMENT_3D('',#3727,#3728,#3729);
#3727 = CARTESIAN_POINT('',(0.,8.,1.8));
#3728 = DIRECTION('',(0.,-0.,1.));
#3729 = DIRECTION('',(0.888888888889,-0.458122847291,-0.));
#3730 = PCURVE('',#955,#3731);
#3731 = DEFINITIONAL_REPRESENTATION('',(#3732),#3736);
#3732 = LINE('',#3733,#3734);
#3733 = CARTESIAN_POINT('',(-0.,0.));
#3734 = VECTOR('',#3735,1.);
#3735 = DIRECTION('',(-1.,0.));
#3736 = ( GEOMETRIC_REPRESENTATION_CONTEXT(2) 
PARAMETRIC_REPRESENTATION_CONTEXT() REPRESENTATION_CONTEXT('2D SPACE',''
  ) );
#3737 = PCURVE('',#3119,#3738);
#3738 = DEFINITIONAL_REPRESENTATION('',(#3739),#3743);
#3739 = CIRCLE('',#3740,34.2);
#3740 = AXIS2_PLACEMENT_2D('',#3741,#3742);
#3741 = CARTESIAN_POINT('',(-1.12850119938E-11,7.953194178454));
#3742 = DIRECTION('',(0.888888888889,-0.458122847291));
#3743 = ( GEOMETRIC_REPRESENTATION_CONTEXT(2) 
PARAMETRIC_REPRESENTATION_CONTEXT() REPRESENTATION_CONTEXT('2D SPACE',''
  ) );
#3744 = ORIENTED_EDGE('',*,*,#3643,.T.);
#3745 = ORIENTED_EDGE('',*,*,#934,.F.);
#3746 = ORIENTED_EDGE('',*,*,#3747,.F.);
#3747 = EDGE_CURVE('',#3722,#902,#3748,.T.);
#3748 = SURFACE_CURVE('',#3749,(#3753,#3760),.PCURVE_S1.);
#3749 = LINE('',#3750,#3751);
#3750 = CARTESIAN_POINT('',(30.78,22.907434386909,1.8));
#3751 = VECTOR('',#3752,1.);
#3752 = DIRECTION('',(0.,0.,1.));
#3753 = PCURVE('',#955,#3754);
#3754 = DEFINITIONAL_REPRESENTATION('',(#3755),#3759);
#3755 = LINE('',#3756,#3757);
#3756 = CARTESIAN_POINT('',(-7.210094368636,0.));
#3757 = VECTOR('',#3758,1.);
#3758 = DIRECTION('',(-0.,-1.));
#3759 = ( GEOMETRIC_REPRESENTATION_CONTEXT(2) 
PARAMETRIC_REPRESENTATION_CONTEXT() REPRESENTATION_CONTEXT('2D SPACE',''
  ) );
#3760 = PCURVE('',#922,#3761);
#3761 = DEFINITIONAL_REPRESENTATION('',(#3762),#3766);
#3762 = LINE('',#3763,#3764);
#3763 = CARTESIAN_POINT('',(5.832158495383,0.));
#3764 = VECTOR('',#3765,1.);
#3765 = DIRECTION('',(0.,-1.));
#3766 = ( GEOMETRIC_REPRESENTATION_CONTEXT(2) 
PARAMETRIC_REPRESENTATION_CONTEXT() REPRESENTATION_CONTEXT('2D SPACE',''
  ) );
#3767 = ADVANCED_FACE('',(#3768,#4024),#543,.F.);
#3768 = FACE_BOUND('',#3769,.F.);
#3769 = EDGE_LOOP('',(#3770,#3793,#3794,#3795,#3818,#3841,#3868,#3895,
    #3922,#3945,#3972,#3999));
#3770 = ORIENTED_EDGE('',*,*,#3771,.F.);
#3771 = EDGE_CURVE('',#3668,#3772,#3774,.T.);
#3772 = VERTEX_POINT('',#3773);
#3773 = CARTESIAN_POINT('',(-30.2,-52.55,1.8));
#3774 = SURFACE_CURVE('',#3775,(#3779,#3786),.PCURVE_S1.);
#3775 = LINE('',#3776,#3777);
#3776 = CARTESIAN_POINT('',(-30.2,0.,1.8));
#3777 = VECTOR('',#3778,1.);
#3778 = DIRECTION('',(0.,1.,0.));
#3779 = PCURVE('',#543,#3780);
#3780 = DEFINITIONAL_REPRESENTATION('',(#3781),#3785);
#3781 = LINE('',#3782,#3783);
#3782 = CARTESIAN_POINT('',(58.000000000001,0.));
#3783 = VECTOR('',#3784,1.);
#3784 = DIRECTION('',(1.,0.));
#3785 = ( GEOMETRIC_REPRESENTATION_CONTEXT(2) 
PARAMETRIC_REPRESENTATION_CONTEXT() REPRESENTATION_CONTEXT('2D SPACE',''
  ) );
#3786 = PCURVE('',#3119,#3787);
#3787 = DEFINITIONAL_REPRESENTATION('',(#3788),#3792);
#3788 = LINE('',#3789,#3790);
#3789 = CARTESIAN_POINT('',(-30.20000000001,-4.680582154577E-02));
#3790 = VECTOR('',#3791,1.);
#3791 = DIRECTION('',(0.,1.));
#3792 = ( GEOMETRIC_REPRESENTATION_CONTEXT(2) 
PARAMETRIC_REPRESENTATION_CONTEXT() REPRESENTATION_CONTEXT('2D SPACE',''
  ) );
#3793 = ORIENTED_EDGE('',*,*,#3697,.T.);
#3794 = ORIENTED_EDGE('',*,*,#528,.F.);
#3795 = ORIENTED_EDGE('',*,*,#3796,.F.);
#3796 = EDGE_CURVE('',#3797,#529,#3799,.T.);
#3797 = VERTEX_POINT('',#3798);
#3798 = CARTESIAN_POINT('',(-30.2,-9.435595774163,1.8));
#3799 = SURFACE_CURVE('',#3800,(#3804,#3811),.PCURVE_S1.);
#3800 = LINE('',#3801,#3802);
#3801 = CARTESIAN_POINT('',(-30.2,-9.435595774163,1.8));
#3802 = VECTOR('',#3803,1.);
#3803 = DIRECTION('',(0.,0.,1.));
#3804 = PCURVE('',#543,#3805);
#3805 = DEFINITIONAL_REPRESENTATION('',(#3806),#3810);
#3806 = LINE('',#3807,#3808);
#3807 = CARTESIAN_POINT('',(48.564404225838,0.));
#3808 = VECTOR('',#3809,1.);
#3809 = DIRECTION('',(0.,-1.));
#3810 = ( GEOMETRIC_REPRESENTATION_CONTEXT(2) 
PARAMETRIC_REPRESENTATION_CONTEXT() REPRESENTATION_CONTEXT('2D SPACE',''
  ) );
#3811 = PCURVE('',#575,#3812);
#3812 = DEFINITIONAL_REPRESENTATION('',(#3813),#3817);
#3813 = LINE('',#3814,#3815);
#3814 = CARTESIAN_POINT('',(3.14159265359,0.));
#3815 = VECTOR('',#3816,1.);
#3816 = DIRECTION('',(0.,-1.));
#3817 = ( GEOMETRIC_REPRESENTATION_CONTEXT(2) 
PARAMETRIC_REPRESENTATION_CONTEXT() REPRESENTATION_CONTEXT('2D SPACE',''
  ) );
#3818 = ORIENTED_EDGE('',*,*,#3819,.F.);
#3819 = EDGE_CURVE('',#3820,#3797,#3822,.T.);
#3820 = VERTEX_POINT('',#3821);
#3821 = CARTESIAN_POINT('',(-30.2,-30.45,1.8));
#3822 = SURFACE_CURVE('',#3823,(#3827,#3834),.PCURVE_S1.);
#3823 = LINE('',#3824,#3825);
#3824 = CARTESIAN_POINT('',(-30.2,0.,1.8));
#3825 = VECTOR('',#3826,1.);
#3826 = DIRECTION('',(0.,1.,0.));
#3827 = PCURVE('',#543,#3828);
#3828 = DEFINITIONAL_REPRESENTATION('',(#3829),#3833);
#3829 = LINE('',#3830,#3831);
#3830 = CARTESIAN_POINT('',(58.000000000001,0.));
#3831 = VECTOR('',#3832,1.);
#3832 = DIRECTION('',(1.,0.));
#3833 = ( GEOMETRIC_REPRESENTATION_CONTEXT(2) 
PARAMETRIC_REPRESENTATION_CONTEXT() REPRESENTATION_CONTEXT('2D SPACE',''
  ) );
#3834 = PCURVE('',#3119,#3835);
#3835 = DEFINITIONAL_REPRESENTATION('',(#3836),#3840);
#3836 = LINE('',#3837,#3838);
#3837 = CARTESIAN_POINT('',(-30.20000000001,-4.680582154577E-02));
#3838 = VECTOR('',#3839,1.);
#3839 = DIRECTION('',(0.,1.));
#3840 = ( GEOMETRIC_REPRESENTATION_CONTEXT(2) 
PARAMETRIC_REPRESENTATION_CONTEXT() REPRESENTATION_CONTEXT('2D SPACE',''
  ) );
#3841 = ORIENTED_EDGE('',*,*,#3842,.T.);
#3842 = EDGE_CURVE('',#3820,#3843,#3845,.T.);
#3843 = VERTEX_POINT('',#3844);
#3844 = CARTESIAN_POINT('',(-30.2,-30.45,6.45));
#3845 = SURFACE_CURVE('',#3846,(#3850,#3857),.PCURVE_S1.);
#3846 = LINE('',#3847,#3848);
#3847 = CARTESIAN_POINT('',(-30.2,-30.45,1.8));
#3848 = VECTOR('',#3849,1.);
#3849 = DIRECTION('',(0.,0.,1.));
#3850 = PCURVE('',#543,#3851);
#3851 = DEFINITIONAL_REPRESENTATION('',(#3852),#3856);
#3852 = LINE('',#3853,#3854);
#3853 = CARTESIAN_POINT('',(27.550000000001,2.22044604925E-16));
#3854 = VECTOR('',#3855,1.);
#3855 = DIRECTION('',(0.,-1.));
#3856 = ( GEOMETRIC_REPRESENTATION_CONTEXT(2) 
PARAMETRIC_REPRESENTATION_CONTEXT() REPRESENTATION_CONTEXT('2D SPACE',''
  ) );
#3857 = PCURVE('',#3858,#3863);
#3858 = PLANE('',#3859);
#3859 = AXIS2_PLACEMENT_3D('',#3860,#3861,#3862);
#3860 = CARTESIAN_POINT('',(-11.4,-30.45,1.8));
#3861 = DIRECTION('',(-0.,1.,0.));
#3862 = DIRECTION('',(0.,0.,1.));
#3863 = DEFINITIONAL_REPRESENTATION('',(#3864),#3867);
#3864 = B_SPLINE_CURVE_WITH_KNOTS('',1,(#3865,#3866),.UNSPECIFIED.,.F.,
  .F.,(2,2),(2.22044604925E-16,4.65),.PIECEWISE_BEZIER_KNOTS.);
#3865 = CARTESIAN_POINT('',(2.22044604925E-16,-18.8));
#3866 = CARTESIAN_POINT('',(4.65,-18.8));
#3867 = ( GEOMETRIC_REPRESENTATION_CONTEXT(2) 
PARAMETRIC_REPRESENTATION_CONTEXT() REPRESENTATION_CONTEXT('2D SPACE',''
  ) );
#3868 = ORIENTED_EDGE('',*,*,#3869,.T.);
#3869 = EDGE_CURVE('',#3843,#3870,#3872,.T.);
#3870 = VERTEX_POINT('',#3871);
#3871 = CARTESIAN_POINT('',(-30.2,-32.05,6.45));
#3872 = SURFACE_CURVE('',#3873,(#3877,#3884),.PCURVE_S1.);
#3873 = LINE('',#3874,#3875);
#3874 = CARTESIAN_POINT('',(-30.2,-55.275,6.45));
#3875 = VECTOR('',#3876,1.);
#3876 = DIRECTION('',(0.,-1.,0.));
#3877 = PCURVE('',#543,#3878);
#3878 = DEFINITIONAL_REPRESENTATION('',(#3879),#3883);
#3879 = LINE('',#3880,#3881);
#3880 = CARTESIAN_POINT('',(2.725,-4.65));
#3881 = VECTOR('',#3882,1.);
#3882 = DIRECTION('',(-1.,0.));
#3883 = ( GEOMETRIC_REPRESENTATION_CONTEXT(2) 
PARAMETRIC_REPRESENTATION_CONTEXT() REPRESENTATION_CONTEXT('2D SPACE',''
  ) );
#3884 = PCURVE('',#3885,#3890);
#3885 = PLANE('',#3886);
#3886 = AXIS2_PLACEMENT_3D('',#3887,#3888,#3889);
#3887 = CARTESIAN_POINT('',(-11.4,-52.55,6.45));
#3888 = DIRECTION('',(0.,0.,1.));
#3889 = DIRECTION('',(1.,0.,-0.));
#3890 = DEFINITIONAL_REPRESENTATION('',(#3891),#3894);
#3891 = B_SPLINE_CURVE_WITH_KNOTS('',1,(#3892,#3893),.UNSPECIFIED.,.F.,
  .F.,(2,2),(-24.825,-2.725),.PIECEWISE_BEZIER_KNOTS.);
#3892 = CARTESIAN_POINT('',(-18.8,22.1));
#3893 = CARTESIAN_POINT('',(-18.8,0.));
#3894 = ( GEOMETRIC_REPRESENTATION_CONTEXT(2) 
PARAMETRIC_REPRESENTATION_CONTEXT() REPRESENTATION_CONTEXT('2D SPACE',''
  ) );
#3895 = ORIENTED_EDGE('',*,*,#3896,.F.);
#3896 = EDGE_CURVE('',#3897,#3870,#3899,.T.);
#3897 = VERTEX_POINT('',#3898);
#3898 = CARTESIAN_POINT('',(-30.2,-32.05,1.8));
#3899 = SURFACE_CURVE('',#3900,(#3904,#3911),.PCURVE_S1.);
#3900 = LINE('',#3901,#3902);
#3901 = CARTESIAN_POINT('',(-30.2,-32.05,1.8));
#3902 = VECTOR('',#3903,1.);
#3903 = DIRECTION('',(0.,0.,1.));
#3904 = PCURVE('',#543,#3905);
#3905 = DEFINITIONAL_REPRESENTATION('',(#3906),#3910);
#3906 = LINE('',#3907,#3908);
#3907 = CARTESIAN_POINT('',(25.950000000001,2.22044604925E-16));
#3908 = VECTOR('',#3909,1.);
#3909 = DIRECTION('',(0.,-1.));
#3910 = ( GEOMETRIC_REPRESENTATION_CONTEXT(2) 
PARAMETRIC_REPRESENTATION_CONTEXT() REPRESENTATION_CONTEXT('2D SPACE',''
  ) );
#3911 = PCURVE('',#3912,#3917);
#3912 = PLANE('',#3913);
#3913 = AXIS2_PLACEMENT_3D('',#3914,#3915,#3916);
#3914 = CARTESIAN_POINT('',(-31.8,-32.05,1.8));
#3915 = DIRECTION('',(-0.,1.,0.));
#3916 = DIRECTION('',(0.,0.,1.));
#3917 = DEFINITIONAL_REPRESENTATION('',(#3918),#3921);
#3918 = B_SPLINE_CURVE_WITH_KNOTS('',1,(#3919,#3920),.UNSPECIFIED.,.F.,
  .F.,(2,2),(2.22044604925E-16,4.65),.PIECEWISE_BEZIER_KNOTS.);
#3919 = CARTESIAN_POINT('',(2.22044604925E-16,1.6));
#3920 = CARTESIAN_POINT('',(4.65,1.6));
#3921 = ( GEOMETRIC_REPRESENTATION_CONTEXT(2) 
PARAMETRIC_REPRESENTATION_CONTEXT() REPRESENTATION_CONTEXT('2D SPACE',''
  ) );
#3922 = ORIENTED_EDGE('',*,*,#3923,.F.);
#3923 = EDGE_CURVE('',#3924,#3897,#3926,.T.);
#3924 = VERTEX_POINT('',#3925);
#3925 = CARTESIAN_POINT('',(-30.2,-50.95,1.8));
#3926 = SURFACE_CURVE('',#3927,(#3931,#3938),.PCURVE_S1.);
#3927 = LINE('',#3928,#3929);
#3928 = CARTESIAN_POINT('',(-30.2,0.,1.8));
#3929 = VECTOR('',#3930,1.);
#3930 = DIRECTION('',(0.,1.,0.));
#3931 = PCURVE('',#543,#3932);
#3932 = DEFINITIONAL_REPRESENTATION('',(#3933),#3937);
#3933 = LINE('',#3934,#3935);
#3934 = CARTESIAN_POINT('',(58.000000000001,0.));
#3935 = VECTOR('',#3936,1.);
#3936 = DIRECTION('',(1.,0.));
#3937 = ( GEOMETRIC_REPRESENTATION_CONTEXT(2) 
PARAMETRIC_REPRESENTATION_CONTEXT() REPRESENTATION_CONTEXT('2D SPACE',''
  ) );
#3938 = PCURVE('',#3119,#3939);
#3939 = DEFINITIONAL_REPRESENTATION('',(#3940),#3944);
#3940 = LINE('',#3941,#3942);
#3941 = CARTESIAN_POINT('',(-30.20000000001,-4.680582154577E-02));
#3942 = VECTOR('',#3943,1.);
#3943 = DIRECTION('',(0.,1.));
#3944 = ( GEOMETRIC_REPRESENTATION_CONTEXT(2) 
PARAMETRIC_REPRESENTATION_CONTEXT() REPRESENTATION_CONTEXT('2D SPACE',''
  ) );
#3945 = ORIENTED_EDGE('',*,*,#3946,.T.);
#3946 = EDGE_CURVE('',#3924,#3947,#3949,.T.);
#3947 = VERTEX_POINT('',#3948);
#3948 = CARTESIAN_POINT('',(-30.2,-50.95,6.45));
#3949 = SURFACE_CURVE('',#3950,(#3954,#3961),.PCURVE_S1.);
#3950 = LINE('',#3951,#3952);
#3951 = CARTESIAN_POINT('',(-30.2,-50.95,1.8));
#3952 = VECTOR('',#3953,1.);
#3953 = DIRECTION('',(0.,0.,1.));
#3954 = PCURVE('',#543,#3955);
#3955 = DEFINITIONAL_REPRESENTATION('',(#3956),#3960);
#3956 = LINE('',#3957,#3958);
#3957 = CARTESIAN_POINT('',(7.050000000001,2.22044604925E-16));
#3958 = VECTOR('',#3959,1.);
#3959 = DIRECTION('',(0.,-1.));
#3960 = ( GEOMETRIC_REPRESENTATION_CONTEXT(2) 
PARAMETRIC_REPRESENTATION_CONTEXT() REPRESENTATION_CONTEXT('2D SPACE',''
  ) );
#3961 = PCURVE('',#3962,#3967);
#3962 = PLANE('',#3963);
#3963 = AXIS2_PLACEMENT_3D('',#3964,#3965,#3966);
#3964 = CARTESIAN_POINT('',(-31.8,-50.95,1.8));
#3965 = DIRECTION('',(-0.,1.,0.));
#3966 = DIRECTION('',(0.,0.,1.));
#3967 = DEFINITIONAL_REPRESENTATION('',(#3968),#3971);
#3968 = B_SPLINE_CURVE_WITH_KNOTS('',1,(#3969,#3970),.UNSPECIFIED.,.F.,
  .F.,(2,2),(2.22044604925E-16,4.65),.PIECEWISE_BEZIER_KNOTS.);
#3969 = CARTESIAN_POINT('',(2.22044604925E-16,1.6));
#3970 = CARTESIAN_POINT('',(4.65,1.6));
#3971 = ( GEOMETRIC_REPRESENTATION_CONTEXT(2) 
PARAMETRIC_REPRESENTATION_CONTEXT() REPRESENTATION_CONTEXT('2D SPACE',''
  ) );
#3972 = ORIENTED_EDGE('',*,*,#3973,.T.);
#3973 = EDGE_CURVE('',#3947,#3974,#3976,.T.);
#3974 = VERTEX_POINT('',#3975);
#3975 = CARTESIAN_POINT('',(-30.2,-52.55,6.45));
#3976 = SURFACE_CURVE('',#3977,(#3981,#3988),.PCURVE_S1.);
#3977 = LINE('',#3978,#3979);
#3978 = CARTESIAN_POINT('',(-30.2,-55.275,6.45));
#3979 = VECTOR('',#3980,1.);
#3980 = DIRECTION('',(0.,-1.,0.));
#3981 = PCURVE('',#543,#3982);
#3982 = DEFINITIONAL_REPRESENTATION('',(#3983),#3987);
#3983 = LINE('',#3984,#3985);
#3984 = CARTESIAN_POINT('',(2.725,-4.65));
#3985 = VECTOR('',#3986,1.);
#3986 = DIRECTION('',(-1.,0.));
#3987 = ( GEOMETRIC_REPRESENTATION_CONTEXT(2) 
PARAMETRIC_REPRESENTATION_CONTEXT() REPRESENTATION_CONTEXT('2D SPACE',''
  ) );
#3988 = PCURVE('',#3989,#3994);
#3989 = PLANE('',#3990);
#3990 = AXIS2_PLACEMENT_3D('',#3991,#3992,#3993);
#3991 = CARTESIAN_POINT('',(-11.4,-52.55,6.45));
#3992 = DIRECTION('',(0.,0.,1.));
#3993 = DIRECTION('',(1.,0.,-0.));
#3994 = DEFINITIONAL_REPRESENTATION('',(#3995),#3998);
#3995 = B_SPLINE_CURVE_WITH_KNOTS('',1,(#3996,#3997),.UNSPECIFIED.,.F.,
  .F.,(2,2),(-24.825,-2.725),.PIECEWISE_BEZIER_KNOTS.);
#3996 = CARTESIAN_POINT('',(-18.8,22.1));
#3997 = CARTESIAN_POINT('',(-18.8,0.));
#3998 = ( GEOMETRIC_REPRESENTATION_CONTEXT(2) 
PARAMETRIC_REPRESENTATION_CONTEXT() REPRESENTATION_CONTEXT('2D SPACE',''
  ) );
#3999 = ORIENTED_EDGE('',*,*,#4000,.F.);
#4000 = EDGE_CURVE('',#3772,#3974,#4001,.T.);
#4001 = SURFACE_CURVE('',#4002,(#4006,#4013),.PCURVE_S1.);
#4002 = LINE('',#4003,#4004);
#4003 = CARTESIAN_POINT('',(-30.2,-52.55,1.8));
#4004 = VECTOR('',#4005,1.);
#4005 = DIRECTION('',(0.,0.,1.));
#4006 = PCURVE('',#543,#4007);
#4007 = DEFINITIONAL_REPRESENTATION('',(#4008),#4012);
#4008 = LINE('',#4009,#4010);
#4009 = CARTESIAN_POINT('',(5.450000000001,2.22044604925E-16));
#4010 = VECTOR('',#4011,1.);
#4011 = DIRECTION('',(0.,-1.));
#4012 = ( GEOMETRIC_REPRESENTATION_CONTEXT(2) 
PARAMETRIC_REPRESENTATION_CONTEXT() REPRESENTATION_CONTEXT('2D SPACE',''
  ) );
#4013 = PCURVE('',#4014,#4019);
#4014 = PLANE('',#4015);
#4015 = AXIS2_PLACEMENT_3D('',#4016,#4017,#4018);
#4016 = CARTESIAN_POINT('',(-11.4,-52.55,1.8));
#4017 = DIRECTION('',(-0.,1.,0.));
#4018 = DIRECTION('',(0.,0.,1.));
#4019 = DEFINITIONAL_REPRESENTATION('',(#4020),#4023);
#4020 = B_SPLINE_CURVE_WITH_KNOTS('',1,(#4021,#4022),.UNSPECIFIED.,.F.,
  .F.,(2,2),(2.22044604925E-16,4.65),.PIECEWISE_BEZIER_KNOTS.);
#4021 = CARTESIAN_POINT('',(2.22044604925E-16,-18.8));
#4022 = CARTESIAN_POINT('',(4.65,-18.8));
#4023 = ( GEOMETRIC_REPRESENTATION_CONTEXT(2) 
PARAMETRIC_REPRESENTATION_CONTEXT() REPRESENTATION_CONTEXT('2D SPACE',''
  ) );
#4024 = FACE_BOUND('',#4025,.F.);
#4025 = EDGE_LOOP('',(#4026,#4056,#4077,#4105,#4126,#4154,#4175,#4203));
#4026 = ORIENTED_EDGE('',*,*,#4027,.T.);
#4027 = EDGE_CURVE('',#4028,#4030,#4032,.T.);
#4028 = VERTEX_POINT('',#4029);
#4029 = CARTESIAN_POINT('',(-30.2,-47.6,6.500000032584));
#4030 = VERTEX_POINT('',#4031);
#4031 = CARTESIAN_POINT('',(-30.2,-48.,6.100000026439));
#4032 = SURFACE_CURVE('',#4033,(#4038,#4049),.PCURVE_S1.);
#4033 = CIRCLE('',#4034,0.4);
#4034 = AXIS2_PLACEMENT_3D('',#4035,#4036,#4037);
#4035 = CARTESIAN_POINT('',(-30.2,-47.6,6.100000026439));
#4036 = DIRECTION('',(1.,0.,-0.));
#4037 = DIRECTION('',(0.,-1.,0.));
#4038 = PCURVE('',#543,#4039);
#4039 = DEFINITIONAL_REPRESENTATION('',(#4040),#4048);
#4040 = ( BOUNDED_CURVE() B_SPLINE_CURVE(2,(#4041,#4042,#4043,#4044,
#4045,#4046,#4047),.UNSPECIFIED.,.T.,.F.) B_SPLINE_CURVE_WITH_KNOTS((1,2
    ,2,2,2,1),(-2.094395102393,0.,2.094395102393,4.188790204786,
6.28318530718,8.377580409573),.UNSPECIFIED.) CURVE() 
GEOMETRIC_REPRESENTATION_ITEM() RATIONAL_B_SPLINE_CURVE((1.,0.5,1.,0.5,
1.,0.5,1.)) REPRESENTATION_ITEM('') );
#4041 = CARTESIAN_POINT('',(10.000000000001,-4.300000026439));
#4042 = CARTESIAN_POINT('',(10.000000000001,-3.607179703411));
#4043 = CARTESIAN_POINT('',(10.600000000001,-3.953589864925));
#4044 = CARTESIAN_POINT('',(11.200000000001,-4.300000026439));
#4045 = CARTESIAN_POINT('',(10.600000000001,-4.646410187952));
#4046 = CARTESIAN_POINT('',(10.000000000001,-4.992820349466));
#4047 = CARTESIAN_POINT('',(10.000000000001,-4.300000026439));
#4048 = ( GEOMETRIC_REPRESENTATION_CONTEXT(2) 
PARAMETRIC_REPRESENTATION_CONTEXT() REPRESENTATION_CONTEXT('2D SPACE',''
  ) );
#4049 = PCURVE('',#2235,#4050);
#4050 = DEFINITIONAL_REPRESENTATION('',(#4051),#4055);
#4051 = LINE('',#4052,#4053);
#4052 = CARTESIAN_POINT('',(-6.28318530718,1.8));
#4053 = VECTOR('',#4054,1.);
#4054 = DIRECTION('',(1.,-0.));
#4055 = ( GEOMETRIC_REPRESENTATION_CONTEXT(2) 
PARAMETRIC_REPRESENTATION_CONTEXT() REPRESENTATION_CONTEXT('2D SPACE',''
  ) );
#4056 = ORIENTED_EDGE('',*,*,#4057,.T.);
#4057 = EDGE_CURVE('',#4030,#4058,#4060,.T.);
#4058 = VERTEX_POINT('',#4059);
#4059 = CARTESIAN_POINT('',(-30.2,-48.,3.89999996127));
#4060 = SURFACE_CURVE('',#4061,(#4065,#4071),.PCURVE_S1.);
#4061 = LINE('',#4062,#4063);
#4062 = CARTESIAN_POINT('',(-30.2,-48.,2.849999980635));
#4063 = VECTOR('',#4064,1.);
#4064 = DIRECTION('',(0.,0.,-1.));
#4065 = PCURVE('',#543,#4066);
#4066 = DEFINITIONAL_REPRESENTATION('',(#4067),#4070);
#4067 = B_SPLINE_CURVE_WITH_KNOTS('',1,(#4068,#4069),.UNSPECIFIED.,.F.,
  .F.,(2,2),(-3.250000045804,-1.049999980635),.PIECEWISE_BEZIER_KNOTS.);
#4068 = CARTESIAN_POINT('',(10.000000000001,-4.300000026439));
#4069 = CARTESIAN_POINT('',(10.000000000001,-2.09999996127));
#4070 = ( GEOMETRIC_REPRESENTATION_CONTEXT(2) 
PARAMETRIC_REPRESENTATION_CONTEXT() REPRESENTATION_CONTEXT('2D SPACE',''
  ) );
#4071 = PCURVE('',#2262,#4072);
#4072 = DEFINITIONAL_REPRESENTATION('',(#4073),#4076);
#4073 = B_SPLINE_CURVE_WITH_KNOTS('',1,(#4074,#4075),.UNSPECIFIED.,.F.,
  .F.,(2,2),(-3.250000045804,-1.049999980635),.PIECEWISE_BEZIER_KNOTS.);
#4074 = CARTESIAN_POINT('',(2.200000065169,1.8));
#4075 = CARTESIAN_POINT('',(0.,1.8));
#4076 = ( GEOMETRIC_REPRESENTATION_CONTEXT(2) 
PARAMETRIC_REPRESENTATION_CONTEXT() REPRESENTATION_CONTEXT('2D SPACE',''
  ) );
#4077 = ORIENTED_EDGE('',*,*,#4078,.T.);
#4078 = EDGE_CURVE('',#4058,#4079,#4081,.T.);
#4079 = VERTEX_POINT('',#4080);
#4080 = CARTESIAN_POINT('',(-30.2,-47.6,3.5));
#4081 = SURFACE_CURVE('',#4082,(#4087,#4098),.PCURVE_S1.);
#4082 = CIRCLE('',#4083,0.4);
#4083 = AXIS2_PLACEMENT_3D('',#4084,#4085,#4086);
#4084 = CARTESIAN_POINT('',(-30.2,-47.6,3.89999996127));
#4085 = DIRECTION('',(1.,0.,-0.));
#4086 = DIRECTION('',(0.,-1.,0.));
#4087 = PCURVE('',#543,#4088);
#4088 = DEFINITIONAL_REPRESENTATION('',(#4089),#4097);
#4089 = ( BOUNDED_CURVE() B_SPLINE_CURVE(2,(#4090,#4091,#4092,#4093,
#4094,#4095,#4096),.UNSPECIFIED.,.T.,.F.) B_SPLINE_CURVE_WITH_KNOTS((1,2
    ,2,2,2,1),(-2.094395102393,0.,2.094395102393,4.188790204786,
6.28318530718,8.377580409573),.UNSPECIFIED.) CURVE() 
GEOMETRIC_REPRESENTATION_ITEM() RATIONAL_B_SPLINE_CURVE((1.,0.5,1.,0.5,
1.,0.5,1.)) REPRESENTATION_ITEM('') );
#4090 = CARTESIAN_POINT('',(10.000000000001,-2.09999996127));
#4091 = CARTESIAN_POINT('',(10.000000000001,-1.407179638243));
#4092 = CARTESIAN_POINT('',(10.600000000001,-1.753589799756));
#4093 = CARTESIAN_POINT('',(11.200000000001,-2.09999996127));
#4094 = CARTESIAN_POINT('',(10.600000000001,-2.446410122784));
#4095 = CARTESIAN_POINT('',(10.000000000001,-2.792820284298));
#4096 = CARTESIAN_POINT('',(10.000000000001,-2.09999996127));
#4097 = ( GEOMETRIC_REPRESENTATION_CONTEXT(2) 
PARAMETRIC_REPRESENTATION_CONTEXT() REPRESENTATION_CONTEXT('2D SPACE',''
  ) );
#4098 = PCURVE('',#2294,#4099);
#4099 = DEFINITIONAL_REPRESENTATION('',(#4100),#4104);
#4100 = LINE('',#4101,#4102);
#4101 = CARTESIAN_POINT('',(-6.28318530718,1.8));
#4102 = VECTOR('',#4103,1.);
#4103 = DIRECTION('',(1.,-0.));
#4104 = ( GEOMETRIC_REPRESENTATION_CONTEXT(2) 
PARAMETRIC_REPRESENTATION_CONTEXT() REPRESENTATION_CONTEXT('2D SPACE',''
  ) );
#4105 = ORIENTED_EDGE('',*,*,#4106,.F.);
#4106 = EDGE_CURVE('',#4107,#4079,#4109,.T.);
#4107 = VERTEX_POINT('',#4108);
#4108 = CARTESIAN_POINT('',(-30.2,-35.4,3.5));
#4109 = SURFACE_CURVE('',#4110,(#4114,#4120),.PCURVE_S1.);
#4110 = LINE('',#4111,#4112);
#4111 = CARTESIAN_POINT('',(-30.2,-52.8,3.50000003873));
#4112 = VECTOR('',#4113,1.);
#4113 = DIRECTION('',(-0.,-1.,-0.));
#4114 = PCURVE('',#543,#4115);
#4115 = DEFINITIONAL_REPRESENTATION('',(#4116),#4119);
#4116 = B_SPLINE_CURVE_WITH_KNOTS('',1,(#4117,#4118),.UNSPECIFIED.,.F.,
  .F.,(2,2),(-17.4,-5.2),.PIECEWISE_BEZIER_KNOTS.);
#4117 = CARTESIAN_POINT('',(22.600000000001,-1.70000003873));
#4118 = CARTESIAN_POINT('',(10.400000000001,-1.70000003873));
#4119 = ( GEOMETRIC_REPRESENTATION_CONTEXT(2) 
PARAMETRIC_REPRESENTATION_CONTEXT() REPRESENTATION_CONTEXT('2D SPACE',''
  ) );
#4120 = PCURVE('',#2321,#4121);
#4121 = DEFINITIONAL_REPRESENTATION('',(#4122),#4125);
#4122 = B_SPLINE_CURVE_WITH_KNOTS('',1,(#4123,#4124),.UNSPECIFIED.,.F.,
  .F.,(2,2),(-17.4,-5.2),.PIECEWISE_BEZIER_KNOTS.);
#4123 = CARTESIAN_POINT('',(12.2,1.8));
#4124 = CARTESIAN_POINT('',(0.,1.8));
#4125 = ( GEOMETRIC_REPRESENTATION_CONTEXT(2) 
PARAMETRIC_REPRESENTATION_CONTEXT() REPRESENTATION_CONTEXT('2D SPACE',''
  ) );
#4126 = ORIENTED_EDGE('',*,*,#4127,.T.);
#4127 = EDGE_CURVE('',#4107,#4128,#4130,.T.);
#4128 = VERTEX_POINT('',#4129);
#4129 = CARTESIAN_POINT('',(-30.2,-35.,3.89999996127));
#4130 = SURFACE_CURVE('',#4131,(#4136,#4147),.PCURVE_S1.);
#4131 = CIRCLE('',#4132,0.4);
#4132 = AXIS2_PLACEMENT_3D('',#4133,#4134,#4135);
#4133 = CARTESIAN_POINT('',(-30.2,-35.4,3.89999996127));
#4134 = DIRECTION('',(1.,0.,-0.));
#4135 = DIRECTION('',(0.,-1.,0.));
#4136 = PCURVE('',#543,#4137);
#4137 = DEFINITIONAL_REPRESENTATION('',(#4138),#4146);
#4138 = ( BOUNDED_CURVE() B_SPLINE_CURVE(2,(#4139,#4140,#4141,#4142,
#4143,#4144,#4145),.UNSPECIFIED.,.T.,.F.) B_SPLINE_CURVE_WITH_KNOTS((1,2
    ,2,2,2,1),(-2.094395102393,0.,2.094395102393,4.188790204786,
6.28318530718,8.377580409573),.UNSPECIFIED.) CURVE() 
GEOMETRIC_REPRESENTATION_ITEM() RATIONAL_B_SPLINE_CURVE((1.,0.5,1.,0.5,
1.,0.5,1.)) REPRESENTATION_ITEM('') );
#4139 = CARTESIAN_POINT('',(22.200000000001,-2.09999996127));
#4140 = CARTESIAN_POINT('',(22.200000000001,-1.407179638243));
#4141 = CARTESIAN_POINT('',(22.800000000001,-1.753589799756));
#4142 = CARTESIAN_POINT('',(23.400000000001,-2.09999996127));
#4143 = CARTESIAN_POINT('',(22.800000000001,-2.446410122784));
#4144 = CARTESIAN_POINT('',(22.200000000001,-2.792820284298));
#4145 = CARTESIAN_POINT('',(22.200000000001,-2.09999996127));
#4146 = ( GEOMETRIC_REPRESENTATION_CONTEXT(2) 
PARAMETRIC_REPRESENTATION_CONTEXT() REPRESENTATION_CONTEXT('2D SPACE',''
  ) );
#4147 = PCURVE('',#2353,#4148);
#4148 = DEFINITIONAL_REPRESENTATION('',(#4149),#4153);
#4149 = LINE('',#4150,#4151);
#4150 = CARTESIAN_POINT('',(-6.28318530718,1.8));
#4151 = VECTOR('',#4152,1.);
#4152 = DIRECTION('',(1.,-0.));
#4153 = ( GEOMETRIC_REPRESENTATION_CONTEXT(2) 
PARAMETRIC_REPRESENTATION_CONTEXT() REPRESENTATION_CONTEXT('2D SPACE',''
  ) );
#4154 = ORIENTED_EDGE('',*,*,#4155,.F.);
#4155 = EDGE_CURVE('',#4156,#4128,#4158,.T.);
#4156 = VERTEX_POINT('',#4157);
#4157 = CARTESIAN_POINT('',(-30.2,-35.,6.100000026439));
#4158 = SURFACE_CURVE('',#4159,(#4163,#4169),.PCURVE_S1.);
#4159 = LINE('',#4160,#4161);
#4160 = CARTESIAN_POINT('',(-30.2,-35.,2.849999980635));
#4161 = VECTOR('',#4162,1.);
#4162 = DIRECTION('',(0.,0.,-1.));
#4163 = PCURVE('',#543,#4164);
#4164 = DEFINITIONAL_REPRESENTATION('',(#4165),#4168);
#4165 = B_SPLINE_CURVE_WITH_KNOTS('',1,(#4166,#4167),.UNSPECIFIED.,.F.,
  .F.,(2,2),(-3.250000045804,-1.049999980635),.PIECEWISE_BEZIER_KNOTS.);
#4166 = CARTESIAN_POINT('',(23.000000000001,-4.300000026439));
#4167 = CARTESIAN_POINT('',(23.000000000001,-2.09999996127));
#4168 = ( GEOMETRIC_REPRESENTATION_CONTEXT(2) 
PARAMETRIC_REPRESENTATION_CONTEXT() REPRESENTATION_CONTEXT('2D SPACE',''
  ) );
#4169 = PCURVE('',#2380,#4170);
#4170 = DEFINITIONAL_REPRESENTATION('',(#4171),#4174);
#4171 = B_SPLINE_CURVE_WITH_KNOTS('',1,(#4172,#4173),.UNSPECIFIED.,.F.,
  .F.,(2,2),(-3.250000045804,-1.049999980635),.PIECEWISE_BEZIER_KNOTS.);
#4172 = CARTESIAN_POINT('',(2.200000065169,1.8));
#4173 = CARTESIAN_POINT('',(0.,1.8));
#4174 = ( GEOMETRIC_REPRESENTATION_CONTEXT(2) 
PARAMETRIC_REPRESENTATION_CONTEXT() REPRESENTATION_CONTEXT('2D SPACE',''
  ) );
#4175 = ORIENTED_EDGE('',*,*,#4176,.T.);
#4176 = EDGE_CURVE('',#4156,#4177,#4179,.T.);
#4177 = VERTEX_POINT('',#4178);
#4178 = CARTESIAN_POINT('',(-30.2,-35.4,6.500000032584));
#4179 = SURFACE_CURVE('',#4180,(#4185,#4196),.PCURVE_S1.);
#4180 = CIRCLE('',#4181,0.4);
#4181 = AXIS2_PLACEMENT_3D('',#4182,#4183,#4184);
#4182 = CARTESIAN_POINT('',(-30.2,-35.4,6.100000026439));
#4183 = DIRECTION('',(1.,0.,-0.));
#4184 = DIRECTION('',(0.,-1.,0.));
#4185 = PCURVE('',#543,#4186);
#4186 = DEFINITIONAL_REPRESENTATION('',(#4187),#4195);
#4187 = ( BOUNDED_CURVE() B_SPLINE_CURVE(2,(#4188,#4189,#4190,#4191,
#4192,#4193,#4194),.UNSPECIFIED.,.T.,.F.) B_SPLINE_CURVE_WITH_KNOTS((1,2
    ,2,2,2,1),(-2.094395102393,0.,2.094395102393,4.188790204786,
6.28318530718,8.377580409573),.UNSPECIFIED.) CURVE() 
GEOMETRIC_REPRESENTATION_ITEM() RATIONAL_B_SPLINE_CURVE((1.,0.5,1.,0.5,
1.,0.5,1.)) REPRESENTATION_ITEM('') );
#4188 = CARTESIAN_POINT('',(22.200000000001,-4.300000026439));
#4189 = CARTESIAN_POINT('',(22.200000000001,-3.607179703411));
#4190 = CARTESIAN_POINT('',(22.800000000001,-3.953589864925));
#4191 = CARTESIAN_POINT('',(23.400000000001,-4.300000026439));
#4192 = CARTESIAN_POINT('',(22.800000000001,-4.646410187952));
#4193 = CARTESIAN_POINT('',(22.200000000001,-4.992820349466));
#4194 = CARTESIAN_POINT('',(22.200000000001,-4.300000026439));
#4195 = ( GEOMETRIC_REPRESENTATION_CONTEXT(2) 
PARAMETRIC_REPRESENTATION_CONTEXT() REPRESENTATION_CONTEXT('2D SPACE',''
  ) );
#4196 = PCURVE('',#2412,#4197);
#4197 = DEFINITIONAL_REPRESENTATION('',(#4198),#4202);
#4198 = LINE('',#4199,#4200);
#4199 = CARTESIAN_POINT('',(-6.28318530718,1.8));
#4200 = VECTOR('',#4201,1.);
#4201 = DIRECTION('',(1.,-0.));
#4202 = ( GEOMETRIC_REPRESENTATION_CONTEXT(2) 
PARAMETRIC_REPRESENTATION_CONTEXT() REPRESENTATION_CONTEXT('2D SPACE',''
  ) );
#4203 = ORIENTED_EDGE('',*,*,#4204,.T.);
#4204 = EDGE_CURVE('',#4177,#4028,#4205,.T.);
#4205 = SURFACE_CURVE('',#4206,(#4210,#4216),.PCURVE_S1.);
#4206 = LINE('',#4207,#4208);
#4207 = CARTESIAN_POINT('',(-30.2,-52.8,6.50000003873));
#4208 = VECTOR('',#4209,1.);
#4209 = DIRECTION('',(-0.,-1.,-0.));
#4210 = PCURVE('',#543,#4211);
#4211 = DEFINITIONAL_REPRESENTATION('',(#4212),#4215);
#4212 = B_SPLINE_CURVE_WITH_KNOTS('',1,(#4213,#4214),.UNSPECIFIED.,.F.,
  .F.,(2,2),(-17.4,-5.2),.PIECEWISE_BEZIER_KNOTS.);
#4213 = CARTESIAN_POINT('',(22.600000000001,-4.70000003873));
#4214 = CARTESIAN_POINT('',(10.400000000001,-4.70000003873));
#4215 = ( GEOMETRIC_REPRESENTATION_CONTEXT(2) 
PARAMETRIC_REPRESENTATION_CONTEXT() REPRESENTATION_CONTEXT('2D SPACE',''
  ) );
#4216 = PCURVE('',#2437,#4217);
#4217 = DEFINITIONAL_REPRESENTATION('',(#4218),#4221);
#4218 = B_SPLINE_CURVE_WITH_KNOTS('',1,(#4219,#4220),.UNSPECIFIED.,.F.,
  .F.,(2,2),(-17.4,-5.2),.PIECEWISE_BEZIER_KNOTS.);
#4219 = CARTESIAN_POINT('',(12.2,1.8));
#4220 = CARTESIAN_POINT('',(0.,1.8));
#4221 = ( GEOMETRIC_REPRESENTATION_CONTEXT(2) 
PARAMETRIC_REPRESENTATION_CONTEXT() REPRESENTATION_CONTEXT('2D SPACE',''
  ) );
#4222 = ADVANCED_FACE('',(#4223),#922,.T.);
#4223 = FACE_BOUND('',#4224,.T.);
#4224 = EDGE_LOOP('',(#4225,#4253,#4254,#4255));
#4225 = ORIENTED_EDGE('',*,*,#4226,.F.);
#4226 = EDGE_CURVE('',#3722,#4227,#4229,.T.);
#4227 = VERTEX_POINT('',#4228);
#4228 = CARTESIAN_POINT('',(30.2,25.435595774163,1.8));
#4229 = SURFACE_CURVE('',#4230,(#4235,#4242),.PCURVE_S1.);
#4230 = CIRCLE('',#4231,5.8);
#4231 = AXIS2_PLACEMENT_3D('',#4232,#4233,#4234);
#4232 = CARTESIAN_POINT('',(36.,25.435595774163,1.8));
#4233 = DIRECTION('',(0.,0.,-1.));
#4234 = DIRECTION('',(-1.,0.,0.));
#4235 = PCURVE('',#922,#4236);
#4236 = DEFINITIONAL_REPRESENTATION('',(#4237),#4241);
#4237 = LINE('',#4238,#4239);
#4238 = CARTESIAN_POINT('',(0.,0.));
#4239 = VECTOR('',#4240,1.);
#4240 = DIRECTION('',(1.,0.));
#4241 = ( GEOMETRIC_REPRESENTATION_CONTEXT(2) 
PARAMETRIC_REPRESENTATION_CONTEXT() REPRESENTATION_CONTEXT('2D SPACE',''
  ) );
#4242 = PCURVE('',#3119,#4243);
#4243 = DEFINITIONAL_REPRESENTATION('',(#4244),#4252);
#4244 = ( BOUNDED_CURVE() B_SPLINE_CURVE(2,(#4245,#4246,#4247,#4248,
#4249,#4250,#4251),.UNSPECIFIED.,.T.,.F.) B_SPLINE_CURVE_WITH_KNOTS((1,2
    ,2,2,2,1),(-2.094395102393,0.,2.094395102393,4.188790204786,
6.28318530718,8.377580409573),.UNSPECIFIED.) CURVE() 
GEOMETRIC_REPRESENTATION_ITEM() RATIONAL_B_SPLINE_CURVE((1.,0.5,1.,0.5,
1.,0.5,1.)) REPRESENTATION_ITEM('') );
#4245 = CARTESIAN_POINT('',(30.199999999989,25.388789952617));
#4246 = CARTESIAN_POINT('',(30.199999999989,35.434684636516));
#4247 = CARTESIAN_POINT('',(38.899999999989,30.411737294567));
#4248 = CARTESIAN_POINT('',(47.599999999989,25.388789952617));
#4249 = CARTESIAN_POINT('',(38.899999999989,20.365842610667));
#4250 = CARTESIAN_POINT('',(30.199999999989,15.342895268717));
#4251 = CARTESIAN_POINT('',(30.199999999989,25.388789952617));
#4252 = ( GEOMETRIC_REPRESENTATION_CONTEXT(2) 
PARAMETRIC_REPRESENTATION_CONTEXT() REPRESENTATION_CONTEXT('2D SPACE',''
  ) );
#4253 = ORIENTED_EDGE('',*,*,#3747,.T.);
#4254 = ORIENTED_EDGE('',*,*,#901,.T.);
#4255 = ORIENTED_EDGE('',*,*,#4256,.F.);
#4256 = EDGE_CURVE('',#4227,#876,#4257,.T.);
#4257 = SURFACE_CURVE('',#4258,(#4262,#4269),.PCURVE_S1.);
#4258 = LINE('',#4259,#4260);
#4259 = CARTESIAN_POINT('',(30.2,25.435595774163,1.8));
#4260 = VECTOR('',#4261,1.);
#4261 = DIRECTION('',(0.,0.,1.));
#4262 = PCURVE('',#922,#4263);
#4263 = DEFINITIONAL_REPRESENTATION('',(#4264),#4268);
#4264 = LINE('',#4265,#4266);
#4265 = CARTESIAN_POINT('',(6.28318530718,0.));
#4266 = VECTOR('',#4267,1.);
#4267 = DIRECTION('',(0.,-1.));
#4268 = ( GEOMETRIC_REPRESENTATION_CONTEXT(2) 
PARAMETRIC_REPRESENTATION_CONTEXT() REPRESENTATION_CONTEXT('2D SPACE',''
  ) );
#4269 = PCURVE('',#890,#4270);
#4270 = DEFINITIONAL_REPRESENTATION('',(#4271),#4275);
#4271 = LINE('',#4272,#4273);
#4272 = CARTESIAN_POINT('',(0.,0.));
#4273 = VECTOR('',#4274,1.);
#4274 = DIRECTION('',(0.,-1.));
#4275 = ( GEOMETRIC_REPRESENTATION_CONTEXT(2) 
PARAMETRIC_REPRESENTATION_CONTEXT() REPRESENTATION_CONTEXT('2D SPACE',''
  ) );
#4276 = ADVANCED_FACE('',(#4277),#575,.T.);
#4277 = FACE_BOUND('',#4278,.T.);
#4278 = EDGE_LOOP('',(#4279,#4307,#4328,#4329));
#4279 = ORIENTED_EDGE('',*,*,#4280,.F.);
#4280 = EDGE_CURVE('',#4281,#3797,#4283,.T.);
#4281 = VERTEX_POINT('',#4282);
#4282 = CARTESIAN_POINT('',(-30.78,-6.907434386909,1.8));
#4283 = SURFACE_CURVE('',#4284,(#4289,#4296),.PCURVE_S1.);
#4284 = CIRCLE('',#4285,5.8);
#4285 = AXIS2_PLACEMENT_3D('',#4286,#4287,#4288);
#4286 = CARTESIAN_POINT('',(-36.,-9.435595774163,1.8));
#4287 = DIRECTION('',(0.,0.,-1.));
#4288 = DIRECTION('',(-1.,0.,0.));
#4289 = PCURVE('',#575,#4290);
#4290 = DEFINITIONAL_REPRESENTATION('',(#4291),#4295);
#4291 = LINE('',#4292,#4293);
#4292 = CARTESIAN_POINT('',(0.,0.));
#4293 = VECTOR('',#4294,1.);
#4294 = DIRECTION('',(1.,0.));
#4295 = ( GEOMETRIC_REPRESENTATION_CONTEXT(2) 
PARAMETRIC_REPRESENTATION_CONTEXT() REPRESENTATION_CONTEXT('2D SPACE',''
  ) );
#4296 = PCURVE('',#3119,#4297);
#4297 = DEFINITIONAL_REPRESENTATION('',(#4298),#4306);
#4298 = ( BOUNDED_CURVE() B_SPLINE_CURVE(2,(#4299,#4300,#4301,#4302,
#4303,#4304,#4305),.UNSPECIFIED.,.T.,.F.) B_SPLINE_CURVE_WITH_KNOTS((1,2
    ,2,2,2,1),(-2.094395102393,0.,2.094395102393,4.188790204786,
6.28318530718,8.377580409573),.UNSPECIFIED.) CURVE() 
GEOMETRIC_REPRESENTATION_ITEM() RATIONAL_B_SPLINE_CURVE((1.,0.5,1.,0.5,
1.,0.5,1.)) REPRESENTATION_ITEM('') );
#4299 = CARTESIAN_POINT('',(-41.80000000001,-9.482401595708));
#4300 = CARTESIAN_POINT('',(-41.80000000001,0.563493088191));
#4301 = CARTESIAN_POINT('',(-33.10000000001,-4.459454253759));
#4302 = CARTESIAN_POINT('',(-24.40000000001,-9.482401595708));
#4303 = CARTESIAN_POINT('',(-33.10000000001,-14.50534893765));
#4304 = CARTESIAN_POINT('',(-41.80000000001,-19.5282962796));
#4305 = CARTESIAN_POINT('',(-41.80000000001,-9.482401595708));
#4306 = ( GEOMETRIC_REPRESENTATION_CONTEXT(2) 
PARAMETRIC_REPRESENTATION_CONTEXT() REPRESENTATION_CONTEXT('2D SPACE',''
  ) );
#4307 = ORIENTED_EDGE('',*,*,#4308,.T.);
#4308 = EDGE_CURVE('',#4281,#555,#4309,.T.);
#4309 = SURFACE_CURVE('',#4310,(#4314,#4321),.PCURVE_S1.);
#4310 = LINE('',#4311,#4312);
#4311 = CARTESIAN_POINT('',(-30.78,-6.907434386909,1.8));
#4312 = VECTOR('',#4313,1.);
#4313 = DIRECTION('',(0.,0.,1.));
#4314 = PCURVE('',#575,#4315);
#4315 = DEFINITIONAL_REPRESENTATION('',(#4316),#4320);
#4316 = LINE('',#4317,#4318);
#4317 = CARTESIAN_POINT('',(2.690565841794,0.));
#4318 = VECTOR('',#4319,1.);
#4319 = DIRECTION('',(0.,-1.));
#4320 = ( GEOMETRIC_REPRESENTATION_CONTEXT(2) 
PARAMETRIC_REPRESENTATION_CONTEXT() REPRESENTATION_CONTEXT('2D SPACE',''
  ) );
#4321 = PCURVE('',#608,#4322);
#4322 = DEFINITIONAL_REPRESENTATION('',(#4323),#4327);
#4323 = LINE('',#4324,#4325);
#4324 = CARTESIAN_POINT('',(-3.592619465386,0.));
#4325 = VECTOR('',#4326,1.);
#4326 = DIRECTION('',(-0.,-1.));
#4327 = ( GEOMETRIC_REPRESENTATION_CONTEXT(2) 
PARAMETRIC_REPRESENTATION_CONTEXT() REPRESENTATION_CONTEXT('2D SPACE',''
  ) );
#4328 = ORIENTED_EDGE('',*,*,#554,.T.);
#4329 = ORIENTED_EDGE('',*,*,#3796,.F.);
#4330 = ADVANCED_FACE('',(#4331),#890,.T.);
#4331 = FACE_BOUND('',#4332,.T.);
#4332 = EDGE_LOOP('',(#4333,#4356,#4357,#4358));
#4333 = ORIENTED_EDGE('',*,*,#4334,.F.);
#4334 = EDGE_CURVE('',#4227,#4335,#4337,.T.);
#4335 = VERTEX_POINT('',#4336);
#4336 = CARTESIAN_POINT('',(30.2,57.99999999751,1.8));
#4337 = SURFACE_CURVE('',#4338,(#4342,#4349),.PCURVE_S1.);
#4338 = LINE('',#4339,#4340);
#4339 = CARTESIAN_POINT('',(30.2,0.,1.8));
#4340 = VECTOR('',#4341,1.);
#4341 = DIRECTION('',(0.,1.,0.));
#4342 = PCURVE('',#890,#4343);
#4343 = DEFINITIONAL_REPRESENTATION('',(#4344),#4348);
#4344 = LINE('',#4345,#4346);
#4345 = CARTESIAN_POINT('',(-25.43559577416,0.));
#4346 = VECTOR('',#4347,1.);
#4347 = DIRECTION('',(1.,0.));
#4348 = ( GEOMETRIC_REPRESENTATION_CONTEXT(2) 
PARAMETRIC_REPRESENTATION_CONTEXT() REPRESENTATION_CONTEXT('2D SPACE',''
  ) );
#4349 = PCURVE('',#3119,#4350);
#4350 = DEFINITIONAL_REPRESENTATION('',(#4351),#4355);
#4351 = LINE('',#4352,#4353);
#4352 = CARTESIAN_POINT('',(30.199999999989,-4.680582154577E-02));
#4353 = VECTOR('',#4354,1.);
#4354 = DIRECTION('',(0.,1.));
#4355 = ( GEOMETRIC_REPRESENTATION_CONTEXT(2) 
PARAMETRIC_REPRESENTATION_CONTEXT() REPRESENTATION_CONTEXT('2D SPACE',''
  ) );
#4356 = ORIENTED_EDGE('',*,*,#4256,.T.);
#4357 = ORIENTED_EDGE('',*,*,#875,.F.);
#4358 = ORIENTED_EDGE('',*,*,#4359,.F.);
#4359 = EDGE_CURVE('',#4335,#843,#4360,.T.);
#4360 = SURFACE_CURVE('',#4361,(#4365,#4372),.PCURVE_S1.);
#4361 = LINE('',#4362,#4363);
#4362 = CARTESIAN_POINT('',(30.2,57.99999999751,1.8));
#4363 = VECTOR('',#4364,1.);
#4364 = DIRECTION('',(0.,0.,1.));
#4365 = PCURVE('',#890,#4366);
#4366 = DEFINITIONAL_REPRESENTATION('',(#4367),#4371);
#4367 = LINE('',#4368,#4369);
#4368 = CARTESIAN_POINT('',(32.564404223347,0.));
#4369 = VECTOR('',#4370,1.);
#4370 = DIRECTION('',(0.,-1.));
#4371 = ( GEOMETRIC_REPRESENTATION_CONTEXT(2) 
PARAMETRIC_REPRESENTATION_CONTEXT() REPRESENTATION_CONTEXT('2D SPACE',''
  ) );
#4372 = PCURVE('',#863,#4373);
#4373 = DEFINITIONAL_REPRESENTATION('',(#4374),#4378);
#4374 = LINE('',#4375,#4376);
#4375 = CARTESIAN_POINT('',(3.14159265359,0.));
#4376 = VECTOR('',#4377,1.);
#4377 = DIRECTION('',(0.,-1.));
#4378 = ( GEOMETRIC_REPRESENTATION_CONTEXT(2) 
PARAMETRIC_REPRESENTATION_CONTEXT() REPRESENTATION_CONTEXT('2D SPACE',''
  ) );
#4379 = ADVANCED_FACE('',(#4380),#608,.F.);
#4380 = FACE_BOUND('',#4381,.T.);
#4381 = EDGE_LOOP('',(#4382,#4406,#4427,#4428));
#4382 = ORIENTED_EDGE('',*,*,#4383,.F.);
#4383 = EDGE_CURVE('',#4384,#4281,#4386,.T.);
#4384 = VERTEX_POINT('',#4385);
#4385 = CARTESIAN_POINT('',(-30.78,22.907434386909,1.8));
#4386 = SURFACE_CURVE('',#4387,(#4392,#4399),.PCURVE_S1.);
#4387 = CIRCLE('',#4388,34.2);
#4388 = AXIS2_PLACEMENT_3D('',#4389,#4390,#4391);
#4389 = CARTESIAN_POINT('',(0.,8.,1.8));
#4390 = DIRECTION('',(0.,-0.,1.));
#4391 = DIRECTION('',(1.,0.,0.));
#4392 = PCURVE('',#608,#4393);
#4393 = DEFINITIONAL_REPRESENTATION('',(#4394),#4398);
#4394 = LINE('',#4395,#4396);
#4395 = CARTESIAN_POINT('',(-0.,0.));
#4396 = VECTOR('',#4397,1.);
#4397 = DIRECTION('',(-1.,0.));
#4398 = ( GEOMETRIC_REPRESENTATION_CONTEXT(2) 
PARAMETRIC_REPRESENTATION_CONTEXT() REPRESENTATION_CONTEXT('2D SPACE',''
  ) );
#4399 = PCURVE('',#3119,#4400);
#4400 = DEFINITIONAL_REPRESENTATION('',(#4401),#4405);
#4401 = CIRCLE('',#4402,34.2);
#4402 = AXIS2_PLACEMENT_2D('',#4403,#4404);
#4403 = CARTESIAN_POINT('',(-1.12850119938E-11,7.953194178454));
#4404 = DIRECTION('',(1.,0.));
#4405 = ( GEOMETRIC_REPRESENTATION_CONTEXT(2) 
PARAMETRIC_REPRESENTATION_CONTEXT() REPRESENTATION_CONTEXT('2D SPACE',''
  ) );
#4406 = ORIENTED_EDGE('',*,*,#4407,.T.);
#4407 = EDGE_CURVE('',#4384,#588,#4408,.T.);
#4408 = SURFACE_CURVE('',#4409,(#4413,#4420),.PCURVE_S1.);
#4409 = LINE('',#4410,#4411);
#4410 = CARTESIAN_POINT('',(-30.78,22.907434386909,1.8));
#4411 = VECTOR('',#4412,1.);
#4412 = DIRECTION('',(0.,0.,1.));
#4413 = PCURVE('',#608,#4414);
#4414 = DEFINITIONAL_REPRESENTATION('',(#4415),#4419);
#4415 = LINE('',#4416,#4417);
#4416 = CARTESIAN_POINT('',(-2.690565841794,0.));
#4417 = VECTOR('',#4418,1.);
#4418 = DIRECTION('',(-0.,-1.));
#4419 = ( GEOMETRIC_REPRESENTATION_CONTEXT(2) 
PARAMETRIC_REPRESENTATION_CONTEXT() REPRESENTATION_CONTEXT('2D SPACE',''
  ) );
#4420 = PCURVE('',#641,#4421);
#4421 = DEFINITIONAL_REPRESENTATION('',(#4422),#4426);
#4422 = LINE('',#4423,#4424);
#4423 = CARTESIAN_POINT('',(3.592619465386,0.));
#4424 = VECTOR('',#4425,1.);
#4425 = DIRECTION('',(0.,-1.));
#4426 = ( GEOMETRIC_REPRESENTATION_CONTEXT(2) 
PARAMETRIC_REPRESENTATION_CONTEXT() REPRESENTATION_CONTEXT('2D SPACE',''
  ) );
#4427 = ORIENTED_EDGE('',*,*,#587,.F.);
#4428 = ORIENTED_EDGE('',*,*,#4308,.F.);
#4429 = ADVANCED_FACE('',(#4430),#863,.F.);
#4430 = FACE_BOUND('',#4431,.F.);
#4431 = EDGE_LOOP('',(#4432,#4460,#4481,#4482));
#4432 = ORIENTED_EDGE('',*,*,#4433,.F.);
#4433 = EDGE_CURVE('',#4434,#4335,#4436,.T.);
#4434 = VERTEX_POINT('',#4435);
#4435 = CARTESIAN_POINT('',(28.,60.2,1.8));
#4436 = SURFACE_CURVE('',#4437,(#4442,#4449),.PCURVE_S1.);
#4437 = CIRCLE('',#4438,2.2);
#4438 = AXIS2_PLACEMENT_3D('',#4439,#4440,#4441);
#4439 = CARTESIAN_POINT('',(28.,57.99999999751,1.8));
#4440 = DIRECTION('',(0.,0.,-1.));
#4441 = DIRECTION('',(-1.,0.,0.));
#4442 = PCURVE('',#863,#4443);
#4443 = DEFINITIONAL_REPRESENTATION('',(#4444),#4448);
#4444 = LINE('',#4445,#4446);
#4445 = CARTESIAN_POINT('',(0.,0.));
#4446 = VECTOR('',#4447,1.);
#4447 = DIRECTION('',(1.,0.));
#4448 = ( GEOMETRIC_REPRESENTATION_CONTEXT(2) 
PARAMETRIC_REPRESENTATION_CONTEXT() REPRESENTATION_CONTEXT('2D SPACE',''
  ) );
#4449 = PCURVE('',#3119,#4450);
#4450 = DEFINITIONAL_REPRESENTATION('',(#4451),#4459);
#4451 = ( BOUNDED_CURVE() B_SPLINE_CURVE(2,(#4452,#4453,#4454,#4455,
#4456,#4457,#4458),.UNSPECIFIED.,.T.,.F.) B_SPLINE_CURVE_WITH_KNOTS((1,2
    ,2,2,2,1),(-2.094395102393,0.,2.094395102393,4.188790204786,
6.28318530718,8.377580409573),.UNSPECIFIED.) CURVE() 
GEOMETRIC_REPRESENTATION_ITEM() RATIONAL_B_SPLINE_CURVE((1.,0.5,1.,0.5,
1.,0.5,1.)) REPRESENTATION_ITEM('') );
#4452 = CARTESIAN_POINT('',(25.799999999989,57.953194175964));
#4453 = CARTESIAN_POINT('',(25.799999999989,61.763705952616));
#4454 = CARTESIAN_POINT('',(29.099999999989,59.85845006429));
#4455 = CARTESIAN_POINT('',(32.399999999989,57.953194175964));
#4456 = CARTESIAN_POINT('',(29.099999999989,56.047938287639));
#4457 = CARTESIAN_POINT('',(25.799999999989,54.142682399313));
#4458 = CARTESIAN_POINT('',(25.799999999989,57.953194175964));
#4459 = ( GEOMETRIC_REPRESENTATION_CONTEXT(2) 
PARAMETRIC_REPRESENTATION_CONTEXT() REPRESENTATION_CONTEXT('2D SPACE',''
  ) );
#4460 = ORIENTED_EDGE('',*,*,#4461,.T.);
#4461 = EDGE_CURVE('',#4434,#817,#4462,.T.);
#4462 = SURFACE_CURVE('',#4463,(#4467,#4474),.PCURVE_S1.);
#4463 = LINE('',#4464,#4465);
#4464 = CARTESIAN_POINT('',(28.,60.2,1.8));
#4465 = VECTOR('',#4466,1.);
#4466 = DIRECTION('',(0.,0.,1.));
#4467 = PCURVE('',#863,#4468);
#4468 = DEFINITIONAL_REPRESENTATION('',(#4469),#4473);
#4469 = LINE('',#4470,#4471);
#4470 = CARTESIAN_POINT('',(1.570796326795,0.));
#4471 = VECTOR('',#4472,1.);
#4472 = DIRECTION('',(0.,-1.));
#4473 = ( GEOMETRIC_REPRESENTATION_CONTEXT(2) 
PARAMETRIC_REPRESENTATION_CONTEXT() REPRESENTATION_CONTEXT('2D SPACE',''
  ) );
#4474 = PCURVE('',#831,#4475);
#4475 = DEFINITIONAL_REPRESENTATION('',(#4476),#4480);
#4476 = LINE('',#4477,#4478);
#4477 = CARTESIAN_POINT('',(10.,0.));
#4478 = VECTOR('',#4479,1.);
#4479 = DIRECTION('',(0.,-1.));
#4480 = ( GEOMETRIC_REPRESENTATION_CONTEXT(2) 
PARAMETRIC_REPRESENTATION_CONTEXT() REPRESENTATION_CONTEXT('2D SPACE',''
  ) );
#4481 = ORIENTED_EDGE('',*,*,#842,.T.);
#4482 = ORIENTED_EDGE('',*,*,#4359,.F.);
#4483 = ADVANCED_FACE('',(#4484),#641,.T.);
#4484 = FACE_BOUND('',#4485,.T.);
#4485 = EDGE_LOOP('',(#4486,#4514,#4535,#4536));
#4486 = ORIENTED_EDGE('',*,*,#4487,.F.);
#4487 = EDGE_CURVE('',#4488,#4384,#4490,.T.);
#4488 = VERTEX_POINT('',#4489);
#4489 = CARTESIAN_POINT('',(-30.2,25.435595774163,1.8));
#4490 = SURFACE_CURVE('',#4491,(#4496,#4503),.PCURVE_S1.);
#4491 = CIRCLE('',#4492,5.8);
#4492 = AXIS2_PLACEMENT_3D('',#4493,#4494,#4495);
#4493 = CARTESIAN_POINT('',(-36.,25.435595774163,1.8));
#4494 = DIRECTION('',(0.,0.,-1.));
#4495 = DIRECTION('',(-1.,0.,0.));
#4496 = PCURVE('',#641,#4497);
#4497 = DEFINITIONAL_REPRESENTATION('',(#4498),#4502);
#4498 = LINE('',#4499,#4500);
#4499 = CARTESIAN_POINT('',(0.,0.));
#4500 = VECTOR('',#4501,1.);
#4501 = DIRECTION('',(1.,0.));
#4502 = ( GEOMETRIC_REPRESENTATION_CONTEXT(2) 
PARAMETRIC_REPRESENTATION_CONTEXT() REPRESENTATION_CONTEXT('2D SPACE',''
  ) );
#4503 = PCURVE('',#3119,#4504);
#4504 = DEFINITIONAL_REPRESENTATION('',(#4505),#4513);
#4505 = ( BOUNDED_CURVE() B_SPLINE_CURVE(2,(#4506,#4507,#4508,#4509,
#4510,#4511,#4512),.UNSPECIFIED.,.T.,.F.) B_SPLINE_CURVE_WITH_KNOTS((1,2
    ,2,2,2,1),(-2.094395102393,0.,2.094395102393,4.188790204786,
6.28318530718,8.377580409573),.UNSPECIFIED.) CURVE() 
GEOMETRIC_REPRESENTATION_ITEM() RATIONAL_B_SPLINE_CURVE((1.,0.5,1.,0.5,
1.,0.5,1.)) REPRESENTATION_ITEM('') );
#4506 = CARTESIAN_POINT('',(-41.80000000001,25.388789952617));
#4507 = CARTESIAN_POINT('',(-41.80000000001,35.434684636516));
#4508 = CARTESIAN_POINT('',(-33.10000000001,30.411737294567));
#4509 = CARTESIAN_POINT('',(-24.40000000001,25.388789952617));
#4510 = CARTESIAN_POINT('',(-33.10000000001,20.365842610667));
#4511 = CARTESIAN_POINT('',(-41.80000000001,15.342895268717));
#4512 = CARTESIAN_POINT('',(-41.80000000001,25.388789952617));
#4513 = ( GEOMETRIC_REPRESENTATION_CONTEXT(2) 
PARAMETRIC_REPRESENTATION_CONTEXT() REPRESENTATION_CONTEXT('2D SPACE',''
  ) );
#4514 = ORIENTED_EDGE('',*,*,#4515,.T.);
#4515 = EDGE_CURVE('',#4488,#621,#4516,.T.);
#4516 = SURFACE_CURVE('',#4517,(#4521,#4528),.PCURVE_S1.);
#4517 = LINE('',#4518,#4519);
#4518 = CARTESIAN_POINT('',(-30.2,25.435595774163,1.8));
#4519 = VECTOR('',#4520,1.);
#4520 = DIRECTION('',(0.,0.,1.));
#4521 = PCURVE('',#641,#4522);
#4522 = DEFINITIONAL_REPRESENTATION('',(#4523),#4527);
#4523 = LINE('',#4524,#4525);
#4524 = CARTESIAN_POINT('',(3.14159265359,0.));
#4525 = VECTOR('',#4526,1.);
#4526 = DIRECTION('',(0.,-1.));
#4527 = ( GEOMETRIC_REPRESENTATION_CONTEXT(2) 
PARAMETRIC_REPRESENTATION_CONTEXT() REPRESENTATION_CONTEXT('2D SPACE',''
  ) );
#4528 = PCURVE('',#668,#4529);
#4529 = DEFINITIONAL_REPRESENTATION('',(#4530),#4534);
#4530 = LINE('',#4531,#4532);
#4531 = CARTESIAN_POINT('',(0.,0.));
#4532 = VECTOR('',#4533,1.);
#4533 = DIRECTION('',(0.,-1.));
#4534 = ( GEOMETRIC_REPRESENTATION_CONTEXT(2) 
PARAMETRIC_REPRESENTATION_CONTEXT() REPRESENTATION_CONTEXT('2D SPACE',''
  ) );
#4535 = ORIENTED_EDGE('',*,*,#620,.T.);
#4536 = ORIENTED_EDGE('',*,*,#4407,.F.);
#4537 = ADVANCED_FACE('',(#4538),#831,.F.);
#4538 = FACE_BOUND('',#4539,.F.);
#4539 = EDGE_LOOP('',(#4540,#4563,#4584,#4585));
#4540 = ORIENTED_EDGE('',*,*,#4541,.F.);
#4541 = EDGE_CURVE('',#4542,#4434,#4544,.T.);
#4542 = VERTEX_POINT('',#4543);
#4543 = CARTESIAN_POINT('',(18.,60.2,1.8));
#4544 = SURFACE_CURVE('',#4545,(#4549,#4556),.PCURVE_S1.);
#4545 = LINE('',#4546,#4547);
#4546 = CARTESIAN_POINT('',(0.,60.2,1.8));
#4547 = VECTOR('',#4548,1.);
#4548 = DIRECTION('',(1.,0.,0.));
#4549 = PCURVE('',#831,#4550);
#4550 = DEFINITIONAL_REPRESENTATION('',(#4551),#4555);
#4551 = LINE('',#4552,#4553);
#4552 = CARTESIAN_POINT('',(-18.,0.));
#4553 = VECTOR('',#4554,1.);
#4554 = DIRECTION('',(1.,0.));
#4555 = ( GEOMETRIC_REPRESENTATION_CONTEXT(2) 
PARAMETRIC_REPRESENTATION_CONTEXT() REPRESENTATION_CONTEXT('2D SPACE',''
  ) );
#4556 = PCURVE('',#3119,#4557);
#4557 = DEFINITIONAL_REPRESENTATION('',(#4558),#4562);
#4558 = LINE('',#4559,#4560);
#4559 = CARTESIAN_POINT('',(-1.12850119938E-11,60.153194178454));
#4560 = VECTOR('',#4561,1.);
#4561 = DIRECTION('',(1.,0.));
#4562 = ( GEOMETRIC_REPRESENTATION_CONTEXT(2) 
PARAMETRIC_REPRESENTATION_CONTEXT() REPRESENTATION_CONTEXT('2D SPACE',''
  ) );
#4563 = ORIENTED_EDGE('',*,*,#4564,.T.);
#4564 = EDGE_CURVE('',#4542,#791,#4565,.T.);
#4565 = SURFACE_CURVE('',#4566,(#4570,#4577),.PCURVE_S1.);
#4566 = LINE('',#4567,#4568);
#4567 = CARTESIAN_POINT('',(18.,60.2,1.8));
#4568 = VECTOR('',#4569,1.);
#4569 = DIRECTION('',(0.,0.,1.));
#4570 = PCURVE('',#831,#4571);
#4571 = DEFINITIONAL_REPRESENTATION('',(#4572),#4576);
#4572 = LINE('',#4573,#4574);
#4573 = CARTESIAN_POINT('',(0.,0.));
#4574 = VECTOR('',#4575,1.);
#4575 = DIRECTION('',(0.,-1.));
#4576 = ( GEOMETRIC_REPRESENTATION_CONTEXT(2) 
PARAMETRIC_REPRESENTATION_CONTEXT() REPRESENTATION_CONTEXT('2D SPACE',''
  ) );
#4577 = PCURVE('',#805,#4578);
#4578 = DEFINITIONAL_REPRESENTATION('',(#4579),#4583);
#4579 = LINE('',#4580,#4581);
#4580 = CARTESIAN_POINT('',(5.2,0.));
#4581 = VECTOR('',#4582,1.);
#4582 = DIRECTION('',(0.,-1.));
#4583 = ( GEOMETRIC_REPRESENTATION_CONTEXT(2) 
PARAMETRIC_REPRESENTATION_CONTEXT() REPRESENTATION_CONTEXT('2D SPACE',''
  ) );
#4584 = ORIENTED_EDGE('',*,*,#816,.F.);
#4585 = ORIENTED_EDGE('',*,*,#4461,.F.);
#4586 = ADVANCED_FACE('',(#4587),#668,.F.);
#4587 = FACE_BOUND('',#4588,.F.);
#4588 = EDGE_LOOP('',(#4589,#4612,#4613,#4614));
#4589 = ORIENTED_EDGE('',*,*,#4590,.F.);
#4590 = EDGE_CURVE('',#4488,#4591,#4593,.T.);
#4591 = VERTEX_POINT('',#4592);
#4592 = CARTESIAN_POINT('',(-30.2,57.999999997379,1.8));
#4593 = SURFACE_CURVE('',#4594,(#4598,#4605),.PCURVE_S1.);
#4594 = LINE('',#4595,#4596);
#4595 = CARTESIAN_POINT('',(-30.2,0.,1.8));
#4596 = VECTOR('',#4597,1.);
#4597 = DIRECTION('',(0.,1.,0.));
#4598 = PCURVE('',#668,#4599);
#4599 = DEFINITIONAL_REPRESENTATION('',(#4600),#4604);
#4600 = LINE('',#4601,#4602);
#4601 = CARTESIAN_POINT('',(-25.43559577416,0.));
#4602 = VECTOR('',#4603,1.);
#4603 = DIRECTION('',(1.,0.));
#4604 = ( GEOMETRIC_REPRESENTATION_CONTEXT(2) 
PARAMETRIC_REPRESENTATION_CONTEXT() REPRESENTATION_CONTEXT('2D SPACE',''
  ) );
#4605 = PCURVE('',#3119,#4606);
#4606 = DEFINITIONAL_REPRESENTATION('',(#4607),#4611);
#4607 = LINE('',#4608,#4609);
#4608 = CARTESIAN_POINT('',(-30.20000000001,-4.680582154577E-02));
#4609 = VECTOR('',#4610,1.);
#4610 = DIRECTION('',(0.,1.));
#4611 = ( GEOMETRIC_REPRESENTATION_CONTEXT(2) 
PARAMETRIC_REPRESENTATION_CONTEXT() REPRESENTATION_CONTEXT('2D SPACE',''
  ) );
#4612 = ORIENTED_EDGE('',*,*,#4515,.T.);
#4613 = ORIENTED_EDGE('',*,*,#653,.F.);
#4614 = ORIENTED_EDGE('',*,*,#4615,.F.);
#4615 = EDGE_CURVE('',#4591,#654,#4616,.T.);
#4616 = SURFACE_CURVE('',#4617,(#4621,#4628),.PCURVE_S1.);
#4617 = LINE('',#4618,#4619);
#4618 = CARTESIAN_POINT('',(-30.2,57.999999997379,1.8));
#4619 = VECTOR('',#4620,1.);
#4620 = DIRECTION('',(0.,0.,1.));
#4621 = PCURVE('',#668,#4622);
#4622 = DEFINITIONAL_REPRESENTATION('',(#4623),#4627);
#4623 = LINE('',#4624,#4625);
#4624 = CARTESIAN_POINT('',(32.564404223217,0.));
#4625 = VECTOR('',#4626,1.);
#4626 = DIRECTION('',(0.,-1.));
#4627 = ( GEOMETRIC_REPRESENTATION_CONTEXT(2) 
PARAMETRIC_REPRESENTATION_CONTEXT() REPRESENTATION_CONTEXT('2D SPACE',''
  ) );
#4628 = PCURVE('',#700,#4629);
#4629 = DEFINITIONAL_REPRESENTATION('',(#4630),#4634);
#4630 = LINE('',#4631,#4632);
#4631 = CARTESIAN_POINT('',(6.28318530718,0.));
#4632 = VECTOR('',#4633,1.);
#4633 = DIRECTION('',(0.,-1.));
#4634 = ( GEOMETRIC_REPRESENTATION_CONTEXT(2) 
PARAMETRIC_REPRESENTATION_CONTEXT() REPRESENTATION_CONTEXT('2D SPACE',''
  ) );
#4635 = ADVANCED_FACE('',(#4636),#805,.F.);
#4636 = FACE_BOUND('',#4637,.F.);
#4637 = EDGE_LOOP('',(#4638,#4661,#4682,#4683));
#4638 = ORIENTED_EDGE('',*,*,#4639,.F.);
#4639 = EDGE_CURVE('',#4640,#4542,#4642,.T.);
#4640 = VERTEX_POINT('',#4641);
#4641 = CARTESIAN_POINT('',(18.,55.,1.8));
#4642 = SURFACE_CURVE('',#4643,(#4647,#4654),.PCURVE_S1.);
#4643 = LINE('',#4644,#4645);
#4644 = CARTESIAN_POINT('',(18.,117.,1.8));
#4645 = VECTOR('',#4646,1.);
#4646 = DIRECTION('',(-0.,1.,0.));
#4647 = PCURVE('',#805,#4648);
#4648 = DEFINITIONAL_REPRESENTATION('',(#4649),#4653);
#4649 = LINE('',#4650,#4651);
#4650 = CARTESIAN_POINT('',(62.,0.));
#4651 = VECTOR('',#4652,1.);
#4652 = DIRECTION('',(1.,0.));
#4653 = ( GEOMETRIC_REPRESENTATION_CONTEXT(2) 
PARAMETRIC_REPRESENTATION_CONTEXT() REPRESENTATION_CONTEXT('2D SPACE',''
  ) );
#4654 = PCURVE('',#3119,#4655);
#4655 = DEFINITIONAL_REPRESENTATION('',(#4656),#4660);
#4656 = LINE('',#4657,#4658);
#4657 = CARTESIAN_POINT('',(17.999999999989,116.95319417845));
#4658 = VECTOR('',#4659,1.);
#4659 = DIRECTION('',(0.,1.));
#4660 = ( GEOMETRIC_REPRESENTATION_CONTEXT(2) 
PARAMETRIC_REPRESENTATION_CONTEXT() REPRESENTATION_CONTEXT('2D SPACE',''
  ) );
#4661 = ORIENTED_EDGE('',*,*,#4662,.T.);
#4662 = EDGE_CURVE('',#4640,#765,#4663,.T.);
#4663 = SURFACE_CURVE('',#4664,(#4668,#4675),.PCURVE_S1.);
#4664 = LINE('',#4665,#4666);
#4665 = CARTESIAN_POINT('',(18.,55.,1.8));
#4666 = VECTOR('',#4667,1.);
#4667 = DIRECTION('',(0.,0.,1.));
#4668 = PCURVE('',#805,#4669);
#4669 = DEFINITIONAL_REPRESENTATION('',(#4670),#4674);
#4670 = LINE('',#4671,#4672);
#4671 = CARTESIAN_POINT('',(0.,0.));
#4672 = VECTOR('',#4673,1.);
#4673 = DIRECTION('',(0.,-1.));
#4674 = ( GEOMETRIC_REPRESENTATION_CONTEXT(2) 
PARAMETRIC_REPRESENTATION_CONTEXT() REPRESENTATION_CONTEXT('2D SPACE',''
  ) );
#4675 = PCURVE('',#779,#4676);
#4676 = DEFINITIONAL_REPRESENTATION('',(#4677),#4681);
#4677 = LINE('',#4678,#4679);
#4678 = CARTESIAN_POINT('',(36.,0.));
#4679 = VECTOR('',#4680,1.);
#4680 = DIRECTION('',(0.,-1.));
#4681 = ( GEOMETRIC_REPRESENTATION_CONTEXT(2) 
PARAMETRIC_REPRESENTATION_CONTEXT() REPRESENTATION_CONTEXT('2D SPACE',''
  ) );
#4682 = ORIENTED_EDGE('',*,*,#790,.F.);
#4683 = ORIENTED_EDGE('',*,*,#4564,.F.);
#4684 = ADVANCED_FACE('',(#4685),#700,.F.);
#4685 = FACE_BOUND('',#4686,.F.);
#4686 = EDGE_LOOP('',(#4687,#4715,#4716,#4717));
#4687 = ORIENTED_EDGE('',*,*,#4688,.F.);
#4688 = EDGE_CURVE('',#4591,#4689,#4691,.T.);
#4689 = VERTEX_POINT('',#4690);
#4690 = CARTESIAN_POINT('',(-28.,60.199999997379,1.8));
#4691 = SURFACE_CURVE('',#4692,(#4697,#4704),.PCURVE_S1.);
#4692 = CIRCLE('',#4693,2.2);
#4693 = AXIS2_PLACEMENT_3D('',#4694,#4695,#4696);
#4694 = CARTESIAN_POINT('',(-28.,57.999999997379,1.8));
#4695 = DIRECTION('',(0.,0.,-1.));
#4696 = DIRECTION('',(-1.,0.,0.));
#4697 = PCURVE('',#700,#4698);
#4698 = DEFINITIONAL_REPRESENTATION('',(#4699),#4703);
#4699 = LINE('',#4700,#4701);
#4700 = CARTESIAN_POINT('',(0.,0.));
#4701 = VECTOR('',#4702,1.);
#4702 = DIRECTION('',(1.,0.));
#4703 = ( GEOMETRIC_REPRESENTATION_CONTEXT(2) 
PARAMETRIC_REPRESENTATION_CONTEXT() REPRESENTATION_CONTEXT('2D SPACE',''
  ) );
#4704 = PCURVE('',#3119,#4705);
#4705 = DEFINITIONAL_REPRESENTATION('',(#4706),#4714);
#4706 = ( BOUNDED_CURVE() B_SPLINE_CURVE(2,(#4707,#4708,#4709,#4710,
#4711,#4712,#4713),.UNSPECIFIED.,.T.,.F.) B_SPLINE_CURVE_WITH_KNOTS((1,2
    ,2,2,2,1),(-2.094395102393,0.,2.094395102393,4.188790204786,
6.28318530718,8.377580409573),.UNSPECIFIED.) CURVE() 
GEOMETRIC_REPRESENTATION_ITEM() RATIONAL_B_SPLINE_CURVE((1.,0.5,1.,0.5,
1.,0.5,1.)) REPRESENTATION_ITEM('') );
#4707 = CARTESIAN_POINT('',(-30.20000000001,57.953194175833));
#4708 = CARTESIAN_POINT('',(-30.20000000001,61.763705952485));
#4709 = CARTESIAN_POINT('',(-26.90000000001,59.858450064159));
#4710 = CARTESIAN_POINT('',(-23.60000000001,57.953194175833));
#4711 = CARTESIAN_POINT('',(-26.90000000001,56.047938287508));
#4712 = CARTESIAN_POINT('',(-30.20000000001,54.142682399182));
#4713 = CARTESIAN_POINT('',(-30.20000000001,57.953194175833));
#4714 = ( GEOMETRIC_REPRESENTATION_CONTEXT(2) 
PARAMETRIC_REPRESENTATION_CONTEXT() REPRESENTATION_CONTEXT('2D SPACE',''
  ) );
#4715 = ORIENTED_EDGE('',*,*,#4615,.T.);
#4716 = ORIENTED_EDGE('',*,*,#679,.T.);
#4717 = ORIENTED_EDGE('',*,*,#4718,.F.);
#4718 = EDGE_CURVE('',#4689,#680,#4719,.T.);
#4719 = SURFACE_CURVE('',#4720,(#4724,#4731),.PCURVE_S1.);
#4720 = LINE('',#4721,#4722);
#4721 = CARTESIAN_POINT('',(-28.,60.199999997379,1.8));
#4722 = VECTOR('',#4723,1.);
#4723 = DIRECTION('',(0.,0.,1.));
#4724 = PCURVE('',#700,#4725);
#4725 = DEFINITIONAL_REPRESENTATION('',(#4726),#4730);
#4726 = LINE('',#4727,#4728);
#4727 = CARTESIAN_POINT('',(7.853981633974,0.));
#4728 = VECTOR('',#4729,1.);
#4729 = DIRECTION('',(0.,-1.));
#4730 = ( GEOMETRIC_REPRESENTATION_CONTEXT(2) 
PARAMETRIC_REPRESENTATION_CONTEXT() REPRESENTATION_CONTEXT('2D SPACE',''
  ) );
#4731 = PCURVE('',#727,#4732);
#4732 = DEFINITIONAL_REPRESENTATION('',(#4733),#4737);
#4733 = LINE('',#4734,#4735);
#4734 = CARTESIAN_POINT('',(0.,0.));
#4735 = VECTOR('',#4736,1.);
#4736 = DIRECTION('',(0.,-1.));
#4737 = ( GEOMETRIC_REPRESENTATION_CONTEXT(2) 
PARAMETRIC_REPRESENTATION_CONTEXT() REPRESENTATION_CONTEXT('2D SPACE',''
  ) );
#4738 = ADVANCED_FACE('',(#4739),#779,.F.);
#4739 = FACE_BOUND('',#4740,.F.);
#4740 = EDGE_LOOP('',(#4741,#4764,#4785,#4786));
#4741 = ORIENTED_EDGE('',*,*,#4742,.F.);
#4742 = EDGE_CURVE('',#4743,#4640,#4745,.T.);
#4743 = VERTEX_POINT('',#4744);
#4744 = CARTESIAN_POINT('',(-18.,55.,1.8));
#4745 = SURFACE_CURVE('',#4746,(#4750,#4757),.PCURVE_S1.);
#4746 = LINE('',#4747,#4748);
#4747 = CARTESIAN_POINT('',(0.,55.,1.8));
#4748 = VECTOR('',#4749,1.);
#4749 = DIRECTION('',(1.,0.,-0.));
#4750 = PCURVE('',#779,#4751);
#4751 = DEFINITIONAL_REPRESENTATION('',(#4752),#4756);
#4752 = LINE('',#4753,#4754);
#4753 = CARTESIAN_POINT('',(18.,0.));
#4754 = VECTOR('',#4755,1.);
#4755 = DIRECTION('',(1.,0.));
#4756 = ( GEOMETRIC_REPRESENTATION_CONTEXT(2) 
PARAMETRIC_REPRESENTATION_CONTEXT() REPRESENTATION_CONTEXT('2D SPACE',''
  ) );
#4757 = PCURVE('',#3119,#4758);
#4758 = DEFINITIONAL_REPRESENTATION('',(#4759),#4763);
#4759 = LINE('',#4760,#4761);
#4760 = CARTESIAN_POINT('',(-1.12850119938E-11,54.953194178454));
#4761 = VECTOR('',#4762,1.);
#4762 = DIRECTION('',(1.,0.));
#4763 = ( GEOMETRIC_REPRESENTATION_CONTEXT(2) 
PARAMETRIC_REPRESENTATION_CONTEXT() REPRESENTATION_CONTEXT('2D SPACE',''
  ) );
#4764 = ORIENTED_EDGE('',*,*,#4765,.T.);
#4765 = EDGE_CURVE('',#4743,#739,#4766,.T.);
#4766 = SURFACE_CURVE('',#4767,(#4771,#4778),.PCURVE_S1.);
#4767 = LINE('',#4768,#4769);
#4768 = CARTESIAN_POINT('',(-18.,55.,1.8));
#4769 = VECTOR('',#4770,1.);
#4770 = DIRECTION('',(0.,0.,1.));
#4771 = PCURVE('',#779,#4772);
#4772 = DEFINITIONAL_REPRESENTATION('',(#4773),#4777);
#4773 = LINE('',#4774,#4775);
#4774 = CARTESIAN_POINT('',(0.,0.));
#4775 = VECTOR('',#4776,1.);
#4776 = DIRECTION('',(0.,-1.));
#4777 = ( GEOMETRIC_REPRESENTATION_CONTEXT(2) 
PARAMETRIC_REPRESENTATION_CONTEXT() REPRESENTATION_CONTEXT('2D SPACE',''
  ) );
#4778 = PCURVE('',#753,#4779);
#4779 = DEFINITIONAL_REPRESENTATION('',(#4780),#4784);
#4780 = LINE('',#4781,#4782);
#4781 = CARTESIAN_POINT('',(0.,0.));
#4782 = VECTOR('',#4783,1.);
#4783 = DIRECTION('',(0.,-1.));
#4784 = ( GEOMETRIC_REPRESENTATION_CONTEXT(2) 
PARAMETRIC_REPRESENTATION_CONTEXT() REPRESENTATION_CONTEXT('2D SPACE',''
  ) );
#4785 = ORIENTED_EDGE('',*,*,#764,.F.);
#4786 = ORIENTED_EDGE('',*,*,#4662,.F.);
#4787 = ADVANCED_FACE('',(#4788),#727,.F.);
#4788 = FACE_BOUND('',#4789,.F.);
#4789 = EDGE_LOOP('',(#4790,#4813,#4814,#4815));
#4790 = ORIENTED_EDGE('',*,*,#4791,.F.);
#4791 = EDGE_CURVE('',#4689,#4792,#4794,.T.);
#4792 = VERTEX_POINT('',#4793);
#4793 = CARTESIAN_POINT('',(-18.,60.2,1.8));
#4794 = SURFACE_CURVE('',#4795,(#4799,#4806),.PCURVE_S1.);
#4795 = LINE('',#4796,#4797);
#4796 = CARTESIAN_POINT('',(0.,60.2,1.8));
#4797 = VECTOR('',#4798,1.);
#4798 = DIRECTION('',(1.,0.,0.));
#4799 = PCURVE('',#727,#4800);
#4800 = DEFINITIONAL_REPRESENTATION('',(#4801),#4805);
#4801 = LINE('',#4802,#4803);
#4802 = CARTESIAN_POINT('',(28.,0.));
#4803 = VECTOR('',#4804,1.);
#4804 = DIRECTION('',(1.,0.));
#4805 = ( GEOMETRIC_REPRESENTATION_CONTEXT(2) 
PARAMETRIC_REPRESENTATION_CONTEXT() REPRESENTATION_CONTEXT('2D SPACE',''
  ) );
#4806 = PCURVE('',#3119,#4807);
#4807 = DEFINITIONAL_REPRESENTATION('',(#4808),#4812);
#4808 = LINE('',#4809,#4810);
#4809 = CARTESIAN_POINT('',(-1.12850119938E-11,60.153194178454));
#4810 = VECTOR('',#4811,1.);
#4811 = DIRECTION('',(1.,0.));
#4812 = ( GEOMETRIC_REPRESENTATION_CONTEXT(2) 
PARAMETRIC_REPRESENTATION_CONTEXT() REPRESENTATION_CONTEXT('2D SPACE',''
  ) );
#4813 = ORIENTED_EDGE('',*,*,#4718,.T.);
#4814 = ORIENTED_EDGE('',*,*,#712,.F.);
#4815 = ORIENTED_EDGE('',*,*,#4816,.F.);
#4816 = EDGE_CURVE('',#4792,#713,#4817,.T.);
#4817 = SURFACE_CURVE('',#4818,(#4822,#4829),.PCURVE_S1.);
#4818 = LINE('',#4819,#4820);
#4819 = CARTESIAN_POINT('',(-18.,60.2,1.8));
#4820 = VECTOR('',#4821,1.);
#4821 = DIRECTION('',(0.,0.,1.));
#4822 = PCURVE('',#727,#4823);
#4823 = DEFINITIONAL_REPRESENTATION('',(#4824),#4828);
#4824 = LINE('',#4825,#4826);
#4825 = CARTESIAN_POINT('',(10.,0.));
#4826 = VECTOR('',#4827,1.);
#4827 = DIRECTION('',(0.,-1.));
#4828 = ( GEOMETRIC_REPRESENTATION_CONTEXT(2) 
PARAMETRIC_REPRESENTATION_CONTEXT() REPRESENTATION_CONTEXT('2D SPACE',''
  ) );
#4829 = PCURVE('',#753,#4830);
#4830 = DEFINITIONAL_REPRESENTATION('',(#4831),#4835);
#4831 = LINE('',#4832,#4833);
#4832 = CARTESIAN_POINT('',(5.2,0.));
#4833 = VECTOR('',#4834,1.);
#4834 = DIRECTION('',(0.,-1.));
#4835 = ( GEOMETRIC_REPRESENTATION_CONTEXT(2) 
PARAMETRIC_REPRESENTATION_CONTEXT() REPRESENTATION_CONTEXT('2D SPACE',''
  ) );
#4836 = ADVANCED_FACE('',(#4837),#753,.T.);
#4837 = FACE_BOUND('',#4838,.T.);
#4838 = EDGE_LOOP('',(#4839,#4860,#4861,#4862));
#4839 = ORIENTED_EDGE('',*,*,#4840,.F.);
#4840 = EDGE_CURVE('',#4743,#4792,#4841,.T.);
#4841 = SURFACE_CURVE('',#4842,(#4846,#4853),.PCURVE_S1.);
#4842 = LINE('',#4843,#4844);
#4843 = CARTESIAN_POINT('',(-18.,117.,1.8));
#4844 = VECTOR('',#4845,1.);
#4845 = DIRECTION('',(-0.,1.,0.));
#4846 = PCURVE('',#753,#4847);
#4847 = DEFINITIONAL_REPRESENTATION('',(#4848),#4852);
#4848 = LINE('',#4849,#4850);
#4849 = CARTESIAN_POINT('',(62.,0.));
#4850 = VECTOR('',#4851,1.);
#4851 = DIRECTION('',(1.,0.));
#4852 = ( GEOMETRIC_REPRESENTATION_CONTEXT(2) 
PARAMETRIC_REPRESENTATION_CONTEXT() REPRESENTATION_CONTEXT('2D SPACE',''
  ) );
#4853 = PCURVE('',#3119,#4854);
#4854 = DEFINITIONAL_REPRESENTATION('',(#4855),#4859);
#4855 = LINE('',#4856,#4857);
#4856 = CARTESIAN_POINT('',(-18.00000000001,116.95319417845));
#4857 = VECTOR('',#4858,1.);
#4858 = DIRECTION('',(0.,1.));
#4859 = ( GEOMETRIC_REPRESENTATION_CONTEXT(2) 
PARAMETRIC_REPRESENTATION_CONTEXT() REPRESENTATION_CONTEXT('2D SPACE',''
  ) );
#4860 = ORIENTED_EDGE('',*,*,#4765,.T.);
#4861 = ORIENTED_EDGE('',*,*,#738,.F.);
#4862 = ORIENTED_EDGE('',*,*,#4816,.F.);
#4863 = ADVANCED_FACE('',(#4864),#1563,.F.);
#4864 = FACE_BOUND('',#4865,.F.);
#4865 = EDGE_LOOP('',(#4866,#4887,#4888,#4889));
#4866 = ORIENTED_EDGE('',*,*,#4867,.F.);
#4867 = EDGE_CURVE('',#1515,#4868,#4870,.T.);
#4868 = VERTEX_POINT('',#4869);
#4869 = CARTESIAN_POINT('',(8.,61.2,3.25));
#4870 = SURFACE_CURVE('',#4871,(#4875,#4881),.PCURVE_S1.);
#4871 = LINE('',#4872,#4873);
#4872 = CARTESIAN_POINT('',(8.,61.6,2.85));
#4873 = VECTOR('',#4874,1.);
#4874 = DIRECTION('',(1.2293179544E-34,-0.707106781187,0.707106781187));
#4875 = PCURVE('',#1563,#4876);
#4876 = DEFINITIONAL_REPRESENTATION('',(#4877),#4880);
#4877 = B_SPLINE_CURVE_WITH_KNOTS('',1,(#4878,#4879),.UNSPECIFIED.,.F.,
  .F.,(2,2),(-0.565685424949,0.565685424949),.PIECEWISE_BEZIER_KNOTS.);
#4878 = CARTESIAN_POINT('',(0.,0.8));
#4879 = CARTESIAN_POINT('',(0.,1.727101704552E-15));
#4880 = ( GEOMETRIC_REPRESENTATION_CONTEXT(2) 
PARAMETRIC_REPRESENTATION_CONTEXT() REPRESENTATION_CONTEXT('2D SPACE',''
  ) );
#4881 = PCURVE('',#1530,#4882);
#4882 = DEFINITIONAL_REPRESENTATION('',(#4883),#4886);
#4883 = B_SPLINE_CURVE_WITH_KNOTS('',1,(#4884,#4885),.UNSPECIFIED.,.F.,
  .F.,(2,2),(-0.565685424949,0.565685424949),.PIECEWISE_BEZIER_KNOTS.);
#4884 = CARTESIAN_POINT('',(-16.,-0.565685424949));
#4885 = CARTESIAN_POINT('',(-16.,0.565685424949));
#4886 = ( GEOMETRIC_REPRESENTATION_CONTEXT(2) 
PARAMETRIC_REPRESENTATION_CONTEXT() REPRESENTATION_CONTEXT('2D SPACE',''
  ) );
#4887 = ORIENTED_EDGE('',*,*,#1542,.T.);
#4888 = ORIENTED_EDGE('',*,*,#2079,.T.);
#4889 = ORIENTED_EDGE('',*,*,#4890,.F.);
#4890 = EDGE_CURVE('',#4868,#1978,#4891,.T.);
#4891 = SURFACE_CURVE('',#4892,(#4897,#4904),.PCURVE_S1.);
#4892 = CIRCLE('',#4893,3.);
#4893 = AXIS2_PLACEMENT_3D('',#4894,#4895,#4896);
#4894 = CARTESIAN_POINT('',(8.,61.2,6.25));
#4895 = DIRECTION('',(0.,-1.,0.));
#4896 = DIRECTION('',(0.,0.,-1.));
#4897 = PCURVE('',#1563,#4898);
#4898 = DEFINITIONAL_REPRESENTATION('',(#4899),#4903);
#4899 = LINE('',#4900,#4901);
#4900 = CARTESIAN_POINT('',(-0.,-0.));
#4901 = VECTOR('',#4902,1.);
#4902 = DIRECTION('',(-1.,-0.));
#4903 = ( GEOMETRIC_REPRESENTATION_CONTEXT(2) 
PARAMETRIC_REPRESENTATION_CONTEXT() REPRESENTATION_CONTEXT('2D SPACE',''
  ) );
#4904 = PCURVE('',#1905,#4905);
#4905 = DEFINITIONAL_REPRESENTATION('',(#4906),#4910);
#4906 = LINE('',#4907,#4908);
#4907 = CARTESIAN_POINT('',(1.570796326795,5.2));
#4908 = VECTOR('',#4909,1.);
#4909 = DIRECTION('',(-1.,-0.));
#4910 = ( GEOMETRIC_REPRESENTATION_CONTEXT(2) 
PARAMETRIC_REPRESENTATION_CONTEXT() REPRESENTATION_CONTEXT('2D SPACE',''
  ) );
#4911 = ADVANCED_FACE('',(#4912),#1424,.T.);
#4912 = FACE_BOUND('',#4913,.F.);
#4913 = EDGE_LOOP('',(#4914,#4936,#4964,#4984));
#4914 = ORIENTED_EDGE('',*,*,#4915,.T.);
#4915 = EDGE_CURVE('',#1409,#4916,#4918,.T.);
#4916 = VERTEX_POINT('',#4917);
#4917 = CARTESIAN_POINT('',(-28.,60.499999997379,0.));
#4918 = SURFACE_CURVE('',#4919,(#4924,#4930),.PCURVE_S1.);
#4919 = CIRCLE('',#4920,1.5);
#4920 = AXIS2_PLACEMENT_3D('',#4921,#4922,#4923);
#4921 = CARTESIAN_POINT('',(-28.,60.499999997379,1.5));
#4922 = DIRECTION('',(-1.,-6.123233995737E-17,0.));
#4923 = DIRECTION('',(-6.123233995737E-17,1.,0.));
#4924 = PCURVE('',#1424,#4925);
#4925 = DEFINITIONAL_REPRESENTATION('',(#4926),#4929);
#4926 = B_SPLINE_CURVE_WITH_KNOTS('',1,(#4927,#4928),.UNSPECIFIED.,.F.,
  .F.,(2,2),(0.,1.570796326795),.PIECEWISE_BEZIER_KNOTS.);
#4927 = CARTESIAN_POINT('',(0.,0.));
#4928 = CARTESIAN_POINT('',(-1.570796326795,0.));
#4929 = ( GEOMETRIC_REPRESENTATION_CONTEXT(2) 
PARAMETRIC_REPRESENTATION_CONTEXT() REPRESENTATION_CONTEXT('2D SPACE',''
  ) );
#4930 = PCURVE('',#1686,#4931);
#4931 = DEFINITIONAL_REPRESENTATION('',(#4932),#4935);
#4932 = B_SPLINE_CURVE_WITH_KNOTS('',1,(#4933,#4934),.UNSPECIFIED.,.F.,
  .F.,(2,2),(0.,1.570796326795),.PIECEWISE_BEZIER_KNOTS.);
#4933 = CARTESIAN_POINT('',(1.570796326795,0.));
#4934 = CARTESIAN_POINT('',(1.570796326795,1.570796326795));
#4935 = ( GEOMETRIC_REPRESENTATION_CONTEXT(2) 
PARAMETRIC_REPRESENTATION_CONTEXT() REPRESENTATION_CONTEXT('2D SPACE',''
  ) );
#4936 = ORIENTED_EDGE('',*,*,#4937,.T.);
#4937 = EDGE_CURVE('',#4916,#4938,#4940,.T.);
#4938 = VERTEX_POINT('',#4939);
#4939 = CARTESIAN_POINT('',(28.,60.5,-2.22044604925E-16));
#4940 = SURFACE_CURVE('',#4941,(#4945,#4952),.PCURVE_S1.);
#4941 = LINE('',#4942,#4943);
#4942 = CARTESIAN_POINT('',(-28.,60.5,-2.22044604925E-16));
#4943 = VECTOR('',#4944,1.);
#4944 = DIRECTION('',(1.,0.,0.));
#4945 = PCURVE('',#1424,#4946);
#4946 = DEFINITIONAL_REPRESENTATION('',(#4947),#4951);
#4947 = LINE('',#4948,#4949);
#4948 = CARTESIAN_POINT('',(-1.570796326795,0.));
#4949 = VECTOR('',#4950,1.);
#4950 = DIRECTION('',(-0.,1.));
#4951 = ( GEOMETRIC_REPRESENTATION_CONTEXT(2) 
PARAMETRIC_REPRESENTATION_CONTEXT() REPRESENTATION_CONTEXT('2D SPACE',''
  ) );
#4952 = PCURVE('',#4953,#4958);
#4953 = PLANE('',#4954);
#4954 = AXIS2_PLACEMENT_3D('',#4955,#4956,#4957);
#4955 = CARTESIAN_POINT('',(1.12850119938E-11,4.680582154577E-02,0.));
#4956 = DIRECTION('',(0.,0.,1.));
#4957 = DIRECTION('',(1.,0.,-0.));
#4958 = DEFINITIONAL_REPRESENTATION('',(#4959),#4963);
#4959 = LINE('',#4960,#4961);
#4960 = CARTESIAN_POINT('',(-28.00000000001,60.453194178454));
#4961 = VECTOR('',#4962,1.);
#4962 = DIRECTION('',(1.,0.));
#4963 = ( GEOMETRIC_REPRESENTATION_CONTEXT(2) 
PARAMETRIC_REPRESENTATION_CONTEXT() REPRESENTATION_CONTEXT('2D SPACE',''
  ) );
#4964 = ORIENTED_EDGE('',*,*,#4965,.F.);
#4965 = EDGE_CURVE('',#1386,#4938,#4966,.T.);
#4966 = SURFACE_CURVE('',#4967,(#4972,#4978),.PCURVE_S1.);
#4967 = CIRCLE('',#4968,1.5);
#4968 = AXIS2_PLACEMENT_3D('',#4969,#4970,#4971);
#4969 = CARTESIAN_POINT('',(28.,60.5,1.5));
#4970 = DIRECTION('',(-1.,0.,-0.));
#4971 = DIRECTION('',(-0.,1.,0.));
#4972 = PCURVE('',#1424,#4973);
#4973 = DEFINITIONAL_REPRESENTATION('',(#4974),#4977);
#4974 = B_SPLINE_CURVE_WITH_KNOTS('',1,(#4975,#4976),.UNSPECIFIED.,.F.,
  .F.,(2,2),(0.,1.570796326795),.PIECEWISE_BEZIER_KNOTS.);
#4975 = CARTESIAN_POINT('',(0.,56.));
#4976 = CARTESIAN_POINT('',(-1.570796326795,56.));
#4977 = ( GEOMETRIC_REPRESENTATION_CONTEXT(2) 
PARAMETRIC_REPRESENTATION_CONTEXT() REPRESENTATION_CONTEXT('2D SPACE',''
  ) );
#4978 = PCURVE('',#2491,#4979);
#4979 = DEFINITIONAL_REPRESENTATION('',(#4980),#4983);
#4980 = B_SPLINE_CURVE_WITH_KNOTS('',1,(#4981,#4982),.UNSPECIFIED.,.F.,
  .F.,(2,2),(0.,1.570796326795),.PIECEWISE_BEZIER_KNOTS.);
#4981 = CARTESIAN_POINT('',(0.,0.));
#4982 = CARTESIAN_POINT('',(0.,1.570796326795));
#4983 = ( GEOMETRIC_REPRESENTATION_CONTEXT(2) 
PARAMETRIC_REPRESENTATION_CONTEXT() REPRESENTATION_CONTEXT('2D SPACE',''
  ) );
#4984 = ORIENTED_EDGE('',*,*,#1408,.F.);
#4985 = ADVANCED_FACE('',(#4986),#1530,.T.);
#4986 = FACE_BOUND('',#4987,.F.);
#4987 = EDGE_LOOP('',(#4988,#5009,#5010,#5011));
#4988 = ORIENTED_EDGE('',*,*,#4989,.F.);
#4989 = EDGE_CURVE('',#1482,#4990,#4992,.T.);
#4990 = VERTEX_POINT('',#4991);
#4991 = CARTESIAN_POINT('',(-8.,61.2,3.25));
#4992 = SURFACE_CURVE('',#4993,(#4997,#5003),.PCURVE_S1.);
#4993 = LINE('',#4994,#4995);
#4994 = CARTESIAN_POINT('',(-8.,61.2,3.25));
#4995 = VECTOR('',#4996,1.);
#4996 = DIRECTION('',(-9.038612477685E-18,-0.707106781187,0.707106781187
    ));
#4997 = PCURVE('',#1530,#4998);
#4998 = DEFINITIONAL_REPRESENTATION('',(#4999),#5002);
#4999 = B_SPLINE_CURVE_WITH_KNOTS('',1,(#5000,#5001),.UNSPECIFIED.,.F.,
  .F.,(2,2),(-1.131370849898,0.),.PIECEWISE_BEZIER_KNOTS.);
#5000 = CARTESIAN_POINT('',(0.,-0.565685424949));
#5001 = CARTESIAN_POINT('',(0.,0.565685424949));
#5002 = ( GEOMETRIC_REPRESENTATION_CONTEXT(2) 
PARAMETRIC_REPRESENTATION_CONTEXT() REPRESENTATION_CONTEXT('2D SPACE',''
  ) );
#5003 = PCURVE('',#1502,#5004);
#5004 = DEFINITIONAL_REPRESENTATION('',(#5005),#5008);
#5005 = B_SPLINE_CURVE_WITH_KNOTS('',1,(#5006,#5007),.UNSPECIFIED.,.F.,
  .F.,(2,2),(-1.131370849898,0.),.PIECEWISE_BEZIER_KNOTS.);
#5006 = CARTESIAN_POINT('',(-1.570796326795,0.8));
#5007 = CARTESIAN_POINT('',(-1.570796326795,0.));
#5008 = ( GEOMETRIC_REPRESENTATION_CONTEXT(2) 
PARAMETRIC_REPRESENTATION_CONTEXT() REPRESENTATION_CONTEXT('2D SPACE',''
  ) );
#5009 = ORIENTED_EDGE('',*,*,#1514,.T.);
#5010 = ORIENTED_EDGE('',*,*,#4867,.T.);
#5011 = ORIENTED_EDGE('',*,*,#5012,.F.);
#5012 = EDGE_CURVE('',#4990,#4868,#5013,.T.);
#5013 = SURFACE_CURVE('',#5014,(#5018,#5025),.PCURVE_S1.);
#5014 = LINE('',#5015,#5016);
#5015 = CARTESIAN_POINT('',(-8.,61.2,3.25));
#5016 = VECTOR('',#5017,1.);
#5017 = DIRECTION('',(1.,0.,0.));
#5018 = PCURVE('',#1530,#5019);
#5019 = DEFINITIONAL_REPRESENTATION('',(#5020),#5024);
#5020 = LINE('',#5021,#5022);
#5021 = CARTESIAN_POINT('',(-0.,0.565685424949));
#5022 = VECTOR('',#5023,1.);
#5023 = DIRECTION('',(-1.,0.));
#5024 = ( GEOMETRIC_REPRESENTATION_CONTEXT(2) 
PARAMETRIC_REPRESENTATION_CONTEXT() REPRESENTATION_CONTEXT('2D SPACE',''
  ) );
#5025 = PCURVE('',#1827,#5026);
#5026 = DEFINITIONAL_REPRESENTATION('',(#5027),#5031);
#5027 = LINE('',#5028,#5029);
#5028 = CARTESIAN_POINT('',(3.,5.2));
#5029 = VECTOR('',#5030,1.);
#5030 = DIRECTION('',(1.,0.));
#5031 = ( GEOMETRIC_REPRESENTATION_CONTEXT(2) 
PARAMETRIC_REPRESENTATION_CONTEXT() REPRESENTATION_CONTEXT('2D SPACE',''
  ) );
#5032 = ADVANCED_FACE('',(#5033),#1502,.F.);
#5033 = FACE_BOUND('',#5034,.F.);
#5034 = EDGE_LOOP('',(#5035,#5036,#5037,#5038));
#5035 = ORIENTED_EDGE('',*,*,#1601,.F.);
#5036 = ORIENTED_EDGE('',*,*,#1481,.T.);
#5037 = ORIENTED_EDGE('',*,*,#4989,.T.);
#5038 = ORIENTED_EDGE('',*,*,#5039,.F.);
#5039 = EDGE_CURVE('',#1602,#4990,#5040,.T.);
#5040 = SURFACE_CURVE('',#5041,(#5046,#5053),.PCURVE_S1.);
#5041 = CIRCLE('',#5042,3.);
#5042 = AXIS2_PLACEMENT_3D('',#5043,#5044,#5045);
#5043 = CARTESIAN_POINT('',(-8.,61.2,6.25));
#5044 = DIRECTION('',(0.,-1.,-0.));
#5045 = DIRECTION('',(-1.,0.,-2.960594732334E-16));
#5046 = PCURVE('',#1502,#5047);
#5047 = DEFINITIONAL_REPRESENTATION('',(#5048),#5052);
#5048 = LINE('',#5049,#5050);
#5049 = CARTESIAN_POINT('',(-0.,-0.));
#5050 = VECTOR('',#5051,1.);
#5051 = DIRECTION('',(-1.,-0.));
#5052 = ( GEOMETRIC_REPRESENTATION_CONTEXT(2) 
PARAMETRIC_REPRESENTATION_CONTEXT() REPRESENTATION_CONTEXT('2D SPACE',''
  ) );
#5053 = PCURVE('',#1739,#5054);
#5054 = DEFINITIONAL_REPRESENTATION('',(#5055),#5059);
#5055 = LINE('',#5056,#5057);
#5056 = CARTESIAN_POINT('',(-2.960594732334E-16,5.2));
#5057 = VECTOR('',#5058,1.);
#5058 = DIRECTION('',(-1.,0.));
#5059 = ( GEOMETRIC_REPRESENTATION_CONTEXT(2) 
PARAMETRIC_REPRESENTATION_CONTEXT() REPRESENTATION_CONTEXT('2D SPACE',''
  ) );
#5060 = ADVANCED_FACE('',(#5061),#1686,.T.);
#5061 = FACE_BOUND('',#5062,.T.);
#5062 = EDGE_LOOP('',(#5063,#5085,#5086,#5087));
#5063 = ORIENTED_EDGE('',*,*,#5064,.F.);
#5064 = EDGE_CURVE('',#1647,#5065,#5067,.T.);
#5065 = VERTEX_POINT('',#5066);
#5066 = CARTESIAN_POINT('',(-30.5,57.999999997379,-2.22044604925E-16));
#5067 = SURFACE_CURVE('',#5068,(#5073,#5079),.PCURVE_S1.);
#5068 = CIRCLE('',#5069,1.5);
#5069 = AXIS2_PLACEMENT_3D('',#5070,#5071,#5072);
#5070 = CARTESIAN_POINT('',(-30.5,57.999999997379,1.5));
#5071 = DIRECTION('',(-0.,-1.,-0.));
#5072 = DIRECTION('',(-1.,0.,0.));
#5073 = PCURVE('',#1686,#5074);
#5074 = DEFINITIONAL_REPRESENTATION('',(#5075),#5078);
#5075 = B_SPLINE_CURVE_WITH_KNOTS('',1,(#5076,#5077),.UNSPECIFIED.,.F.,
  .F.,(2,2),(0.,1.570796326795),.PIECEWISE_BEZIER_KNOTS.);
#5076 = CARTESIAN_POINT('',(0.,0.));
#5077 = CARTESIAN_POINT('',(0.,1.570796326795));
#5078 = ( GEOMETRIC_REPRESENTATION_CONTEXT(2) 
PARAMETRIC_REPRESENTATION_CONTEXT() REPRESENTATION_CONTEXT('2D SPACE',''
  ) );
#5079 = PCURVE('',#1794,#5080);
#5080 = DEFINITIONAL_REPRESENTATION('',(#5081),#5084);
#5081 = B_SPLINE_CURVE_WITH_KNOTS('',1,(#5082,#5083),.UNSPECIFIED.,.F.,
  .F.,(2,2),(0.,1.570796326795),.PIECEWISE_BEZIER_KNOTS.);
#5082 = CARTESIAN_POINT('',(0.,32.564404223217));
#5083 = CARTESIAN_POINT('',(-1.570796326795,32.564404223217));
#5084 = ( GEOMETRIC_REPRESENTATION_CONTEXT(2) 
PARAMETRIC_REPRESENTATION_CONTEXT() REPRESENTATION_CONTEXT('2D SPACE',''
  ) );
#5085 = ORIENTED_EDGE('',*,*,#1671,.T.);
#5086 = ORIENTED_EDGE('',*,*,#4915,.T.);
#5087 = ORIENTED_EDGE('',*,*,#5088,.F.);
#5088 = EDGE_CURVE('',#5065,#4916,#5089,.T.);
#5089 = SURFACE_CURVE('',#5090,(#5095,#5102),.PCURVE_S1.);
#5090 = CIRCLE('',#5091,2.5);
#5091 = AXIS2_PLACEMENT_3D('',#5092,#5093,#5094);
#5092 = CARTESIAN_POINT('',(-28.,57.999999997379,0.));
#5093 = DIRECTION('',(-0.,0.,-1.));
#5094 = DIRECTION('',(-1.,0.,0.));
#5095 = PCURVE('',#1686,#5096);
#5096 = DEFINITIONAL_REPRESENTATION('',(#5097),#5101);
#5097 = LINE('',#5098,#5099);
#5098 = CARTESIAN_POINT('',(0.,1.570796326795));
#5099 = VECTOR('',#5100,1.);
#5100 = DIRECTION('',(1.,0.));
#5101 = ( GEOMETRIC_REPRESENTATION_CONTEXT(2) 
PARAMETRIC_REPRESENTATION_CONTEXT() REPRESENTATION_CONTEXT('2D SPACE',''
  ) );
#5102 = PCURVE('',#4953,#5103);
#5103 = DEFINITIONAL_REPRESENTATION('',(#5104),#5112);
#5104 = ( BOUNDED_CURVE() B_SPLINE_CURVE(2,(#5105,#5106,#5107,#5108,
#5109,#5110,#5111),.UNSPECIFIED.,.T.,.F.) B_SPLINE_CURVE_WITH_KNOTS((1,2
    ,2,2,2,1),(-2.094395102393,0.,2.094395102393,4.188790204786,
6.28318530718,8.377580409573),.UNSPECIFIED.) CURVE() 
GEOMETRIC_REPRESENTATION_ITEM() RATIONAL_B_SPLINE_CURVE((1.,0.5,1.,0.5,
1.,0.5,1.)) REPRESENTATION_ITEM('') );
#5105 = CARTESIAN_POINT('',(-30.50000000001,57.953194175833));
#5106 = CARTESIAN_POINT('',(-30.50000000001,62.283321194756));
#5107 = CARTESIAN_POINT('',(-26.75000000001,60.118257685295));
#5108 = CARTESIAN_POINT('',(-23.00000000001,57.953194175833));
#5109 = CARTESIAN_POINT('',(-26.75000000001,55.788130666372));
#5110 = CARTESIAN_POINT('',(-30.50000000001,53.623067156911));
#5111 = CARTESIAN_POINT('',(-30.50000000001,57.953194175833));
#5112 = ( GEOMETRIC_REPRESENTATION_CONTEXT(2) 
PARAMETRIC_REPRESENTATION_CONTEXT() REPRESENTATION_CONTEXT('2D SPACE',''
  ) );
#5113 = ADVANCED_FACE('',(#5114),#1739,.F.);
#5114 = FACE_BOUND('',#5115,.T.);
#5115 = EDGE_LOOP('',(#5116,#5117,#5118,#5139));
#5116 = ORIENTED_EDGE('',*,*,#1725,.F.);
#5117 = ORIENTED_EDGE('',*,*,#1839,.T.);
#5118 = ORIENTED_EDGE('',*,*,#5119,.T.);
#5119 = EDGE_CURVE('',#1810,#4990,#5120,.T.);
#5120 = SURFACE_CURVE('',#5121,(#5125,#5132),.PCURVE_S1.);
#5121 = LINE('',#5122,#5123);
#5122 = CARTESIAN_POINT('',(-8.,56.,3.25));
#5123 = VECTOR('',#5124,1.);
#5124 = DIRECTION('',(-0.,1.,0.));
#5125 = PCURVE('',#1739,#5126);
#5126 = DEFINITIONAL_REPRESENTATION('',(#5127),#5131);
#5127 = LINE('',#5128,#5129);
#5128 = CARTESIAN_POINT('',(-1.570796326795,0.));
#5129 = VECTOR('',#5130,1.);
#5130 = DIRECTION('',(-0.,1.));
#5131 = ( GEOMETRIC_REPRESENTATION_CONTEXT(2) 
PARAMETRIC_REPRESENTATION_CONTEXT() REPRESENTATION_CONTEXT('2D SPACE',''
  ) );
#5132 = PCURVE('',#1827,#5133);
#5133 = DEFINITIONAL_REPRESENTATION('',(#5134),#5138);
#5134 = LINE('',#5135,#5136);
#5135 = CARTESIAN_POINT('',(3.,0.));
#5136 = VECTOR('',#5137,1.);
#5137 = DIRECTION('',(0.,1.));
#5138 = ( GEOMETRIC_REPRESENTATION_CONTEXT(2) 
PARAMETRIC_REPRESENTATION_CONTEXT() REPRESENTATION_CONTEXT('2D SPACE',''
  ) );
#5139 = ORIENTED_EDGE('',*,*,#5039,.F.);
#5140 = ADVANCED_FACE('',(#5141),#1794,.T.);
#5141 = FACE_BOUND('',#5142,.F.);
#5142 = EDGE_LOOP('',(#5143,#5165,#5186,#5187));
#5143 = ORIENTED_EDGE('',*,*,#5144,.T.);
#5144 = EDGE_CURVE('',#1756,#5145,#5147,.T.);
#5145 = VERTEX_POINT('',#5146);
#5146 = CARTESIAN_POINT('',(-30.5,25.435595774163,0.));
#5147 = SURFACE_CURVE('',#5148,(#5153,#5159),.PCURVE_S1.);
#5148 = CIRCLE('',#5149,1.5);
#5149 = AXIS2_PLACEMENT_3D('',#5150,#5151,#5152);
#5150 = CARTESIAN_POINT('',(-30.5,25.435595774163,1.5));
#5151 = DIRECTION('',(-2.22044604925E-16,-1.,0.));
#5152 = DIRECTION('',(1.,-2.22044604925E-16,0.));
#5153 = PCURVE('',#1794,#5154);
#5154 = DEFINITIONAL_REPRESENTATION('',(#5155),#5158);
#5155 = B_SPLINE_CURVE_WITH_KNOTS('',1,(#5156,#5157),.UNSPECIFIED.,.F.,
  .F.,(2,2),(3.14159265359,4.712388980385),.PIECEWISE_BEZIER_KNOTS.);
#5156 = CARTESIAN_POINT('',(0.,0.));
#5157 = CARTESIAN_POINT('',(-1.570796326795,0.));
#5158 = ( GEOMETRIC_REPRESENTATION_CONTEXT(2) 
PARAMETRIC_REPRESENTATION_CONTEXT() REPRESENTATION_CONTEXT('2D SPACE',''
  ) );
#5159 = PCURVE('',#1960,#5160);
#5160 = DEFINITIONAL_REPRESENTATION('',(#5161),#5164);
#5161 = B_SPLINE_CURVE_WITH_KNOTS('',1,(#5162,#5163),.UNSPECIFIED.,.F.,
  .F.,(2,2),(3.14159265359,4.712388980385),.PIECEWISE_BEZIER_KNOTS.);
#5162 = CARTESIAN_POINT('',(0.451026811796,3.14159265359));
#5163 = CARTESIAN_POINT('',(0.451026811796,4.712388980385));
#5164 = ( GEOMETRIC_REPRESENTATION_CONTEXT(2) 
PARAMETRIC_REPRESENTATION_CONTEXT() REPRESENTATION_CONTEXT('2D SPACE',''
  ) );
#5165 = ORIENTED_EDGE('',*,*,#5166,.T.);
#5166 = EDGE_CURVE('',#5145,#5065,#5167,.T.);
#5167 = SURFACE_CURVE('',#5168,(#5172,#5179),.PCURVE_S1.);
#5168 = LINE('',#5169,#5170);
#5169 = CARTESIAN_POINT('',(-30.5,25.435595774163,-2.22044604925E-16));
#5170 = VECTOR('',#5171,1.);
#5171 = DIRECTION('',(0.,1.,0.));
#5172 = PCURVE('',#1794,#5173);
#5173 = DEFINITIONAL_REPRESENTATION('',(#5174),#5178);
#5174 = LINE('',#5175,#5176);
#5175 = CARTESIAN_POINT('',(-1.570796326795,0.));
#5176 = VECTOR('',#5177,1.);
#5177 = DIRECTION('',(-0.,1.));
#5178 = ( GEOMETRIC_REPRESENTATION_CONTEXT(2) 
PARAMETRIC_REPRESENTATION_CONTEXT() REPRESENTATION_CONTEXT('2D SPACE',''
  ) );
#5179 = PCURVE('',#4953,#5180);
#5180 = DEFINITIONAL_REPRESENTATION('',(#5181),#5185);
#5181 = LINE('',#5182,#5183);
#5182 = CARTESIAN_POINT('',(-30.50000000001,25.388789952617));
#5183 = VECTOR('',#5184,1.);
#5184 = DIRECTION('',(0.,1.));
#5185 = ( GEOMETRIC_REPRESENTATION_CONTEXT(2) 
PARAMETRIC_REPRESENTATION_CONTEXT() REPRESENTATION_CONTEXT('2D SPACE',''
  ) );
#5186 = ORIENTED_EDGE('',*,*,#5064,.F.);
#5187 = ORIENTED_EDGE('',*,*,#1780,.F.);
#5188 = ADVANCED_FACE('',(#5189),#1827,.T.);
#5189 = FACE_BOUND('',#5190,.T.);
#5190 = EDGE_LOOP('',(#5191,#5212,#5213,#5214));
#5191 = ORIENTED_EDGE('',*,*,#5192,.T.);
#5192 = EDGE_CURVE('',#1812,#4868,#5193,.T.);
#5193 = SURFACE_CURVE('',#5194,(#5198,#5205),.PCURVE_S1.);
#5194 = LINE('',#5195,#5196);
#5195 = CARTESIAN_POINT('',(8.,56.,3.25));
#5196 = VECTOR('',#5197,1.);
#5197 = DIRECTION('',(-0.,1.,0.));
#5198 = PCURVE('',#1827,#5199);
#5199 = DEFINITIONAL_REPRESENTATION('',(#5200),#5204);
#5200 = LINE('',#5201,#5202);
#5201 = CARTESIAN_POINT('',(19.,0.));
#5202 = VECTOR('',#5203,1.);
#5203 = DIRECTION('',(0.,1.));
#5204 = ( GEOMETRIC_REPRESENTATION_CONTEXT(2) 
PARAMETRIC_REPRESENTATION_CONTEXT() REPRESENTATION_CONTEXT('2D SPACE',''
  ) );
#5205 = PCURVE('',#1905,#5206);
#5206 = DEFINITIONAL_REPRESENTATION('',(#5207),#5211);
#5207 = LINE('',#5208,#5209);
#5208 = CARTESIAN_POINT('',(1.570796326795,0.));
#5209 = VECTOR('',#5210,1.);
#5210 = DIRECTION('',(0.,1.));
#5211 = ( GEOMETRIC_REPRESENTATION_CONTEXT(2) 
PARAMETRIC_REPRESENTATION_CONTEXT() REPRESENTATION_CONTEXT('2D SPACE',''
  ) );
#5212 = ORIENTED_EDGE('',*,*,#5012,.F.);
#5213 = ORIENTED_EDGE('',*,*,#5119,.F.);
#5214 = ORIENTED_EDGE('',*,*,#1809,.T.);
#5215 = ADVANCED_FACE('',(#5216),#1905,.F.);
#5216 = FACE_BOUND('',#5217,.F.);
#5217 = EDGE_LOOP('',(#5218,#5219,#5220,#5221));
#5218 = ORIENTED_EDGE('',*,*,#1977,.F.);
#5219 = ORIENTED_EDGE('',*,*,#1890,.T.);
#5220 = ORIENTED_EDGE('',*,*,#5192,.T.);
#5221 = ORIENTED_EDGE('',*,*,#4890,.T.);
#5222 = ADVANCED_FACE('',(#5223),#1960,.T.);
#5223 = FACE_BOUND('',#5224,.T.);
#5224 = EDGE_LOOP('',(#5225,#5247,#5248,#5249));
#5225 = ORIENTED_EDGE('',*,*,#5226,.F.);
#5226 = EDGE_CURVE('',#1923,#5227,#5229,.T.);
#5227 = VERTEX_POINT('',#5228);
#5228 = CARTESIAN_POINT('',(-31.05,23.038201355215,0.));
#5229 = SURFACE_CURVE('',#5230,(#5235,#5241),.PCURVE_S1.);
#5230 = CIRCLE('',#5231,1.5);
#5231 = AXIS2_PLACEMENT_3D('',#5232,#5233,#5234);
#5232 = CARTESIAN_POINT('',(-31.05,23.038201355215,1.5));
#5233 = DIRECTION('',(-0.435889894354,-0.9,0.));
#5234 = DIRECTION('',(-0.9,0.435889894354,0.));
#5235 = PCURVE('',#1960,#5236);
#5236 = DEFINITIONAL_REPRESENTATION('',(#5237),#5240);
#5237 = B_SPLINE_CURVE_WITH_KNOTS('',1,(#5238,#5239),.UNSPECIFIED.,.F.,
  .F.,(2,2),(0.,1.570796326795),.PIECEWISE_BEZIER_KNOTS.);
#5238 = CARTESIAN_POINT('',(-8.881784197001E-16,3.14159265359));
#5239 = CARTESIAN_POINT('',(-8.881784197001E-16,4.712388980385));
#5240 = ( GEOMETRIC_REPRESENTATION_CONTEXT(2) 
PARAMETRIC_REPRESENTATION_CONTEXT() REPRESENTATION_CONTEXT('2D SPACE',''
  ) );
#5241 = PCURVE('',#2064,#5242);
#5242 = DEFINITIONAL_REPRESENTATION('',(#5243),#5246);
#5243 = B_SPLINE_CURVE_WITH_KNOTS('',1,(#5244,#5245),.UNSPECIFIED.,.F.,
  .F.,(2,2),(0.,1.570796326795),.PIECEWISE_BEZIER_KNOTS.);
#5244 = CARTESIAN_POINT('',(0.902053623593,0.));
#5245 = CARTESIAN_POINT('',(0.902053623593,1.570796326795));
#5246 = ( GEOMETRIC_REPRESENTATION_CONTEXT(2) 
PARAMETRIC_REPRESENTATION_CONTEXT() REPRESENTATION_CONTEXT('2D SPACE',''
  ) );
#5247 = ORIENTED_EDGE('',*,*,#1945,.T.);
#5248 = ORIENTED_EDGE('',*,*,#5144,.T.);
#5249 = ORIENTED_EDGE('',*,*,#5250,.F.);
#5250 = EDGE_CURVE('',#5227,#5145,#5251,.T.);
#5251 = SURFACE_CURVE('',#5252,(#5257,#5264),.PCURVE_S1.);
#5252 = CIRCLE('',#5253,5.5);
#5253 = AXIS2_PLACEMENT_3D('',#5254,#5255,#5256);
#5254 = CARTESIAN_POINT('',(-36.,25.435595774163,0.));
#5255 = DIRECTION('',(0.,0.,1.));
#5256 = DIRECTION('',(0.9,-0.435889894354,0.));
#5257 = PCURVE('',#1960,#5258);
#5258 = DEFINITIONAL_REPRESENTATION('',(#5259),#5263);
#5259 = LINE('',#5260,#5261);
#5260 = CARTESIAN_POINT('',(0.,4.712388980385));
#5261 = VECTOR('',#5262,1.);
#5262 = DIRECTION('',(1.,0.));
#5263 = ( GEOMETRIC_REPRESENTATION_CONTEXT(2) 
PARAMETRIC_REPRESENTATION_CONTEXT() REPRESENTATION_CONTEXT('2D SPACE',''
  ) );
#5264 = PCURVE('',#4953,#5265);
#5265 = DEFINITIONAL_REPRESENTATION('',(#5266),#5270);
#5266 = CIRCLE('',#5267,5.5);
#5267 = AXIS2_PLACEMENT_2D('',#5268,#5269);
#5268 = CARTESIAN_POINT('',(-36.00000000001,25.388789952617));
#5269 = DIRECTION('',(0.9,-0.435889894354));
#5270 = ( GEOMETRIC_REPRESENTATION_CONTEXT(2) 
PARAMETRIC_REPRESENTATION_CONTEXT() REPRESENTATION_CONTEXT('2D SPACE',''
  ) );
#5271 = ADVANCED_FACE('',(#5272),#2064,.T.);
#5272 = FACE_BOUND('',#5273,.T.);
#5273 = EDGE_LOOP('',(#5274,#5296,#5297,#5298));
#5274 = ORIENTED_EDGE('',*,*,#5275,.F.);
#5275 = EDGE_CURVE('',#2027,#5276,#5278,.T.);
#5276 = VERTEX_POINT('',#5277);
#5277 = CARTESIAN_POINT('',(-31.05,-7.038201355215,0.));
#5278 = SURFACE_CURVE('',#5279,(#5284,#5290),.PCURVE_S1.);
#5279 = CIRCLE('',#5280,1.5);
#5280 = AXIS2_PLACEMENT_3D('',#5281,#5282,#5283);
#5281 = CARTESIAN_POINT('',(-31.05,-7.038201355215,1.5));
#5282 = DIRECTION('',(0.435889894354,-0.9,0.));
#5283 = DIRECTION('',(0.9,0.435889894354,0.));
#5284 = PCURVE('',#2064,#5285);
#5285 = DEFINITIONAL_REPRESENTATION('',(#5286),#5289);
#5286 = B_SPLINE_CURVE_WITH_KNOTS('',1,(#5287,#5288),.UNSPECIFIED.,.F.,
  .F.,(2,2),(3.14159265359,4.712388980385),.PIECEWISE_BEZIER_KNOTS.);
#5287 = CARTESIAN_POINT('',(-4.440892098501E-16,0.));
#5288 = CARTESIAN_POINT('',(-4.440892098501E-16,1.570796326795));
#5289 = ( GEOMETRIC_REPRESENTATION_CONTEXT(2) 
PARAMETRIC_REPRESENTATION_CONTEXT() REPRESENTATION_CONTEXT('2D SPACE',''
  ) );
#5290 = PCURVE('',#2144,#5291);
#5291 = DEFINITIONAL_REPRESENTATION('',(#5292),#5295);
#5292 = B_SPLINE_CURVE_WITH_KNOTS('',1,(#5293,#5294),.UNSPECIFIED.,.F.,
  .F.,(2,2),(3.14159265359,4.712388980385),.PIECEWISE_BEZIER_KNOTS.);
#5293 = CARTESIAN_POINT('',(0.451026811796,3.14159265359));
#5294 = CARTESIAN_POINT('',(0.451026811796,4.712388980385));
#5295 = ( GEOMETRIC_REPRESENTATION_CONTEXT(2) 
PARAMETRIC_REPRESENTATION_CONTEXT() REPRESENTATION_CONTEXT('2D SPACE',''
  ) );
#5296 = ORIENTED_EDGE('',*,*,#2049,.T.);
#5297 = ORIENTED_EDGE('',*,*,#5226,.T.);
#5298 = ORIENTED_EDGE('',*,*,#5299,.F.);
#5299 = EDGE_CURVE('',#5276,#5227,#5300,.T.);
#5300 = SURFACE_CURVE('',#5301,(#5306,#5313),.PCURVE_S1.);
#5301 = CIRCLE('',#5302,34.5);
#5302 = AXIS2_PLACEMENT_3D('',#5303,#5304,#5305);
#5303 = CARTESIAN_POINT('',(0.,8.,0.));
#5304 = DIRECTION('',(-0.,0.,-1.));
#5305 = DIRECTION('',(-0.9,-0.435889894354,0.));
#5306 = PCURVE('',#2064,#5307);
#5307 = DEFINITIONAL_REPRESENTATION('',(#5308),#5312);
#5308 = LINE('',#5309,#5310);
#5309 = CARTESIAN_POINT('',(0.,1.570796326795));
#5310 = VECTOR('',#5311,1.);
#5311 = DIRECTION('',(1.,0.));
#5312 = ( GEOMETRIC_REPRESENTATION_CONTEXT(2) 
PARAMETRIC_REPRESENTATION_CONTEXT() REPRESENTATION_CONTEXT('2D SPACE',''
  ) );
#5313 = PCURVE('',#4953,#5314);
#5314 = DEFINITIONAL_REPRESENTATION('',(#5315),#5323);
#5315 = ( BOUNDED_CURVE() B_SPLINE_CURVE(2,(#5316,#5317,#5318,#5319,
#5320,#5321,#5322),.UNSPECIFIED.,.T.,.F.) B_SPLINE_CURVE_WITH_KNOTS((1,2
    ,2,2,2,1),(-2.094395102393,0.,2.094395102393,4.188790204786,
6.28318530718,8.377580409573),.UNSPECIFIED.) CURVE() 
GEOMETRIC_REPRESENTATION_ITEM() RATIONAL_B_SPLINE_CURVE((1.,0.5,1.,0.5,
1.,0.5,1.)) REPRESENTATION_ITEM('') );
#5316 = CARTESIAN_POINT('',(-31.05000000001,-7.085007176761));
#5317 = CARTESIAN_POINT('',(-57.09692880169,46.695170398253));
#5318 = CARTESIAN_POINT('',(2.501535599147,42.362383643569));
#5319 = CARTESIAN_POINT('',(62.099999999989,38.029596888885));
#5320 = CARTESIAN_POINT('',(28.548464400831,-11.41779393144));
#5321 = CARTESIAN_POINT('',(-5.003071198327,-60.86518475177));
#5322 = CARTESIAN_POINT('',(-31.05000000001,-7.085007176761));
#5323 = ( GEOMETRIC_REPRESENTATION_CONTEXT(2) 
PARAMETRIC_REPRESENTATION_CONTEXT() REPRESENTATION_CONTEXT('2D SPACE',''
  ) );
#5324 = ADVANCED_FACE('',(#5325),#2144,.T.);
#5325 = FACE_BOUND('',#5326,.T.);
#5326 = EDGE_LOOP('',(#5327,#5349,#5350,#5351));
#5327 = ORIENTED_EDGE('',*,*,#5328,.F.);
#5328 = EDGE_CURVE('',#2107,#5329,#5331,.T.);
#5329 = VERTEX_POINT('',#5330);
#5330 = CARTESIAN_POINT('',(-30.5,-9.435595774163,-2.22044604925E-16));
#5331 = SURFACE_CURVE('',#5332,(#5337,#5343),.PCURVE_S1.);
#5332 = CIRCLE('',#5333,1.5);
#5333 = AXIS2_PLACEMENT_3D('',#5334,#5335,#5336);
#5334 = CARTESIAN_POINT('',(-30.5,-9.435595774163,1.5));
#5335 = DIRECTION('',(-0.,-1.,-0.));
#5336 = DIRECTION('',(-1.,0.,0.));
#5337 = PCURVE('',#2144,#5338);
#5338 = DEFINITIONAL_REPRESENTATION('',(#5339),#5342);
#5339 = B_SPLINE_CURVE_WITH_KNOTS('',1,(#5340,#5341),.UNSPECIFIED.,.F.,
  .F.,(2,2),(0.,1.570796326795),.PIECEWISE_BEZIER_KNOTS.);
#5340 = CARTESIAN_POINT('',(0.,3.14159265359));
#5341 = CARTESIAN_POINT('',(0.,4.712388980385));
#5342 = ( GEOMETRIC_REPRESENTATION_CONTEXT(2) 
PARAMETRIC_REPRESENTATION_CONTEXT() REPRESENTATION_CONTEXT('2D SPACE',''
  ) );
#5343 = PCURVE('',#2198,#5344);
#5344 = DEFINITIONAL_REPRESENTATION('',(#5345),#5348);
#5345 = B_SPLINE_CURVE_WITH_KNOTS('',1,(#5346,#5347),.UNSPECIFIED.,.F.,
  .F.,(2,2),(0.,1.570796326795),.PIECEWISE_BEZIER_KNOTS.);
#5346 = CARTESIAN_POINT('',(0.,48.564404225838));
#5347 = CARTESIAN_POINT('',(-1.570796326795,48.564404225838));
#5348 = ( GEOMETRIC_REPRESENTATION_CONTEXT(2) 
PARAMETRIC_REPRESENTATION_CONTEXT() REPRESENTATION_CONTEXT('2D SPACE',''
  ) );
#5349 = ORIENTED_EDGE('',*,*,#2129,.T.);
#5350 = ORIENTED_EDGE('',*,*,#5275,.T.);
#5351 = ORIENTED_EDGE('',*,*,#5352,.F.);
#5352 = EDGE_CURVE('',#5329,#5276,#5353,.T.);
#5353 = SURFACE_CURVE('',#5354,(#5359,#5366),.PCURVE_S1.);
#5354 = CIRCLE('',#5355,5.5);
#5355 = AXIS2_PLACEMENT_3D('',#5356,#5357,#5358);
#5356 = CARTESIAN_POINT('',(-36.,-9.435595774163,0.));
#5357 = DIRECTION('',(0.,0.,1.));
#5358 = DIRECTION('',(1.,0.,-0.));
#5359 = PCURVE('',#2144,#5360);
#5360 = DEFINITIONAL_REPRESENTATION('',(#5361),#5365);
#5361 = LINE('',#5362,#5363);
#5362 = CARTESIAN_POINT('',(0.,4.712388980385));
#5363 = VECTOR('',#5364,1.);
#5364 = DIRECTION('',(1.,0.));
#5365 = ( GEOMETRIC_REPRESENTATION_CONTEXT(2) 
PARAMETRIC_REPRESENTATION_CONTEXT() REPRESENTATION_CONTEXT('2D SPACE',''
  ) );
#5366 = PCURVE('',#4953,#5367);
#5367 = DEFINITIONAL_REPRESENTATION('',(#5368),#5372);
#5368 = CIRCLE('',#5369,5.5);
#5369 = AXIS2_PLACEMENT_2D('',#5370,#5371);
#5370 = CARTESIAN_POINT('',(-36.00000000001,-9.482401595708));
#5371 = DIRECTION('',(1.,0.));
#5372 = ( GEOMETRIC_REPRESENTATION_CONTEXT(2) 
PARAMETRIC_REPRESENTATION_CONTEXT() REPRESENTATION_CONTEXT('2D SPACE',''
  ) );
#5373 = ADVANCED_FACE('',(#5374),#2198,.T.);
#5374 = FACE_BOUND('',#5375,.F.);
#5375 = EDGE_LOOP('',(#5376,#5398,#5419,#5420));
#5376 = ORIENTED_EDGE('',*,*,#5377,.T.);
#5377 = EDGE_CURVE('',#2160,#5378,#5380,.T.);
#5378 = VERTEX_POINT('',#5379);
#5379 = CARTESIAN_POINT('',(-30.5,-58.,-2.22044604925E-16));
#5380 = SURFACE_CURVE('',#5381,(#5386,#5392),.PCURVE_S1.);
#5381 = CIRCLE('',#5382,1.5);
#5382 = AXIS2_PLACEMENT_3D('',#5383,#5384,#5385);
#5383 = CARTESIAN_POINT('',(-30.5,-58.,1.5));
#5384 = DIRECTION('',(-0.,-1.,-0.));
#5385 = DIRECTION('',(-1.,0.,0.));
#5386 = PCURVE('',#2198,#5387);
#5387 = DEFINITIONAL_REPRESENTATION('',(#5388),#5391);
#5388 = B_SPLINE_CURVE_WITH_KNOTS('',1,(#5389,#5390),.UNSPECIFIED.,.F.,
  .F.,(2,2),(0.,1.570796326795),.PIECEWISE_BEZIER_KNOTS.);
#5389 = CARTESIAN_POINT('',(0.,-7.105427357601E-15));
#5390 = CARTESIAN_POINT('',(-1.570796326795,-7.105427357601E-15));
#5391 = ( GEOMETRIC_REPRESENTATION_CONTEXT(2) 
PARAMETRIC_REPRESENTATION_CONTEXT() REPRESENTATION_CONTEXT('2D SPACE',''
  ) );
#5392 = PCURVE('',#2546,#5393);
#5393 = DEFINITIONAL_REPRESENTATION('',(#5394),#5397);
#5394 = B_SPLINE_CURVE_WITH_KNOTS('',1,(#5395,#5396),.UNSPECIFIED.,.F.,
  .F.,(2,2),(0.,1.570796326795),.PIECEWISE_BEZIER_KNOTS.);
#5395 = CARTESIAN_POINT('',(1.570796326795,0.));
#5396 = CARTESIAN_POINT('',(1.570796326795,1.570796326795));
#5397 = ( GEOMETRIC_REPRESENTATION_CONTEXT(2) 
PARAMETRIC_REPRESENTATION_CONTEXT() REPRESENTATION_CONTEXT('2D SPACE',''
  ) );
#5398 = ORIENTED_EDGE('',*,*,#5399,.T.);
#5399 = EDGE_CURVE('',#5378,#5329,#5400,.T.);
#5400 = SURFACE_CURVE('',#5401,(#5405,#5412),.PCURVE_S1.);
#5401 = LINE('',#5402,#5403);
#5402 = CARTESIAN_POINT('',(-30.5,-58.,-2.22044604925E-16));
#5403 = VECTOR('',#5404,1.);
#5404 = DIRECTION('',(0.,1.,0.));
#5405 = PCURVE('',#2198,#5406);
#5406 = DEFINITIONAL_REPRESENTATION('',(#5407),#5411);
#5407 = LINE('',#5408,#5409);
#5408 = CARTESIAN_POINT('',(-1.570796326795,0.));
#5409 = VECTOR('',#5410,1.);
#5410 = DIRECTION('',(-0.,1.));
#5411 = ( GEOMETRIC_REPRESENTATION_CONTEXT(2) 
PARAMETRIC_REPRESENTATION_CONTEXT() REPRESENTATION_CONTEXT('2D SPACE',''
  ) );
#5412 = PCURVE('',#4953,#5413);
#5413 = DEFINITIONAL_REPRESENTATION('',(#5414),#5418);
#5414 = LINE('',#5415,#5416);
#5415 = CARTESIAN_POINT('',(-30.50000000001,-58.04680582154));
#5416 = VECTOR('',#5417,1.);
#5417 = DIRECTION('',(0.,1.));
#5418 = ( GEOMETRIC_REPRESENTATION_CONTEXT(2) 
PARAMETRIC_REPRESENTATION_CONTEXT() REPRESENTATION_CONTEXT('2D SPACE',''
  ) );
#5419 = ORIENTED_EDGE('',*,*,#5328,.F.);
#5420 = ORIENTED_EDGE('',*,*,#2184,.F.);
#5421 = ADVANCED_FACE('',(#5422),#2235,.F.);
#5422 = FACE_BOUND('',#5423,.T.);
#5423 = EDGE_LOOP('',(#5424,#5445,#5446,#5467));
#5424 = ORIENTED_EDGE('',*,*,#5425,.T.);
#5425 = EDGE_CURVE('',#4030,#2215,#5426,.T.);
#5426 = SURFACE_CURVE('',#5427,(#5431,#5438),.PCURVE_S1.);
#5427 = LINE('',#5428,#5429);
#5428 = CARTESIAN_POINT('',(-28.4,-48.,6.100000026439));
#5429 = VECTOR('',#5430,1.);
#5430 = DIRECTION('',(-1.,0.,0.));
#5431 = PCURVE('',#2235,#5432);
#5432 = DEFINITIONAL_REPRESENTATION('',(#5433),#5437);
#5433 = LINE('',#5434,#5435);
#5434 = CARTESIAN_POINT('',(-0.,3.6));
#5435 = VECTOR('',#5436,1.);
#5436 = DIRECTION('',(-0.,-1.));
#5437 = ( GEOMETRIC_REPRESENTATION_CONTEXT(2) 
PARAMETRIC_REPRESENTATION_CONTEXT() REPRESENTATION_CONTEXT('2D SPACE',''
  ) );
#5438 = PCURVE('',#2262,#5439);
#5439 = DEFINITIONAL_REPRESENTATION('',(#5440),#5444);
#5440 = LINE('',#5441,#5442);
#5441 = CARTESIAN_POINT('',(2.200000065169,3.6));
#5442 = VECTOR('',#5443,1.);
#5443 = DIRECTION('',(0.,-1.));
#5444 = ( GEOMETRIC_REPRESENTATION_CONTEXT(2) 
PARAMETRIC_REPRESENTATION_CONTEXT() REPRESENTATION_CONTEXT('2D SPACE',''
  ) );
#5445 = ORIENTED_EDGE('',*,*,#2212,.F.);
#5446 = ORIENTED_EDGE('',*,*,#5447,.F.);
#5447 = EDGE_CURVE('',#4028,#2213,#5448,.T.);
#5448 = SURFACE_CURVE('',#5449,(#5453,#5460),.PCURVE_S1.);
#5449 = LINE('',#5450,#5451);
#5450 = CARTESIAN_POINT('',(-28.4,-47.6,6.500000032584));
#5451 = VECTOR('',#5452,1.);
#5452 = DIRECTION('',(-1.,0.,0.));
#5453 = PCURVE('',#2235,#5454);
#5454 = DEFINITIONAL_REPRESENTATION('',(#5455),#5459);
#5455 = LINE('',#5456,#5457);
#5456 = CARTESIAN_POINT('',(-1.570796326795,3.6));
#5457 = VECTOR('',#5458,1.);
#5458 = DIRECTION('',(-0.,-1.));
#5459 = ( GEOMETRIC_REPRESENTATION_CONTEXT(2) 
PARAMETRIC_REPRESENTATION_CONTEXT() REPRESENTATION_CONTEXT('2D SPACE',''
  ) );
#5460 = PCURVE('',#2437,#5461);
#5461 = DEFINITIONAL_REPRESENTATION('',(#5462),#5466);
#5462 = LINE('',#5463,#5464);
#5463 = CARTESIAN_POINT('',(0.,3.6));
#5464 = VECTOR('',#5465,1.);
#5465 = DIRECTION('',(0.,-1.));
#5466 = ( GEOMETRIC_REPRESENTATION_CONTEXT(2) 
PARAMETRIC_REPRESENTATION_CONTEXT() REPRESENTATION_CONTEXT('2D SPACE',''
  ) );
#5467 = ORIENTED_EDGE('',*,*,#4027,.T.);
#5468 = ADVANCED_FACE('',(#5469),#2437,.T.);
#5469 = FACE_BOUND('',#5470,.T.);
#5470 = EDGE_LOOP('',(#5471,#5472,#5473,#5494));
#5471 = ORIENTED_EDGE('',*,*,#5447,.T.);
#5472 = ORIENTED_EDGE('',*,*,#2424,.F.);
#5473 = ORIENTED_EDGE('',*,*,#5474,.F.);
#5474 = EDGE_CURVE('',#4177,#2392,#5475,.T.);
#5475 = SURFACE_CURVE('',#5476,(#5480,#5487),.PCURVE_S1.);
#5476 = LINE('',#5477,#5478);
#5477 = CARTESIAN_POINT('',(-28.4,-35.4,6.500000032584));
#5478 = VECTOR('',#5479,1.);
#5479 = DIRECTION('',(-1.,0.,0.));
#5480 = PCURVE('',#2437,#5481);
#5481 = DEFINITIONAL_REPRESENTATION('',(#5482),#5486);
#5482 = LINE('',#5483,#5484);
#5483 = CARTESIAN_POINT('',(12.2,3.6));
#5484 = VECTOR('',#5485,1.);
#5485 = DIRECTION('',(0.,-1.));
#5486 = ( GEOMETRIC_REPRESENTATION_CONTEXT(2) 
PARAMETRIC_REPRESENTATION_CONTEXT() REPRESENTATION_CONTEXT('2D SPACE',''
  ) );
#5487 = PCURVE('',#2412,#5488);
#5488 = DEFINITIONAL_REPRESENTATION('',(#5489),#5493);
#5489 = LINE('',#5490,#5491);
#5490 = CARTESIAN_POINT('',(-1.570796326795,3.6));
#5491 = VECTOR('',#5492,1.);
#5492 = DIRECTION('',(-0.,-1.));
#5493 = ( GEOMETRIC_REPRESENTATION_CONTEXT(2) 
PARAMETRIC_REPRESENTATION_CONTEXT() REPRESENTATION_CONTEXT('2D SPACE',''
  ) );
#5494 = ORIENTED_EDGE('',*,*,#4204,.T.);
#5495 = ADVANCED_FACE('',(#5496),#2412,.F.);
#5496 = FACE_BOUND('',#5497,.T.);
#5497 = EDGE_LOOP('',(#5498,#5499,#5500,#5521));
#5498 = ORIENTED_EDGE('',*,*,#5474,.T.);
#5499 = ORIENTED_EDGE('',*,*,#2391,.F.);
#5500 = ORIENTED_EDGE('',*,*,#5501,.T.);
#5501 = EDGE_CURVE('',#2366,#4156,#5502,.T.);
#5502 = SURFACE_CURVE('',#5503,(#5507,#5514),.PCURVE_S1.);
#5503 = LINE('',#5504,#5505);
#5504 = CARTESIAN_POINT('',(-35.6,-35.,6.100000026439));
#5505 = VECTOR('',#5506,1.);
#5506 = DIRECTION('',(1.,0.,0.));
#5507 = PCURVE('',#2412,#5508);
#5508 = DEFINITIONAL_REPRESENTATION('',(#5509),#5513);
#5509 = LINE('',#5510,#5511);
#5510 = CARTESIAN_POINT('',(-3.14159265359,-3.6));
#5511 = VECTOR('',#5512,1.);
#5512 = DIRECTION('',(0.,1.));
#5513 = ( GEOMETRIC_REPRESENTATION_CONTEXT(2) 
PARAMETRIC_REPRESENTATION_CONTEXT() REPRESENTATION_CONTEXT('2D SPACE',''
  ) );
#5514 = PCURVE('',#2380,#5515);
#5515 = DEFINITIONAL_REPRESENTATION('',(#5516),#5520);
#5516 = LINE('',#5517,#5518);
#5517 = CARTESIAN_POINT('',(2.200000065169,-3.6));
#5518 = VECTOR('',#5519,1.);
#5519 = DIRECTION('',(0.,1.));
#5520 = ( GEOMETRIC_REPRESENTATION_CONTEXT(2) 
PARAMETRIC_REPRESENTATION_CONTEXT() REPRESENTATION_CONTEXT('2D SPACE',''
  ) );
#5521 = ORIENTED_EDGE('',*,*,#4176,.T.);
#5522 = ADVANCED_FACE('',(#5523),#2380,.F.);
#5523 = FACE_BOUND('',#5524,.F.);
#5524 = EDGE_LOOP('',(#5525,#5546,#5547,#5548));
#5525 = ORIENTED_EDGE('',*,*,#5526,.F.);
#5526 = EDGE_CURVE('',#2333,#4128,#5527,.T.);
#5527 = SURFACE_CURVE('',#5528,(#5532,#5539),.PCURVE_S1.);
#5528 = LINE('',#5529,#5530);
#5529 = CARTESIAN_POINT('',(-35.6,-35.,3.89999996127));
#5530 = VECTOR('',#5531,1.);
#5531 = DIRECTION('',(1.,0.,0.));
#5532 = PCURVE('',#2380,#5533);
#5533 = DEFINITIONAL_REPRESENTATION('',(#5534),#5538);
#5534 = LINE('',#5535,#5536);
#5535 = CARTESIAN_POINT('',(0.,-3.6));
#5536 = VECTOR('',#5537,1.);
#5537 = DIRECTION('',(0.,1.));
#5538 = ( GEOMETRIC_REPRESENTATION_CONTEXT(2) 
PARAMETRIC_REPRESENTATION_CONTEXT() REPRESENTATION_CONTEXT('2D SPACE',''
  ) );
#5539 = PCURVE('',#2353,#5540);
#5540 = DEFINITIONAL_REPRESENTATION('',(#5541),#5545);
#5541 = LINE('',#5542,#5543);
#5542 = CARTESIAN_POINT('',(-3.14159265359,-3.6));
#5543 = VECTOR('',#5544,1.);
#5544 = DIRECTION('',(0.,1.));
#5545 = ( GEOMETRIC_REPRESENTATION_CONTEXT(2) 
PARAMETRIC_REPRESENTATION_CONTEXT() REPRESENTATION_CONTEXT('2D SPACE',''
  ) );
#5546 = ORIENTED_EDGE('',*,*,#2365,.F.);
#5547 = ORIENTED_EDGE('',*,*,#5501,.T.);
#5548 = ORIENTED_EDGE('',*,*,#4155,.T.);
#5549 = ADVANCED_FACE('',(#5550),#2353,.F.);
#5550 = FACE_BOUND('',#5551,.T.);
#5551 = EDGE_LOOP('',(#5552,#5553,#5554,#5575));
#5552 = ORIENTED_EDGE('',*,*,#5526,.F.);
#5553 = ORIENTED_EDGE('',*,*,#2332,.F.);
#5554 = ORIENTED_EDGE('',*,*,#5555,.T.);
#5555 = EDGE_CURVE('',#2307,#4107,#5556,.T.);
#5556 = SURFACE_CURVE('',#5557,(#5561,#5568),.PCURVE_S1.);
#5557 = LINE('',#5558,#5559);
#5558 = CARTESIAN_POINT('',(-35.6,-35.4,3.5));
#5559 = VECTOR('',#5560,1.);
#5560 = DIRECTION('',(1.,0.,0.));
#5561 = PCURVE('',#2353,#5562);
#5562 = DEFINITIONAL_REPRESENTATION('',(#5563),#5567);
#5563 = LINE('',#5564,#5565);
#5564 = CARTESIAN_POINT('',(-4.712388980385,-3.6));
#5565 = VECTOR('',#5566,1.);
#5566 = DIRECTION('',(0.,1.));
#5567 = ( GEOMETRIC_REPRESENTATION_CONTEXT(2) 
PARAMETRIC_REPRESENTATION_CONTEXT() REPRESENTATION_CONTEXT('2D SPACE',''
  ) );
#5568 = PCURVE('',#2321,#5569);
#5569 = DEFINITIONAL_REPRESENTATION('',(#5570),#5574);
#5570 = LINE('',#5571,#5572);
#5571 = CARTESIAN_POINT('',(12.2,-3.6));
#5572 = VECTOR('',#5573,1.);
#5573 = DIRECTION('',(0.,1.));
#5574 = ( GEOMETRIC_REPRESENTATION_CONTEXT(2) 
PARAMETRIC_REPRESENTATION_CONTEXT() REPRESENTATION_CONTEXT('2D SPACE',''
  ) );
#5575 = ORIENTED_EDGE('',*,*,#4127,.T.);
#5576 = ADVANCED_FACE('',(#5577),#2321,.F.);
#5577 = FACE_BOUND('',#5578,.F.);
#5578 = EDGE_LOOP('',(#5579,#5600,#5601,#5602));
#5579 = ORIENTED_EDGE('',*,*,#5580,.F.);
#5580 = EDGE_CURVE('',#2274,#4079,#5581,.T.);
#5581 = SURFACE_CURVE('',#5582,(#5586,#5593),.PCURVE_S1.);
#5582 = LINE('',#5583,#5584);
#5583 = CARTESIAN_POINT('',(-35.6,-47.6,3.5));
#5584 = VECTOR('',#5585,1.);
#5585 = DIRECTION('',(1.,0.,0.));
#5586 = PCURVE('',#2321,#5587);
#5587 = DEFINITIONAL_REPRESENTATION('',(#5588),#5592);
#5588 = LINE('',#5589,#5590);
#5589 = CARTESIAN_POINT('',(0.,-3.6));
#5590 = VECTOR('',#5591,1.);
#5591 = DIRECTION('',(0.,1.));
#5592 = ( GEOMETRIC_REPRESENTATION_CONTEXT(2) 
PARAMETRIC_REPRESENTATION_CONTEXT() REPRESENTATION_CONTEXT('2D SPACE',''
  ) );
#5593 = PCURVE('',#2294,#5594);
#5594 = DEFINITIONAL_REPRESENTATION('',(#5595),#5599);
#5595 = LINE('',#5596,#5597);
#5596 = CARTESIAN_POINT('',(-4.712388980385,-3.6));
#5597 = VECTOR('',#5598,1.);
#5598 = DIRECTION('',(0.,1.));
#5599 = ( GEOMETRIC_REPRESENTATION_CONTEXT(2) 
PARAMETRIC_REPRESENTATION_CONTEXT() REPRESENTATION_CONTEXT('2D SPACE',''
  ) );
#5600 = ORIENTED_EDGE('',*,*,#2306,.F.);
#5601 = ORIENTED_EDGE('',*,*,#5555,.T.);
#5602 = ORIENTED_EDGE('',*,*,#4106,.T.);
#5603 = ADVANCED_FACE('',(#5604),#2294,.F.);
#5604 = FACE_BOUND('',#5605,.T.);
#5605 = EDGE_LOOP('',(#5606,#5607,#5608,#5629));
#5606 = ORIENTED_EDGE('',*,*,#5580,.F.);
#5607 = ORIENTED_EDGE('',*,*,#2273,.F.);
#5608 = ORIENTED_EDGE('',*,*,#5609,.T.);
#5609 = EDGE_CURVE('',#2248,#4058,#5610,.T.);
#5610 = SURFACE_CURVE('',#5611,(#5615,#5622),.PCURVE_S1.);
#5611 = LINE('',#5612,#5613);
#5612 = CARTESIAN_POINT('',(-35.6,-48.,3.89999996127));
#5613 = VECTOR('',#5614,1.);
#5614 = DIRECTION('',(1.,0.,0.));
#5615 = PCURVE('',#2294,#5616);
#5616 = DEFINITIONAL_REPRESENTATION('',(#5617),#5621);
#5617 = LINE('',#5618,#5619);
#5618 = CARTESIAN_POINT('',(-6.28318530718,-3.6));
#5619 = VECTOR('',#5620,1.);
#5620 = DIRECTION('',(0.,1.));
#5621 = ( GEOMETRIC_REPRESENTATION_CONTEXT(2) 
PARAMETRIC_REPRESENTATION_CONTEXT() REPRESENTATION_CONTEXT('2D SPACE',''
  ) );
#5622 = PCURVE('',#2262,#5623);
#5623 = DEFINITIONAL_REPRESENTATION('',(#5624),#5628);
#5624 = LINE('',#5625,#5626);
#5625 = CARTESIAN_POINT('',(0.,-3.6));
#5626 = VECTOR('',#5627,1.);
#5627 = DIRECTION('',(0.,1.));
#5628 = ( GEOMETRIC_REPRESENTATION_CONTEXT(2) 
PARAMETRIC_REPRESENTATION_CONTEXT() REPRESENTATION_CONTEXT('2D SPACE',''
  ) );
#5629 = ORIENTED_EDGE('',*,*,#4078,.T.);
#5630 = ADVANCED_FACE('',(#5631),#2262,.T.);
#5631 = FACE_BOUND('',#5632,.T.);
#5632 = EDGE_LOOP('',(#5633,#5634,#5635,#5636));
#5633 = ORIENTED_EDGE('',*,*,#5609,.F.);
#5634 = ORIENTED_EDGE('',*,*,#2247,.F.);
#5635 = ORIENTED_EDGE('',*,*,#5425,.F.);
#5636 = ORIENTED_EDGE('',*,*,#4057,.T.);
#5637 = ADVANCED_FACE('',(#5638),#2491,.T.);
#5638 = FACE_BOUND('',#5639,.T.);
#5639 = EDGE_LOOP('',(#5640,#5641,#5642,#5664));
#5640 = ORIENTED_EDGE('',*,*,#4965,.F.);
#5641 = ORIENTED_EDGE('',*,*,#2476,.T.);
#5642 = ORIENTED_EDGE('',*,*,#5643,.T.);
#5643 = EDGE_CURVE('',#2454,#5644,#5646,.T.);
#5644 = VERTEX_POINT('',#5645);
#5645 = CARTESIAN_POINT('',(30.5,57.99999999751,0.));
#5646 = SURFACE_CURVE('',#5647,(#5652,#5658),.PCURVE_S1.);
#5647 = CIRCLE('',#5648,1.5);
#5648 = AXIS2_PLACEMENT_3D('',#5649,#5650,#5651);
#5649 = CARTESIAN_POINT('',(30.5,57.99999999751,1.5));
#5650 = DIRECTION('',(-6.123233995737E-17,1.,0.));
#5651 = DIRECTION('',(1.,6.123233995737E-17,0.));
#5652 = PCURVE('',#2491,#5653);
#5653 = DEFINITIONAL_REPRESENTATION('',(#5654),#5657);
#5654 = B_SPLINE_CURVE_WITH_KNOTS('',1,(#5655,#5656),.UNSPECIFIED.,.F.,
  .F.,(2,2),(0.,1.570796326795),.PIECEWISE_BEZIER_KNOTS.);
#5655 = CARTESIAN_POINT('',(1.570796326795,0.));
#5656 = CARTESIAN_POINT('',(1.570796326795,1.570796326795));
#5657 = ( GEOMETRIC_REPRESENTATION_CONTEXT(2) 
PARAMETRIC_REPRESENTATION_CONTEXT() REPRESENTATION_CONTEXT('2D SPACE',''
  ) );
#5658 = PCURVE('',#2600,#5659);
#5659 = DEFINITIONAL_REPRESENTATION('',(#5660),#5663);
#5660 = B_SPLINE_CURVE_WITH_KNOTS('',1,(#5661,#5662),.UNSPECIFIED.,.F.,
  .F.,(2,2),(0.,1.570796326795),.PIECEWISE_BEZIER_KNOTS.);
#5661 = CARTESIAN_POINT('',(0.,0.));
#5662 = CARTESIAN_POINT('',(-1.570796326795,0.));
#5663 = ( GEOMETRIC_REPRESENTATION_CONTEXT(2) 
PARAMETRIC_REPRESENTATION_CONTEXT() REPRESENTATION_CONTEXT('2D SPACE',''
  ) );
#5664 = ORIENTED_EDGE('',*,*,#5665,.F.);
#5665 = EDGE_CURVE('',#4938,#5644,#5666,.T.);
#5666 = SURFACE_CURVE('',#5667,(#5672,#5679),.PCURVE_S1.);
#5667 = CIRCLE('',#5668,2.5);
#5668 = AXIS2_PLACEMENT_3D('',#5669,#5670,#5671);
#5669 = CARTESIAN_POINT('',(28.,57.99999999751,0.));
#5670 = DIRECTION('',(0.,-0.,-1.));
#5671 = DIRECTION('',(0.,1.,-0.));
#5672 = PCURVE('',#2491,#5673);
#5673 = DEFINITIONAL_REPRESENTATION('',(#5674),#5678);
#5674 = LINE('',#5675,#5676);
#5675 = CARTESIAN_POINT('',(0.,1.570796326795));
#5676 = VECTOR('',#5677,1.);
#5677 = DIRECTION('',(1.,0.));
#5678 = ( GEOMETRIC_REPRESENTATION_CONTEXT(2) 
PARAMETRIC_REPRESENTATION_CONTEXT() REPRESENTATION_CONTEXT('2D SPACE',''
  ) );
#5679 = PCURVE('',#4953,#5680);
#5680 = DEFINITIONAL_REPRESENTATION('',(#5681),#5689);
#5681 = ( BOUNDED_CURVE() B_SPLINE_CURVE(2,(#5682,#5683,#5684,#5685,
#5686,#5687,#5688),.UNSPECIFIED.,.T.,.F.) B_SPLINE_CURVE_WITH_KNOTS((1,2
    ,2,2,2,1),(-2.094395102393,0.,2.094395102393,4.188790204786,
6.28318530718,8.377580409573),.UNSPECIFIED.) CURVE() 
GEOMETRIC_REPRESENTATION_ITEM() RATIONAL_B_SPLINE_CURVE((1.,0.5,1.,0.5,
1.,0.5,1.)) REPRESENTATION_ITEM('') );
#5682 = CARTESIAN_POINT('',(27.999999999989,60.453194175964));
#5683 = CARTESIAN_POINT('',(32.330127018911,60.453194175964));
#5684 = CARTESIAN_POINT('',(30.16506350945,56.703194175964));
#5685 = CARTESIAN_POINT('',(27.999999999989,52.953194175964));
#5686 = CARTESIAN_POINT('',(25.834936490528,56.703194175964));
#5687 = CARTESIAN_POINT('',(23.669872981067,60.453194175964));
#5688 = CARTESIAN_POINT('',(27.999999999989,60.453194175964));
#5689 = ( GEOMETRIC_REPRESENTATION_CONTEXT(2) 
PARAMETRIC_REPRESENTATION_CONTEXT() REPRESENTATION_CONTEXT('2D SPACE',''
  ) );
#5690 = ADVANCED_FACE('',(#5691),#2546,.T.);
#5691 = FACE_BOUND('',#5692,.T.);
#5692 = EDGE_LOOP('',(#5693,#5715,#5716,#5717));
#5693 = ORIENTED_EDGE('',*,*,#5694,.F.);
#5694 = EDGE_CURVE('',#2507,#5695,#5697,.T.);
#5695 = VERTEX_POINT('',#5696);
#5696 = CARTESIAN_POINT('',(-28.,-60.5,-2.22044604925E-16));
#5697 = SURFACE_CURVE('',#5698,(#5703,#5709),.PCURVE_S1.);
#5698 = CIRCLE('',#5699,1.5);
#5699 = AXIS2_PLACEMENT_3D('',#5700,#5701,#5702);
#5700 = CARTESIAN_POINT('',(-28.,-60.5,1.5));
#5701 = DIRECTION('',(1.,0.,0.));
#5702 = DIRECTION('',(0.,-1.,0.));
#5703 = PCURVE('',#2546,#5704);
#5704 = DEFINITIONAL_REPRESENTATION('',(#5705),#5708);
#5705 = B_SPLINE_CURVE_WITH_KNOTS('',1,(#5706,#5707),.UNSPECIFIED.,.F.,
  .F.,(2,2),(0.,1.570796326795),.PIECEWISE_BEZIER_KNOTS.);
#5706 = CARTESIAN_POINT('',(0.,0.));
#5707 = CARTESIAN_POINT('',(0.,1.570796326795));
#5708 = ( GEOMETRIC_REPRESENTATION_CONTEXT(2) 
PARAMETRIC_REPRESENTATION_CONTEXT() REPRESENTATION_CONTEXT('2D SPACE',''
  ) );
#5709 = PCURVE('',#2654,#5710);
#5710 = DEFINITIONAL_REPRESENTATION('',(#5711),#5714);
#5711 = B_SPLINE_CURVE_WITH_KNOTS('',1,(#5712,#5713),.UNSPECIFIED.,.F.,
  .F.,(2,2),(0.,1.570796326795),.PIECEWISE_BEZIER_KNOTS.);
#5712 = CARTESIAN_POINT('',(0.,56.));
#5713 = CARTESIAN_POINT('',(-1.570796326795,56.));
#5714 = ( GEOMETRIC_REPRESENTATION_CONTEXT(2) 
PARAMETRIC_REPRESENTATION_CONTEXT() REPRESENTATION_CONTEXT('2D SPACE',''
  ) );
#5715 = ORIENTED_EDGE('',*,*,#2531,.T.);
#5716 = ORIENTED_EDGE('',*,*,#5377,.T.);
#5717 = ORIENTED_EDGE('',*,*,#5718,.F.);
#5718 = EDGE_CURVE('',#5695,#5378,#5719,.T.);
#5719 = SURFACE_CURVE('',#5720,(#5725,#5732),.PCURVE_S1.);
#5720 = CIRCLE('',#5721,2.5);
#5721 = AXIS2_PLACEMENT_3D('',#5722,#5723,#5724);
#5722 = CARTESIAN_POINT('',(-28.,-58.,0.));
#5723 = DIRECTION('',(-0.,-0.,-1.));
#5724 = DIRECTION('',(0.,-1.,0.));
#5725 = PCURVE('',#2546,#5726);
#5726 = DEFINITIONAL_REPRESENTATION('',(#5727),#5731);
#5727 = LINE('',#5728,#5729);
#5728 = CARTESIAN_POINT('',(0.,1.570796326795));
#5729 = VECTOR('',#5730,1.);
#5730 = DIRECTION('',(1.,0.));
#5731 = ( GEOMETRIC_REPRESENTATION_CONTEXT(2) 
PARAMETRIC_REPRESENTATION_CONTEXT() REPRESENTATION_CONTEXT('2D SPACE',''
  ) );
#5732 = PCURVE('',#4953,#5733);
#5733 = DEFINITIONAL_REPRESENTATION('',(#5734),#5742);
#5734 = ( BOUNDED_CURVE() B_SPLINE_CURVE(2,(#5735,#5736,#5737,#5738,
#5739,#5740,#5741),.UNSPECIFIED.,.T.,.F.) B_SPLINE_CURVE_WITH_KNOTS((1,2
    ,2,2,2,1),(-2.094395102393,0.,2.094395102393,4.188790204786,
6.28318530718,8.377580409573),.UNSPECIFIED.) CURVE() 
GEOMETRIC_REPRESENTATION_ITEM() RATIONAL_B_SPLINE_CURVE((1.,0.5,1.,0.5,
1.,0.5,1.)) REPRESENTATION_ITEM('') );
#5735 = CARTESIAN_POINT('',(-28.00000000001,-60.54680582154));
#5736 = CARTESIAN_POINT('',(-32.33012701893,-60.54680582154));
#5737 = CARTESIAN_POINT('',(-30.16506350947,-56.79680582154));
#5738 = CARTESIAN_POINT('',(-28.00000000001,-53.04680582154));
#5739 = CARTESIAN_POINT('',(-25.83493649055,-56.79680582154));
#5740 = CARTESIAN_POINT('',(-23.66987298108,-60.54680582154));
#5741 = CARTESIAN_POINT('',(-28.00000000001,-60.54680582154));
#5742 = ( GEOMETRIC_REPRESENTATION_CONTEXT(2) 
PARAMETRIC_REPRESENTATION_CONTEXT() REPRESENTATION_CONTEXT('2D SPACE',''
  ) );
#5743 = ADVANCED_FACE('',(#5744),#2600,.T.);
#5744 = FACE_BOUND('',#5745,.F.);
#5745 = EDGE_LOOP('',(#5746,#5747,#5770,#5790));
#5746 = ORIENTED_EDGE('',*,*,#5643,.T.);
#5747 = ORIENTED_EDGE('',*,*,#5748,.T.);
#5748 = EDGE_CURVE('',#5644,#5749,#5751,.T.);
#5749 = VERTEX_POINT('',#5750);
#5750 = CARTESIAN_POINT('',(30.5,25.435595774163,-2.22044604925E-16));
#5751 = SURFACE_CURVE('',#5752,(#5756,#5763),.PCURVE_S1.);
#5752 = LINE('',#5753,#5754);
#5753 = CARTESIAN_POINT('',(30.5,57.99999999751,-2.22044604925E-16));
#5754 = VECTOR('',#5755,1.);
#5755 = DIRECTION('',(-0.,-1.,-0.));
#5756 = PCURVE('',#2600,#5757);
#5757 = DEFINITIONAL_REPRESENTATION('',(#5758),#5762);
#5758 = LINE('',#5759,#5760);
#5759 = CARTESIAN_POINT('',(-1.570796326795,0.));
#5760 = VECTOR('',#5761,1.);
#5761 = DIRECTION('',(-0.,1.));
#5762 = ( GEOMETRIC_REPRESENTATION_CONTEXT(2) 
PARAMETRIC_REPRESENTATION_CONTEXT() REPRESENTATION_CONTEXT('2D SPACE',''
  ) );
#5763 = PCURVE('',#4953,#5764);
#5764 = DEFINITIONAL_REPRESENTATION('',(#5765),#5769);
#5765 = LINE('',#5766,#5767);
#5766 = CARTESIAN_POINT('',(30.499999999989,57.953194175964));
#5767 = VECTOR('',#5768,1.);
#5768 = DIRECTION('',(0.,-1.));
#5769 = ( GEOMETRIC_REPRESENTATION_CONTEXT(2) 
PARAMETRIC_REPRESENTATION_CONTEXT() REPRESENTATION_CONTEXT('2D SPACE',''
  ) );
#5770 = ORIENTED_EDGE('',*,*,#5771,.F.);
#5771 = EDGE_CURVE('',#2562,#5749,#5772,.T.);
#5772 = SURFACE_CURVE('',#5773,(#5778,#5784),.PCURVE_S1.);
#5773 = CIRCLE('',#5774,1.5);
#5774 = AXIS2_PLACEMENT_3D('',#5775,#5776,#5777);
#5775 = CARTESIAN_POINT('',(30.5,25.435595774163,1.5));
#5776 = DIRECTION('',(0.,1.,0.));
#5777 = DIRECTION('',(1.,-0.,0.));
#5778 = PCURVE('',#2600,#5779);
#5779 = DEFINITIONAL_REPRESENTATION('',(#5780),#5783);
#5780 = B_SPLINE_CURVE_WITH_KNOTS('',1,(#5781,#5782),.UNSPECIFIED.,.F.,
  .F.,(2,2),(0.,1.570796326795),.PIECEWISE_BEZIER_KNOTS.);
#5781 = CARTESIAN_POINT('',(0.,32.564404223347));
#5782 = CARTESIAN_POINT('',(-1.570796326795,32.564404223347));
#5783 = ( GEOMETRIC_REPRESENTATION_CONTEXT(2) 
PARAMETRIC_REPRESENTATION_CONTEXT() REPRESENTATION_CONTEXT('2D SPACE',''
  ) );
#5784 = PCURVE('',#2709,#5785);
#5785 = DEFINITIONAL_REPRESENTATION('',(#5786),#5789);
#5786 = B_SPLINE_CURVE_WITH_KNOTS('',1,(#5787,#5788),.UNSPECIFIED.,.F.,
  .F.,(2,2),(0.,1.570796326795),.PIECEWISE_BEZIER_KNOTS.);
#5787 = CARTESIAN_POINT('',(8.881784197001E-16,3.14159265359));
#5788 = CARTESIAN_POINT('',(8.881784197001E-16,4.712388980385));
#5789 = ( GEOMETRIC_REPRESENTATION_CONTEXT(2) 
PARAMETRIC_REPRESENTATION_CONTEXT() REPRESENTATION_CONTEXT('2D SPACE',''
  ) );
#5790 = ORIENTED_EDGE('',*,*,#2586,.F.);
#5791 = ADVANCED_FACE('',(#5792),#2654,.T.);
#5792 = FACE_BOUND('',#5793,.F.);
#5793 = EDGE_LOOP('',(#5794,#5816,#5837,#5838));
#5794 = ORIENTED_EDGE('',*,*,#5795,.T.);
#5795 = EDGE_CURVE('',#2618,#5796,#5798,.T.);
#5796 = VERTEX_POINT('',#5797);
#5797 = CARTESIAN_POINT('',(28.,-60.5,0.));
#5798 = SURFACE_CURVE('',#5799,(#5804,#5810),.PCURVE_S1.);
#5799 = CIRCLE('',#5800,1.5);
#5800 = AXIS2_PLACEMENT_3D('',#5801,#5802,#5803);
#5801 = CARTESIAN_POINT('',(28.,-60.5,1.5));
#5802 = DIRECTION('',(1.,6.123233995737E-17,0.));
#5803 = DIRECTION('',(6.123233995737E-17,-1.,0.));
#5804 = PCURVE('',#2654,#5805);
#5805 = DEFINITIONAL_REPRESENTATION('',(#5806),#5809);
#5806 = B_SPLINE_CURVE_WITH_KNOTS('',1,(#5807,#5808),.UNSPECIFIED.,.F.,
  .F.,(2,2),(0.,1.570796326795),.PIECEWISE_BEZIER_KNOTS.);
#5807 = CARTESIAN_POINT('',(0.,-7.105427357601E-15));
#5808 = CARTESIAN_POINT('',(-1.570796326795,-7.105427357601E-15));
#5809 = ( GEOMETRIC_REPRESENTATION_CONTEXT(2) 
PARAMETRIC_REPRESENTATION_CONTEXT() REPRESENTATION_CONTEXT('2D SPACE',''
  ) );
#5810 = PCURVE('',#2764,#5811);
#5811 = DEFINITIONAL_REPRESENTATION('',(#5812),#5815);
#5812 = B_SPLINE_CURVE_WITH_KNOTS('',1,(#5813,#5814),.UNSPECIFIED.,.F.,
  .F.,(2,2),(0.,1.570796326795),.PIECEWISE_BEZIER_KNOTS.);
#5813 = CARTESIAN_POINT('',(1.570796326795,0.));
#5814 = CARTESIAN_POINT('',(1.570796326795,1.570796326795));
#5815 = ( GEOMETRIC_REPRESENTATION_CONTEXT(2) 
PARAMETRIC_REPRESENTATION_CONTEXT() REPRESENTATION_CONTEXT('2D SPACE',''
  ) );
#5816 = ORIENTED_EDGE('',*,*,#5817,.T.);
#5817 = EDGE_CURVE('',#5796,#5695,#5818,.T.);
#5818 = SURFACE_CURVE('',#5819,(#5823,#5830),.PCURVE_S1.);
#5819 = LINE('',#5820,#5821);
#5820 = CARTESIAN_POINT('',(28.,-60.5,-2.22044604925E-16));
#5821 = VECTOR('',#5822,1.);
#5822 = DIRECTION('',(-1.,-0.,-0.));
#5823 = PCURVE('',#2654,#5824);
#5824 = DEFINITIONAL_REPRESENTATION('',(#5825),#5829);
#5825 = LINE('',#5826,#5827);
#5826 = CARTESIAN_POINT('',(-1.570796326795,0.));
#5827 = VECTOR('',#5828,1.);
#5828 = DIRECTION('',(-0.,1.));
#5829 = ( GEOMETRIC_REPRESENTATION_CONTEXT(2) 
PARAMETRIC_REPRESENTATION_CONTEXT() REPRESENTATION_CONTEXT('2D SPACE',''
  ) );
#5830 = PCURVE('',#4953,#5831);
#5831 = DEFINITIONAL_REPRESENTATION('',(#5832),#5836);
#5832 = LINE('',#5833,#5834);
#5833 = CARTESIAN_POINT('',(27.999999999989,-60.54680582154));
#5834 = VECTOR('',#5835,1.);
#5835 = DIRECTION('',(-1.,0.));
#5836 = ( GEOMETRIC_REPRESENTATION_CONTEXT(2) 
PARAMETRIC_REPRESENTATION_CONTEXT() REPRESENTATION_CONTEXT('2D SPACE',''
  ) );
#5837 = ORIENTED_EDGE('',*,*,#5694,.F.);
#5838 = ORIENTED_EDGE('',*,*,#2640,.F.);
#5839 = ADVANCED_FACE('',(#5840),#2709,.T.);
#5840 = FACE_BOUND('',#5841,.T.);
#5841 = EDGE_LOOP('',(#5842,#5843,#5844,#5866));
#5842 = ORIENTED_EDGE('',*,*,#5771,.F.);
#5843 = ORIENTED_EDGE('',*,*,#2694,.T.);
#5844 = ORIENTED_EDGE('',*,*,#5845,.T.);
#5845 = EDGE_CURVE('',#2670,#5846,#5848,.T.);
#5846 = VERTEX_POINT('',#5847);
#5847 = CARTESIAN_POINT('',(31.05,23.038201355215,0.));
#5848 = SURFACE_CURVE('',#5849,(#5854,#5860),.PCURVE_S1.);
#5849 = CIRCLE('',#5850,1.5);
#5850 = AXIS2_PLACEMENT_3D('',#5851,#5852,#5853);
#5851 = CARTESIAN_POINT('',(31.05,23.038201355215,1.5));
#5852 = DIRECTION('',(-0.435889894354,0.9,0.));
#5853 = DIRECTION('',(-0.9,-0.435889894354,0.));
#5854 = PCURVE('',#2709,#5855);
#5855 = DEFINITIONAL_REPRESENTATION('',(#5856),#5859);
#5856 = B_SPLINE_CURVE_WITH_KNOTS('',1,(#5857,#5858),.UNSPECIFIED.,.F.,
  .F.,(2,2),(3.14159265359,4.712388980385),.PIECEWISE_BEZIER_KNOTS.);
#5857 = CARTESIAN_POINT('',(0.451026811796,3.14159265359));
#5858 = CARTESIAN_POINT('',(0.451026811796,4.712388980385));
#5859 = ( GEOMETRIC_REPRESENTATION_CONTEXT(2) 
PARAMETRIC_REPRESENTATION_CONTEXT() REPRESENTATION_CONTEXT('2D SPACE',''
  ) );
#5860 = PCURVE('',#2819,#5861);
#5861 = DEFINITIONAL_REPRESENTATION('',(#5862),#5865);
#5862 = B_SPLINE_CURVE_WITH_KNOTS('',1,(#5863,#5864),.UNSPECIFIED.,.F.,
  .F.,(2,2),(3.14159265359,4.712388980385),.PIECEWISE_BEZIER_KNOTS.);
#5863 = CARTESIAN_POINT('',(0.,0.));
#5864 = CARTESIAN_POINT('',(0.,1.570796326795));
#5865 = ( GEOMETRIC_REPRESENTATION_CONTEXT(2) 
PARAMETRIC_REPRESENTATION_CONTEXT() REPRESENTATION_CONTEXT('2D SPACE',''
  ) );
#5866 = ORIENTED_EDGE('',*,*,#5867,.F.);
#5867 = EDGE_CURVE('',#5749,#5846,#5868,.T.);
#5868 = SURFACE_CURVE('',#5869,(#5874,#5881),.PCURVE_S1.);
#5869 = CIRCLE('',#5870,5.5);
#5870 = AXIS2_PLACEMENT_3D('',#5871,#5872,#5873);
#5871 = CARTESIAN_POINT('',(36.,25.435595774163,0.));
#5872 = DIRECTION('',(0.,0.,1.));
#5873 = DIRECTION('',(-1.,0.,0.));
#5874 = PCURVE('',#2709,#5875);
#5875 = DEFINITIONAL_REPRESENTATION('',(#5876),#5880);
#5876 = LINE('',#5877,#5878);
#5877 = CARTESIAN_POINT('',(0.,4.712388980385));
#5878 = VECTOR('',#5879,1.);
#5879 = DIRECTION('',(1.,0.));
#5880 = ( GEOMETRIC_REPRESENTATION_CONTEXT(2) 
PARAMETRIC_REPRESENTATION_CONTEXT() REPRESENTATION_CONTEXT('2D SPACE',''
  ) );
#5881 = PCURVE('',#4953,#5882);
#5882 = DEFINITIONAL_REPRESENTATION('',(#5883),#5887);
#5883 = CIRCLE('',#5884,5.5);
#5884 = AXIS2_PLACEMENT_2D('',#5885,#5886);
#5885 = CARTESIAN_POINT('',(35.999999999989,25.388789952617));
#5886 = DIRECTION('',(-1.,0.));
#5887 = ( GEOMETRIC_REPRESENTATION_CONTEXT(2) 
PARAMETRIC_REPRESENTATION_CONTEXT() REPRESENTATION_CONTEXT('2D SPACE',''
  ) );
#5888 = ADVANCED_FACE('',(#5889),#2764,.T.);
#5889 = FACE_BOUND('',#5890,.T.);
#5890 = EDGE_LOOP('',(#5891,#5913,#5914,#5915));
#5891 = ORIENTED_EDGE('',*,*,#5892,.F.);
#5892 = EDGE_CURVE('',#2725,#5893,#5895,.T.);
#5893 = VERTEX_POINT('',#5894);
#5894 = CARTESIAN_POINT('',(30.5,-58.,-2.22044604925E-16));
#5895 = SURFACE_CURVE('',#5896,(#5901,#5907),.PCURVE_S1.);
#5896 = CIRCLE('',#5897,1.5);
#5897 = AXIS2_PLACEMENT_3D('',#5898,#5899,#5900);
#5898 = CARTESIAN_POINT('',(30.5,-58.,1.5));
#5899 = DIRECTION('',(0.,1.,0.));
#5900 = DIRECTION('',(1.,-0.,0.));
#5901 = PCURVE('',#2764,#5902);
#5902 = DEFINITIONAL_REPRESENTATION('',(#5903),#5906);
#5903 = B_SPLINE_CURVE_WITH_KNOTS('',1,(#5904,#5905),.UNSPECIFIED.,.F.,
  .F.,(2,2),(0.,1.570796326795),.PIECEWISE_BEZIER_KNOTS.);
#5904 = CARTESIAN_POINT('',(0.,0.));
#5905 = CARTESIAN_POINT('',(0.,1.570796326795));
#5906 = ( GEOMETRIC_REPRESENTATION_CONTEXT(2) 
PARAMETRIC_REPRESENTATION_CONTEXT() REPRESENTATION_CONTEXT('2D SPACE',''
  ) );
#5907 = PCURVE('',#2850,#5908);
#5908 = DEFINITIONAL_REPRESENTATION('',(#5909),#5912);
#5909 = B_SPLINE_CURVE_WITH_KNOTS('',1,(#5910,#5911),.UNSPECIFIED.,.F.,
  .F.,(2,2),(0.,1.570796326795),.PIECEWISE_BEZIER_KNOTS.);
#5910 = CARTESIAN_POINT('',(0.,48.564404225838));
#5911 = CARTESIAN_POINT('',(-1.570796326795,48.564404225838));
#5912 = ( GEOMETRIC_REPRESENTATION_CONTEXT(2) 
PARAMETRIC_REPRESENTATION_CONTEXT() REPRESENTATION_CONTEXT('2D SPACE',''
  ) );
#5913 = ORIENTED_EDGE('',*,*,#2749,.T.);
#5914 = ORIENTED_EDGE('',*,*,#5795,.T.);
#5915 = ORIENTED_EDGE('',*,*,#5916,.F.);
#5916 = EDGE_CURVE('',#5893,#5796,#5917,.T.);
#5917 = SURFACE_CURVE('',#5918,(#5923,#5930),.PCURVE_S1.);
#5918 = CIRCLE('',#5919,2.5);
#5919 = AXIS2_PLACEMENT_3D('',#5920,#5921,#5922);
#5920 = CARTESIAN_POINT('',(28.,-58.,0.));
#5921 = DIRECTION('',(0.,-0.,-1.));
#5922 = DIRECTION('',(1.,0.,-0.));
#5923 = PCURVE('',#2764,#5924);
#5924 = DEFINITIONAL_REPRESENTATION('',(#5925),#5929);
#5925 = LINE('',#5926,#5927);
#5926 = CARTESIAN_POINT('',(0.,1.570796326795));
#5927 = VECTOR('',#5928,1.);
#5928 = DIRECTION('',(1.,0.));
#5929 = ( GEOMETRIC_REPRESENTATION_CONTEXT(2) 
PARAMETRIC_REPRESENTATION_CONTEXT() REPRESENTATION_CONTEXT('2D SPACE',''
  ) );
#5930 = PCURVE('',#4953,#5931);
#5931 = DEFINITIONAL_REPRESENTATION('',(#5932),#5940);
#5932 = ( BOUNDED_CURVE() B_SPLINE_CURVE(2,(#5933,#5934,#5935,#5936,
#5937,#5938,#5939),.UNSPECIFIED.,.T.,.F.) B_SPLINE_CURVE_WITH_KNOTS((1,2
    ,2,2,2,1),(-2.094395102393,0.,2.094395102393,4.188790204786,
6.28318530718,8.377580409573),.UNSPECIFIED.) CURVE() 
GEOMETRIC_REPRESENTATION_ITEM() RATIONAL_B_SPLINE_CURVE((1.,0.5,1.,0.5,
1.,0.5,1.)) REPRESENTATION_ITEM('') );
#5933 = CARTESIAN_POINT('',(30.499999999989,-58.04680582154));
#5934 = CARTESIAN_POINT('',(30.499999999989,-62.37693284046));
#5935 = CARTESIAN_POINT('',(26.749999999989,-60.211869331));
#5936 = CARTESIAN_POINT('',(22.999999999989,-58.04680582154));
#5937 = CARTESIAN_POINT('',(26.749999999989,-55.88174231208));
#5938 = CARTESIAN_POINT('',(30.499999999989,-53.71667880262));
#5939 = CARTESIAN_POINT('',(30.499999999989,-58.04680582154));
#5940 = ( GEOMETRIC_REPRESENTATION_CONTEXT(2) 
PARAMETRIC_REPRESENTATION_CONTEXT() REPRESENTATION_CONTEXT('2D SPACE',''
  ) );
#5941 = ADVANCED_FACE('',(#5942),#2819,.T.);
#5942 = FACE_BOUND('',#5943,.T.);
#5943 = EDGE_LOOP('',(#5944,#5945,#5946,#5968));
#5944 = ORIENTED_EDGE('',*,*,#5845,.F.);
#5945 = ORIENTED_EDGE('',*,*,#2804,.T.);
#5946 = ORIENTED_EDGE('',*,*,#5947,.T.);
#5947 = EDGE_CURVE('',#2780,#5948,#5950,.T.);
#5948 = VERTEX_POINT('',#5949);
#5949 = CARTESIAN_POINT('',(31.05,-7.038201355215,0.));
#5950 = SURFACE_CURVE('',#5951,(#5956,#5962),.PCURVE_S1.);
#5951 = CIRCLE('',#5952,1.5);
#5952 = AXIS2_PLACEMENT_3D('',#5953,#5954,#5955);
#5953 = CARTESIAN_POINT('',(31.05,-7.038201355215,1.5));
#5954 = DIRECTION('',(0.435889894354,0.9,0.));
#5955 = DIRECTION('',(0.9,-0.435889894354,0.));
#5956 = PCURVE('',#2819,#5957);
#5957 = DEFINITIONAL_REPRESENTATION('',(#5958),#5961);
#5958 = B_SPLINE_CURVE_WITH_KNOTS('',1,(#5959,#5960),.UNSPECIFIED.,.F.,
  .F.,(2,2),(0.,1.570796326795),.PIECEWISE_BEZIER_KNOTS.);
#5959 = CARTESIAN_POINT('',(0.902053623593,0.));
#5960 = CARTESIAN_POINT('',(0.902053623593,1.570796326795));
#5961 = ( GEOMETRIC_REPRESENTATION_CONTEXT(2) 
PARAMETRIC_REPRESENTATION_CONTEXT() REPRESENTATION_CONTEXT('2D SPACE',''
  ) );
#5962 = PCURVE('',#3039,#5963);
#5963 = DEFINITIONAL_REPRESENTATION('',(#5964),#5967);
#5964 = B_SPLINE_CURVE_WITH_KNOTS('',1,(#5965,#5966),.UNSPECIFIED.,.F.,
  .F.,(2,2),(0.,1.570796326795),.PIECEWISE_BEZIER_KNOTS.);
#5965 = CARTESIAN_POINT('',(0.,3.14159265359));
#5966 = CARTESIAN_POINT('',(0.,4.712388980385));
#5967 = ( GEOMETRIC_REPRESENTATION_CONTEXT(2) 
PARAMETRIC_REPRESENTATION_CONTEXT() REPRESENTATION_CONTEXT('2D SPACE',''
  ) );
#5968 = ORIENTED_EDGE('',*,*,#5969,.F.);
#5969 = EDGE_CURVE('',#5846,#5948,#5970,.T.);
#5970 = SURFACE_CURVE('',#5971,(#5976,#5983),.PCURVE_S1.);
#5971 = CIRCLE('',#5972,34.5);
#5972 = AXIS2_PLACEMENT_3D('',#5973,#5974,#5975);
#5973 = CARTESIAN_POINT('',(0.,8.,0.));
#5974 = DIRECTION('',(0.,-0.,-1.));
#5975 = DIRECTION('',(0.9,0.435889894354,-0.));
#5976 = PCURVE('',#2819,#5977);
#5977 = DEFINITIONAL_REPRESENTATION('',(#5978),#5982);
#5978 = LINE('',#5979,#5980);
#5979 = CARTESIAN_POINT('',(0.,1.570796326795));
#5980 = VECTOR('',#5981,1.);
#5981 = DIRECTION('',(1.,0.));
#5982 = ( GEOMETRIC_REPRESENTATION_CONTEXT(2) 
PARAMETRIC_REPRESENTATION_CONTEXT() REPRESENTATION_CONTEXT('2D SPACE',''
  ) );
#5983 = PCURVE('',#4953,#5984);
#5984 = DEFINITIONAL_REPRESENTATION('',(#5985),#5993);
#5985 = ( BOUNDED_CURVE() B_SPLINE_CURVE(2,(#5986,#5987,#5988,#5989,
#5990,#5991,#5992),.UNSPECIFIED.,.T.,.F.) B_SPLINE_CURVE_WITH_KNOTS((1,2
    ,2,2,2,1),(-2.094395102393,0.,2.094395102393,4.188790204786,
6.28318530718,8.377580409573),.UNSPECIFIED.) CURVE() 
GEOMETRIC_REPRESENTATION_ITEM() RATIONAL_B_SPLINE_CURVE((1.,0.5,1.,0.5,
1.,0.5,1.)) REPRESENTATION_ITEM('') );
#5986 = CARTESIAN_POINT('',(31.049999999989,22.99139553367));
#5987 = CARTESIAN_POINT('',(57.096928801673,-30.78878204134));
#5988 = CARTESIAN_POINT('',(-2.501535599169,-26.45599528666));
#5989 = CARTESIAN_POINT('',(-62.10000000001,-22.12320853197));
#5990 = CARTESIAN_POINT('',(-28.54846440085,27.324182288353));
#5991 = CARTESIAN_POINT('',(5.003071198305,76.771573108683));
#5992 = CARTESIAN_POINT('',(31.049999999989,22.99139553367));
#5993 = ( GEOMETRIC_REPRESENTATION_CONTEXT(2) 
PARAMETRIC_REPRESENTATION_CONTEXT() REPRESENTATION_CONTEXT('2D SPACE',''
  ) );
#5994 = ADVANCED_FACE('',(#5995),#2850,.T.);
#5995 = FACE_BOUND('',#5996,.F.);
#5996 = EDGE_LOOP('',(#5997,#6019,#6040,#6041));
#5997 = ORIENTED_EDGE('',*,*,#5998,.T.);
#5998 = EDGE_CURVE('',#2835,#5999,#6001,.T.);
#5999 = VERTEX_POINT('',#6000);
#6000 = CARTESIAN_POINT('',(30.5,-9.435595774163,0.));
#6001 = SURFACE_CURVE('',#6002,(#6007,#6013),.PCURVE_S1.);
#6002 = CIRCLE('',#6003,1.5);
#6003 = AXIS2_PLACEMENT_3D('',#6004,#6005,#6006);
#6004 = CARTESIAN_POINT('',(30.5,-9.435595774163,1.5));
#6005 = DIRECTION('',(3.330669073875E-16,1.,-0.));
#6006 = DIRECTION('',(-1.,3.330669073875E-16,0.));
#6007 = PCURVE('',#2850,#6008);
#6008 = DEFINITIONAL_REPRESENTATION('',(#6009),#6012);
#6009 = B_SPLINE_CURVE_WITH_KNOTS('',1,(#6010,#6011),.UNSPECIFIED.,.F.,
  .F.,(2,2),(3.14159265359,4.712388980385),.PIECEWISE_BEZIER_KNOTS.);
#6010 = CARTESIAN_POINT('',(0.,0.));
#6011 = CARTESIAN_POINT('',(-1.570796326795,0.));
#6012 = ( GEOMETRIC_REPRESENTATION_CONTEXT(2) 
PARAMETRIC_REPRESENTATION_CONTEXT() REPRESENTATION_CONTEXT('2D SPACE',''
  ) );
#6013 = PCURVE('',#3039,#6014);
#6014 = DEFINITIONAL_REPRESENTATION('',(#6015),#6018);
#6015 = B_SPLINE_CURVE_WITH_KNOTS('',1,(#6016,#6017),.UNSPECIFIED.,.F.,
  .F.,(2,2),(3.14159265359,4.712388980385),.PIECEWISE_BEZIER_KNOTS.);
#6016 = CARTESIAN_POINT('',(0.451026811796,3.14159265359));
#6017 = CARTESIAN_POINT('',(0.451026811796,4.712388980385));
#6018 = ( GEOMETRIC_REPRESENTATION_CONTEXT(2) 
PARAMETRIC_REPRESENTATION_CONTEXT() REPRESENTATION_CONTEXT('2D SPACE',''
  ) );
#6019 = ORIENTED_EDGE('',*,*,#6020,.T.);
#6020 = EDGE_CURVE('',#5999,#5893,#6021,.T.);
#6021 = SURFACE_CURVE('',#6022,(#6026,#6033),.PCURVE_S1.);
#6022 = LINE('',#6023,#6024);
#6023 = CARTESIAN_POINT('',(30.5,-9.435595774163,-2.22044604925E-16));
#6024 = VECTOR('',#6025,1.);
#6025 = DIRECTION('',(-0.,-1.,-0.));
#6026 = PCURVE('',#2850,#6027);
#6027 = DEFINITIONAL_REPRESENTATION('',(#6028),#6032);
#6028 = LINE('',#6029,#6030);
#6029 = CARTESIAN_POINT('',(-1.570796326795,0.));
#6030 = VECTOR('',#6031,1.);
#6031 = DIRECTION('',(-0.,1.));
#6032 = ( GEOMETRIC_REPRESENTATION_CONTEXT(2) 
PARAMETRIC_REPRESENTATION_CONTEXT() REPRESENTATION_CONTEXT('2D SPACE',''
  ) );
#6033 = PCURVE('',#4953,#6034);
#6034 = DEFINITIONAL_REPRESENTATION('',(#6035),#6039);
#6035 = LINE('',#6036,#6037);
#6036 = CARTESIAN_POINT('',(30.499999999989,-9.482401595709));
#6037 = VECTOR('',#6038,1.);
#6038 = DIRECTION('',(0.,-1.));
#6039 = ( GEOMETRIC_REPRESENTATION_CONTEXT(2) 
PARAMETRIC_REPRESENTATION_CONTEXT() REPRESENTATION_CONTEXT('2D SPACE',''
  ) );
#6040 = ORIENTED_EDGE('',*,*,#5892,.F.);
#6041 = ORIENTED_EDGE('',*,*,#2834,.F.);
#6042 = ADVANCED_FACE('',(#6043),#2965,.F.);
#6043 = FACE_BOUND('',#6044,.F.);
#6044 = EDGE_LOOP('',(#6045,#6066,#6067,#6068));
#6045 = ORIENTED_EDGE('',*,*,#6046,.F.);
#6046 = EDGE_CURVE('',#3183,#2919,#6047,.T.);
#6047 = SURFACE_CURVE('',#6048,(#6052,#6059),.PCURVE_S1.);
#6048 = LINE('',#6049,#6050);
#6049 = CARTESIAN_POINT('',(28.4,-37.,4.));
#6050 = VECTOR('',#6051,1.);
#6051 = DIRECTION('',(1.,0.,0.));
#6052 = PCURVE('',#2965,#6053);
#6053 = DEFINITIONAL_REPRESENTATION('',(#6054),#6058);
#6054 = LINE('',#6055,#6056);
#6055 = CARTESIAN_POINT('',(4.712388980385,-3.6));
#6056 = VECTOR('',#6057,1.);
#6057 = DIRECTION('',(-0.,1.));
#6058 = ( GEOMETRIC_REPRESENTATION_CONTEXT(2) 
PARAMETRIC_REPRESENTATION_CONTEXT() REPRESENTATION_CONTEXT('2D SPACE',''
  ) );
#6059 = PCURVE('',#2933,#6060);
#6060 = DEFINITIONAL_REPRESENTATION('',(#6061),#6065);
#6061 = LINE('',#6062,#6063);
#6062 = CARTESIAN_POINT('',(9.,-3.6));
#6063 = VECTOR('',#6064,1.);
#6064 = DIRECTION('',(0.,1.));
#6065 = ( GEOMETRIC_REPRESENTATION_CONTEXT(2) 
PARAMETRIC_REPRESENTATION_CONTEXT() REPRESENTATION_CONTEXT('2D SPACE',''
  ) );
#6066 = ORIENTED_EDGE('',*,*,#3203,.T.);
#6067 = ORIENTED_EDGE('',*,*,#3483,.T.);
#6068 = ORIENTED_EDGE('',*,*,#2944,.F.);
#6069 = ADVANCED_FACE('',(#6070),#2933,.F.);
#6070 = FACE_BOUND('',#6071,.F.);
#6071 = EDGE_LOOP('',(#6072,#6093,#6094,#6095));
#6072 = ORIENTED_EDGE('',*,*,#6073,.F.);
#6073 = EDGE_CURVE('',#3155,#2886,#6074,.T.);
#6074 = SURFACE_CURVE('',#6075,(#6079,#6086),.PCURVE_S1.);
#6075 = LINE('',#6076,#6077);
#6076 = CARTESIAN_POINT('',(28.4,-46.,4.));
#6077 = VECTOR('',#6078,1.);
#6078 = DIRECTION('',(1.,0.,0.));
#6079 = PCURVE('',#2933,#6080);
#6080 = DEFINITIONAL_REPRESENTATION('',(#6081),#6085);
#6081 = LINE('',#6082,#6083);
#6082 = CARTESIAN_POINT('',(0.,-3.6));
#6083 = VECTOR('',#6084,1.);
#6084 = DIRECTION('',(0.,1.));
#6085 = ( GEOMETRIC_REPRESENTATION_CONTEXT(2) 
PARAMETRIC_REPRESENTATION_CONTEXT() REPRESENTATION_CONTEXT('2D SPACE',''
  ) );
#6086 = PCURVE('',#2906,#6087);
#6087 = DEFINITIONAL_REPRESENTATION('',(#6088),#6092);
#6088 = LINE('',#6089,#6090);
#6089 = CARTESIAN_POINT('',(4.712388980385,-3.6));
#6090 = VECTOR('',#6091,1.);
#6091 = DIRECTION('',(-0.,1.));
#6092 = ( GEOMETRIC_REPRESENTATION_CONTEXT(2) 
PARAMETRIC_REPRESENTATION_CONTEXT() REPRESENTATION_CONTEXT('2D SPACE',''
  ) );
#6093 = ORIENTED_EDGE('',*,*,#3182,.F.);
#6094 = ORIENTED_EDGE('',*,*,#6046,.T.);
#6095 = ORIENTED_EDGE('',*,*,#2918,.T.);
#6096 = ADVANCED_FACE('',(#6097),#2906,.F.);
#6097 = FACE_BOUND('',#6098,.F.);
#6098 = EDGE_LOOP('',(#6099,#6100,#6101,#6102));
#6099 = ORIENTED_EDGE('',*,*,#3054,.F.);
#6100 = ORIENTED_EDGE('',*,*,#3154,.T.);
#6101 = ORIENTED_EDGE('',*,*,#6073,.T.);
#6102 = ORIENTED_EDGE('',*,*,#2885,.F.);
#6103 = ADVANCED_FACE('',(#6104),#3039,.T.);
#6104 = FACE_BOUND('',#6105,.T.);
#6105 = EDGE_LOOP('',(#6106,#6107,#6108,#6109));
#6106 = ORIENTED_EDGE('',*,*,#5947,.F.);
#6107 = ORIENTED_EDGE('',*,*,#3024,.T.);
#6108 = ORIENTED_EDGE('',*,*,#5998,.T.);
#6109 = ORIENTED_EDGE('',*,*,#6110,.F.);
#6110 = EDGE_CURVE('',#5948,#5999,#6111,.T.);
#6111 = SURFACE_CURVE('',#6112,(#6117,#6124),.PCURVE_S1.);
#6112 = CIRCLE('',#6113,5.5);
#6113 = AXIS2_PLACEMENT_3D('',#6114,#6115,#6116);
#6114 = CARTESIAN_POINT('',(36.,-9.435595774163,0.));
#6115 = DIRECTION('',(0.,0.,1.));
#6116 = DIRECTION('',(-0.9,0.435889894354,0.));
#6117 = PCURVE('',#3039,#6118);
#6118 = DEFINITIONAL_REPRESENTATION('',(#6119),#6123);
#6119 = LINE('',#6120,#6121);
#6120 = CARTESIAN_POINT('',(0.,4.712388980385));
#6121 = VECTOR('',#6122,1.);
#6122 = DIRECTION('',(1.,0.));
#6123 = ( GEOMETRIC_REPRESENTATION_CONTEXT(2) 
PARAMETRIC_REPRESENTATION_CONTEXT() REPRESENTATION_CONTEXT('2D SPACE',''
  ) );
#6124 = PCURVE('',#4953,#6125);
#6125 = DEFINITIONAL_REPRESENTATION('',(#6126),#6130);
#6126 = CIRCLE('',#6127,5.5);
#6127 = AXIS2_PLACEMENT_2D('',#6128,#6129);
#6128 = CARTESIAN_POINT('',(35.999999999989,-9.482401595709));
#6129 = DIRECTION('',(-0.9,0.435889894354));
#6130 = ( GEOMETRIC_REPRESENTATION_CONTEXT(2) 
PARAMETRIC_REPRESENTATION_CONTEXT() REPRESENTATION_CONTEXT('2D SPACE',''
  ) );
#6131 = ADVANCED_FACE('',(#6132,#6674,#6709,#6744,#6779,#6814,#6849,
    #6884,#6919,#7033),#3119,.T.);
#6132 = FACE_BOUND('',#6133,.T.);
#6133 = EDGE_LOOP('',(#6134,#6135,#6136,#6137,#6138,#6139,#6162,#6190,
    #6218,#6247,#6275,#6303,#6324,#6325,#6348,#6377,#6398,#6399,#6400,
    #6401,#6402,#6403,#6404,#6405,#6406,#6407,#6408,#6409,#6410,#6411,
    #6412,#6413,#6414,#6415,#6438,#6467,#6488,#6489,#6512,#6540,#6568,
    #6597,#6625,#6653));
#6134 = ORIENTED_EDGE('',*,*,#3771,.F.);
#6135 = ORIENTED_EDGE('',*,*,#3667,.F.);
#6136 = ORIENTED_EDGE('',*,*,#3564,.T.);
#6137 = ORIENTED_EDGE('',*,*,#3510,.F.);
#6138 = ORIENTED_EDGE('',*,*,#3101,.T.);
#6139 = ORIENTED_EDGE('',*,*,#6140,.T.);
#6140 = EDGE_CURVE('',#3104,#6141,#6143,.T.);
#6141 = VERTEX_POINT('',#6142);
#6142 = CARTESIAN_POINT('',(4.,-52.6,1.8));
#6143 = SURFACE_CURVE('',#6144,(#6148,#6155),.PCURVE_S1.);
#6144 = LINE('',#6145,#6146);
#6145 = CARTESIAN_POINT('',(31.8,-52.6,1.8));
#6146 = VECTOR('',#6147,1.);
#6147 = DIRECTION('',(-1.,0.,0.));
#6148 = PCURVE('',#3119,#6149);
#6149 = DEFINITIONAL_REPRESENTATION('',(#6150),#6154);
#6150 = LINE('',#6151,#6152);
#6151 = CARTESIAN_POINT('',(31.799999999989,-52.64680582154));
#6152 = VECTOR('',#6153,1.);
#6153 = DIRECTION('',(-1.,0.));
#6154 = ( GEOMETRIC_REPRESENTATION_CONTEXT(2) 
PARAMETRIC_REPRESENTATION_CONTEXT() REPRESENTATION_CONTEXT('2D SPACE',''
  ) );
#6155 = PCURVE('',#3469,#6156);
#6156 = DEFINITIONAL_REPRESENTATION('',(#6157),#6161);
#6157 = LINE('',#6158,#6159);
#6158 = CARTESIAN_POINT('',(0.,27.8));
#6159 = VECTOR('',#6160,1.);
#6160 = DIRECTION('',(0.,-1.));
#6161 = ( GEOMETRIC_REPRESENTATION_CONTEXT(2) 
PARAMETRIC_REPRESENTATION_CONTEXT() REPRESENTATION_CONTEXT('2D SPACE',''
  ) );
#6162 = ORIENTED_EDGE('',*,*,#6163,.F.);
#6163 = EDGE_CURVE('',#6164,#6141,#6166,.T.);
#6164 = VERTEX_POINT('',#6165);
#6165 = CARTESIAN_POINT('',(4.,-30.4,1.8));
#6166 = SURFACE_CURVE('',#6167,(#6171,#6178),.PCURVE_S1.);
#6167 = LINE('',#6168,#6169);
#6168 = CARTESIAN_POINT('',(4.,-30.4,1.8));
#6169 = VECTOR('',#6170,1.);
#6170 = DIRECTION('',(0.,-1.,0.));
#6171 = PCURVE('',#3119,#6172);
#6172 = DEFINITIONAL_REPRESENTATION('',(#6173),#6177);
#6173 = LINE('',#6174,#6175);
#6174 = CARTESIAN_POINT('',(3.999999999989,-30.44680582154));
#6175 = VECTOR('',#6176,1.);
#6176 = DIRECTION('',(0.,-1.));
#6177 = ( GEOMETRIC_REPRESENTATION_CONTEXT(2) 
PARAMETRIC_REPRESENTATION_CONTEXT() REPRESENTATION_CONTEXT('2D SPACE',''
  ) );
#6178 = PCURVE('',#6179,#6184);
#6179 = PLANE('',#6180);
#6180 = AXIS2_PLACEMENT_3D('',#6181,#6182,#6183);
#6181 = CARTESIAN_POINT('',(4.,-52.6,1.8));
#6182 = DIRECTION('',(1.,0.,-0.));
#6183 = DIRECTION('',(0.,0.,1.));
#6184 = DEFINITIONAL_REPRESENTATION('',(#6185),#6189);
#6185 = LINE('',#6186,#6187);
#6186 = CARTESIAN_POINT('',(0.,-22.2));
#6187 = VECTOR('',#6188,1.);
#6188 = DIRECTION('',(0.,1.));
#6189 = ( GEOMETRIC_REPRESENTATION_CONTEXT(2) 
PARAMETRIC_REPRESENTATION_CONTEXT() REPRESENTATION_CONTEXT('2D SPACE',''
  ) );
#6190 = ORIENTED_EDGE('',*,*,#6191,.T.);
#6191 = EDGE_CURVE('',#6164,#6192,#6194,.T.);
#6192 = VERTEX_POINT('',#6193);
#6193 = CARTESIAN_POINT('',(15.73654892498,-30.4,1.8));
#6194 = SURFACE_CURVE('',#6195,(#6199,#6206),.PCURVE_S1.);
#6195 = LINE('',#6196,#6197);
#6196 = CARTESIAN_POINT('',(4.,-30.4,1.8));
#6197 = VECTOR('',#6198,1.);
#6198 = DIRECTION('',(1.,-1.27795456072E-16,0.));
#6199 = PCURVE('',#3119,#6200);
#6200 = DEFINITIONAL_REPRESENTATION('',(#6201),#6205);
#6201 = LINE('',#6202,#6203);
#6202 = CARTESIAN_POINT('',(3.999999999989,-30.44680582154));
#6203 = VECTOR('',#6204,1.);
#6204 = DIRECTION('',(1.,-1.27795456072E-16));
#6205 = ( GEOMETRIC_REPRESENTATION_CONTEXT(2) 
PARAMETRIC_REPRESENTATION_CONTEXT() REPRESENTATION_CONTEXT('2D SPACE',''
  ) );
#6206 = PCURVE('',#6207,#6212);
#6207 = PLANE('',#6208);
#6208 = AXIS2_PLACEMENT_3D('',#6209,#6210,#6211);
#6209 = CARTESIAN_POINT('',(4.,-30.4,1.8));
#6210 = DIRECTION('',(-0.,1.,0.));
#6211 = DIRECTION('',(0.,0.,1.));
#6212 = DEFINITIONAL_REPRESENTATION('',(#6213),#6217);
#6213 = LINE('',#6214,#6215);
#6214 = CARTESIAN_POINT('',(0.,0.));
#6215 = VECTOR('',#6216,1.);
#6216 = DIRECTION('',(0.,1.));
#6217 = ( GEOMETRIC_REPRESENTATION_CONTEXT(2) 
PARAMETRIC_REPRESENTATION_CONTEXT() REPRESENTATION_CONTEXT('2D SPACE',''
  ) );
#6218 = ORIENTED_EDGE('',*,*,#6219,.T.);
#6219 = EDGE_CURVE('',#6192,#6220,#6222,.T.);
#6220 = VERTEX_POINT('',#6221);
#6221 = CARTESIAN_POINT('',(17.010041808613,-32.,1.8));
#6222 = SURFACE_CURVE('',#6223,(#6228,#6235),.PCURVE_S1.);
#6223 = CIRCLE('',#6224,4.5);
#6224 = AXIS2_PLACEMENT_3D('',#6225,#6226,#6227);
#6225 = CARTESIAN_POINT('',(19.802088550774,-28.47091017547,1.8));
#6226 = DIRECTION('',(0.,0.,1.));
#6227 = DIRECTION('',(1.,0.,-0.));
#6228 = PCURVE('',#3119,#6229);
#6229 = DEFINITIONAL_REPRESENTATION('',(#6230),#6234);
#6230 = CIRCLE('',#6231,4.5);
#6231 = AXIS2_PLACEMENT_2D('',#6232,#6233);
#6232 = CARTESIAN_POINT('',(19.802088550762,-28.51771599701));
#6233 = DIRECTION('',(1.,0.));
#6234 = ( GEOMETRIC_REPRESENTATION_CONTEXT(2) 
PARAMETRIC_REPRESENTATION_CONTEXT() REPRESENTATION_CONTEXT('2D SPACE',''
  ) );
#6235 = PCURVE('',#6236,#6241);
#6236 = CYLINDRICAL_SURFACE('',#6237,4.5);
#6237 = AXIS2_PLACEMENT_3D('',#6238,#6239,#6240);
#6238 = CARTESIAN_POINT('',(19.802088550774,-28.47091017547,1.8));
#6239 = DIRECTION('',(-0.,-0.,-1.));
#6240 = DIRECTION('',(1.,0.,-0.));
#6241 = DEFINITIONAL_REPRESENTATION('',(#6242),#6246);
#6242 = LINE('',#6243,#6244);
#6243 = CARTESIAN_POINT('',(-0.,0.));
#6244 = VECTOR('',#6245,1.);
#6245 = DIRECTION('',(-1.,0.));
#6246 = ( GEOMETRIC_REPRESENTATION_CONTEXT(2) 
PARAMETRIC_REPRESENTATION_CONTEXT() REPRESENTATION_CONTEXT('2D SPACE',''
  ) );
#6247 = ORIENTED_EDGE('',*,*,#6248,.F.);
#6248 = EDGE_CURVE('',#6249,#6220,#6251,.T.);
#6249 = VERTEX_POINT('',#6250);
#6250 = CARTESIAN_POINT('',(5.6,-32.,1.8));
#6251 = SURFACE_CURVE('',#6252,(#6256,#6263),.PCURVE_S1.);
#6252 = LINE('',#6253,#6254);
#6253 = CARTESIAN_POINT('',(4.,-32.,1.8));
#6254 = VECTOR('',#6255,1.);
#6255 = DIRECTION('',(1.,0.,-0.));
#6256 = PCURVE('',#3119,#6257);
#6257 = DEFINITIONAL_REPRESENTATION('',(#6258),#6262);
#6258 = LINE('',#6259,#6260);
#6259 = CARTESIAN_POINT('',(3.999999999989,-32.04680582154));
#6260 = VECTOR('',#6261,1.);
#6261 = DIRECTION('',(1.,0.));
#6262 = ( GEOMETRIC_REPRESENTATION_CONTEXT(2) 
PARAMETRIC_REPRESENTATION_CONTEXT() REPRESENTATION_CONTEXT('2D SPACE',''
  ) );
#6263 = PCURVE('',#6264,#6269);
#6264 = PLANE('',#6265);
#6265 = AXIS2_PLACEMENT_3D('',#6266,#6267,#6268);
#6266 = CARTESIAN_POINT('',(4.,-32.,1.8));
#6267 = DIRECTION('',(-0.,1.,0.));
#6268 = DIRECTION('',(0.,0.,1.));
#6269 = DEFINITIONAL_REPRESENTATION('',(#6270),#6274);
#6270 = LINE('',#6271,#6272);
#6271 = CARTESIAN_POINT('',(0.,0.));
#6272 = VECTOR('',#6273,1.);
#6273 = DIRECTION('',(0.,1.));
#6274 = ( GEOMETRIC_REPRESENTATION_CONTEXT(2) 
PARAMETRIC_REPRESENTATION_CONTEXT() REPRESENTATION_CONTEXT('2D SPACE',''
  ) );
#6275 = ORIENTED_EDGE('',*,*,#6276,.F.);
#6276 = EDGE_CURVE('',#6277,#6249,#6279,.T.);
#6277 = VERTEX_POINT('',#6278);
#6278 = CARTESIAN_POINT('',(5.6,-51.,1.8));
#6279 = SURFACE_CURVE('',#6280,(#6284,#6291),.PCURVE_S1.);
#6280 = LINE('',#6281,#6282);
#6281 = CARTESIAN_POINT('',(5.6,-52.6,1.8));
#6282 = VECTOR('',#6283,1.);
#6283 = DIRECTION('',(-0.,1.,0.));
#6284 = PCURVE('',#3119,#6285);
#6285 = DEFINITIONAL_REPRESENTATION('',(#6286),#6290);
#6286 = LINE('',#6287,#6288);
#6287 = CARTESIAN_POINT('',(5.599999999989,-52.64680582154));
#6288 = VECTOR('',#6289,1.);
#6289 = DIRECTION('',(0.,1.));
#6290 = ( GEOMETRIC_REPRESENTATION_CONTEXT(2) 
PARAMETRIC_REPRESENTATION_CONTEXT() REPRESENTATION_CONTEXT('2D SPACE',''
  ) );
#6291 = PCURVE('',#6292,#6297);
#6292 = PLANE('',#6293);
#6293 = AXIS2_PLACEMENT_3D('',#6294,#6295,#6296);
#6294 = CARTESIAN_POINT('',(5.6,-52.6,1.8));
#6295 = DIRECTION('',(1.,0.,-0.));
#6296 = DIRECTION('',(0.,0.,1.));
#6297 = DEFINITIONAL_REPRESENTATION('',(#6298),#6302);
#6298 = LINE('',#6299,#6300);
#6299 = CARTESIAN_POINT('',(0.,0.));
#6300 = VECTOR('',#6301,1.);
#6301 = DIRECTION('',(0.,-1.));
#6302 = ( GEOMETRIC_REPRESENTATION_CONTEXT(2) 
PARAMETRIC_REPRESENTATION_CONTEXT() REPRESENTATION_CONTEXT('2D SPACE',''
  ) );
#6303 = ORIENTED_EDGE('',*,*,#6304,.T.);
#6304 = EDGE_CURVE('',#6277,#3379,#6305,.T.);
#6305 = SURFACE_CURVE('',#6306,(#6310,#6317),.PCURVE_S1.);
#6306 = LINE('',#6307,#6308);
#6307 = CARTESIAN_POINT('',(4.,-51.,1.8));
#6308 = VECTOR('',#6309,1.);
#6309 = DIRECTION('',(1.,0.,-0.));
#6310 = PCURVE('',#3119,#6311);
#6311 = DEFINITIONAL_REPRESENTATION('',(#6312),#6316);
#6312 = LINE('',#6313,#6314);
#6313 = CARTESIAN_POINT('',(3.999999999989,-51.04680582154));
#6314 = VECTOR('',#6315,1.);
#6315 = DIRECTION('',(1.,0.));
#6316 = ( GEOMETRIC_REPRESENTATION_CONTEXT(2) 
PARAMETRIC_REPRESENTATION_CONTEXT() REPRESENTATION_CONTEXT('2D SPACE',''
  ) );
#6317 = PCURVE('',#3417,#6318);
#6318 = DEFINITIONAL_REPRESENTATION('',(#6319),#6323);
#6319 = LINE('',#6320,#6321);
#6320 = CARTESIAN_POINT('',(0.,0.));
#6321 = VECTOR('',#6322,1.);
#6322 = DIRECTION('',(0.,1.));
#6323 = ( GEOMETRIC_REPRESENTATION_CONTEXT(2) 
PARAMETRIC_REPRESENTATION_CONTEXT() REPRESENTATION_CONTEXT('2D SPACE',''
  ) );
#6324 = ORIENTED_EDGE('',*,*,#3378,.T.);
#6325 = ORIENTED_EDGE('',*,*,#6326,.F.);
#6326 = EDGE_CURVE('',#6327,#3352,#6329,.T.);
#6327 = VERTEX_POINT('',#6328);
#6328 = CARTESIAN_POINT('',(22.594135292935,-32.,1.8));
#6329 = SURFACE_CURVE('',#6330,(#6334,#6341),.PCURVE_S1.);
#6330 = LINE('',#6331,#6332);
#6331 = CARTESIAN_POINT('',(4.,-32.,1.8));
#6332 = VECTOR('',#6333,1.);
#6333 = DIRECTION('',(1.,0.,-0.));
#6334 = PCURVE('',#3119,#6335);
#6335 = DEFINITIONAL_REPRESENTATION('',(#6336),#6340);
#6336 = LINE('',#6337,#6338);
#6337 = CARTESIAN_POINT('',(3.999999999989,-32.04680582154));
#6338 = VECTOR('',#6339,1.);
#6339 = DIRECTION('',(1.,0.));
#6340 = ( GEOMETRIC_REPRESENTATION_CONTEXT(2) 
PARAMETRIC_REPRESENTATION_CONTEXT() REPRESENTATION_CONTEXT('2D SPACE',''
  ) );
#6341 = PCURVE('',#3367,#6342);
#6342 = DEFINITIONAL_REPRESENTATION('',(#6343),#6347);
#6343 = LINE('',#6344,#6345);
#6344 = CARTESIAN_POINT('',(0.,0.));
#6345 = VECTOR('',#6346,1.);
#6346 = DIRECTION('',(0.,1.));
#6347 = ( GEOMETRIC_REPRESENTATION_CONTEXT(2) 
PARAMETRIC_REPRESENTATION_CONTEXT() REPRESENTATION_CONTEXT('2D SPACE',''
  ) );
#6348 = ORIENTED_EDGE('',*,*,#6349,.T.);
#6349 = EDGE_CURVE('',#6327,#6350,#6352,.T.);
#6350 = VERTEX_POINT('',#6351);
#6351 = CARTESIAN_POINT('',(23.867628176568,-30.4,1.8));
#6352 = SURFACE_CURVE('',#6353,(#6358,#6365),.PCURVE_S1.);
#6353 = CIRCLE('',#6354,4.5);
#6354 = AXIS2_PLACEMENT_3D('',#6355,#6356,#6357);
#6355 = CARTESIAN_POINT('',(19.802088550774,-28.47091017547,1.8));
#6356 = DIRECTION('',(0.,0.,1.));
#6357 = DIRECTION('',(1.,0.,-0.));
#6358 = PCURVE('',#3119,#6359);
#6359 = DEFINITIONAL_REPRESENTATION('',(#6360),#6364);
#6360 = CIRCLE('',#6361,4.5);
#6361 = AXIS2_PLACEMENT_2D('',#6362,#6363);
#6362 = CARTESIAN_POINT('',(19.802088550762,-28.51771599701));
#6363 = DIRECTION('',(1.,0.));
#6364 = ( GEOMETRIC_REPRESENTATION_CONTEXT(2) 
PARAMETRIC_REPRESENTATION_CONTEXT() REPRESENTATION_CONTEXT('2D SPACE',''
  ) );
#6365 = PCURVE('',#6366,#6371);
#6366 = CYLINDRICAL_SURFACE('',#6367,4.5);
#6367 = AXIS2_PLACEMENT_3D('',#6368,#6369,#6370);
#6368 = CARTESIAN_POINT('',(19.802088550774,-28.47091017547,1.8));
#6369 = DIRECTION('',(-0.,-0.,-1.));
#6370 = DIRECTION('',(1.,0.,-0.));
#6371 = DEFINITIONAL_REPRESENTATION('',(#6372),#6376);
#6372 = LINE('',#6373,#6374);
#6373 = CARTESIAN_POINT('',(-0.,0.));
#6374 = VECTOR('',#6375,1.);
#6375 = DIRECTION('',(-1.,0.));
#6376 = ( GEOMETRIC_REPRESENTATION_CONTEXT(2) 
PARAMETRIC_REPRESENTATION_CONTEXT() REPRESENTATION_CONTEXT('2D SPACE',''
  ) );
#6377 = ORIENTED_EDGE('',*,*,#6378,.T.);
#6378 = EDGE_CURVE('',#6350,#3275,#6379,.T.);
#6379 = SURFACE_CURVE('',#6380,(#6384,#6391),.PCURVE_S1.);
#6380 = LINE('',#6381,#6382);
#6381 = CARTESIAN_POINT('',(4.,-30.4,1.8));
#6382 = VECTOR('',#6383,1.);
#6383 = DIRECTION('',(1.,-1.27795456072E-16,0.));
#6384 = PCURVE('',#3119,#6385);
#6385 = DEFINITIONAL_REPRESENTATION('',(#6386),#6390);
#6386 = LINE('',#6387,#6388);
#6387 = CARTESIAN_POINT('',(3.999999999989,-30.44680582154));
#6388 = VECTOR('',#6389,1.);
#6389 = DIRECTION('',(1.,-1.27795456072E-16));
#6390 = ( GEOMETRIC_REPRESENTATION_CONTEXT(2) 
PARAMETRIC_REPRESENTATION_CONTEXT() REPRESENTATION_CONTEXT('2D SPACE',''
  ) );
#6391 = PCURVE('',#3313,#6392);
#6392 = DEFINITIONAL_REPRESENTATION('',(#6393),#6397);
#6393 = LINE('',#6394,#6395);
#6394 = CARTESIAN_POINT('',(0.,0.));
#6395 = VECTOR('',#6396,1.);
#6396 = DIRECTION('',(0.,1.));
#6397 = ( GEOMETRIC_REPRESENTATION_CONTEXT(2) 
PARAMETRIC_REPRESENTATION_CONTEXT() REPRESENTATION_CONTEXT('2D SPACE',''
  ) );
#6398 = ORIENTED_EDGE('',*,*,#3274,.T.);
#6399 = ORIENTED_EDGE('',*,*,#3613,.T.);
#6400 = ORIENTED_EDGE('',*,*,#3721,.T.);
#6401 = ORIENTED_EDGE('',*,*,#4226,.T.);
#6402 = ORIENTED_EDGE('',*,*,#4334,.T.);
#6403 = ORIENTED_EDGE('',*,*,#4433,.F.);
#6404 = ORIENTED_EDGE('',*,*,#4541,.F.);
#6405 = ORIENTED_EDGE('',*,*,#4639,.F.);
#6406 = ORIENTED_EDGE('',*,*,#4742,.F.);
#6407 = ORIENTED_EDGE('',*,*,#4840,.T.);
#6408 = ORIENTED_EDGE('',*,*,#4791,.F.);
#6409 = ORIENTED_EDGE('',*,*,#4688,.F.);
#6410 = ORIENTED_EDGE('',*,*,#4590,.F.);
#6411 = ORIENTED_EDGE('',*,*,#4487,.T.);
#6412 = ORIENTED_EDGE('',*,*,#4383,.T.);
#6413 = ORIENTED_EDGE('',*,*,#4280,.T.);
#6414 = ORIENTED_EDGE('',*,*,#3819,.F.);
#6415 = ORIENTED_EDGE('',*,*,#6416,.T.);
#6416 = EDGE_CURVE('',#3820,#6417,#6419,.T.);
#6417 = VERTEX_POINT('',#6418);
#6418 = CARTESIAN_POINT('',(-23.8435243682,-30.45,1.8));
#6419 = SURFACE_CURVE('',#6420,(#6424,#6431),.PCURVE_S1.);
#6420 = LINE('',#6421,#6422);
#6421 = CARTESIAN_POINT('',(-31.8,-30.45,1.8));
#6422 = VECTOR('',#6423,1.);
#6423 = DIRECTION('',(1.,-1.614869854E-16,0.));
#6424 = PCURVE('',#3119,#6425);
#6425 = DEFINITIONAL_REPRESENTATION('',(#6426),#6430);
#6426 = LINE('',#6427,#6428);
#6427 = CARTESIAN_POINT('',(-31.80000000001,-30.49680582154));
#6428 = VECTOR('',#6429,1.);
#6429 = DIRECTION('',(1.,-1.614869854E-16));
#6430 = ( GEOMETRIC_REPRESENTATION_CONTEXT(2) 
PARAMETRIC_REPRESENTATION_CONTEXT() REPRESENTATION_CONTEXT('2D SPACE',''
  ) );
#6431 = PCURVE('',#3858,#6432);
#6432 = DEFINITIONAL_REPRESENTATION('',(#6433),#6437);
#6433 = LINE('',#6434,#6435);
#6434 = CARTESIAN_POINT('',(0.,-20.4));
#6435 = VECTOR('',#6436,1.);
#6436 = DIRECTION('',(0.,1.));
#6437 = ( GEOMETRIC_REPRESENTATION_CONTEXT(2) 
PARAMETRIC_REPRESENTATION_CONTEXT() REPRESENTATION_CONTEXT('2D SPACE',''
  ) );
#6438 = ORIENTED_EDGE('',*,*,#6439,.T.);
#6439 = EDGE_CURVE('',#6417,#6440,#6442,.T.);
#6440 = VERTEX_POINT('',#6441);
#6441 = CARTESIAN_POINT('',(-22.52974615904,-32.05,1.8));
#6442 = SURFACE_CURVE('',#6443,(#6448,#6455),.PCURVE_S1.);
#6443 = CIRCLE('',#6444,4.5);
#6444 = AXIS2_PLACEMENT_3D('',#6445,#6446,#6447);
#6445 = CARTESIAN_POINT('',(-19.80208855077,-28.47091017547,1.8));
#6446 = DIRECTION('',(0.,0.,1.));
#6447 = DIRECTION('',(1.,0.,-0.));
#6448 = PCURVE('',#3119,#6449);
#6449 = DEFINITIONAL_REPRESENTATION('',(#6450),#6454);
#6450 = CIRCLE('',#6451,4.5);
#6451 = AXIS2_PLACEMENT_2D('',#6452,#6453);
#6452 = CARTESIAN_POINT('',(-19.80208855078,-28.51771599701));
#6453 = DIRECTION('',(1.,0.));
#6454 = ( GEOMETRIC_REPRESENTATION_CONTEXT(2) 
PARAMETRIC_REPRESENTATION_CONTEXT() REPRESENTATION_CONTEXT('2D SPACE',''
  ) );
#6455 = PCURVE('',#6456,#6461);
#6456 = CYLINDRICAL_SURFACE('',#6457,4.5);
#6457 = AXIS2_PLACEMENT_3D('',#6458,#6459,#6460);
#6458 = CARTESIAN_POINT('',(-19.80208855077,-28.47091017547,1.8));
#6459 = DIRECTION('',(-0.,-0.,-1.));
#6460 = DIRECTION('',(1.,0.,-0.));
#6461 = DEFINITIONAL_REPRESENTATION('',(#6462),#6466);
#6462 = LINE('',#6463,#6464);
#6463 = CARTESIAN_POINT('',(-0.,0.));
#6464 = VECTOR('',#6465,1.);
#6465 = DIRECTION('',(-1.,0.));
#6466 = ( GEOMETRIC_REPRESENTATION_CONTEXT(2) 
PARAMETRIC_REPRESENTATION_CONTEXT() REPRESENTATION_CONTEXT('2D SPACE',''
  ) );
#6467 = ORIENTED_EDGE('',*,*,#6468,.F.);
#6468 = EDGE_CURVE('',#3897,#6440,#6469,.T.);
#6469 = SURFACE_CURVE('',#6470,(#6474,#6481),.PCURVE_S1.);
#6470 = LINE('',#6471,#6472);
#6471 = CARTESIAN_POINT('',(-31.8,-32.05,1.8));
#6472 = VECTOR('',#6473,1.);
#6473 = DIRECTION('',(1.,0.,-0.));
#6474 = PCURVE('',#3119,#6475);
#6475 = DEFINITIONAL_REPRESENTATION('',(#6476),#6480);
#6476 = LINE('',#6477,#6478);
#6477 = CARTESIAN_POINT('',(-31.80000000001,-32.09680582154));
#6478 = VECTOR('',#6479,1.);
#6479 = DIRECTION('',(1.,0.));
#6480 = ( GEOMETRIC_REPRESENTATION_CONTEXT(2) 
PARAMETRIC_REPRESENTATION_CONTEXT() REPRESENTATION_CONTEXT('2D SPACE',''
  ) );
#6481 = PCURVE('',#3912,#6482);
#6482 = DEFINITIONAL_REPRESENTATION('',(#6483),#6487);
#6483 = LINE('',#6484,#6485);
#6484 = CARTESIAN_POINT('',(0.,0.));
#6485 = VECTOR('',#6486,1.);
#6486 = DIRECTION('',(0.,1.));
#6487 = ( GEOMETRIC_REPRESENTATION_CONTEXT(2) 
PARAMETRIC_REPRESENTATION_CONTEXT() REPRESENTATION_CONTEXT('2D SPACE',''
  ) );
#6488 = ORIENTED_EDGE('',*,*,#3923,.F.);
#6489 = ORIENTED_EDGE('',*,*,#6490,.T.);
#6490 = EDGE_CURVE('',#3924,#6491,#6493,.T.);
#6491 = VERTEX_POINT('',#6492);
#6492 = CARTESIAN_POINT('',(-11.4,-50.95,1.8));
#6493 = SURFACE_CURVE('',#6494,(#6498,#6505),.PCURVE_S1.);
#6494 = LINE('',#6495,#6496);
#6495 = CARTESIAN_POINT('',(-31.8,-50.95,1.8));
#6496 = VECTOR('',#6497,1.);
#6497 = DIRECTION('',(1.,0.,-0.));
#6498 = PCURVE('',#3119,#6499);
#6499 = DEFINITIONAL_REPRESENTATION('',(#6500),#6504);
#6500 = LINE('',#6501,#6502);
#6501 = CARTESIAN_POINT('',(-31.80000000001,-50.99680582154));
#6502 = VECTOR('',#6503,1.);
#6503 = DIRECTION('',(1.,0.));
#6504 = ( GEOMETRIC_REPRESENTATION_CONTEXT(2) 
PARAMETRIC_REPRESENTATION_CONTEXT() REPRESENTATION_CONTEXT('2D SPACE',''
  ) );
#6505 = PCURVE('',#3962,#6506);
#6506 = DEFINITIONAL_REPRESENTATION('',(#6507),#6511);
#6507 = LINE('',#6508,#6509);
#6508 = CARTESIAN_POINT('',(0.,0.));
#6509 = VECTOR('',#6510,1.);
#6510 = DIRECTION('',(0.,1.));
#6511 = ( GEOMETRIC_REPRESENTATION_CONTEXT(2) 
PARAMETRIC_REPRESENTATION_CONTEXT() REPRESENTATION_CONTEXT('2D SPACE',''
  ) );
#6512 = ORIENTED_EDGE('',*,*,#6513,.T.);
#6513 = EDGE_CURVE('',#6491,#6514,#6516,.T.);
#6514 = VERTEX_POINT('',#6515);
#6515 = CARTESIAN_POINT('',(-11.4,-32.05,1.8));
#6516 = SURFACE_CURVE('',#6517,(#6521,#6528),.PCURVE_S1.);
#6517 = LINE('',#6518,#6519);
#6518 = CARTESIAN_POINT('',(-11.4,-52.55,1.8));
#6519 = VECTOR('',#6520,1.);
#6520 = DIRECTION('',(-0.,1.,0.));
#6521 = PCURVE('',#3119,#6522);
#6522 = DEFINITIONAL_REPRESENTATION('',(#6523),#6527);
#6523 = LINE('',#6524,#6525);
#6524 = CARTESIAN_POINT('',(-11.40000000001,-52.59680582154));
#6525 = VECTOR('',#6526,1.);
#6526 = DIRECTION('',(0.,1.));
#6527 = ( GEOMETRIC_REPRESENTATION_CONTEXT(2) 
PARAMETRIC_REPRESENTATION_CONTEXT() REPRESENTATION_CONTEXT('2D SPACE',''
  ) );
#6528 = PCURVE('',#6529,#6534);
#6529 = PLANE('',#6530);
#6530 = AXIS2_PLACEMENT_3D('',#6531,#6532,#6533);
#6531 = CARTESIAN_POINT('',(-11.4,-52.55,1.8));
#6532 = DIRECTION('',(1.,0.,-0.));
#6533 = DIRECTION('',(0.,0.,1.));
#6534 = DEFINITIONAL_REPRESENTATION('',(#6535),#6539);
#6535 = LINE('',#6536,#6537);
#6536 = CARTESIAN_POINT('',(0.,0.));
#6537 = VECTOR('',#6538,1.);
#6538 = DIRECTION('',(0.,-1.));
#6539 = ( GEOMETRIC_REPRESENTATION_CONTEXT(2) 
PARAMETRIC_REPRESENTATION_CONTEXT() REPRESENTATION_CONTEXT('2D SPACE',''
  ) );
#6540 = ORIENTED_EDGE('',*,*,#6541,.F.);
#6541 = EDGE_CURVE('',#6542,#6514,#6544,.T.);
#6542 = VERTEX_POINT('',#6543);
#6543 = CARTESIAN_POINT('',(-17.0744309425,-32.05,1.8));
#6544 = SURFACE_CURVE('',#6545,(#6549,#6556),.PCURVE_S1.);
#6545 = LINE('',#6546,#6547);
#6546 = CARTESIAN_POINT('',(-31.8,-32.05,1.8));
#6547 = VECTOR('',#6548,1.);
#6548 = DIRECTION('',(1.,0.,-0.));
#6549 = PCURVE('',#3119,#6550);
#6550 = DEFINITIONAL_REPRESENTATION('',(#6551),#6555);
#6551 = LINE('',#6552,#6553);
#6552 = CARTESIAN_POINT('',(-31.80000000001,-32.09680582154));
#6553 = VECTOR('',#6554,1.);
#6554 = DIRECTION('',(1.,0.));
#6555 = ( GEOMETRIC_REPRESENTATION_CONTEXT(2) 
PARAMETRIC_REPRESENTATION_CONTEXT() REPRESENTATION_CONTEXT('2D SPACE',''
  ) );
#6556 = PCURVE('',#6557,#6562);
#6557 = PLANE('',#6558);
#6558 = AXIS2_PLACEMENT_3D('',#6559,#6560,#6561);
#6559 = CARTESIAN_POINT('',(-31.8,-32.05,1.8));
#6560 = DIRECTION('',(-0.,1.,0.));
#6561 = DIRECTION('',(0.,0.,1.));
#6562 = DEFINITIONAL_REPRESENTATION('',(#6563),#6567);
#6563 = LINE('',#6564,#6565);
#6564 = CARTESIAN_POINT('',(0.,0.));
#6565 = VECTOR('',#6566,1.);
#6566 = DIRECTION('',(0.,1.));
#6567 = ( GEOMETRIC_REPRESENTATION_CONTEXT(2) 
PARAMETRIC_REPRESENTATION_CONTEXT() REPRESENTATION_CONTEXT('2D SPACE',''
  ) );
#6568 = ORIENTED_EDGE('',*,*,#6569,.T.);
#6569 = EDGE_CURVE('',#6542,#6570,#6572,.T.);
#6570 = VERTEX_POINT('',#6571);
#6571 = CARTESIAN_POINT('',(-15.76065273333,-30.45,1.8));
#6572 = SURFACE_CURVE('',#6573,(#6578,#6585),.PCURVE_S1.);
#6573 = CIRCLE('',#6574,4.5);
#6574 = AXIS2_PLACEMENT_3D('',#6575,#6576,#6577);
#6575 = CARTESIAN_POINT('',(-19.80208855077,-28.47091017547,1.8));
#6576 = DIRECTION('',(0.,0.,1.));
#6577 = DIRECTION('',(1.,0.,-0.));
#6578 = PCURVE('',#3119,#6579);
#6579 = DEFINITIONAL_REPRESENTATION('',(#6580),#6584);
#6580 = CIRCLE('',#6581,4.5);
#6581 = AXIS2_PLACEMENT_2D('',#6582,#6583);
#6582 = CARTESIAN_POINT('',(-19.80208855078,-28.51771599701));
#6583 = DIRECTION('',(1.,0.));
#6584 = ( GEOMETRIC_REPRESENTATION_CONTEXT(2) 
PARAMETRIC_REPRESENTATION_CONTEXT() REPRESENTATION_CONTEXT('2D SPACE',''
  ) );
#6585 = PCURVE('',#6586,#6591);
#6586 = CYLINDRICAL_SURFACE('',#6587,4.5);
#6587 = AXIS2_PLACEMENT_3D('',#6588,#6589,#6590);
#6588 = CARTESIAN_POINT('',(-19.80208855077,-28.47091017547,1.8));
#6589 = DIRECTION('',(-0.,-0.,-1.));
#6590 = DIRECTION('',(1.,0.,-0.));
#6591 = DEFINITIONAL_REPRESENTATION('',(#6592),#6596);
#6592 = LINE('',#6593,#6594);
#6593 = CARTESIAN_POINT('',(-0.,0.));
#6594 = VECTOR('',#6595,1.);
#6595 = DIRECTION('',(-1.,0.));
#6596 = ( GEOMETRIC_REPRESENTATION_CONTEXT(2) 
PARAMETRIC_REPRESENTATION_CONTEXT() REPRESENTATION_CONTEXT('2D SPACE',''
  ) );
#6597 = ORIENTED_EDGE('',*,*,#6598,.T.);
#6598 = EDGE_CURVE('',#6570,#6599,#6601,.T.);
#6599 = VERTEX_POINT('',#6600);
#6600 = CARTESIAN_POINT('',(-9.8,-30.45,1.8));
#6601 = SURFACE_CURVE('',#6602,(#6606,#6613),.PCURVE_S1.);
#6602 = LINE('',#6603,#6604);
#6603 = CARTESIAN_POINT('',(-31.8,-30.45,1.8));
#6604 = VECTOR('',#6605,1.);
#6605 = DIRECTION('',(1.,-1.614869854E-16,0.));
#6606 = PCURVE('',#3119,#6607);
#6607 = DEFINITIONAL_REPRESENTATION('',(#6608),#6612);
#6608 = LINE('',#6609,#6610);
#6609 = CARTESIAN_POINT('',(-31.80000000001,-30.49680582154));
#6610 = VECTOR('',#6611,1.);
#6611 = DIRECTION('',(1.,-1.614869854E-16));
#6612 = ( GEOMETRIC_REPRESENTATION_CONTEXT(2) 
PARAMETRIC_REPRESENTATION_CONTEXT() REPRESENTATION_CONTEXT('2D SPACE',''
  ) );
#6613 = PCURVE('',#6614,#6619);
#6614 = PLANE('',#6615);
#6615 = AXIS2_PLACEMENT_3D('',#6616,#6617,#6618);
#6616 = CARTESIAN_POINT('',(-11.4,-30.45,1.8));
#6617 = DIRECTION('',(-0.,1.,0.));
#6618 = DIRECTION('',(0.,0.,1.));
#6619 = DEFINITIONAL_REPRESENTATION('',(#6620),#6624);
#6620 = LINE('',#6621,#6622);
#6621 = CARTESIAN_POINT('',(0.,-20.4));
#6622 = VECTOR('',#6623,1.);
#6623 = DIRECTION('',(0.,1.));
#6624 = ( GEOMETRIC_REPRESENTATION_CONTEXT(2) 
PARAMETRIC_REPRESENTATION_CONTEXT() REPRESENTATION_CONTEXT('2D SPACE',''
  ) );
#6625 = ORIENTED_EDGE('',*,*,#6626,.F.);
#6626 = EDGE_CURVE('',#6627,#6599,#6629,.T.);
#6627 = VERTEX_POINT('',#6628);
#6628 = CARTESIAN_POINT('',(-9.8,-52.55,1.8));
#6629 = SURFACE_CURVE('',#6630,(#6634,#6641),.PCURVE_S1.);
#6630 = LINE('',#6631,#6632);
#6631 = CARTESIAN_POINT('',(-9.8,-52.55,1.8));
#6632 = VECTOR('',#6633,1.);
#6633 = DIRECTION('',(0.,1.,0.));
#6634 = PCURVE('',#3119,#6635);
#6635 = DEFINITIONAL_REPRESENTATION('',(#6636),#6640);
#6636 = LINE('',#6637,#6638);
#6637 = CARTESIAN_POINT('',(-9.800000000011,-52.59680582154));
#6638 = VECTOR('',#6639,1.);
#6639 = DIRECTION('',(0.,1.));
#6640 = ( GEOMETRIC_REPRESENTATION_CONTEXT(2) 
PARAMETRIC_REPRESENTATION_CONTEXT() REPRESENTATION_CONTEXT('2D SPACE',''
  ) );
#6641 = PCURVE('',#6642,#6647);
#6642 = PLANE('',#6643);
#6643 = AXIS2_PLACEMENT_3D('',#6644,#6645,#6646);
#6644 = CARTESIAN_POINT('',(-9.8,-52.55,1.8));
#6645 = DIRECTION('',(1.,0.,-0.));
#6646 = DIRECTION('',(0.,0.,1.));
#6647 = DEFINITIONAL_REPRESENTATION('',(#6648),#6652);
#6648 = LINE('',#6649,#6650);
#6649 = CARTESIAN_POINT('',(0.,-7.105427357601E-15));
#6650 = VECTOR('',#6651,1.);
#6651 = DIRECTION('',(0.,-1.));
#6652 = ( GEOMETRIC_REPRESENTATION_CONTEXT(2) 
PARAMETRIC_REPRESENTATION_CONTEXT() REPRESENTATION_CONTEXT('2D SPACE',''
  ) );
#6653 = ORIENTED_EDGE('',*,*,#6654,.F.);
#6654 = EDGE_CURVE('',#3772,#6627,#6655,.T.);
#6655 = SURFACE_CURVE('',#6656,(#6660,#6667),.PCURVE_S1.);
#6656 = LINE('',#6657,#6658);
#6657 = CARTESIAN_POINT('',(-31.8,-52.55,1.8));
#6658 = VECTOR('',#6659,1.);
#6659 = DIRECTION('',(1.,3.229739708E-16,0.));
#6660 = PCURVE('',#3119,#6661);
#6661 = DEFINITIONAL_REPRESENTATION('',(#6662),#6666);
#6662 = LINE('',#6663,#6664);
#6663 = CARTESIAN_POINT('',(-31.80000000001,-52.59680582154));
#6664 = VECTOR('',#6665,1.);
#6665 = DIRECTION('',(1.,3.229739708E-16));
#6666 = ( GEOMETRIC_REPRESENTATION_CONTEXT(2) 
PARAMETRIC_REPRESENTATION_CONTEXT() REPRESENTATION_CONTEXT('2D SPACE',''
  ) );
#6667 = PCURVE('',#4014,#6668);
#6668 = DEFINITIONAL_REPRESENTATION('',(#6669),#6673);
#6669 = LINE('',#6670,#6671);
#6670 = CARTESIAN_POINT('',(0.,-20.4));
#6671 = VECTOR('',#6672,1.);
#6672 = DIRECTION('',(0.,1.));
#6673 = ( GEOMETRIC_REPRESENTATION_CONTEXT(2) 
PARAMETRIC_REPRESENTATION_CONTEXT() REPRESENTATION_CONTEXT('2D SPACE',''
  ) );
#6674 = FACE_BOUND('',#6675,.T.);
#6675 = EDGE_LOOP('',(#6676));
#6676 = ORIENTED_EDGE('',*,*,#6677,.T.);
#6677 = EDGE_CURVE('',#6678,#6678,#6680,.T.);
#6678 = VERTEX_POINT('',#6679);
#6679 = CARTESIAN_POINT('',(-26.8,-58.,1.8));
#6680 = SURFACE_CURVE('',#6681,(#6686,#6697),.PCURVE_S1.);
#6681 = CIRCLE('',#6682,1.2);
#6682 = AXIS2_PLACEMENT_3D('',#6683,#6684,#6685);
#6683 = CARTESIAN_POINT('',(-28.,-58.,1.8));
#6684 = DIRECTION('',(0.,-0.,-1.));
#6685 = DIRECTION('',(1.,0.,-0.));
#6686 = PCURVE('',#3119,#6687);
#6687 = DEFINITIONAL_REPRESENTATION('',(#6688),#6696);
#6688 = ( BOUNDED_CURVE() B_SPLINE_CURVE(2,(#6689,#6690,#6691,#6692,
#6693,#6694,#6695),.UNSPECIFIED.,.T.,.F.) B_SPLINE_CURVE_WITH_KNOTS((1,2
    ,2,2,2,1),(-2.094395102393,0.,2.094395102393,4.188790204786,
6.28318530718,8.377580409573),.UNSPECIFIED.) CURVE() 
GEOMETRIC_REPRESENTATION_ITEM() RATIONAL_B_SPLINE_CURVE((1.,0.5,1.,0.5,
1.,0.5,1.)) REPRESENTATION_ITEM('') );
#6689 = CARTESIAN_POINT('',(-26.80000000001,-58.04680582154));
#6690 = CARTESIAN_POINT('',(-26.80000000001,-60.12526679062));
#6691 = CARTESIAN_POINT('',(-28.60000000001,-59.08603630608));
#6692 = CARTESIAN_POINT('',(-30.40000000001,-58.04680582154));
#6693 = CARTESIAN_POINT('',(-28.60000000001,-57.007575337));
#6694 = CARTESIAN_POINT('',(-26.80000000001,-55.96834485246));
#6695 = CARTESIAN_POINT('',(-26.80000000001,-58.04680582154));
#6696 = ( GEOMETRIC_REPRESENTATION_CONTEXT(2) 
PARAMETRIC_REPRESENTATION_CONTEXT() REPRESENTATION_CONTEXT('2D SPACE',''
  ) );
#6697 = PCURVE('',#6698,#6703);
#6698 = CYLINDRICAL_SURFACE('',#6699,1.2);
#6699 = AXIS2_PLACEMENT_3D('',#6700,#6701,#6702);
#6700 = CARTESIAN_POINT('',(-28.,-58.,0.));
#6701 = DIRECTION('',(-0.,-0.,-1.));
#6702 = DIRECTION('',(1.,0.,-0.));
#6703 = DEFINITIONAL_REPRESENTATION('',(#6704),#6708);
#6704 = LINE('',#6705,#6706);
#6705 = CARTESIAN_POINT('',(-6.28318530718,-1.8));
#6706 = VECTOR('',#6707,1.);
#6707 = DIRECTION('',(1.,-0.));
#6708 = ( GEOMETRIC_REPRESENTATION_CONTEXT(2) 
PARAMETRIC_REPRESENTATION_CONTEXT() REPRESENTATION_CONTEXT('2D SPACE',''
  ) );
#6709 = FACE_BOUND('',#6710,.T.);
#6710 = EDGE_LOOP('',(#6711));
#6711 = ORIENTED_EDGE('',*,*,#6712,.T.);
#6712 = EDGE_CURVE('',#6713,#6713,#6715,.T.);
#6713 = VERTEX_POINT('',#6714);
#6714 = CARTESIAN_POINT('',(-16.30208855077,-28.47091017547,1.8));
#6715 = SURFACE_CURVE('',#6716,(#6721,#6732),.PCURVE_S1.);
#6716 = CIRCLE('',#6717,3.5);
#6717 = AXIS2_PLACEMENT_3D('',#6718,#6719,#6720);
#6718 = CARTESIAN_POINT('',(-19.80208855077,-28.47091017547,1.8));
#6719 = DIRECTION('',(0.,-0.,-1.));
#6720 = DIRECTION('',(1.,0.,-0.));
#6721 = PCURVE('',#3119,#6722);
#6722 = DEFINITIONAL_REPRESENTATION('',(#6723),#6731);
#6723 = ( BOUNDED_CURVE() B_SPLINE_CURVE(2,(#6724,#6725,#6726,#6727,
#6728,#6729,#6730),.UNSPECIFIED.,.T.,.F.) B_SPLINE_CURVE_WITH_KNOTS((1,2
    ,2,2,2,1),(-2.094395102393,0.,2.094395102393,4.188790204786,
6.28318530718,8.377580409573),.UNSPECIFIED.) CURVE() 
GEOMETRIC_REPRESENTATION_ITEM() RATIONAL_B_SPLINE_CURVE((1.,0.5,1.,0.5,
1.,0.5,1.)) REPRESENTATION_ITEM('') );
#6724 = CARTESIAN_POINT('',(-16.30208855078,-28.51771599701));
#6725 = CARTESIAN_POINT('',(-16.30208855078,-34.5798938235));
#6726 = CARTESIAN_POINT('',(-21.55208855078,-31.54880491026));
#6727 = CARTESIAN_POINT('',(-26.80208855078,-28.51771599701));
#6728 = CARTESIAN_POINT('',(-21.55208855078,-25.48662708377));
#6729 = CARTESIAN_POINT('',(-16.30208855078,-22.45553817052));
#6730 = CARTESIAN_POINT('',(-16.30208855078,-28.51771599701));
#6731 = ( GEOMETRIC_REPRESENTATION_CONTEXT(2) 
PARAMETRIC_REPRESENTATION_CONTEXT() REPRESENTATION_CONTEXT('2D SPACE',''
  ) );
#6732 = PCURVE('',#6733,#6738);
#6733 = CYLINDRICAL_SURFACE('',#6734,3.5);
#6734 = AXIS2_PLACEMENT_3D('',#6735,#6736,#6737);
#6735 = CARTESIAN_POINT('',(-19.80208855077,-28.47091017547,0.));
#6736 = DIRECTION('',(-0.,-0.,-1.));
#6737 = DIRECTION('',(1.,0.,-0.));
#6738 = DEFINITIONAL_REPRESENTATION('',(#6739),#6743);
#6739 = LINE('',#6740,#6741);
#6740 = CARTESIAN_POINT('',(-6.28318530718,-1.8));
#6741 = VECTOR('',#6742,1.);
#6742 = DIRECTION('',(1.,-0.));
#6743 = ( GEOMETRIC_REPRESENTATION_CONTEXT(2) 
PARAMETRIC_REPRESENTATION_CONTEXT() REPRESENTATION_CONTEXT('2D SPACE',''
  ) );
#6744 = FACE_BOUND('',#6745,.T.);
#6745 = EDGE_LOOP('',(#6746));
#6746 = ORIENTED_EDGE('',*,*,#6747,.T.);
#6747 = EDGE_CURVE('',#6748,#6748,#6750,.T.);
#6748 = VERTEX_POINT('',#6749);
#6749 = CARTESIAN_POINT('',(3.5,-33.5,1.8));
#6750 = SURFACE_CURVE('',#6751,(#6756,#6767),.PCURVE_S1.);
#6751 = CIRCLE('',#6752,3.5);
#6752 = AXIS2_PLACEMENT_3D('',#6753,#6754,#6755);
#6753 = CARTESIAN_POINT('',(0.,-33.5,1.8));
#6754 = DIRECTION('',(0.,-0.,-1.));
#6755 = DIRECTION('',(1.,0.,-0.));
#6756 = PCURVE('',#3119,#6757);
#6757 = DEFINITIONAL_REPRESENTATION('',(#6758),#6766);
#6758 = ( BOUNDED_CURVE() B_SPLINE_CURVE(2,(#6759,#6760,#6761,#6762,
#6763,#6764,#6765),.UNSPECIFIED.,.T.,.F.) B_SPLINE_CURVE_WITH_KNOTS((1,2
    ,2,2,2,1),(-2.094395102393,0.,2.094395102393,4.188790204786,
6.28318530718,8.377580409573),.UNSPECIFIED.) CURVE() 
GEOMETRIC_REPRESENTATION_ITEM() RATIONAL_B_SPLINE_CURVE((1.,0.5,1.,0.5,
1.,0.5,1.)) REPRESENTATION_ITEM('') );
#6759 = CARTESIAN_POINT('',(3.499999999989,-33.54680582154));
#6760 = CARTESIAN_POINT('',(3.499999999989,-39.60898364803));
#6761 = CARTESIAN_POINT('',(-1.750000000011,-36.57789473479));
#6762 = CARTESIAN_POINT('',(-7.000000000011,-33.54680582154));
#6763 = CARTESIAN_POINT('',(-1.750000000011,-30.5157169083));
#6764 = CARTESIAN_POINT('',(3.499999999989,-27.48462799505));
#6765 = CARTESIAN_POINT('',(3.499999999989,-33.54680582154));
#6766 = ( GEOMETRIC_REPRESENTATION_CONTEXT(2) 
PARAMETRIC_REPRESENTATION_CONTEXT() REPRESENTATION_CONTEXT('2D SPACE',''
  ) );
#6767 = PCURVE('',#6768,#6773);
#6768 = CYLINDRICAL_SURFACE('',#6769,3.5);
#6769 = AXIS2_PLACEMENT_3D('',#6770,#6771,#6772);
#6770 = CARTESIAN_POINT('',(0.,-33.5,0.));
#6771 = DIRECTION('',(-0.,-0.,-1.));
#6772 = DIRECTION('',(1.,0.,-0.));
#6773 = DEFINITIONAL_REPRESENTATION('',(#6774),#6778);
#6774 = LINE('',#6775,#6776);
#6775 = CARTESIAN_POINT('',(-6.28318530718,-1.8));
#6776 = VECTOR('',#6777,1.);
#6777 = DIRECTION('',(1.,-0.));
#6778 = ( GEOMETRIC_REPRESENTATION_CONTEXT(2) 
PARAMETRIC_REPRESENTATION_CONTEXT() REPRESENTATION_CONTEXT('2D SPACE',''
  ) );
#6779 = FACE_BOUND('',#6780,.T.);
#6780 = EDGE_LOOP('',(#6781));
#6781 = ORIENTED_EDGE('',*,*,#6782,.T.);
#6782 = EDGE_CURVE('',#6783,#6783,#6785,.T.);
#6783 = VERTEX_POINT('',#6784);
#6784 = CARTESIAN_POINT('',(29.2,-58.,1.8));
#6785 = SURFACE_CURVE('',#6786,(#6791,#6802),.PCURVE_S1.);
#6786 = CIRCLE('',#6787,1.2);
#6787 = AXIS2_PLACEMENT_3D('',#6788,#6789,#6790);
#6788 = CARTESIAN_POINT('',(28.,-58.,1.8));
#6789 = DIRECTION('',(0.,-0.,-1.));
#6790 = DIRECTION('',(1.,0.,-0.));
#6791 = PCURVE('',#3119,#6792);
#6792 = DEFINITIONAL_REPRESENTATION('',(#6793),#6801);
#6793 = ( BOUNDED_CURVE() B_SPLINE_CURVE(2,(#6794,#6795,#6796,#6797,
#6798,#6799,#6800),.UNSPECIFIED.,.T.,.F.) B_SPLINE_CURVE_WITH_KNOTS((1,2
    ,2,2,2,1),(-2.094395102393,0.,2.094395102393,4.188790204786,
6.28318530718,8.377580409573),.UNSPECIFIED.) CURVE() 
GEOMETRIC_REPRESENTATION_ITEM() RATIONAL_B_SPLINE_CURVE((1.,0.5,1.,0.5,
1.,0.5,1.)) REPRESENTATION_ITEM('') );
#6794 = CARTESIAN_POINT('',(29.199999999989,-58.04680582154));
#6795 = CARTESIAN_POINT('',(29.199999999989,-60.12526679062));
#6796 = CARTESIAN_POINT('',(27.399999999989,-59.08603630608));
#6797 = CARTESIAN_POINT('',(25.599999999989,-58.04680582154));
#6798 = CARTESIAN_POINT('',(27.399999999989,-57.007575337));
#6799 = CARTESIAN_POINT('',(29.199999999989,-55.96834485246));
#6800 = CARTESIAN_POINT('',(29.199999999989,-58.04680582154));
#6801 = ( GEOMETRIC_REPRESENTATION_CONTEXT(2) 
PARAMETRIC_REPRESENTATION_CONTEXT() REPRESENTATION_CONTEXT('2D SPACE',''
  ) );
#6802 = PCURVE('',#6803,#6808);
#6803 = CYLINDRICAL_SURFACE('',#6804,1.2);
#6804 = AXIS2_PLACEMENT_3D('',#6805,#6806,#6807);
#6805 = CARTESIAN_POINT('',(28.,-58.,0.));
#6806 = DIRECTION('',(-0.,-0.,-1.));
#6807 = DIRECTION('',(1.,0.,-0.));
#6808 = DEFINITIONAL_REPRESENTATION('',(#6809),#6813);
#6809 = LINE('',#6810,#6811);
#6810 = CARTESIAN_POINT('',(-6.28318530718,-1.8));
#6811 = VECTOR('',#6812,1.);
#6812 = DIRECTION('',(1.,-0.));
#6813 = ( GEOMETRIC_REPRESENTATION_CONTEXT(2) 
PARAMETRIC_REPRESENTATION_CONTEXT() REPRESENTATION_CONTEXT('2D SPACE',''
  ) );
#6814 = FACE_BOUND('',#6815,.T.);
#6815 = EDGE_LOOP('',(#6816));
#6816 = ORIENTED_EDGE('',*,*,#6817,.T.);
#6817 = EDGE_CURVE('',#6818,#6818,#6820,.T.);
#6818 = VERTEX_POINT('',#6819);
#6819 = CARTESIAN_POINT('',(23.302088550774,-28.47091017547,1.8));
#6820 = SURFACE_CURVE('',#6821,(#6826,#6837),.PCURVE_S1.);
#6821 = CIRCLE('',#6822,3.5);
#6822 = AXIS2_PLACEMENT_3D('',#6823,#6824,#6825);
#6823 = CARTESIAN_POINT('',(19.802088550774,-28.47091017547,1.8));
#6824 = DIRECTION('',(0.,-0.,-1.));
#6825 = DIRECTION('',(1.,0.,-0.));
#6826 = PCURVE('',#3119,#6827);
#6827 = DEFINITIONAL_REPRESENTATION('',(#6828),#6836);
#6828 = ( BOUNDED_CURVE() B_SPLINE_CURVE(2,(#6829,#6830,#6831,#6832,
#6833,#6834,#6835),.UNSPECIFIED.,.T.,.F.) B_SPLINE_CURVE_WITH_KNOTS((1,2
    ,2,2,2,1),(-2.094395102393,0.,2.094395102393,4.188790204786,
6.28318530718,8.377580409573),.UNSPECIFIED.) CURVE() 
GEOMETRIC_REPRESENTATION_ITEM() RATIONAL_B_SPLINE_CURVE((1.,0.5,1.,0.5,
1.,0.5,1.)) REPRESENTATION_ITEM('') );
#6829 = CARTESIAN_POINT('',(23.302088550762,-28.51771599701));
#6830 = CARTESIAN_POINT('',(23.302088550762,-34.5798938235));
#6831 = CARTESIAN_POINT('',(18.052088550762,-31.54880491026));
#6832 = CARTESIAN_POINT('',(12.802088550762,-28.51771599701));
#6833 = CARTESIAN_POINT('',(18.052088550762,-25.48662708377));
#6834 = CARTESIAN_POINT('',(23.302088550762,-22.45553817052));
#6835 = CARTESIAN_POINT('',(23.302088550762,-28.51771599701));
#6836 = ( GEOMETRIC_REPRESENTATION_CONTEXT(2) 
PARAMETRIC_REPRESENTATION_CONTEXT() REPRESENTATION_CONTEXT('2D SPACE',''
  ) );
#6837 = PCURVE('',#6838,#6843);
#6838 = CYLINDRICAL_SURFACE('',#6839,3.5);
#6839 = AXIS2_PLACEMENT_3D('',#6840,#6841,#6842);
#6840 = CARTESIAN_POINT('',(19.802088550774,-28.47091017547,0.));
#6841 = DIRECTION('',(-0.,-0.,-1.));
#6842 = DIRECTION('',(1.,0.,-0.));
#6843 = DEFINITIONAL_REPRESENTATION('',(#6844),#6848);
#6844 = LINE('',#6845,#6846);
#6845 = CARTESIAN_POINT('',(-6.28318530718,-1.8));
#6846 = VECTOR('',#6847,1.);
#6847 = DIRECTION('',(1.,-0.));
#6848 = ( GEOMETRIC_REPRESENTATION_CONTEXT(2) 
PARAMETRIC_REPRESENTATION_CONTEXT() REPRESENTATION_CONTEXT('2D SPACE',''
  ) );
#6849 = FACE_BOUND('',#6850,.T.);
#6850 = EDGE_LOOP('',(#6851));
#6851 = ORIENTED_EDGE('',*,*,#6852,.T.);
#6852 = EDGE_CURVE('',#6853,#6853,#6855,.T.);
#6853 = VERTEX_POINT('',#6854);
#6854 = CARTESIAN_POINT('',(-26.8,58.,1.8));
#6855 = SURFACE_CURVE('',#6856,(#6861,#6872),.PCURVE_S1.);
#6856 = CIRCLE('',#6857,1.2);
#6857 = AXIS2_PLACEMENT_3D('',#6858,#6859,#6860);
#6858 = CARTESIAN_POINT('',(-28.,58.,1.8));
#6859 = DIRECTION('',(0.,-0.,-1.));
#6860 = DIRECTION('',(1.,0.,-0.));
#6861 = PCURVE('',#3119,#6862);
#6862 = DEFINITIONAL_REPRESENTATION('',(#6863),#6871);
#6863 = ( BOUNDED_CURVE() B_SPLINE_CURVE(2,(#6864,#6865,#6866,#6867,
#6868,#6869,#6870),.UNSPECIFIED.,.T.,.F.) B_SPLINE_CURVE_WITH_KNOTS((1,2
    ,2,2,2,1),(-2.094395102393,0.,2.094395102393,4.188790204786,
6.28318530718,8.377580409573),.UNSPECIFIED.) CURVE() 
GEOMETRIC_REPRESENTATION_ITEM() RATIONAL_B_SPLINE_CURVE((1.,0.5,1.,0.5,
1.,0.5,1.)) REPRESENTATION_ITEM('') );
#6864 = CARTESIAN_POINT('',(-26.80000000001,57.953194178454));
#6865 = CARTESIAN_POINT('',(-26.80000000001,55.874733209372));
#6866 = CARTESIAN_POINT('',(-28.60000000001,56.913963693913));
#6867 = CARTESIAN_POINT('',(-30.40000000001,57.953194178454));
#6868 = CARTESIAN_POINT('',(-28.60000000001,58.992424662996));
#6869 = CARTESIAN_POINT('',(-26.80000000001,60.031655147537));
#6870 = CARTESIAN_POINT('',(-26.80000000001,57.953194178454));
#6871 = ( GEOMETRIC_REPRESENTATION_CONTEXT(2) 
PARAMETRIC_REPRESENTATION_CONTEXT() REPRESENTATION_CONTEXT('2D SPACE',''
  ) );
#6872 = PCURVE('',#6873,#6878);
#6873 = CYLINDRICAL_SURFACE('',#6874,1.2);
#6874 = AXIS2_PLACEMENT_3D('',#6875,#6876,#6877);
#6875 = CARTESIAN_POINT('',(-28.,58.,0.));
#6876 = DIRECTION('',(-0.,-0.,-1.));
#6877 = DIRECTION('',(1.,0.,-0.));
#6878 = DEFINITIONAL_REPRESENTATION('',(#6879),#6883);
#6879 = LINE('',#6880,#6881);
#6880 = CARTESIAN_POINT('',(-6.28318530718,-1.8));
#6881 = VECTOR('',#6882,1.);
#6882 = DIRECTION('',(1.,-0.));
#6883 = ( GEOMETRIC_REPRESENTATION_CONTEXT(2) 
PARAMETRIC_REPRESENTATION_CONTEXT() REPRESENTATION_CONTEXT('2D SPACE',''
  ) );
#6884 = FACE_BOUND('',#6885,.T.);
#6885 = EDGE_LOOP('',(#6886));
#6886 = ORIENTED_EDGE('',*,*,#6887,.T.);
#6887 = EDGE_CURVE('',#6888,#6888,#6890,.T.);
#6888 = VERTEX_POINT('',#6889);
#6889 = CARTESIAN_POINT('',(26.85,8.,1.8));
#6890 = SURFACE_CURVE('',#6891,(#6896,#6907),.PCURVE_S1.);
#6891 = CIRCLE('',#6892,26.85);
#6892 = AXIS2_PLACEMENT_3D('',#6893,#6894,#6895);
#6893 = CARTESIAN_POINT('',(0.,8.,1.8));
#6894 = DIRECTION('',(0.,-0.,-1.));
#6895 = DIRECTION('',(1.,0.,-0.));
#6896 = PCURVE('',#3119,#6897);
#6897 = DEFINITIONAL_REPRESENTATION('',(#6898),#6906);
#6898 = ( BOUNDED_CURVE() B_SPLINE_CURVE(2,(#6899,#6900,#6901,#6902,
#6903,#6904,#6905),.UNSPECIFIED.,.T.,.F.) B_SPLINE_CURVE_WITH_KNOTS((1,2
    ,2,2,2,1),(-2.094395102393,0.,2.094395102393,4.188790204786,
6.28318530718,8.377580409573),.UNSPECIFIED.) CURVE() 
GEOMETRIC_REPRESENTATION_ITEM() RATIONAL_B_SPLINE_CURVE((1.,0.5,1.,0.5,
1.,0.5,1.)) REPRESENTATION_ITEM('') );
#6899 = CARTESIAN_POINT('',(26.849999999989,7.953194178454));
#6900 = CARTESIAN_POINT('',(26.849999999989,-38.55237000477));
#6901 = CARTESIAN_POINT('',(-13.42500000001,-15.29958791315));
#6902 = CARTESIAN_POINT('',(-53.70000000001,7.953194178454));
#6903 = CARTESIAN_POINT('',(-13.42500000001,31.205976270066));
#6904 = CARTESIAN_POINT('',(26.849999999989,54.458758361679));
#6905 = CARTESIAN_POINT('',(26.849999999989,7.953194178454));
#6906 = ( GEOMETRIC_REPRESENTATION_CONTEXT(2) 
PARAMETRIC_REPRESENTATION_CONTEXT() REPRESENTATION_CONTEXT('2D SPACE',''
  ) );
#6907 = PCURVE('',#6908,#6913);
#6908 = CYLINDRICAL_SURFACE('',#6909,26.85);
#6909 = AXIS2_PLACEMENT_3D('',#6910,#6911,#6912);
#6910 = CARTESIAN_POINT('',(0.,8.,0.));
#6911 = DIRECTION('',(-0.,-0.,-1.));
#6912 = DIRECTION('',(1.,0.,-0.));
#6913 = DEFINITIONAL_REPRESENTATION('',(#6914),#6918);
#6914 = LINE('',#6915,#6916);
#6915 = CARTESIAN_POINT('',(-6.28318530718,-1.8));
#6916 = VECTOR('',#6917,1.);
#6917 = DIRECTION('',(1.,-0.));
#6918 = ( GEOMETRIC_REPRESENTATION_CONTEXT(2) 
PARAMETRIC_REPRESENTATION_CONTEXT() REPRESENTATION_CONTEXT('2D SPACE',''
  ) );
#6919 = FACE_BOUND('',#6920,.T.);
#6920 = EDGE_LOOP('',(#6921,#6952,#6979,#7008));
#6921 = ORIENTED_EDGE('',*,*,#6922,.F.);
#6922 = EDGE_CURVE('',#6923,#6925,#6927,.T.);
#6923 = VERTEX_POINT('',#6924);
#6924 = CARTESIAN_POINT('',(17.35,-18.29120575401,1.8));
#6925 = VERTEX_POINT('',#6926);
#6926 = CARTESIAN_POINT('',(-17.35,-18.29120575401,1.8));
#6927 = SURFACE_CURVE('',#6928,(#6933,#6940),.PCURVE_S1.);
#6928 = CIRCLE('',#6929,31.5);
#6929 = AXIS2_PLACEMENT_3D('',#6930,#6931,#6932);
#6930 = CARTESIAN_POINT('',(0.,8.,1.8));
#6931 = DIRECTION('',(0.,0.,1.));
#6932 = DIRECTION('',(0.550793650794,-0.834641452508,0.));
#6933 = PCURVE('',#3119,#6934);
#6934 = DEFINITIONAL_REPRESENTATION('',(#6935),#6939);
#6935 = CIRCLE('',#6936,31.5);
#6936 = AXIS2_PLACEMENT_2D('',#6937,#6938);
#6937 = CARTESIAN_POINT('',(-1.12850119938E-11,7.953194178454));
#6938 = DIRECTION('',(0.550793650794,-0.834641452508));
#6939 = ( GEOMETRIC_REPRESENTATION_CONTEXT(2) 
PARAMETRIC_REPRESENTATION_CONTEXT() REPRESENTATION_CONTEXT('2D SPACE',''
  ) );
#6940 = PCURVE('',#6941,#6946);
#6941 = CYLINDRICAL_SURFACE('',#6942,31.5);
#6942 = AXIS2_PLACEMENT_3D('',#6943,#6944,#6945);
#6943 = CARTESIAN_POINT('',(0.,8.,1.8));
#6944 = DIRECTION('',(-0.,-0.,-1.));
#6945 = DIRECTION('',(1.,0.,-0.));
#6946 = DEFINITIONAL_REPRESENTATION('',(#6947),#6951);
#6947 = LINE('',#6948,#6949);
#6948 = CARTESIAN_POINT('',(-5.295703808541,0.));
#6949 = VECTOR('',#6950,1.);
#6950 = DIRECTION('',(-1.,0.));
#6951 = ( GEOMETRIC_REPRESENTATION_CONTEXT(2) 
PARAMETRIC_REPRESENTATION_CONTEXT() REPRESENTATION_CONTEXT('2D SPACE',''
  ) );
#6952 = ORIENTED_EDGE('',*,*,#6953,.T.);
#6953 = EDGE_CURVE('',#6923,#6954,#6956,.T.);
#6954 = VERTEX_POINT('',#6955);
#6955 = CARTESIAN_POINT('',(17.35,-16.35133466568,1.8));
#6956 = SURFACE_CURVE('',#6957,(#6961,#6968),.PCURVE_S1.);
#6957 = LINE('',#6958,#6959);
#6958 = CARTESIAN_POINT('',(17.35,-10.81,1.8));
#6959 = VECTOR('',#6960,1.);
#6960 = DIRECTION('',(-0.,1.,0.));
#6961 = PCURVE('',#3119,#6962);
#6962 = DEFINITIONAL_REPRESENTATION('',(#6963),#6967);
#6963 = LINE('',#6964,#6965);
#6964 = CARTESIAN_POINT('',(17.349999999989,-10.85680582154));
#6965 = VECTOR('',#6966,1.);
#6966 = DIRECTION('',(0.,1.));
#6967 = ( GEOMETRIC_REPRESENTATION_CONTEXT(2) 
PARAMETRIC_REPRESENTATION_CONTEXT() REPRESENTATION_CONTEXT('2D SPACE',''
  ) );
#6968 = PCURVE('',#6969,#6974);
#6969 = PLANE('',#6970);
#6970 = AXIS2_PLACEMENT_3D('',#6971,#6972,#6973);
#6971 = CARTESIAN_POINT('',(17.35,-29.62,1.3));
#6972 = DIRECTION('',(1.,0.,-0.));
#6973 = DIRECTION('',(0.,0.,1.));
#6974 = DEFINITIONAL_REPRESENTATION('',(#6975),#6978);
#6975 = B_SPLINE_CURVE_WITH_KNOTS('',1,(#6976,#6977),.UNSPECIFIED.,.F.,
  .F.,(2,2),(-12.69,-2.81),.PIECEWISE_BEZIER_KNOTS.);
#6976 = CARTESIAN_POINT('',(0.5,-6.12));
#6977 = CARTESIAN_POINT('',(0.5,-16.));
#6978 = ( GEOMETRIC_REPRESENTATION_CONTEXT(2) 
PARAMETRIC_REPRESENTATION_CONTEXT() REPRESENTATION_CONTEXT('2D SPACE',''
  ) );
#6979 = ORIENTED_EDGE('',*,*,#6980,.T.);
#6980 = EDGE_CURVE('',#6954,#6981,#6983,.T.);
#6981 = VERTEX_POINT('',#6982);
#6982 = CARTESIAN_POINT('',(-17.35,-16.35133466568,1.8));
#6983 = SURFACE_CURVE('',#6984,(#6989,#6996),.PCURVE_S1.);
#6984 = CIRCLE('',#6985,29.9);
#6985 = AXIS2_PLACEMENT_3D('',#6986,#6987,#6988);
#6986 = CARTESIAN_POINT('',(0.,8.,1.8));
#6987 = DIRECTION('',(0.,0.,1.));
#6988 = DIRECTION('',(0.580267558528,-0.814425908551,0.));
#6989 = PCURVE('',#3119,#6990);
#6990 = DEFINITIONAL_REPRESENTATION('',(#6991),#6995);
#6991 = CIRCLE('',#6992,29.9);
#6992 = AXIS2_PLACEMENT_2D('',#6993,#6994);
#6993 = CARTESIAN_POINT('',(-1.12850119938E-11,7.953194178454));
#6994 = DIRECTION('',(0.580267558528,-0.814425908551));
#6995 = ( GEOMETRIC_REPRESENTATION_CONTEXT(2) 
PARAMETRIC_REPRESENTATION_CONTEXT() REPRESENTATION_CONTEXT('2D SPACE',''
  ) );
#6996 = PCURVE('',#6997,#7002);
#6997 = CYLINDRICAL_SURFACE('',#6998,29.9);
#6998 = AXIS2_PLACEMENT_3D('',#6999,#7000,#7001);
#6999 = CARTESIAN_POINT('',(0.,8.,1.8));
#7000 = DIRECTION('',(-0.,-0.,-1.));
#7001 = DIRECTION('',(1.,0.,-0.));
#7002 = DEFINITIONAL_REPRESENTATION('',(#7003),#7007);
#7003 = LINE('',#7004,#7005);
#7004 = CARTESIAN_POINT('',(-5.331446156711,0.));
#7005 = VECTOR('',#7006,1.);
#7006 = DIRECTION('',(-1.,0.));
#7007 = ( GEOMETRIC_REPRESENTATION_CONTEXT(2) 
PARAMETRIC_REPRESENTATION_CONTEXT() REPRESENTATION_CONTEXT('2D SPACE',''
  ) );
#7008 = ORIENTED_EDGE('',*,*,#7009,.F.);
#7009 = EDGE_CURVE('',#6925,#6981,#7010,.T.);
#7010 = SURFACE_CURVE('',#7011,(#7015,#7022),.PCURVE_S1.);
#7011 = LINE('',#7012,#7013);
#7012 = CARTESIAN_POINT('',(-17.35,-10.81,1.8));
#7013 = VECTOR('',#7014,1.);
#7014 = DIRECTION('',(-0.,1.,0.));
#7015 = PCURVE('',#3119,#7016);
#7016 = DEFINITIONAL_REPRESENTATION('',(#7017),#7021);
#7017 = LINE('',#7018,#7019);
#7018 = CARTESIAN_POINT('',(-17.35000000001,-10.85680582154));
#7019 = VECTOR('',#7020,1.);
#7020 = DIRECTION('',(0.,1.));
#7021 = ( GEOMETRIC_REPRESENTATION_CONTEXT(2) 
PARAMETRIC_REPRESENTATION_CONTEXT() REPRESENTATION_CONTEXT('2D SPACE',''
  ) );
#7022 = PCURVE('',#7023,#7028);
#7023 = PLANE('',#7024);
#7024 = AXIS2_PLACEMENT_3D('',#7025,#7026,#7027);
#7025 = CARTESIAN_POINT('',(-17.35,-29.62,1.3));
#7026 = DIRECTION('',(1.,0.,-0.));
#7027 = DIRECTION('',(0.,0.,1.));
#7028 = DEFINITIONAL_REPRESENTATION('',(#7029),#7032);
#7029 = B_SPLINE_CURVE_WITH_KNOTS('',1,(#7030,#7031),.UNSPECIFIED.,.F.,
  .F.,(2,2),(-12.69,-2.81),.PIECEWISE_BEZIER_KNOTS.);
#7030 = CARTESIAN_POINT('',(0.5,-6.12));
#7031 = CARTESIAN_POINT('',(0.5,-16.));
#7032 = ( GEOMETRIC_REPRESENTATION_CONTEXT(2) 
PARAMETRIC_REPRESENTATION_CONTEXT() REPRESENTATION_CONTEXT('2D SPACE',''
  ) );
#7033 = FACE_BOUND('',#7034,.T.);
#7034 = EDGE_LOOP('',(#7035));
#7035 = ORIENTED_EDGE('',*,*,#7036,.T.);
#7036 = EDGE_CURVE('',#7037,#7037,#7039,.T.);
#7037 = VERTEX_POINT('',#7038);
#7038 = CARTESIAN_POINT('',(29.2,58.,1.8));
#7039 = SURFACE_CURVE('',#7040,(#7045,#7056),.PCURVE_S1.);
#7040 = CIRCLE('',#7041,1.2);
#7041 = AXIS2_PLACEMENT_3D('',#7042,#7043,#7044);
#7042 = CARTESIAN_POINT('',(28.,58.,1.8));
#7043 = DIRECTION('',(0.,-0.,-1.));
#7044 = DIRECTION('',(1.,0.,-0.));
#7045 = PCURVE('',#3119,#7046);
#7046 = DEFINITIONAL_REPRESENTATION('',(#7047),#7055);
#7047 = ( BOUNDED_CURVE() B_SPLINE_CURVE(2,(#7048,#7049,#7050,#7051,
#7052,#7053,#7054),.UNSPECIFIED.,.T.,.F.) B_SPLINE_CURVE_WITH_KNOTS((1,2
    ,2,2,2,1),(-2.094395102393,0.,2.094395102393,4.188790204786,
6.28318530718,8.377580409573),.UNSPECIFIED.) CURVE() 
GEOMETRIC_REPRESENTATION_ITEM() RATIONAL_B_SPLINE_CURVE((1.,0.5,1.,0.5,
1.,0.5,1.)) REPRESENTATION_ITEM('') );
#7048 = CARTESIAN_POINT('',(29.199999999989,57.953194178454));
#7049 = CARTESIAN_POINT('',(29.199999999989,55.874733209372));
#7050 = CARTESIAN_POINT('',(27.399999999989,56.913963693913));
#7051 = CARTESIAN_POINT('',(25.599999999989,57.953194178454));
#7052 = CARTESIAN_POINT('',(27.399999999989,58.992424662996));
#7053 = CARTESIAN_POINT('',(29.199999999989,60.031655147537));
#7054 = CARTESIAN_POINT('',(29.199999999989,57.953194178454));
#7055 = ( GEOMETRIC_REPRESENTATION_CONTEXT(2) 
PARAMETRIC_REPRESENTATION_CONTEXT() REPRESENTATION_CONTEXT('2D SPACE',''
  ) );
#7056 = PCURVE('',#7057,#7062);
#7057 = CYLINDRICAL_SURFACE('',#7058,1.2);
#7058 = AXIS2_PLACEMENT_3D('',#7059,#7060,#7061);
#7059 = CARTESIAN_POINT('',(28.,58.,0.));
#7060 = DIRECTION('',(-0.,-0.,-1.));
#7061 = DIRECTION('',(1.,0.,-0.));
#7062 = DEFINITIONAL_REPRESENTATION('',(#7063),#7067);
#7063 = LINE('',#7064,#7065);
#7064 = CARTESIAN_POINT('',(-6.28318530718,-1.8));
#7065 = VECTOR('',#7066,1.);
#7066 = DIRECTION('',(1.,-0.));
#7067 = ( GEOMETRIC_REPRESENTATION_CONTEXT(2) 
PARAMETRIC_REPRESENTATION_CONTEXT() REPRESENTATION_CONTEXT('2D SPACE',''
  ) );
#7068 = ADVANCED_FACE('',(#7069),#3469,.F.);
#7069 = FACE_BOUND('',#7070,.F.);
#7070 = EDGE_LOOP('',(#7071,#7072,#7095,#7116));
#7071 = ORIENTED_EDGE('',*,*,#6140,.T.);
#7072 = ORIENTED_EDGE('',*,*,#7073,.T.);
#7073 = EDGE_CURVE('',#6141,#7074,#7076,.T.);
#7074 = VERTEX_POINT('',#7075);
#7075 = CARTESIAN_POINT('',(4.,-52.6,6.45));
#7076 = SURFACE_CURVE('',#7077,(#7081,#7088),.PCURVE_S1.);
#7077 = LINE('',#7078,#7079);
#7078 = CARTESIAN_POINT('',(4.,-52.6,1.8));
#7079 = VECTOR('',#7080,1.);
#7080 = DIRECTION('',(0.,0.,1.));
#7081 = PCURVE('',#3469,#7082);
#7082 = DEFINITIONAL_REPRESENTATION('',(#7083),#7087);
#7083 = LINE('',#7084,#7085);
#7084 = CARTESIAN_POINT('',(0.,0.));
#7085 = VECTOR('',#7086,1.);
#7086 = DIRECTION('',(1.,0.));
#7087 = ( GEOMETRIC_REPRESENTATION_CONTEXT(2) 
PARAMETRIC_REPRESENTATION_CONTEXT() REPRESENTATION_CONTEXT('2D SPACE',''
  ) );
#7088 = PCURVE('',#6179,#7089);
#7089 = DEFINITIONAL_REPRESENTATION('',(#7090),#7094);
#7090 = LINE('',#7091,#7092);
#7091 = CARTESIAN_POINT('',(0.,0.));
#7092 = VECTOR('',#7093,1.);
#7093 = DIRECTION('',(1.,0.));
#7094 = ( GEOMETRIC_REPRESENTATION_CONTEXT(2) 
PARAMETRIC_REPRESENTATION_CONTEXT() REPRESENTATION_CONTEXT('2D SPACE',''
  ) );
#7095 = ORIENTED_EDGE('',*,*,#7096,.T.);
#7096 = EDGE_CURVE('',#7074,#3429,#7097,.T.);
#7097 = SURFACE_CURVE('',#7098,(#7102,#7109),.PCURVE_S1.);
#7098 = LINE('',#7099,#7100);
#7099 = CARTESIAN_POINT('',(4.,-52.6,6.45));
#7100 = VECTOR('',#7101,1.);
#7101 = DIRECTION('',(1.,0.,0.));
#7102 = PCURVE('',#3469,#7103);
#7103 = DEFINITIONAL_REPRESENTATION('',(#7104),#7108);
#7104 = LINE('',#7105,#7106);
#7105 = CARTESIAN_POINT('',(4.65,0.));
#7106 = VECTOR('',#7107,1.);
#7107 = DIRECTION('',(0.,1.));
#7108 = ( GEOMETRIC_REPRESENTATION_CONTEXT(2) 
PARAMETRIC_REPRESENTATION_CONTEXT() REPRESENTATION_CONTEXT('2D SPACE',''
  ) );
#7109 = PCURVE('',#3444,#7110);
#7110 = DEFINITIONAL_REPRESENTATION('',(#7111),#7115);
#7111 = LINE('',#7112,#7113);
#7112 = CARTESIAN_POINT('',(0.,7.105427357601E-15));
#7113 = VECTOR('',#7114,1.);
#7114 = DIRECTION('',(1.,0.));
#7115 = ( GEOMETRIC_REPRESENTATION_CONTEXT(2) 
PARAMETRIC_REPRESENTATION_CONTEXT() REPRESENTATION_CONTEXT('2D SPACE',''
  ) );
#7116 = ORIENTED_EDGE('',*,*,#3455,.F.);
#7117 = ADVANCED_FACE('',(#7118),#3444,.T.);
#7118 = FACE_BOUND('',#7119,.T.);
#7119 = EDGE_LOOP('',(#7120,#7143,#7144,#7145,#7168,#7191,#7214,#7238));
#7120 = ORIENTED_EDGE('',*,*,#7121,.F.);
#7121 = EDGE_CURVE('',#7074,#7122,#7124,.T.);
#7122 = VERTEX_POINT('',#7123);
#7123 = CARTESIAN_POINT('',(4.,-30.4,6.45));
#7124 = SURFACE_CURVE('',#7125,(#7129,#7136),.PCURVE_S1.);
#7125 = LINE('',#7126,#7127);
#7126 = CARTESIAN_POINT('',(4.,-52.6,6.45));
#7127 = VECTOR('',#7128,1.);
#7128 = DIRECTION('',(0.,1.,0.));
#7129 = PCURVE('',#3444,#7130);
#7130 = DEFINITIONAL_REPRESENTATION('',(#7131),#7135);
#7131 = LINE('',#7132,#7133);
#7132 = CARTESIAN_POINT('',(0.,7.105427357601E-15));
#7133 = VECTOR('',#7134,1.);
#7134 = DIRECTION('',(0.,1.));
#7135 = ( GEOMETRIC_REPRESENTATION_CONTEXT(2) 
PARAMETRIC_REPRESENTATION_CONTEXT() REPRESENTATION_CONTEXT('2D SPACE',''
  ) );
#7136 = PCURVE('',#6179,#7137);
#7137 = DEFINITIONAL_REPRESENTATION('',(#7138),#7142);
#7138 = LINE('',#7139,#7140);
#7139 = CARTESIAN_POINT('',(4.65,-7.105427357601E-15));
#7140 = VECTOR('',#7141,1.);
#7141 = DIRECTION('',(0.,-1.));
#7142 = ( GEOMETRIC_REPRESENTATION_CONTEXT(2) 
PARAMETRIC_REPRESENTATION_CONTEXT() REPRESENTATION_CONTEXT('2D SPACE',''
  ) );
#7143 = ORIENTED_EDGE('',*,*,#7096,.T.);
#7144 = ORIENTED_EDGE('',*,*,#3428,.F.);
#7145 = ORIENTED_EDGE('',*,*,#7146,.F.);
#7146 = EDGE_CURVE('',#7147,#3402,#7149,.T.);
#7147 = VERTEX_POINT('',#7148);
#7148 = CARTESIAN_POINT('',(5.6,-51.,6.45));
#7149 = SURFACE_CURVE('',#7150,(#7154,#7161),.PCURVE_S1.);
#7150 = LINE('',#7151,#7152);
#7151 = CARTESIAN_POINT('',(4.,-51.,6.45));
#7152 = VECTOR('',#7153,1.);
#7153 = DIRECTION('',(1.,0.,-0.));
#7154 = PCURVE('',#3444,#7155);
#7155 = DEFINITIONAL_REPRESENTATION('',(#7156),#7160);
#7156 = LINE('',#7157,#7158);
#7157 = CARTESIAN_POINT('',(0.,1.6));
#7158 = VECTOR('',#7159,1.);
#7159 = DIRECTION('',(1.,0.));
#7160 = ( GEOMETRIC_REPRESENTATION_CONTEXT(2) 
PARAMETRIC_REPRESENTATION_CONTEXT() REPRESENTATION_CONTEXT('2D SPACE',''
  ) );
#7161 = PCURVE('',#3417,#7162);
#7162 = DEFINITIONAL_REPRESENTATION('',(#7163),#7167);
#7163 = LINE('',#7164,#7165);
#7164 = CARTESIAN_POINT('',(4.65,0.));
#7165 = VECTOR('',#7166,1.);
#7166 = DIRECTION('',(0.,1.));
#7167 = ( GEOMETRIC_REPRESENTATION_CONTEXT(2) 
PARAMETRIC_REPRESENTATION_CONTEXT() REPRESENTATION_CONTEXT('2D SPACE',''
  ) );
#7168 = ORIENTED_EDGE('',*,*,#7169,.T.);
#7169 = EDGE_CURVE('',#7147,#7170,#7172,.T.);
#7170 = VERTEX_POINT('',#7171);
#7171 = CARTESIAN_POINT('',(5.6,-32.,6.45));
#7172 = SURFACE_CURVE('',#7173,(#7177,#7184),.PCURVE_S1.);
#7173 = LINE('',#7174,#7175);
#7174 = CARTESIAN_POINT('',(5.6,-52.6,6.45));
#7175 = VECTOR('',#7176,1.);
#7176 = DIRECTION('',(-0.,1.,0.));
#7177 = PCURVE('',#3444,#7178);
#7178 = DEFINITIONAL_REPRESENTATION('',(#7179),#7183);
#7179 = LINE('',#7180,#7181);
#7180 = CARTESIAN_POINT('',(1.6,0.));
#7181 = VECTOR('',#7182,1.);
#7182 = DIRECTION('',(0.,1.));
#7183 = ( GEOMETRIC_REPRESENTATION_CONTEXT(2) 
PARAMETRIC_REPRESENTATION_CONTEXT() REPRESENTATION_CONTEXT('2D SPACE',''
  ) );
#7184 = PCURVE('',#6292,#7185);
#7185 = DEFINITIONAL_REPRESENTATION('',(#7186),#7190);
#7186 = LINE('',#7187,#7188);
#7187 = CARTESIAN_POINT('',(4.65,0.));
#7188 = VECTOR('',#7189,1.);
#7189 = DIRECTION('',(0.,-1.));
#7190 = ( GEOMETRIC_REPRESENTATION_CONTEXT(2) 
PARAMETRIC_REPRESENTATION_CONTEXT() REPRESENTATION_CONTEXT('2D SPACE',''
  ) );
#7191 = ORIENTED_EDGE('',*,*,#7192,.T.);
#7192 = EDGE_CURVE('',#7170,#7193,#7195,.T.);
#7193 = VERTEX_POINT('',#7194);
#7194 = CARTESIAN_POINT('',(17.010041808613,-32.,6.45));
#7195 = SURFACE_CURVE('',#7196,(#7200,#7207),.PCURVE_S1.);
#7196 = LINE('',#7197,#7198);
#7197 = CARTESIAN_POINT('',(4.,-32.,6.45));
#7198 = VECTOR('',#7199,1.);
#7199 = DIRECTION('',(1.,0.,-0.));
#7200 = PCURVE('',#3444,#7201);
#7201 = DEFINITIONAL_REPRESENTATION('',(#7202),#7206);
#7202 = LINE('',#7203,#7204);
#7203 = CARTESIAN_POINT('',(0.,20.6));
#7204 = VECTOR('',#7205,1.);
#7205 = DIRECTION('',(1.,0.));
#7206 = ( GEOMETRIC_REPRESENTATION_CONTEXT(2) 
PARAMETRIC_REPRESENTATION_CONTEXT() REPRESENTATION_CONTEXT('2D SPACE',''
  ) );
#7207 = PCURVE('',#6264,#7208);
#7208 = DEFINITIONAL_REPRESENTATION('',(#7209),#7213);
#7209 = LINE('',#7210,#7211);
#7210 = CARTESIAN_POINT('',(4.65,0.));
#7211 = VECTOR('',#7212,1.);
#7212 = DIRECTION('',(0.,1.));
#7213 = ( GEOMETRIC_REPRESENTATION_CONTEXT(2) 
PARAMETRIC_REPRESENTATION_CONTEXT() REPRESENTATION_CONTEXT('2D SPACE',''
  ) );
#7214 = ORIENTED_EDGE('',*,*,#7215,.F.);
#7215 = EDGE_CURVE('',#7216,#7193,#7218,.T.);
#7216 = VERTEX_POINT('',#7217);
#7217 = CARTESIAN_POINT('',(15.73654892498,-30.4,6.45));
#7218 = SURFACE_CURVE('',#7219,(#7224,#7231),.PCURVE_S1.);
#7219 = CIRCLE('',#7220,4.5);
#7220 = AXIS2_PLACEMENT_3D('',#7221,#7222,#7223);
#7221 = CARTESIAN_POINT('',(19.802088550774,-28.47091017547,6.45));
#7222 = DIRECTION('',(0.,0.,1.));
#7223 = DIRECTION('',(1.,0.,-0.));
#7224 = PCURVE('',#3444,#7225);
#7225 = DEFINITIONAL_REPRESENTATION('',(#7226),#7230);
#7226 = CIRCLE('',#7227,4.5);
#7227 = AXIS2_PLACEMENT_2D('',#7228,#7229);
#7228 = CARTESIAN_POINT('',(15.802088550774,24.129089824528));
#7229 = DIRECTION('',(1.,0.));
#7230 = ( GEOMETRIC_REPRESENTATION_CONTEXT(2) 
PARAMETRIC_REPRESENTATION_CONTEXT() REPRESENTATION_CONTEXT('2D SPACE',''
  ) );
#7231 = PCURVE('',#6236,#7232);
#7232 = DEFINITIONAL_REPRESENTATION('',(#7233),#7237);
#7233 = LINE('',#7234,#7235);
#7234 = CARTESIAN_POINT('',(-0.,-4.65));
#7235 = VECTOR('',#7236,1.);
#7236 = DIRECTION('',(-1.,0.));
#7237 = ( GEOMETRIC_REPRESENTATION_CONTEXT(2) 
PARAMETRIC_REPRESENTATION_CONTEXT() REPRESENTATION_CONTEXT('2D SPACE',''
  ) );
#7238 = ORIENTED_EDGE('',*,*,#7239,.T.);
#7239 = EDGE_CURVE('',#7216,#7122,#7240,.T.);
#7240 = SURFACE_CURVE('',#7241,(#7245,#7252),.PCURVE_S1.);
#7241 = LINE('',#7242,#7243);
#7242 = CARTESIAN_POINT('',(31.8,-30.4,6.45));
#7243 = VECTOR('',#7244,1.);
#7244 = DIRECTION('',(-1.,1.27795456072E-16,0.));
#7245 = PCURVE('',#3444,#7246);
#7246 = DEFINITIONAL_REPRESENTATION('',(#7247),#7251);
#7247 = LINE('',#7248,#7249);
#7248 = CARTESIAN_POINT('',(27.8,22.2));
#7249 = VECTOR('',#7250,1.);
#7250 = DIRECTION('',(-1.,1.27795456072E-16));
#7251 = ( GEOMETRIC_REPRESENTATION_CONTEXT(2) 
PARAMETRIC_REPRESENTATION_CONTEXT() REPRESENTATION_CONTEXT('2D SPACE',''
  ) );
#7252 = PCURVE('',#6207,#7253);
#7253 = DEFINITIONAL_REPRESENTATION('',(#7254),#7258);
#7254 = LINE('',#7255,#7256);
#7255 = CARTESIAN_POINT('',(4.65,27.8));
#7256 = VECTOR('',#7257,1.);
#7257 = DIRECTION('',(0.,-1.));
#7258 = ( GEOMETRIC_REPRESENTATION_CONTEXT(2) 
PARAMETRIC_REPRESENTATION_CONTEXT() REPRESENTATION_CONTEXT('2D SPACE',''
  ) );
#7259 = ADVANCED_FACE('',(#7260),#3417,.T.);
#7260 = FACE_BOUND('',#7261,.T.);
#7261 = EDGE_LOOP('',(#7262,#7263,#7282,#7283));
#7262 = ORIENTED_EDGE('',*,*,#6304,.F.);
#7263 = ORIENTED_EDGE('',*,*,#7264,.T.);
#7264 = EDGE_CURVE('',#6277,#7147,#7265,.T.);
#7265 = SURFACE_CURVE('',#7266,(#7270,#7276),.PCURVE_S1.);
#7266 = LINE('',#7267,#7268);
#7267 = CARTESIAN_POINT('',(5.6,-51.,1.8));
#7268 = VECTOR('',#7269,1.);
#7269 = DIRECTION('',(0.,0.,1.));
#7270 = PCURVE('',#3417,#7271);
#7271 = DEFINITIONAL_REPRESENTATION('',(#7272),#7275);
#7272 = B_SPLINE_CURVE_WITH_KNOTS('',1,(#7273,#7274),.UNSPECIFIED.,.F.,
  .F.,(2,2),(0.,4.65),.PIECEWISE_BEZIER_KNOTS.);
#7273 = CARTESIAN_POINT('',(0.,1.6));
#7274 = CARTESIAN_POINT('',(4.65,1.6));
#7275 = ( GEOMETRIC_REPRESENTATION_CONTEXT(2) 
PARAMETRIC_REPRESENTATION_CONTEXT() REPRESENTATION_CONTEXT('2D SPACE',''
  ) );
#7276 = PCURVE('',#6292,#7277);
#7277 = DEFINITIONAL_REPRESENTATION('',(#7278),#7281);
#7278 = B_SPLINE_CURVE_WITH_KNOTS('',1,(#7279,#7280),.UNSPECIFIED.,.F.,
  .F.,(2,2),(0.,4.65),.PIECEWISE_BEZIER_KNOTS.);
#7279 = CARTESIAN_POINT('',(0.,-1.6));
#7280 = CARTESIAN_POINT('',(4.65,-1.6));
#7281 = ( GEOMETRIC_REPRESENTATION_CONTEXT(2) 
PARAMETRIC_REPRESENTATION_CONTEXT() REPRESENTATION_CONTEXT('2D SPACE',''
  ) );
#7282 = ORIENTED_EDGE('',*,*,#7146,.T.);
#7283 = ORIENTED_EDGE('',*,*,#3401,.F.);
#7284 = ADVANCED_FACE('',(#7285),#3367,.F.);
#7285 = FACE_BOUND('',#7286,.F.);
#7286 = EDGE_LOOP('',(#7287,#7288,#7309,#7330));
#7287 = ORIENTED_EDGE('',*,*,#6326,.F.);
#7288 = ORIENTED_EDGE('',*,*,#7289,.F.);
#7289 = EDGE_CURVE('',#7290,#6327,#7292,.T.);
#7290 = VERTEX_POINT('',#7291);
#7291 = CARTESIAN_POINT('',(22.594135292935,-32.,6.45));
#7292 = SURFACE_CURVE('',#7293,(#7297,#7303),.PCURVE_S1.);
#7293 = LINE('',#7294,#7295);
#7294 = CARTESIAN_POINT('',(22.594135292934,-32.,1.8));
#7295 = VECTOR('',#7296,1.);
#7296 = DIRECTION('',(-0.,-0.,-1.));
#7297 = PCURVE('',#3367,#7298);
#7298 = DEFINITIONAL_REPRESENTATION('',(#7299),#7302);
#7299 = B_SPLINE_CURVE_WITH_KNOTS('',1,(#7300,#7301),.UNSPECIFIED.,.F.,
  .F.,(2,2),(-4.6500006,5.999999999062E-07),.PIECEWISE_BEZIER_KNOTS.);
#7300 = CARTESIAN_POINT('',(4.6500006,18.594135292934));
#7301 = CARTESIAN_POINT('',(-5.999999996842E-07,18.594135292934));
#7302 = ( GEOMETRIC_REPRESENTATION_CONTEXT(2) 
PARAMETRIC_REPRESENTATION_CONTEXT() REPRESENTATION_CONTEXT('2D SPACE',''
  ) );
#7303 = PCURVE('',#6366,#7304);
#7304 = DEFINITIONAL_REPRESENTATION('',(#7305),#7308);
#7305 = B_SPLINE_CURVE_WITH_KNOTS('',1,(#7306,#7307),.UNSPECIFIED.,.F.,
  .F.,(2,2),(-4.6500006,5.999999999062E-07),.PIECEWISE_BEZIER_KNOTS.);
#7306 = CARTESIAN_POINT('',(-5.381711513807,-4.6500006));
#7307 = CARTESIAN_POINT('',(-5.381711513807,5.999999999062E-07));
#7308 = ( GEOMETRIC_REPRESENTATION_CONTEXT(2) 
PARAMETRIC_REPRESENTATION_CONTEXT() REPRESENTATION_CONTEXT('2D SPACE',''
  ) );
#7309 = ORIENTED_EDGE('',*,*,#7310,.T.);
#7310 = EDGE_CURVE('',#7290,#3325,#7311,.T.);
#7311 = SURFACE_CURVE('',#7312,(#7316,#7323),.PCURVE_S1.);
#7312 = LINE('',#7313,#7314);
#7313 = CARTESIAN_POINT('',(4.,-32.,6.45));
#7314 = VECTOR('',#7315,1.);
#7315 = DIRECTION('',(1.,0.,-0.));
#7316 = PCURVE('',#3367,#7317);
#7317 = DEFINITIONAL_REPRESENTATION('',(#7318),#7322);
#7318 = LINE('',#7319,#7320);
#7319 = CARTESIAN_POINT('',(4.65,0.));
#7320 = VECTOR('',#7321,1.);
#7321 = DIRECTION('',(0.,1.));
#7322 = ( GEOMETRIC_REPRESENTATION_CONTEXT(2) 
PARAMETRIC_REPRESENTATION_CONTEXT() REPRESENTATION_CONTEXT('2D SPACE',''
  ) );
#7323 = PCURVE('',#3340,#7324);
#7324 = DEFINITIONAL_REPRESENTATION('',(#7325),#7329);
#7325 = LINE('',#7326,#7327);
#7326 = CARTESIAN_POINT('',(0.,20.6));
#7327 = VECTOR('',#7328,1.);
#7328 = DIRECTION('',(1.,0.));
#7329 = ( GEOMETRIC_REPRESENTATION_CONTEXT(2) 
PARAMETRIC_REPRESENTATION_CONTEXT() REPRESENTATION_CONTEXT('2D SPACE',''
  ) );
#7330 = ORIENTED_EDGE('',*,*,#3351,.F.);
#7331 = ADVANCED_FACE('',(#7332),#3340,.T.);
#7332 = FACE_BOUND('',#7333,.T.);
#7333 = EDGE_LOOP('',(#7334,#7357,#7379,#7380));
#7334 = ORIENTED_EDGE('',*,*,#7335,.T.);
#7335 = EDGE_CURVE('',#3298,#7336,#7338,.T.);
#7336 = VERTEX_POINT('',#7337);
#7337 = CARTESIAN_POINT('',(23.867628176568,-30.4,6.45));
#7338 = SURFACE_CURVE('',#7339,(#7343,#7350),.PCURVE_S1.);
#7339 = LINE('',#7340,#7341);
#7340 = CARTESIAN_POINT('',(31.8,-30.4,6.45));
#7341 = VECTOR('',#7342,1.);
#7342 = DIRECTION('',(-1.,1.27795456072E-16,0.));
#7343 = PCURVE('',#3340,#7344);
#7344 = DEFINITIONAL_REPRESENTATION('',(#7345),#7349);
#7345 = LINE('',#7346,#7347);
#7346 = CARTESIAN_POINT('',(27.8,22.2));
#7347 = VECTOR('',#7348,1.);
#7348 = DIRECTION('',(-1.,1.27795456072E-16));
#7349 = ( GEOMETRIC_REPRESENTATION_CONTEXT(2) 
PARAMETRIC_REPRESENTATION_CONTEXT() REPRESENTATION_CONTEXT('2D SPACE',''
  ) );
#7350 = PCURVE('',#3313,#7351);
#7351 = DEFINITIONAL_REPRESENTATION('',(#7352),#7356);
#7352 = LINE('',#7353,#7354);
#7353 = CARTESIAN_POINT('',(4.65,27.8));
#7354 = VECTOR('',#7355,1.);
#7355 = DIRECTION('',(0.,-1.));
#7356 = ( GEOMETRIC_REPRESENTATION_CONTEXT(2) 
PARAMETRIC_REPRESENTATION_CONTEXT() REPRESENTATION_CONTEXT('2D SPACE',''
  ) );
#7357 = ORIENTED_EDGE('',*,*,#7358,.F.);
#7358 = EDGE_CURVE('',#7290,#7336,#7359,.T.);
#7359 = SURFACE_CURVE('',#7360,(#7365,#7372),.PCURVE_S1.);
#7360 = CIRCLE('',#7361,4.5);
#7361 = AXIS2_PLACEMENT_3D('',#7362,#7363,#7364);
#7362 = CARTESIAN_POINT('',(19.802088550774,-28.47091017547,6.45));
#7363 = DIRECTION('',(0.,0.,1.));
#7364 = DIRECTION('',(1.,0.,-0.));
#7365 = PCURVE('',#3340,#7366);
#7366 = DEFINITIONAL_REPRESENTATION('',(#7367),#7371);
#7367 = CIRCLE('',#7368,4.5);
#7368 = AXIS2_PLACEMENT_2D('',#7369,#7370);
#7369 = CARTESIAN_POINT('',(15.802088550774,24.129089824528));
#7370 = DIRECTION('',(1.,0.));
#7371 = ( GEOMETRIC_REPRESENTATION_CONTEXT(2) 
PARAMETRIC_REPRESENTATION_CONTEXT() REPRESENTATION_CONTEXT('2D SPACE',''
  ) );
#7372 = PCURVE('',#6366,#7373);
#7373 = DEFINITIONAL_REPRESENTATION('',(#7374),#7378);
#7374 = LINE('',#7375,#7376);
#7375 = CARTESIAN_POINT('',(-0.,-4.65));
#7376 = VECTOR('',#7377,1.);
#7377 = DIRECTION('',(-1.,0.));
#7378 = ( GEOMETRIC_REPRESENTATION_CONTEXT(2) 
PARAMETRIC_REPRESENTATION_CONTEXT() REPRESENTATION_CONTEXT('2D SPACE',''
  ) );
#7379 = ORIENTED_EDGE('',*,*,#7310,.T.);
#7380 = ORIENTED_EDGE('',*,*,#3324,.F.);
#7381 = ADVANCED_FACE('',(#7382),#3313,.T.);
#7382 = FACE_BOUND('',#7383,.T.);
#7383 = EDGE_LOOP('',(#7384,#7385,#7404,#7405));
#7384 = ORIENTED_EDGE('',*,*,#6378,.F.);
#7385 = ORIENTED_EDGE('',*,*,#7386,.F.);
#7386 = EDGE_CURVE('',#7336,#6350,#7387,.T.);
#7387 = SURFACE_CURVE('',#7388,(#7392,#7398),.PCURVE_S1.);
#7388 = LINE('',#7389,#7390);
#7389 = CARTESIAN_POINT('',(23.867628176568,-30.4,1.8));
#7390 = VECTOR('',#7391,1.);
#7391 = DIRECTION('',(-0.,-0.,-1.));
#7392 = PCURVE('',#3313,#7393);
#7393 = DEFINITIONAL_REPRESENTATION('',(#7394),#7397);
#7394 = B_SPLINE_CURVE_WITH_KNOTS('',1,(#7395,#7396),.UNSPECIFIED.,.F.,
  .F.,(2,2),(-4.6500006,5.999999999062E-07),.PIECEWISE_BEZIER_KNOTS.);
#7395 = CARTESIAN_POINT('',(4.6500006,19.867628176568));
#7396 = CARTESIAN_POINT('',(-5.999999996842E-07,19.867628176568));
#7397 = ( GEOMETRIC_REPRESENTATION_CONTEXT(2) 
PARAMETRIC_REPRESENTATION_CONTEXT() REPRESENTATION_CONTEXT('2D SPACE',''
  ) );
#7398 = PCURVE('',#6366,#7399);
#7399 = DEFINITIONAL_REPRESENTATION('',(#7400),#7403);
#7400 = B_SPLINE_CURVE_WITH_KNOTS('',1,(#7401,#7402),.UNSPECIFIED.,.F.,
  .F.,(2,2),(-4.6500006,5.999999999062E-07),.PIECEWISE_BEZIER_KNOTS.);
#7401 = CARTESIAN_POINT('',(-5.840146757209,-4.6500006));
#7402 = CARTESIAN_POINT('',(-5.840146757209,5.999999999062E-07));
#7403 = ( GEOMETRIC_REPRESENTATION_CONTEXT(2) 
PARAMETRIC_REPRESENTATION_CONTEXT() REPRESENTATION_CONTEXT('2D SPACE',''
  ) );
#7404 = ORIENTED_EDGE('',*,*,#7335,.F.);
#7405 = ORIENTED_EDGE('',*,*,#3297,.F.);
#7406 = ADVANCED_FACE('',(#7407),#4014,.F.);
#7407 = FACE_BOUND('',#7408,.F.);
#7408 = EDGE_LOOP('',(#7409,#7410,#7411,#7434));
#7409 = ORIENTED_EDGE('',*,*,#6654,.F.);
#7410 = ORIENTED_EDGE('',*,*,#4000,.T.);
#7411 = ORIENTED_EDGE('',*,*,#7412,.T.);
#7412 = EDGE_CURVE('',#3974,#7413,#7415,.T.);
#7413 = VERTEX_POINT('',#7414);
#7414 = CARTESIAN_POINT('',(-9.8,-52.55,6.45));
#7415 = SURFACE_CURVE('',#7416,(#7420,#7427),.PCURVE_S1.);
#7416 = LINE('',#7417,#7418);
#7417 = CARTESIAN_POINT('',(-31.8,-52.55,6.45));
#7418 = VECTOR('',#7419,1.);
#7419 = DIRECTION('',(1.,3.229739708E-16,0.));
#7420 = PCURVE('',#4014,#7421);
#7421 = DEFINITIONAL_REPRESENTATION('',(#7422),#7426);
#7422 = LINE('',#7423,#7424);
#7423 = CARTESIAN_POINT('',(4.65,-20.4));
#7424 = VECTOR('',#7425,1.);
#7425 = DIRECTION('',(0.,1.));
#7426 = ( GEOMETRIC_REPRESENTATION_CONTEXT(2) 
PARAMETRIC_REPRESENTATION_CONTEXT() REPRESENTATION_CONTEXT('2D SPACE',''
  ) );
#7427 = PCURVE('',#3989,#7428);
#7428 = DEFINITIONAL_REPRESENTATION('',(#7429),#7433);
#7429 = LINE('',#7430,#7431);
#7430 = CARTESIAN_POINT('',(-20.4,0.));
#7431 = VECTOR('',#7432,1.);
#7432 = DIRECTION('',(1.,3.229739708E-16));
#7433 = ( GEOMETRIC_REPRESENTATION_CONTEXT(2) 
PARAMETRIC_REPRESENTATION_CONTEXT() REPRESENTATION_CONTEXT('2D SPACE',''
  ) );
#7434 = ORIENTED_EDGE('',*,*,#7435,.F.);
#7435 = EDGE_CURVE('',#6627,#7413,#7436,.T.);
#7436 = SURFACE_CURVE('',#7437,(#7441,#7448),.PCURVE_S1.);
#7437 = LINE('',#7438,#7439);
#7438 = CARTESIAN_POINT('',(-9.8,-52.55,1.8));
#7439 = VECTOR('',#7440,1.);
#7440 = DIRECTION('',(0.,0.,1.));
#7441 = PCURVE('',#4014,#7442);
#7442 = DEFINITIONAL_REPRESENTATION('',(#7443),#7447);
#7443 = LINE('',#7444,#7445);
#7444 = CARTESIAN_POINT('',(0.,1.6));
#7445 = VECTOR('',#7446,1.);
#7446 = DIRECTION('',(1.,0.));
#7447 = ( GEOMETRIC_REPRESENTATION_CONTEXT(2) 
PARAMETRIC_REPRESENTATION_CONTEXT() REPRESENTATION_CONTEXT('2D SPACE',''
  ) );
#7448 = PCURVE('',#6642,#7449);
#7449 = DEFINITIONAL_REPRESENTATION('',(#7450),#7454);
#7450 = LINE('',#7451,#7452);
#7451 = CARTESIAN_POINT('',(0.,0.));
#7452 = VECTOR('',#7453,1.);
#7453 = DIRECTION('',(1.,0.));
#7454 = ( GEOMETRIC_REPRESENTATION_CONTEXT(2) 
PARAMETRIC_REPRESENTATION_CONTEXT() REPRESENTATION_CONTEXT('2D SPACE',''
  ) );
#7455 = ADVANCED_FACE('',(#7456),#3989,.T.);
#7456 = FACE_BOUND('',#7457,.T.);
#7457 = EDGE_LOOP('',(#7458,#7459,#7460,#7483,#7506,#7530,#7553,#7576));
#7458 = ORIENTED_EDGE('',*,*,#3973,.T.);
#7459 = ORIENTED_EDGE('',*,*,#7412,.T.);
#7460 = ORIENTED_EDGE('',*,*,#7461,.T.);
#7461 = EDGE_CURVE('',#7413,#7462,#7464,.T.);
#7462 = VERTEX_POINT('',#7463);
#7463 = CARTESIAN_POINT('',(-9.8,-30.45,6.45));
#7464 = SURFACE_CURVE('',#7465,(#7469,#7476),.PCURVE_S1.);
#7465 = LINE('',#7466,#7467);
#7466 = CARTESIAN_POINT('',(-9.8,-52.55,6.45));
#7467 = VECTOR('',#7468,1.);
#7468 = DIRECTION('',(0.,1.,0.));
#7469 = PCURVE('',#3989,#7470);
#7470 = DEFINITIONAL_REPRESENTATION('',(#7471),#7475);
#7471 = LINE('',#7472,#7473);
#7472 = CARTESIAN_POINT('',(1.6,7.105427357601E-15));
#7473 = VECTOR('',#7474,1.);
#7474 = DIRECTION('',(0.,1.));
#7475 = ( GEOMETRIC_REPRESENTATION_CONTEXT(2) 
PARAMETRIC_REPRESENTATION_CONTEXT() REPRESENTATION_CONTEXT('2D SPACE',''
  ) );
#7476 = PCURVE('',#6642,#7477);
#7477 = DEFINITIONAL_REPRESENTATION('',(#7478),#7482);
#7478 = LINE('',#7479,#7480);
#7479 = CARTESIAN_POINT('',(4.65,-7.105427357601E-15));
#7480 = VECTOR('',#7481,1.);
#7481 = DIRECTION('',(0.,-1.));
#7482 = ( GEOMETRIC_REPRESENTATION_CONTEXT(2) 
PARAMETRIC_REPRESENTATION_CONTEXT() REPRESENTATION_CONTEXT('2D SPACE',''
  ) );
#7483 = ORIENTED_EDGE('',*,*,#7484,.T.);
#7484 = EDGE_CURVE('',#7462,#7485,#7487,.T.);
#7485 = VERTEX_POINT('',#7486);
#7486 = CARTESIAN_POINT('',(-15.76065273333,-30.45,6.45));
#7487 = SURFACE_CURVE('',#7488,(#7492,#7499),.PCURVE_S1.);
#7488 = LINE('',#7489,#7490);
#7489 = CARTESIAN_POINT('',(-9.8,-30.45,6.45));
#7490 = VECTOR('',#7491,1.);
#7491 = DIRECTION('',(-1.,1.614869854E-16,0.));
#7492 = PCURVE('',#3989,#7493);
#7493 = DEFINITIONAL_REPRESENTATION('',(#7494),#7498);
#7494 = LINE('',#7495,#7496);
#7495 = CARTESIAN_POINT('',(1.6,22.1));
#7496 = VECTOR('',#7497,1.);
#7497 = DIRECTION('',(-1.,1.614869854E-16));
#7498 = ( GEOMETRIC_REPRESENTATION_CONTEXT(2) 
PARAMETRIC_REPRESENTATION_CONTEXT() REPRESENTATION_CONTEXT('2D SPACE',''
  ) );
#7499 = PCURVE('',#6614,#7500);
#7500 = DEFINITIONAL_REPRESENTATION('',(#7501),#7505);
#7501 = LINE('',#7502,#7503);
#7502 = CARTESIAN_POINT('',(4.65,1.6));
#7503 = VECTOR('',#7504,1.);
#7504 = DIRECTION('',(0.,-1.));
#7505 = ( GEOMETRIC_REPRESENTATION_CONTEXT(2) 
PARAMETRIC_REPRESENTATION_CONTEXT() REPRESENTATION_CONTEXT('2D SPACE',''
  ) );
#7506 = ORIENTED_EDGE('',*,*,#7507,.F.);
#7507 = EDGE_CURVE('',#7508,#7485,#7510,.T.);
#7508 = VERTEX_POINT('',#7509);
#7509 = CARTESIAN_POINT('',(-17.0744309425,-32.05,6.45));
#7510 = SURFACE_CURVE('',#7511,(#7516,#7523),.PCURVE_S1.);
#7511 = CIRCLE('',#7512,4.5);
#7512 = AXIS2_PLACEMENT_3D('',#7513,#7514,#7515);
#7513 = CARTESIAN_POINT('',(-19.80208855077,-28.47091017547,6.45));
#7514 = DIRECTION('',(0.,0.,1.));
#7515 = DIRECTION('',(1.,0.,-0.));
#7516 = PCURVE('',#3989,#7517);
#7517 = DEFINITIONAL_REPRESENTATION('',(#7518),#7522);
#7518 = CIRCLE('',#7519,4.5);
#7519 = AXIS2_PLACEMENT_2D('',#7520,#7521);
#7520 = CARTESIAN_POINT('',(-8.402088550774,24.079089824528));
#7521 = DIRECTION('',(1.,0.));
#7522 = ( GEOMETRIC_REPRESENTATION_CONTEXT(2) 
PARAMETRIC_REPRESENTATION_CONTEXT() REPRESENTATION_CONTEXT('2D SPACE',''
  ) );
#7523 = PCURVE('',#6586,#7524);
#7524 = DEFINITIONAL_REPRESENTATION('',(#7525),#7529);
#7525 = LINE('',#7526,#7527);
#7526 = CARTESIAN_POINT('',(-0.,-4.65));
#7527 = VECTOR('',#7528,1.);
#7528 = DIRECTION('',(-1.,0.));
#7529 = ( GEOMETRIC_REPRESENTATION_CONTEXT(2) 
PARAMETRIC_REPRESENTATION_CONTEXT() REPRESENTATION_CONTEXT('2D SPACE',''
  ) );
#7530 = ORIENTED_EDGE('',*,*,#7531,.T.);
#7531 = EDGE_CURVE('',#7508,#7532,#7534,.T.);
#7532 = VERTEX_POINT('',#7533);
#7533 = CARTESIAN_POINT('',(-11.4,-32.05,6.45));
#7534 = SURFACE_CURVE('',#7535,(#7539,#7546),.PCURVE_S1.);
#7535 = LINE('',#7536,#7537);
#7536 = CARTESIAN_POINT('',(-31.8,-32.05,6.45));
#7537 = VECTOR('',#7538,1.);
#7538 = DIRECTION('',(1.,0.,-0.));
#7539 = PCURVE('',#3989,#7540);
#7540 = DEFINITIONAL_REPRESENTATION('',(#7541),#7545);
#7541 = LINE('',#7542,#7543);
#7542 = CARTESIAN_POINT('',(-20.4,20.5));
#7543 = VECTOR('',#7544,1.);
#7544 = DIRECTION('',(1.,0.));
#7545 = ( GEOMETRIC_REPRESENTATION_CONTEXT(2) 
PARAMETRIC_REPRESENTATION_CONTEXT() REPRESENTATION_CONTEXT('2D SPACE',''
  ) );
#7546 = PCURVE('',#6557,#7547);
#7547 = DEFINITIONAL_REPRESENTATION('',(#7548),#7552);
#7548 = LINE('',#7549,#7550);
#7549 = CARTESIAN_POINT('',(4.65,0.));
#7550 = VECTOR('',#7551,1.);
#7551 = DIRECTION('',(0.,1.));
#7552 = ( GEOMETRIC_REPRESENTATION_CONTEXT(2) 
PARAMETRIC_REPRESENTATION_CONTEXT() REPRESENTATION_CONTEXT('2D SPACE',''
  ) );
#7553 = ORIENTED_EDGE('',*,*,#7554,.F.);
#7554 = EDGE_CURVE('',#7555,#7532,#7557,.T.);
#7555 = VERTEX_POINT('',#7556);
#7556 = CARTESIAN_POINT('',(-11.4,-50.95,6.45));
#7557 = SURFACE_CURVE('',#7558,(#7562,#7569),.PCURVE_S1.);
#7558 = LINE('',#7559,#7560);
#7559 = CARTESIAN_POINT('',(-11.4,-52.55,6.45));
#7560 = VECTOR('',#7561,1.);
#7561 = DIRECTION('',(-0.,1.,0.));
#7562 = PCURVE('',#3989,#7563);
#7563 = DEFINITIONAL_REPRESENTATION('',(#7564),#7568);
#7564 = LINE('',#7565,#7566);
#7565 = CARTESIAN_POINT('',(0.,0.));
#7566 = VECTOR('',#7567,1.);
#7567 = DIRECTION('',(0.,1.));
#7568 = ( GEOMETRIC_REPRESENTATION_CONTEXT(2) 
PARAMETRIC_REPRESENTATION_CONTEXT() REPRESENTATION_CONTEXT('2D SPACE',''
  ) );
#7569 = PCURVE('',#6529,#7570);
#7570 = DEFINITIONAL_REPRESENTATION('',(#7571),#7575);
#7571 = LINE('',#7572,#7573);
#7572 = CARTESIAN_POINT('',(4.65,0.));
#7573 = VECTOR('',#7574,1.);
#7574 = DIRECTION('',(0.,-1.));
#7575 = ( GEOMETRIC_REPRESENTATION_CONTEXT(2) 
PARAMETRIC_REPRESENTATION_CONTEXT() REPRESENTATION_CONTEXT('2D SPACE',''
  ) );
#7576 = ORIENTED_EDGE('',*,*,#7577,.F.);
#7577 = EDGE_CURVE('',#3947,#7555,#7578,.T.);
#7578 = SURFACE_CURVE('',#7579,(#7583,#7590),.PCURVE_S1.);
#7579 = LINE('',#7580,#7581);
#7580 = CARTESIAN_POINT('',(-31.8,-50.95,6.45));
#7581 = VECTOR('',#7582,1.);
#7582 = DIRECTION('',(1.,0.,-0.));
#7583 = PCURVE('',#3989,#7584);
#7584 = DEFINITIONAL_REPRESENTATION('',(#7585),#7589);
#7585 = LINE('',#7586,#7587);
#7586 = CARTESIAN_POINT('',(-20.4,1.6));
#7587 = VECTOR('',#7588,1.);
#7588 = DIRECTION('',(1.,0.));
#7589 = ( GEOMETRIC_REPRESENTATION_CONTEXT(2) 
PARAMETRIC_REPRESENTATION_CONTEXT() REPRESENTATION_CONTEXT('2D SPACE',''
  ) );
#7590 = PCURVE('',#3962,#7591);
#7591 = DEFINITIONAL_REPRESENTATION('',(#7592),#7596);
#7592 = LINE('',#7593,#7594);
#7593 = CARTESIAN_POINT('',(4.65,0.));
#7594 = VECTOR('',#7595,1.);
#7595 = DIRECTION('',(0.,1.));
#7596 = ( GEOMETRIC_REPRESENTATION_CONTEXT(2) 
PARAMETRIC_REPRESENTATION_CONTEXT() REPRESENTATION_CONTEXT('2D SPACE',''
  ) );
#7597 = ADVANCED_FACE('',(#7598),#3962,.T.);
#7598 = FACE_BOUND('',#7599,.T.);
#7599 = EDGE_LOOP('',(#7600,#7601,#7602,#7603));
#7600 = ORIENTED_EDGE('',*,*,#6490,.F.);
#7601 = ORIENTED_EDGE('',*,*,#3946,.T.);
#7602 = ORIENTED_EDGE('',*,*,#7577,.T.);
#7603 = ORIENTED_EDGE('',*,*,#7604,.F.);
#7604 = EDGE_CURVE('',#6491,#7555,#7605,.T.);
#7605 = SURFACE_CURVE('',#7606,(#7610,#7616),.PCURVE_S1.);
#7606 = LINE('',#7607,#7608);
#7607 = CARTESIAN_POINT('',(-11.4,-50.95,1.8));
#7608 = VECTOR('',#7609,1.);
#7609 = DIRECTION('',(0.,0.,1.));
#7610 = PCURVE('',#3962,#7611);
#7611 = DEFINITIONAL_REPRESENTATION('',(#7612),#7615);
#7612 = B_SPLINE_CURVE_WITH_KNOTS('',1,(#7613,#7614),.UNSPECIFIED.,.F.,
  .F.,(2,2),(0.,4.65),.PIECEWISE_BEZIER_KNOTS.);
#7613 = CARTESIAN_POINT('',(0.,20.4));
#7614 = CARTESIAN_POINT('',(4.65,20.4));
#7615 = ( GEOMETRIC_REPRESENTATION_CONTEXT(2) 
PARAMETRIC_REPRESENTATION_CONTEXT() REPRESENTATION_CONTEXT('2D SPACE',''
  ) );
#7616 = PCURVE('',#6529,#7617);
#7617 = DEFINITIONAL_REPRESENTATION('',(#7618),#7621);
#7618 = B_SPLINE_CURVE_WITH_KNOTS('',1,(#7619,#7620),.UNSPECIFIED.,.F.,
  .F.,(2,2),(0.,4.65),.PIECEWISE_BEZIER_KNOTS.);
#7619 = CARTESIAN_POINT('',(0.,-1.6));
#7620 = CARTESIAN_POINT('',(4.65,-1.6));
#7621 = ( GEOMETRIC_REPRESENTATION_CONTEXT(2) 
PARAMETRIC_REPRESENTATION_CONTEXT() REPRESENTATION_CONTEXT('2D SPACE',''
  ) );
#7622 = ADVANCED_FACE('',(#7623),#3858,.T.);
#7623 = FACE_BOUND('',#7624,.T.);
#7624 = EDGE_LOOP('',(#7625,#7626,#7627,#7650));
#7625 = ORIENTED_EDGE('',*,*,#6416,.F.);
#7626 = ORIENTED_EDGE('',*,*,#3842,.T.);
#7627 = ORIENTED_EDGE('',*,*,#7628,.F.);
#7628 = EDGE_CURVE('',#7629,#3843,#7631,.T.);
#7629 = VERTEX_POINT('',#7630);
#7630 = CARTESIAN_POINT('',(-23.8435243682,-30.45,6.45));
#7631 = SURFACE_CURVE('',#7632,(#7636,#7643),.PCURVE_S1.);
#7632 = LINE('',#7633,#7634);
#7633 = CARTESIAN_POINT('',(-9.8,-30.45,6.45));
#7634 = VECTOR('',#7635,1.);
#7635 = DIRECTION('',(-1.,1.614869854E-16,0.));
#7636 = PCURVE('',#3858,#7637);
#7637 = DEFINITIONAL_REPRESENTATION('',(#7638),#7642);
#7638 = LINE('',#7639,#7640);
#7639 = CARTESIAN_POINT('',(4.65,1.6));
#7640 = VECTOR('',#7641,1.);
#7641 = DIRECTION('',(0.,-1.));
#7642 = ( GEOMETRIC_REPRESENTATION_CONTEXT(2) 
PARAMETRIC_REPRESENTATION_CONTEXT() REPRESENTATION_CONTEXT('2D SPACE',''
  ) );
#7643 = PCURVE('',#3885,#7644);
#7644 = DEFINITIONAL_REPRESENTATION('',(#7645),#7649);
#7645 = LINE('',#7646,#7647);
#7646 = CARTESIAN_POINT('',(1.6,22.1));
#7647 = VECTOR('',#7648,1.);
#7648 = DIRECTION('',(-1.,1.614869854E-16));
#7649 = ( GEOMETRIC_REPRESENTATION_CONTEXT(2) 
PARAMETRIC_REPRESENTATION_CONTEXT() REPRESENTATION_CONTEXT('2D SPACE',''
  ) );
#7650 = ORIENTED_EDGE('',*,*,#7651,.T.);
#7651 = EDGE_CURVE('',#7629,#6417,#7652,.T.);
#7652 = SURFACE_CURVE('',#7653,(#7657,#7663),.PCURVE_S1.);
#7653 = LINE('',#7654,#7655);
#7654 = CARTESIAN_POINT('',(-23.8435243682,-30.45,1.8));
#7655 = VECTOR('',#7656,1.);
#7656 = DIRECTION('',(-0.,-0.,-1.));
#7657 = PCURVE('',#3858,#7658);
#7658 = DEFINITIONAL_REPRESENTATION('',(#7659),#7662);
#7659 = B_SPLINE_CURVE_WITH_KNOTS('',1,(#7660,#7661),.UNSPECIFIED.,.F.,
  .F.,(2,2),(-4.6500006,5.999999999062E-07),.PIECEWISE_BEZIER_KNOTS.);
#7660 = CARTESIAN_POINT('',(4.6500006,-12.4435243682));
#7661 = CARTESIAN_POINT('',(-5.999999996842E-07,-12.4435243682));
#7662 = ( GEOMETRIC_REPRESENTATION_CONTEXT(2) 
PARAMETRIC_REPRESENTATION_CONTEXT() REPRESENTATION_CONTEXT('2D SPACE',''
  ) );
#7663 = PCURVE('',#6456,#7664);
#7664 = DEFINITIONAL_REPRESENTATION('',(#7665),#7668);
#7665 = B_SPLINE_CURVE_WITH_KNOTS('',1,(#7666,#7667),.UNSPECIFIED.,.F.,
  .F.,(2,2),(-4.6500006,5.999999999062E-07),.PIECEWISE_BEZIER_KNOTS.);
#7666 = CARTESIAN_POINT('',(-3.596966103645,-4.6500006));
#7667 = CARTESIAN_POINT('',(-3.596966103645,5.999999999062E-07));
#7668 = ( GEOMETRIC_REPRESENTATION_CONTEXT(2) 
PARAMETRIC_REPRESENTATION_CONTEXT() REPRESENTATION_CONTEXT('2D SPACE',''
  ) );
#7669 = ADVANCED_FACE('',(#7670),#3912,.F.);
#7670 = FACE_BOUND('',#7671,.F.);
#7671 = EDGE_LOOP('',(#7672,#7673,#7674,#7697));
#7672 = ORIENTED_EDGE('',*,*,#6468,.F.);
#7673 = ORIENTED_EDGE('',*,*,#3896,.T.);
#7674 = ORIENTED_EDGE('',*,*,#7675,.T.);
#7675 = EDGE_CURVE('',#3870,#7676,#7678,.T.);
#7676 = VERTEX_POINT('',#7677);
#7677 = CARTESIAN_POINT('',(-22.52974615904,-32.05,6.45));
#7678 = SURFACE_CURVE('',#7679,(#7683,#7690),.PCURVE_S1.);
#7679 = LINE('',#7680,#7681);
#7680 = CARTESIAN_POINT('',(-31.8,-32.05,6.45));
#7681 = VECTOR('',#7682,1.);
#7682 = DIRECTION('',(1.,0.,-0.));
#7683 = PCURVE('',#3912,#7684);
#7684 = DEFINITIONAL_REPRESENTATION('',(#7685),#7689);
#7685 = LINE('',#7686,#7687);
#7686 = CARTESIAN_POINT('',(4.65,0.));
#7687 = VECTOR('',#7688,1.);
#7688 = DIRECTION('',(0.,1.));
#7689 = ( GEOMETRIC_REPRESENTATION_CONTEXT(2) 
PARAMETRIC_REPRESENTATION_CONTEXT() REPRESENTATION_CONTEXT('2D SPACE',''
  ) );
#7690 = PCURVE('',#3885,#7691);
#7691 = DEFINITIONAL_REPRESENTATION('',(#7692),#7696);
#7692 = LINE('',#7693,#7694);
#7693 = CARTESIAN_POINT('',(-20.4,20.5));
#7694 = VECTOR('',#7695,1.);
#7695 = DIRECTION('',(1.,0.));
#7696 = ( GEOMETRIC_REPRESENTATION_CONTEXT(2) 
PARAMETRIC_REPRESENTATION_CONTEXT() REPRESENTATION_CONTEXT('2D SPACE',''
  ) );
#7697 = ORIENTED_EDGE('',*,*,#7698,.T.);
#7698 = EDGE_CURVE('',#7676,#6440,#7699,.T.);
#7699 = SURFACE_CURVE('',#7700,(#7704,#7710),.PCURVE_S1.);
#7700 = LINE('',#7701,#7702);
#7701 = CARTESIAN_POINT('',(-22.52974615904,-32.05,1.8));
#7702 = VECTOR('',#7703,1.);
#7703 = DIRECTION('',(-0.,-0.,-1.));
#7704 = PCURVE('',#3912,#7705);
#7705 = DEFINITIONAL_REPRESENTATION('',(#7706),#7709);
#7706 = B_SPLINE_CURVE_WITH_KNOTS('',1,(#7707,#7708),.UNSPECIFIED.,.F.,
  .F.,(2,2),(-4.6500006,5.999999999062E-07),.PIECEWISE_BEZIER_KNOTS.);
#7707 = CARTESIAN_POINT('',(4.6500006,9.270253840956));
#7708 = CARTESIAN_POINT('',(-5.999999996842E-07,9.270253840956));
#7709 = ( GEOMETRIC_REPRESENTATION_CONTEXT(2) 
PARAMETRIC_REPRESENTATION_CONTEXT() REPRESENTATION_CONTEXT('2D SPACE',''
  ) );
#7710 = PCURVE('',#6456,#7711);
#7711 = DEFINITIONAL_REPRESENTATION('',(#7712),#7715);
#7712 = B_SPLINE_CURVE_WITH_KNOTS('',1,(#7713,#7714),.UNSPECIFIED.,.F.,
  .F.,(2,2),(-4.6500006,5.999999999062E-07),.PIECEWISE_BEZIER_KNOTS.);
#7713 = CARTESIAN_POINT('',(-4.061182863821,-4.6500006));
#7714 = CARTESIAN_POINT('',(-4.061182863821,5.999999999062E-07));
#7715 = ( GEOMETRIC_REPRESENTATION_CONTEXT(2) 
PARAMETRIC_REPRESENTATION_CONTEXT() REPRESENTATION_CONTEXT('2D SPACE',''
  ) );
#7716 = ADVANCED_FACE('',(#7717),#3885,.T.);
#7717 = FACE_BOUND('',#7718,.T.);
#7718 = EDGE_LOOP('',(#7719,#7741,#7742,#7743));
#7719 = ORIENTED_EDGE('',*,*,#7720,.F.);
#7720 = EDGE_CURVE('',#7629,#7676,#7721,.T.);
#7721 = SURFACE_CURVE('',#7722,(#7727,#7734),.PCURVE_S1.);
#7722 = CIRCLE('',#7723,4.5);
#7723 = AXIS2_PLACEMENT_3D('',#7724,#7725,#7726);
#7724 = CARTESIAN_POINT('',(-19.80208855077,-28.47091017547,6.45));
#7725 = DIRECTION('',(0.,0.,1.));
#7726 = DIRECTION('',(1.,0.,-0.));
#7727 = PCURVE('',#3885,#7728);
#7728 = DEFINITIONAL_REPRESENTATION('',(#7729),#7733);
#7729 = CIRCLE('',#7730,4.5);
#7730 = AXIS2_PLACEMENT_2D('',#7731,#7732);
#7731 = CARTESIAN_POINT('',(-8.402088550774,24.079089824528));
#7732 = DIRECTION('',(1.,0.));
#7733 = ( GEOMETRIC_REPRESENTATION_CONTEXT(2) 
PARAMETRIC_REPRESENTATION_CONTEXT() REPRESENTATION_CONTEXT('2D SPACE',''
  ) );
#7734 = PCURVE('',#6456,#7735);
#7735 = DEFINITIONAL_REPRESENTATION('',(#7736),#7740);
#7736 = LINE('',#7737,#7738);
#7737 = CARTESIAN_POINT('',(-0.,-4.65));
#7738 = VECTOR('',#7739,1.);
#7739 = DIRECTION('',(-1.,0.));
#7740 = ( GEOMETRIC_REPRESENTATION_CONTEXT(2) 
PARAMETRIC_REPRESENTATION_CONTEXT() REPRESENTATION_CONTEXT('2D SPACE',''
  ) );
#7741 = ORIENTED_EDGE('',*,*,#7628,.T.);
#7742 = ORIENTED_EDGE('',*,*,#3869,.T.);
#7743 = ORIENTED_EDGE('',*,*,#7675,.T.);
#7744 = ADVANCED_FACE('',(#7745,#7763,#7794,#7820,#7846,#7877,#7903,
    #7934,#7965),#4953,.F.);
#7745 = FACE_BOUND('',#7746,.F.);
#7746 = EDGE_LOOP('',(#7747,#7748,#7749,#7750,#7751,#7752,#7753,#7754,
    #7755,#7756,#7757,#7758,#7759,#7760,#7761,#7762));
#7747 = ORIENTED_EDGE('',*,*,#5399,.F.);
#7748 = ORIENTED_EDGE('',*,*,#5718,.F.);
#7749 = ORIENTED_EDGE('',*,*,#5817,.F.);
#7750 = ORIENTED_EDGE('',*,*,#5916,.F.);
#7751 = ORIENTED_EDGE('',*,*,#6020,.F.);
#7752 = ORIENTED_EDGE('',*,*,#6110,.F.);
#7753 = ORIENTED_EDGE('',*,*,#5969,.F.);
#7754 = ORIENTED_EDGE('',*,*,#5867,.F.);
#7755 = ORIENTED_EDGE('',*,*,#5748,.F.);
#7756 = ORIENTED_EDGE('',*,*,#5665,.F.);
#7757 = ORIENTED_EDGE('',*,*,#4937,.F.);
#7758 = ORIENTED_EDGE('',*,*,#5088,.F.);
#7759 = ORIENTED_EDGE('',*,*,#5166,.F.);
#7760 = ORIENTED_EDGE('',*,*,#5250,.F.);
#7761 = ORIENTED_EDGE('',*,*,#5299,.F.);
#7762 = ORIENTED_EDGE('',*,*,#5352,.F.);
#7763 = FACE_BOUND('',#7764,.F.);
#7764 = EDGE_LOOP('',(#7765));
#7765 = ORIENTED_EDGE('',*,*,#7766,.F.);
#7766 = EDGE_CURVE('',#7767,#7767,#7769,.T.);
#7767 = VERTEX_POINT('',#7768);
#7768 = CARTESIAN_POINT('',(-25.8,-58.,0.));
#7769 = SURFACE_CURVE('',#7770,(#7775,#7782),.PCURVE_S1.);
#7770 = CIRCLE('',#7771,2.2);
#7771 = AXIS2_PLACEMENT_3D('',#7772,#7773,#7774);
#7772 = CARTESIAN_POINT('',(-28.,-58.,0.));
#7773 = DIRECTION('',(0.,0.,1.));
#7774 = DIRECTION('',(1.,0.,-0.));
#7775 = PCURVE('',#4953,#7776);
#7776 = DEFINITIONAL_REPRESENTATION('',(#7777),#7781);
#7777 = CIRCLE('',#7778,2.2);
#7778 = AXIS2_PLACEMENT_2D('',#7779,#7780);
#7779 = CARTESIAN_POINT('',(-28.00000000001,-58.04680582154));
#7780 = DIRECTION('',(1.,0.));
#7781 = ( GEOMETRIC_REPRESENTATION_CONTEXT(2) 
PARAMETRIC_REPRESENTATION_CONTEXT() REPRESENTATION_CONTEXT('2D SPACE',''
  ) );
#7782 = PCURVE('',#7783,#7788);
#7783 = CONICAL_SURFACE('',#7784,2.2,0.785398163397);
#7784 = AXIS2_PLACEMENT_3D('',#7785,#7786,#7787);
#7785 = CARTESIAN_POINT('',(-28.,-58.,0.));
#7786 = DIRECTION('',(-0.,-0.,-1.));
#7787 = DIRECTION('',(1.,0.,-0.));
#7788 = DEFINITIONAL_REPRESENTATION('',(#7789),#7793);
#7789 = LINE('',#7790,#7791);
#7790 = CARTESIAN_POINT('',(-0.,-0.));
#7791 = VECTOR('',#7792,1.);
#7792 = DIRECTION('',(-1.,-0.));
#7793 = ( GEOMETRIC_REPRESENTATION_CONTEXT(2) 
PARAMETRIC_REPRESENTATION_CONTEXT() REPRESENTATION_CONTEXT('2D SPACE',''
  ) );
#7794 = FACE_BOUND('',#7795,.F.);
#7795 = EDGE_LOOP('',(#7796));
#7796 = ORIENTED_EDGE('',*,*,#7797,.F.);
#7797 = EDGE_CURVE('',#7798,#7798,#7800,.T.);
#7798 = VERTEX_POINT('',#7799);
#7799 = CARTESIAN_POINT('',(3.5,-33.5,0.));
#7800 = SURFACE_CURVE('',#7801,(#7806,#7813),.PCURVE_S1.);
#7801 = CIRCLE('',#7802,3.5);
#7802 = AXIS2_PLACEMENT_3D('',#7803,#7804,#7805);
#7803 = CARTESIAN_POINT('',(0.,-33.5,0.));
#7804 = DIRECTION('',(0.,0.,1.));
#7805 = DIRECTION('',(1.,0.,-0.));
#7806 = PCURVE('',#4953,#7807);
#7807 = DEFINITIONAL_REPRESENTATION('',(#7808),#7812);
#7808 = CIRCLE('',#7809,3.5);
#7809 = AXIS2_PLACEMENT_2D('',#7810,#7811);
#7810 = CARTESIAN_POINT('',(-1.12850119938E-11,-33.54680582154));
#7811 = DIRECTION('',(1.,0.));
#7812 = ( GEOMETRIC_REPRESENTATION_CONTEXT(2) 
PARAMETRIC_REPRESENTATION_CONTEXT() REPRESENTATION_CONTEXT('2D SPACE',''
  ) );
#7813 = PCURVE('',#6768,#7814);
#7814 = DEFINITIONAL_REPRESENTATION('',(#7815),#7819);
#7815 = LINE('',#7816,#7817);
#7816 = CARTESIAN_POINT('',(-0.,0.));
#7817 = VECTOR('',#7818,1.);
#7818 = DIRECTION('',(-1.,0.));
#7819 = ( GEOMETRIC_REPRESENTATION_CONTEXT(2) 
PARAMETRIC_REPRESENTATION_CONTEXT() REPRESENTATION_CONTEXT('2D SPACE',''
  ) );
#7820 = FACE_BOUND('',#7821,.F.);
#7821 = EDGE_LOOP('',(#7822));
#7822 = ORIENTED_EDGE('',*,*,#7823,.F.);
#7823 = EDGE_CURVE('',#7824,#7824,#7826,.T.);
#7824 = VERTEX_POINT('',#7825);
#7825 = CARTESIAN_POINT('',(-16.30208855077,-28.47091017547,0.));
#7826 = SURFACE_CURVE('',#7827,(#7832,#7839),.PCURVE_S1.);
#7827 = CIRCLE('',#7828,3.5);
#7828 = AXIS2_PLACEMENT_3D('',#7829,#7830,#7831);
#7829 = CARTESIAN_POINT('',(-19.80208855077,-28.47091017547,0.));
#7830 = DIRECTION('',(0.,0.,1.));
#7831 = DIRECTION('',(1.,0.,-0.));
#7832 = PCURVE('',#4953,#7833);
#7833 = DEFINITIONAL_REPRESENTATION('',(#7834),#7838);
#7834 = CIRCLE('',#7835,3.5);
#7835 = AXIS2_PLACEMENT_2D('',#7836,#7837);
#7836 = CARTESIAN_POINT('',(-19.80208855078,-28.51771599701));
#7837 = DIRECTION('',(1.,0.));
#7838 = ( GEOMETRIC_REPRESENTATION_CONTEXT(2) 
PARAMETRIC_REPRESENTATION_CONTEXT() REPRESENTATION_CONTEXT('2D SPACE',''
  ) );
#7839 = PCURVE('',#6733,#7840);
#7840 = DEFINITIONAL_REPRESENTATION('',(#7841),#7845);
#7841 = LINE('',#7842,#7843);
#7842 = CARTESIAN_POINT('',(-0.,0.));
#7843 = VECTOR('',#7844,1.);
#7844 = DIRECTION('',(-1.,0.));
#7845 = ( GEOMETRIC_REPRESENTATION_CONTEXT(2) 
PARAMETRIC_REPRESENTATION_CONTEXT() REPRESENTATION_CONTEXT('2D SPACE',''
  ) );
#7846 = FACE_BOUND('',#7847,.F.);
#7847 = EDGE_LOOP('',(#7848));
#7848 = ORIENTED_EDGE('',*,*,#7849,.F.);
#7849 = EDGE_CURVE('',#7850,#7850,#7852,.T.);
#7850 = VERTEX_POINT('',#7851);
#7851 = CARTESIAN_POINT('',(30.2,-58.,0.));
#7852 = SURFACE_CURVE('',#7853,(#7858,#7865),.PCURVE_S1.);
#7853 = CIRCLE('',#7854,2.2);
#7854 = AXIS2_PLACEMENT_3D('',#7855,#7856,#7857);
#7855 = CARTESIAN_POINT('',(28.,-58.,0.));
#7856 = DIRECTION('',(0.,0.,1.));
#7857 = DIRECTION('',(1.,0.,-0.));
#7858 = PCURVE('',#4953,#7859);
#7859 = DEFINITIONAL_REPRESENTATION('',(#7860),#7864);
#7860 = CIRCLE('',#7861,2.2);
#7861 = AXIS2_PLACEMENT_2D('',#7862,#7863);
#7862 = CARTESIAN_POINT('',(27.999999999989,-58.04680582154));
#7863 = DIRECTION('',(1.,0.));
#7864 = ( GEOMETRIC_REPRESENTATION_CONTEXT(2) 
PARAMETRIC_REPRESENTATION_CONTEXT() REPRESENTATION_CONTEXT('2D SPACE',''
  ) );
#7865 = PCURVE('',#7866,#7871);
#7866 = CONICAL_SURFACE('',#7867,2.2,0.785398163397);
#7867 = AXIS2_PLACEMENT_3D('',#7868,#7869,#7870);
#7868 = CARTESIAN_POINT('',(28.,-58.,0.));
#7869 = DIRECTION('',(-0.,-0.,-1.));
#7870 = DIRECTION('',(1.,0.,-0.));
#7871 = DEFINITIONAL_REPRESENTATION('',(#7872),#7876);
#7872 = LINE('',#7873,#7874);
#7873 = CARTESIAN_POINT('',(-0.,-0.));
#7874 = VECTOR('',#7875,1.);
#7875 = DIRECTION('',(-1.,-0.));
#7876 = ( GEOMETRIC_REPRESENTATION_CONTEXT(2) 
PARAMETRIC_REPRESENTATION_CONTEXT() REPRESENTATION_CONTEXT('2D SPACE',''
  ) );
#7877 = FACE_BOUND('',#7878,.F.);
#7878 = EDGE_LOOP('',(#7879));
#7879 = ORIENTED_EDGE('',*,*,#7880,.F.);
#7880 = EDGE_CURVE('',#7881,#7881,#7883,.T.);
#7881 = VERTEX_POINT('',#7882);
#7882 = CARTESIAN_POINT('',(23.302088550774,-28.47091017547,0.));
#7883 = SURFACE_CURVE('',#7884,(#7889,#7896),.PCURVE_S1.);
#7884 = CIRCLE('',#7885,3.5);
#7885 = AXIS2_PLACEMENT_3D('',#7886,#7887,#7888);
#7886 = CARTESIAN_POINT('',(19.802088550774,-28.47091017547,0.));
#7887 = DIRECTION('',(0.,0.,1.));
#7888 = DIRECTION('',(1.,0.,-0.));
#7889 = PCURVE('',#4953,#7890);
#7890 = DEFINITIONAL_REPRESENTATION('',(#7891),#7895);
#7891 = CIRCLE('',#7892,3.5);
#7892 = AXIS2_PLACEMENT_2D('',#7893,#7894);
#7893 = CARTESIAN_POINT('',(19.802088550762,-28.51771599701));
#7894 = DIRECTION('',(1.,0.));
#7895 = ( GEOMETRIC_REPRESENTATION_CONTEXT(2) 
PARAMETRIC_REPRESENTATION_CONTEXT() REPRESENTATION_CONTEXT('2D SPACE',''
  ) );
#7896 = PCURVE('',#6838,#7897);
#7897 = DEFINITIONAL_REPRESENTATION('',(#7898),#7902);
#7898 = LINE('',#7899,#7900);
#7899 = CARTESIAN_POINT('',(-0.,0.));
#7900 = VECTOR('',#7901,1.);
#7901 = DIRECTION('',(-1.,0.));
#7902 = ( GEOMETRIC_REPRESENTATION_CONTEXT(2) 
PARAMETRIC_REPRESENTATION_CONTEXT() REPRESENTATION_CONTEXT('2D SPACE',''
  ) );
#7903 = FACE_BOUND('',#7904,.F.);
#7904 = EDGE_LOOP('',(#7905));
#7905 = ORIENTED_EDGE('',*,*,#7906,.F.);
#7906 = EDGE_CURVE('',#7907,#7907,#7909,.T.);
#7907 = VERTEX_POINT('',#7908);
#7908 = CARTESIAN_POINT('',(-25.8,58.,0.));
#7909 = SURFACE_CURVE('',#7910,(#7915,#7922),.PCURVE_S1.);
#7910 = CIRCLE('',#7911,2.2);
#7911 = AXIS2_PLACEMENT_3D('',#7912,#7913,#7914);
#7912 = CARTESIAN_POINT('',(-28.,58.,0.));
#7913 = DIRECTION('',(0.,0.,1.));
#7914 = DIRECTION('',(1.,0.,-0.));
#7915 = PCURVE('',#4953,#7916);
#7916 = DEFINITIONAL_REPRESENTATION('',(#7917),#7921);
#7917 = CIRCLE('',#7918,2.2);
#7918 = AXIS2_PLACEMENT_2D('',#7919,#7920);
#7919 = CARTESIAN_POINT('',(-28.00000000001,57.953194178454));
#7920 = DIRECTION('',(1.,0.));
#7921 = ( GEOMETRIC_REPRESENTATION_CONTEXT(2) 
PARAMETRIC_REPRESENTATION_CONTEXT() REPRESENTATION_CONTEXT('2D SPACE',''
  ) );
#7922 = PCURVE('',#7923,#7928);
#7923 = CONICAL_SURFACE('',#7924,2.2,0.785398163397);
#7924 = AXIS2_PLACEMENT_3D('',#7925,#7926,#7927);
#7925 = CARTESIAN_POINT('',(-28.,58.,0.));
#7926 = DIRECTION('',(-0.,-0.,-1.));
#7927 = DIRECTION('',(1.,0.,-0.));
#7928 = DEFINITIONAL_REPRESENTATION('',(#7929),#7933);
#7929 = LINE('',#7930,#7931);
#7930 = CARTESIAN_POINT('',(-0.,-0.));
#7931 = VECTOR('',#7932,1.);
#7932 = DIRECTION('',(-1.,-0.));
#7933 = ( GEOMETRIC_REPRESENTATION_CONTEXT(2) 
PARAMETRIC_REPRESENTATION_CONTEXT() REPRESENTATION_CONTEXT('2D SPACE',''
  ) );
#7934 = FACE_BOUND('',#7935,.F.);
#7935 = EDGE_LOOP('',(#7936));
#7936 = ORIENTED_EDGE('',*,*,#7937,.F.);
#7937 = EDGE_CURVE('',#7938,#7938,#7940,.T.);
#7938 = VERTEX_POINT('',#7939);
#7939 = CARTESIAN_POINT('',(28.35,8.,0.));
#7940 = SURFACE_CURVE('',#7941,(#7946,#7953),.PCURVE_S1.);
#7941 = CIRCLE('',#7942,28.35);
#7942 = AXIS2_PLACEMENT_3D('',#7943,#7944,#7945);
#7943 = CARTESIAN_POINT('',(0.,8.,0.));
#7944 = DIRECTION('',(0.,0.,1.));
#7945 = DIRECTION('',(1.,0.,-0.));
#7946 = PCURVE('',#4953,#7947);
#7947 = DEFINITIONAL_REPRESENTATION('',(#7948),#7952);
#7948 = CIRCLE('',#7949,28.35);
#7949 = AXIS2_PLACEMENT_2D('',#7950,#7951);
#7950 = CARTESIAN_POINT('',(-1.12850119938E-11,7.953194178454));
#7951 = DIRECTION('',(1.,0.));
#7952 = ( GEOMETRIC_REPRESENTATION_CONTEXT(2) 
PARAMETRIC_REPRESENTATION_CONTEXT() REPRESENTATION_CONTEXT('2D SPACE',''
  ) );
#7953 = PCURVE('',#7954,#7959);
#7954 = CONICAL_SURFACE('',#7955,28.35,0.785398163397);
#7955 = AXIS2_PLACEMENT_3D('',#7956,#7957,#7958);
#7956 = CARTESIAN_POINT('',(0.,8.,0.));
#7957 = DIRECTION('',(-0.,-0.,-1.));
#7958 = DIRECTION('',(1.,0.,-0.));
#7959 = DEFINITIONAL_REPRESENTATION('',(#7960),#7964);
#7960 = LINE('',#7961,#7962);
#7961 = CARTESIAN_POINT('',(-0.,-0.));
#7962 = VECTOR('',#7963,1.);
#7963 = DIRECTION('',(-1.,-0.));
#7964 = ( GEOMETRIC_REPRESENTATION_CONTEXT(2) 
PARAMETRIC_REPRESENTATION_CONTEXT() REPRESENTATION_CONTEXT('2D SPACE',''
  ) );
#7965 = FACE_BOUND('',#7966,.F.);
#7966 = EDGE_LOOP('',(#7967));
#7967 = ORIENTED_EDGE('',*,*,#7968,.F.);
#7968 = EDGE_CURVE('',#7969,#7969,#7971,.T.);
#7969 = VERTEX_POINT('',#7970);
#7970 = CARTESIAN_POINT('',(30.2,58.,0.));
#7971 = SURFACE_CURVE('',#7972,(#7977,#7984),.PCURVE_S1.);
#7972 = CIRCLE('',#7973,2.2);
#7973 = AXIS2_PLACEMENT_3D('',#7974,#7975,#7976);
#7974 = CARTESIAN_POINT('',(28.,58.,0.));
#7975 = DIRECTION('',(0.,0.,1.));
#7976 = DIRECTION('',(1.,0.,-0.));
#7977 = PCURVE('',#4953,#7978);
#7978 = DEFINITIONAL_REPRESENTATION('',(#7979),#7983);
#7979 = CIRCLE('',#7980,2.2);
#7980 = AXIS2_PLACEMENT_2D('',#7981,#7982);
#7981 = CARTESIAN_POINT('',(27.999999999989,57.953194178454));
#7982 = DIRECTION('',(1.,0.));
#7983 = ( GEOMETRIC_REPRESENTATION_CONTEXT(2) 
PARAMETRIC_REPRESENTATION_CONTEXT() REPRESENTATION_CONTEXT('2D SPACE',''
  ) );
#7984 = PCURVE('',#7985,#7990);
#7985 = CONICAL_SURFACE('',#7986,2.2,0.785398163397);
#7986 = AXIS2_PLACEMENT_3D('',#7987,#7988,#7989);
#7987 = CARTESIAN_POINT('',(28.,58.,0.));
#7988 = DIRECTION('',(-0.,-0.,-1.));
#7989 = DIRECTION('',(1.,0.,-0.));
#7990 = DEFINITIONAL_REPRESENTATION('',(#7991),#7995);
#7991 = LINE('',#7992,#7993);
#7992 = CARTESIAN_POINT('',(-0.,-0.));
#7993 = VECTOR('',#7994,1.);
#7994 = DIRECTION('',(-1.,-0.));
#7995 = ( GEOMETRIC_REPRESENTATION_CONTEXT(2) 
PARAMETRIC_REPRESENTATION_CONTEXT() REPRESENTATION_CONTEXT('2D SPACE',''
  ) );
#7996 = ADVANCED_FACE('',(#7997),#6642,.T.);
#7997 = FACE_BOUND('',#7998,.T.);
#7998 = EDGE_LOOP('',(#7999,#8000,#8001,#8002));
#7999 = ORIENTED_EDGE('',*,*,#7461,.F.);
#8000 = ORIENTED_EDGE('',*,*,#7435,.F.);
#8001 = ORIENTED_EDGE('',*,*,#6626,.T.);
#8002 = ORIENTED_EDGE('',*,*,#8003,.T.);
#8003 = EDGE_CURVE('',#6599,#7462,#8004,.T.);
#8004 = SURFACE_CURVE('',#8005,(#8009,#8016),.PCURVE_S1.);
#8005 = LINE('',#8006,#8007);
#8006 = CARTESIAN_POINT('',(-9.8,-30.45,1.8));
#8007 = VECTOR('',#8008,1.);
#8008 = DIRECTION('',(0.,0.,1.));
#8009 = PCURVE('',#6642,#8010);
#8010 = DEFINITIONAL_REPRESENTATION('',(#8011),#8015);
#8011 = LINE('',#8012,#8013);
#8012 = CARTESIAN_POINT('',(0.,-22.1));
#8013 = VECTOR('',#8014,1.);
#8014 = DIRECTION('',(1.,0.));
#8015 = ( GEOMETRIC_REPRESENTATION_CONTEXT(2) 
PARAMETRIC_REPRESENTATION_CONTEXT() REPRESENTATION_CONTEXT('2D SPACE',''
  ) );
#8016 = PCURVE('',#6614,#8017);
#8017 = DEFINITIONAL_REPRESENTATION('',(#8018),#8022);
#8018 = LINE('',#8019,#8020);
#8019 = CARTESIAN_POINT('',(0.,1.6));
#8020 = VECTOR('',#8021,1.);
#8021 = DIRECTION('',(1.,0.));
#8022 = ( GEOMETRIC_REPRESENTATION_CONTEXT(2) 
PARAMETRIC_REPRESENTATION_CONTEXT() REPRESENTATION_CONTEXT('2D SPACE',''
  ) );
#8023 = ADVANCED_FACE('',(#8024),#6614,.T.);
#8024 = FACE_BOUND('',#8025,.T.);
#8025 = EDGE_LOOP('',(#8026,#8027,#8046,#8047));
#8026 = ORIENTED_EDGE('',*,*,#6598,.F.);
#8027 = ORIENTED_EDGE('',*,*,#8028,.F.);
#8028 = EDGE_CURVE('',#7485,#6570,#8029,.T.);
#8029 = SURFACE_CURVE('',#8030,(#8034,#8040),.PCURVE_S1.);
#8030 = LINE('',#8031,#8032);
#8031 = CARTESIAN_POINT('',(-15.76065273333,-30.45,1.8));
#8032 = VECTOR('',#8033,1.);
#8033 = DIRECTION('',(-0.,-0.,-1.));
#8034 = PCURVE('',#6614,#8035);
#8035 = DEFINITIONAL_REPRESENTATION('',(#8036),#8039);
#8036 = B_SPLINE_CURVE_WITH_KNOTS('',1,(#8037,#8038),.UNSPECIFIED.,.F.,
  .F.,(2,2),(-4.6500006,5.999999999062E-07),.PIECEWISE_BEZIER_KNOTS.);
#8037 = CARTESIAN_POINT('',(4.6500006,-4.360652733339));
#8038 = CARTESIAN_POINT('',(-5.999999996842E-07,-4.360652733339));
#8039 = ( GEOMETRIC_REPRESENTATION_CONTEXT(2) 
PARAMETRIC_REPRESENTATION_CONTEXT() REPRESENTATION_CONTEXT('2D SPACE',''
  ) );
#8040 = PCURVE('',#6586,#8041);
#8041 = DEFINITIONAL_REPRESENTATION('',(#8042),#8045);
#8042 = B_SPLINE_CURVE_WITH_KNOTS('',1,(#8043,#8044),.UNSPECIFIED.,.F.,
  .F.,(2,2),(-4.6500006,5.999999999062E-07),.PIECEWISE_BEZIER_KNOTS.);
#8043 = CARTESIAN_POINT('',(-5.827811857124,-4.6500006));
#8044 = CARTESIAN_POINT('',(-5.827811857124,5.999999999062E-07));
#8045 = ( GEOMETRIC_REPRESENTATION_CONTEXT(2) 
PARAMETRIC_REPRESENTATION_CONTEXT() REPRESENTATION_CONTEXT('2D SPACE',''
  ) );
#8046 = ORIENTED_EDGE('',*,*,#7484,.F.);
#8047 = ORIENTED_EDGE('',*,*,#8003,.F.);
#8048 = ADVANCED_FACE('',(#8049),#6586,.F.);
#8049 = FACE_BOUND('',#8050,.T.);
#8050 = EDGE_LOOP('',(#8051,#8052,#8053,#8072));
#8051 = ORIENTED_EDGE('',*,*,#8028,.T.);
#8052 = ORIENTED_EDGE('',*,*,#6569,.F.);
#8053 = ORIENTED_EDGE('',*,*,#8054,.F.);
#8054 = EDGE_CURVE('',#7508,#6542,#8055,.T.);
#8055 = SURFACE_CURVE('',#8056,(#8060,#8066),.PCURVE_S1.);
#8056 = LINE('',#8057,#8058);
#8057 = CARTESIAN_POINT('',(-17.0744309425,-32.05,1.8));
#8058 = VECTOR('',#8059,1.);
#8059 = DIRECTION('',(-0.,-0.,-1.));
#8060 = PCURVE('',#6586,#8061);
#8061 = DEFINITIONAL_REPRESENTATION('',(#8062),#8065);
#8062 = B_SPLINE_CURVE_WITH_KNOTS('',1,(#8063,#8064),.UNSPECIFIED.,.F.,
  .F.,(2,2),(-4.6500006,5.999999999062E-07),.PIECEWISE_BEZIER_KNOTS.);
#8063 = CARTESIAN_POINT('',(-5.363595096948,-4.6500006));
#8064 = CARTESIAN_POINT('',(-5.363595096948,5.999999999062E-07));
#8065 = ( GEOMETRIC_REPRESENTATION_CONTEXT(2) 
PARAMETRIC_REPRESENTATION_CONTEXT() REPRESENTATION_CONTEXT('2D SPACE',''
  ) );
#8066 = PCURVE('',#6557,#8067);
#8067 = DEFINITIONAL_REPRESENTATION('',(#8068),#8071);
#8068 = B_SPLINE_CURVE_WITH_KNOTS('',1,(#8069,#8070),.UNSPECIFIED.,.F.,
  .F.,(2,2),(-4.6500006,5.999999999062E-07),.PIECEWISE_BEZIER_KNOTS.);
#8069 = CARTESIAN_POINT('',(4.6500006,14.725569057497));
#8070 = CARTESIAN_POINT('',(-5.999999996842E-07,14.725569057497));
#8071 = ( GEOMETRIC_REPRESENTATION_CONTEXT(2) 
PARAMETRIC_REPRESENTATION_CONTEXT() REPRESENTATION_CONTEXT('2D SPACE',''
  ) );
#8072 = ORIENTED_EDGE('',*,*,#7507,.T.);
#8073 = ADVANCED_FACE('',(#8074),#6557,.F.);
#8074 = FACE_BOUND('',#8075,.F.);
#8075 = EDGE_LOOP('',(#8076,#8077,#8078,#8079));
#8076 = ORIENTED_EDGE('',*,*,#6541,.F.);
#8077 = ORIENTED_EDGE('',*,*,#8054,.F.);
#8078 = ORIENTED_EDGE('',*,*,#7531,.T.);
#8079 = ORIENTED_EDGE('',*,*,#8080,.F.);
#8080 = EDGE_CURVE('',#6514,#7532,#8081,.T.);
#8081 = SURFACE_CURVE('',#8082,(#8086,#8092),.PCURVE_S1.);
#8082 = LINE('',#8083,#8084);
#8083 = CARTESIAN_POINT('',(-11.4,-32.05,1.8));
#8084 = VECTOR('',#8085,1.);
#8085 = DIRECTION('',(0.,0.,1.));
#8086 = PCURVE('',#6557,#8087);
#8087 = DEFINITIONAL_REPRESENTATION('',(#8088),#8091);
#8088 = B_SPLINE_CURVE_WITH_KNOTS('',1,(#8089,#8090),.UNSPECIFIED.,.F.,
  .F.,(2,2),(0.,4.65),.PIECEWISE_BEZIER_KNOTS.);
#8089 = CARTESIAN_POINT('',(0.,20.4));
#8090 = CARTESIAN_POINT('',(4.65,20.4));
#8091 = ( GEOMETRIC_REPRESENTATION_CONTEXT(2) 
PARAMETRIC_REPRESENTATION_CONTEXT() REPRESENTATION_CONTEXT('2D SPACE',''
  ) );
#8092 = PCURVE('',#6529,#8093);
#8093 = DEFINITIONAL_REPRESENTATION('',(#8094),#8097);
#8094 = B_SPLINE_CURVE_WITH_KNOTS('',1,(#8095,#8096),.UNSPECIFIED.,.F.,
  .F.,(2,2),(0.,4.65),.PIECEWISE_BEZIER_KNOTS.);
#8095 = CARTESIAN_POINT('',(0.,-20.5));
#8096 = CARTESIAN_POINT('',(4.65,-20.5));
#8097 = ( GEOMETRIC_REPRESENTATION_CONTEXT(2) 
PARAMETRIC_REPRESENTATION_CONTEXT() REPRESENTATION_CONTEXT('2D SPACE',''
  ) );
#8098 = ADVANCED_FACE('',(#8099),#6179,.F.);
#8099 = FACE_BOUND('',#8100,.F.);
#8100 = EDGE_LOOP('',(#8101,#8102,#8103,#8104));
#8101 = ORIENTED_EDGE('',*,*,#7121,.F.);
#8102 = ORIENTED_EDGE('',*,*,#7073,.F.);
#8103 = ORIENTED_EDGE('',*,*,#6163,.F.);
#8104 = ORIENTED_EDGE('',*,*,#8105,.T.);
#8105 = EDGE_CURVE('',#6164,#7122,#8106,.T.);
#8106 = SURFACE_CURVE('',#8107,(#8111,#8118),.PCURVE_S1.);
#8107 = LINE('',#8108,#8109);
#8108 = CARTESIAN_POINT('',(4.,-30.4,1.8));
#8109 = VECTOR('',#8110,1.);
#8110 = DIRECTION('',(0.,0.,1.));
#8111 = PCURVE('',#6179,#8112);
#8112 = DEFINITIONAL_REPRESENTATION('',(#8113),#8117);
#8113 = LINE('',#8114,#8115);
#8114 = CARTESIAN_POINT('',(0.,-22.2));
#8115 = VECTOR('',#8116,1.);
#8116 = DIRECTION('',(1.,0.));
#8117 = ( GEOMETRIC_REPRESENTATION_CONTEXT(2) 
PARAMETRIC_REPRESENTATION_CONTEXT() REPRESENTATION_CONTEXT('2D SPACE',''
  ) );
#8118 = PCURVE('',#6207,#8119);
#8119 = DEFINITIONAL_REPRESENTATION('',(#8120),#8124);
#8120 = LINE('',#8121,#8122);
#8121 = CARTESIAN_POINT('',(0.,0.));
#8122 = VECTOR('',#8123,1.);
#8123 = DIRECTION('',(1.,0.));
#8124 = ( GEOMETRIC_REPRESENTATION_CONTEXT(2) 
PARAMETRIC_REPRESENTATION_CONTEXT() REPRESENTATION_CONTEXT('2D SPACE',''
  ) );
#8125 = ADVANCED_FACE('',(#8126),#6529,.F.);
#8126 = FACE_BOUND('',#8127,.F.);
#8127 = EDGE_LOOP('',(#8128,#8129,#8130,#8131));
#8128 = ORIENTED_EDGE('',*,*,#7554,.F.);
#8129 = ORIENTED_EDGE('',*,*,#7604,.F.);
#8130 = ORIENTED_EDGE('',*,*,#6513,.T.);
#8131 = ORIENTED_EDGE('',*,*,#8080,.T.);
#8132 = ADVANCED_FACE('',(#8133),#6207,.T.);
#8133 = FACE_BOUND('',#8134,.T.);
#8134 = EDGE_LOOP('',(#8135,#8136,#8137,#8138));
#8135 = ORIENTED_EDGE('',*,*,#6191,.F.);
#8136 = ORIENTED_EDGE('',*,*,#8105,.T.);
#8137 = ORIENTED_EDGE('',*,*,#7239,.F.);
#8138 = ORIENTED_EDGE('',*,*,#8139,.T.);
#8139 = EDGE_CURVE('',#7216,#6192,#8140,.T.);
#8140 = SURFACE_CURVE('',#8141,(#8145,#8151),.PCURVE_S1.);
#8141 = LINE('',#8142,#8143);
#8142 = CARTESIAN_POINT('',(15.73654892498,-30.4,1.8));
#8143 = VECTOR('',#8144,1.);
#8144 = DIRECTION('',(-0.,-0.,-1.));
#8145 = PCURVE('',#6207,#8146);
#8146 = DEFINITIONAL_REPRESENTATION('',(#8147),#8150);
#8147 = B_SPLINE_CURVE_WITH_KNOTS('',1,(#8148,#8149),.UNSPECIFIED.,.F.,
  .F.,(2,2),(-4.6500006,5.999999999062E-07),.PIECEWISE_BEZIER_KNOTS.);
#8148 = CARTESIAN_POINT('',(4.6500006,11.73654892498));
#8149 = CARTESIAN_POINT('',(-5.999999996842E-07,11.73654892498));
#8150 = ( GEOMETRIC_REPRESENTATION_CONTEXT(2) 
PARAMETRIC_REPRESENTATION_CONTEXT() REPRESENTATION_CONTEXT('2D SPACE',''
  ) );
#8151 = PCURVE('',#6236,#8152);
#8152 = DEFINITIONAL_REPRESENTATION('',(#8153),#8156);
#8153 = B_SPLINE_CURVE_WITH_KNOTS('',1,(#8154,#8155),.UNSPECIFIED.,.F.,
  .F.,(2,2),(-4.6500006,5.999999999062E-07),.PIECEWISE_BEZIER_KNOTS.);
#8154 = CARTESIAN_POINT('',(-3.584631203561,-4.6500006));
#8155 = CARTESIAN_POINT('',(-3.584631203561,5.999999999062E-07));
#8156 = ( GEOMETRIC_REPRESENTATION_CONTEXT(2) 
PARAMETRIC_REPRESENTATION_CONTEXT() REPRESENTATION_CONTEXT('2D SPACE',''
  ) );
#8157 = ADVANCED_FACE('',(#8158),#6236,.F.);
#8158 = FACE_BOUND('',#8159,.T.);
#8159 = EDGE_LOOP('',(#8160,#8161,#8162,#8163));
#8160 = ORIENTED_EDGE('',*,*,#6219,.F.);
#8161 = ORIENTED_EDGE('',*,*,#8139,.F.);
#8162 = ORIENTED_EDGE('',*,*,#7215,.T.);
#8163 = ORIENTED_EDGE('',*,*,#8164,.T.);
#8164 = EDGE_CURVE('',#7193,#6220,#8165,.T.);
#8165 = SURFACE_CURVE('',#8166,(#8170,#8176),.PCURVE_S1.);
#8166 = LINE('',#8167,#8168);
#8167 = CARTESIAN_POINT('',(17.010041808613,-32.,1.8));
#8168 = VECTOR('',#8169,1.);
#8169 = DIRECTION('',(-0.,-0.,-1.));
#8170 = PCURVE('',#6236,#8171);
#8171 = DEFINITIONAL_REPRESENTATION('',(#8172),#8175);
#8172 = B_SPLINE_CURVE_WITH_KNOTS('',1,(#8173,#8174),.UNSPECIFIED.,.F.,
  .F.,(2,2),(-4.6500006,5.999999999062E-07),.PIECEWISE_BEZIER_KNOTS.);
#8173 = CARTESIAN_POINT('',(-4.043066446963,-4.6500006));
#8174 = CARTESIAN_POINT('',(-4.043066446963,5.999999999062E-07));
#8175 = ( GEOMETRIC_REPRESENTATION_CONTEXT(2) 
PARAMETRIC_REPRESENTATION_CONTEXT() REPRESENTATION_CONTEXT('2D SPACE',''
  ) );
#8176 = PCURVE('',#6264,#8177);
#8177 = DEFINITIONAL_REPRESENTATION('',(#8178),#8181);
#8178 = B_SPLINE_CURVE_WITH_KNOTS('',1,(#8179,#8180),.UNSPECIFIED.,.F.,
  .F.,(2,2),(-4.6500006,5.999999999062E-07),.PIECEWISE_BEZIER_KNOTS.);
#8179 = CARTESIAN_POINT('',(4.6500006,13.010041808613));
#8180 = CARTESIAN_POINT('',(-5.999999996842E-07,13.010041808613));
#8181 = ( GEOMETRIC_REPRESENTATION_CONTEXT(2) 
PARAMETRIC_REPRESENTATION_CONTEXT() REPRESENTATION_CONTEXT('2D SPACE',''
  ) );
#8182 = ADVANCED_FACE('',(#8183),#6264,.F.);
#8183 = FACE_BOUND('',#8184,.F.);
#8184 = EDGE_LOOP('',(#8185,#8186,#8205,#8206));
#8185 = ORIENTED_EDGE('',*,*,#6248,.F.);
#8186 = ORIENTED_EDGE('',*,*,#8187,.T.);
#8187 = EDGE_CURVE('',#6249,#7170,#8188,.T.);
#8188 = SURFACE_CURVE('',#8189,(#8193,#8199),.PCURVE_S1.);
#8189 = LINE('',#8190,#8191);
#8190 = CARTESIAN_POINT('',(5.6,-32.,1.8));
#8191 = VECTOR('',#8192,1.);
#8192 = DIRECTION('',(0.,0.,1.));
#8193 = PCURVE('',#6264,#8194);
#8194 = DEFINITIONAL_REPRESENTATION('',(#8195),#8198);
#8195 = B_SPLINE_CURVE_WITH_KNOTS('',1,(#8196,#8197),.UNSPECIFIED.,.F.,
  .F.,(2,2),(0.,4.65),.PIECEWISE_BEZIER_KNOTS.);
#8196 = CARTESIAN_POINT('',(0.,1.6));
#8197 = CARTESIAN_POINT('',(4.65,1.6));
#8198 = ( GEOMETRIC_REPRESENTATION_CONTEXT(2) 
PARAMETRIC_REPRESENTATION_CONTEXT() REPRESENTATION_CONTEXT('2D SPACE',''
  ) );
#8199 = PCURVE('',#6292,#8200);
#8200 = DEFINITIONAL_REPRESENTATION('',(#8201),#8204);
#8201 = B_SPLINE_CURVE_WITH_KNOTS('',1,(#8202,#8203),.UNSPECIFIED.,.F.,
  .F.,(2,2),(0.,4.65),.PIECEWISE_BEZIER_KNOTS.);
#8202 = CARTESIAN_POINT('',(0.,-20.6));
#8203 = CARTESIAN_POINT('',(4.65,-20.6));
#8204 = ( GEOMETRIC_REPRESENTATION_CONTEXT(2) 
PARAMETRIC_REPRESENTATION_CONTEXT() REPRESENTATION_CONTEXT('2D SPACE',''
  ) );
#8205 = ORIENTED_EDGE('',*,*,#7192,.T.);
#8206 = ORIENTED_EDGE('',*,*,#8164,.T.);
#8207 = ADVANCED_FACE('',(#8208),#6292,.T.);
#8208 = FACE_BOUND('',#8209,.T.);
#8209 = EDGE_LOOP('',(#8210,#8211,#8212,#8213));
#8210 = ORIENTED_EDGE('',*,*,#7169,.F.);
#8211 = ORIENTED_EDGE('',*,*,#7264,.F.);
#8212 = ORIENTED_EDGE('',*,*,#6276,.T.);
#8213 = ORIENTED_EDGE('',*,*,#8187,.T.);
#8214 = ADVANCED_FACE('',(#8215),#6456,.F.);
#8215 = FACE_BOUND('',#8216,.T.);
#8216 = EDGE_LOOP('',(#8217,#8218,#8219,#8220));
#8217 = ORIENTED_EDGE('',*,*,#6439,.F.);
#8218 = ORIENTED_EDGE('',*,*,#7651,.F.);
#8219 = ORIENTED_EDGE('',*,*,#7720,.T.);
#8220 = ORIENTED_EDGE('',*,*,#7698,.T.);
#8221 = ADVANCED_FACE('',(#8222),#6366,.F.);
#8222 = FACE_BOUND('',#8223,.T.);
#8223 = EDGE_LOOP('',(#8224,#8225,#8226,#8227));
#8224 = ORIENTED_EDGE('',*,*,#7386,.T.);
#8225 = ORIENTED_EDGE('',*,*,#6349,.F.);
#8226 = ORIENTED_EDGE('',*,*,#7289,.F.);
#8227 = ORIENTED_EDGE('',*,*,#7358,.T.);
#8228 = ADVANCED_FACE('',(#8229),#6698,.F.);
#8229 = FACE_BOUND('',#8230,.T.);
#8230 = EDGE_LOOP('',(#8231,#8255,#8276,#8277));
#8231 = ORIENTED_EDGE('',*,*,#8232,.F.);
#8232 = EDGE_CURVE('',#8233,#8233,#8235,.T.);
#8233 = VERTEX_POINT('',#8234);
#8234 = CARTESIAN_POINT('',(-26.8,-58.,1.));
#8235 = SURFACE_CURVE('',#8236,(#8241,#8248),.PCURVE_S1.);
#8236 = CIRCLE('',#8237,1.2);
#8237 = AXIS2_PLACEMENT_3D('',#8238,#8239,#8240);
#8238 = CARTESIAN_POINT('',(-28.,-58.,1.));
#8239 = DIRECTION('',(0.,0.,1.));
#8240 = DIRECTION('',(1.,0.,-0.));
#8241 = PCURVE('',#6698,#8242);
#8242 = DEFINITIONAL_REPRESENTATION('',(#8243),#8247);
#8243 = LINE('',#8244,#8245);
#8244 = CARTESIAN_POINT('',(-0.,-1.));
#8245 = VECTOR('',#8246,1.);
#8246 = DIRECTION('',(-1.,0.));
#8247 = ( GEOMETRIC_REPRESENTATION_CONTEXT(2) 
PARAMETRIC_REPRESENTATION_CONTEXT() REPRESENTATION_CONTEXT('2D SPACE',''
  ) );
#8248 = PCURVE('',#7783,#8249);
#8249 = DEFINITIONAL_REPRESENTATION('',(#8250),#8254);
#8250 = LINE('',#8251,#8252);
#8251 = CARTESIAN_POINT('',(-0.,-1.));
#8252 = VECTOR('',#8253,1.);
#8253 = DIRECTION('',(-1.,-0.));
#8254 = ( GEOMETRIC_REPRESENTATION_CONTEXT(2) 
PARAMETRIC_REPRESENTATION_CONTEXT() REPRESENTATION_CONTEXT('2D SPACE',''
  ) );
#8255 = ORIENTED_EDGE('',*,*,#8256,.T.);
#8256 = EDGE_CURVE('',#8233,#6678,#8257,.T.);
#8257 = SEAM_CURVE('',#8258,(#8262,#8269),.PCURVE_S1.);
#8258 = LINE('',#8259,#8260);
#8259 = CARTESIAN_POINT('',(-26.8,-58.,0.));
#8260 = VECTOR('',#8261,1.);
#8261 = DIRECTION('',(0.,0.,1.));
#8262 = PCURVE('',#6698,#8263);
#8263 = DEFINITIONAL_REPRESENTATION('',(#8264),#8268);
#8264 = LINE('',#8265,#8266);
#8265 = CARTESIAN_POINT('',(-6.28318530718,0.));
#8266 = VECTOR('',#8267,1.);
#8267 = DIRECTION('',(-0.,-1.));
#8268 = ( GEOMETRIC_REPRESENTATION_CONTEXT(2) 
PARAMETRIC_REPRESENTATION_CONTEXT() REPRESENTATION_CONTEXT('2D SPACE',''
  ) );
#8269 = PCURVE('',#6698,#8270);
#8270 = DEFINITIONAL_REPRESENTATION('',(#8271),#8275);
#8271 = LINE('',#8272,#8273);
#8272 = CARTESIAN_POINT('',(-0.,0.));
#8273 = VECTOR('',#8274,1.);
#8274 = DIRECTION('',(-0.,-1.));
#8275 = ( GEOMETRIC_REPRESENTATION_CONTEXT(2) 
PARAMETRIC_REPRESENTATION_CONTEXT() REPRESENTATION_CONTEXT('2D SPACE',''
  ) );
#8276 = ORIENTED_EDGE('',*,*,#6677,.F.);
#8277 = ORIENTED_EDGE('',*,*,#8256,.F.);
#8278 = ADVANCED_FACE('',(#8279),#6733,.F.);
#8279 = FACE_BOUND('',#8280,.T.);
#8280 = EDGE_LOOP('',(#8281,#8282,#8303,#8304));
#8281 = ORIENTED_EDGE('',*,*,#7823,.F.);
#8282 = ORIENTED_EDGE('',*,*,#8283,.T.);
#8283 = EDGE_CURVE('',#7824,#6713,#8284,.T.);
#8284 = SEAM_CURVE('',#8285,(#8289,#8296),.PCURVE_S1.);
#8285 = LINE('',#8286,#8287);
#8286 = CARTESIAN_POINT('',(-16.30208855077,-28.47091017547,0.));
#8287 = VECTOR('',#8288,1.);
#8288 = DIRECTION('',(0.,0.,1.));
#8289 = PCURVE('',#6733,#8290);
#8290 = DEFINITIONAL_REPRESENTATION('',(#8291),#8295);
#8291 = LINE('',#8292,#8293);
#8292 = CARTESIAN_POINT('',(-6.28318530718,0.));
#8293 = VECTOR('',#8294,1.);
#8294 = DIRECTION('',(-0.,-1.));
#8295 = ( GEOMETRIC_REPRESENTATION_CONTEXT(2) 
PARAMETRIC_REPRESENTATION_CONTEXT() REPRESENTATION_CONTEXT('2D SPACE',''
  ) );
#8296 = PCURVE('',#6733,#8297);
#8297 = DEFINITIONAL_REPRESENTATION('',(#8298),#8302);
#8298 = LINE('',#8299,#8300);
#8299 = CARTESIAN_POINT('',(-0.,0.));
#8300 = VECTOR('',#8301,1.);
#8301 = DIRECTION('',(-0.,-1.));
#8302 = ( GEOMETRIC_REPRESENTATION_CONTEXT(2) 
PARAMETRIC_REPRESENTATION_CONTEXT() REPRESENTATION_CONTEXT('2D SPACE',''
  ) );
#8303 = ORIENTED_EDGE('',*,*,#6712,.F.);
#8304 = ORIENTED_EDGE('',*,*,#8283,.F.);
#8305 = ADVANCED_FACE('',(#8306),#6768,.F.);
#8306 = FACE_BOUND('',#8307,.T.);
#8307 = EDGE_LOOP('',(#8308,#8309,#8330,#8331));
#8308 = ORIENTED_EDGE('',*,*,#7797,.F.);
#8309 = ORIENTED_EDGE('',*,*,#8310,.T.);
#8310 = EDGE_CURVE('',#7798,#6748,#8311,.T.);
#8311 = SEAM_CURVE('',#8312,(#8316,#8323),.PCURVE_S1.);
#8312 = LINE('',#8313,#8314);
#8313 = CARTESIAN_POINT('',(3.5,-33.5,0.));
#8314 = VECTOR('',#8315,1.);
#8315 = DIRECTION('',(0.,0.,1.));
#8316 = PCURVE('',#6768,#8317);
#8317 = DEFINITIONAL_REPRESENTATION('',(#8318),#8322);
#8318 = LINE('',#8319,#8320);
#8319 = CARTESIAN_POINT('',(-6.28318530718,0.));
#8320 = VECTOR('',#8321,1.);
#8321 = DIRECTION('',(-0.,-1.));
#8322 = ( GEOMETRIC_REPRESENTATION_CONTEXT(2) 
PARAMETRIC_REPRESENTATION_CONTEXT() REPRESENTATION_CONTEXT('2D SPACE',''
  ) );
#8323 = PCURVE('',#6768,#8324);
#8324 = DEFINITIONAL_REPRESENTATION('',(#8325),#8329);
#8325 = LINE('',#8326,#8327);
#8326 = CARTESIAN_POINT('',(-0.,0.));
#8327 = VECTOR('',#8328,1.);
#8328 = DIRECTION('',(-0.,-1.));
#8329 = ( GEOMETRIC_REPRESENTATION_CONTEXT(2) 
PARAMETRIC_REPRESENTATION_CONTEXT() REPRESENTATION_CONTEXT('2D SPACE',''
  ) );
#8330 = ORIENTED_EDGE('',*,*,#6747,.F.);
#8331 = ORIENTED_EDGE('',*,*,#8310,.F.);
#8332 = ADVANCED_FACE('',(#8333),#6803,.F.);
#8333 = FACE_BOUND('',#8334,.T.);
#8334 = EDGE_LOOP('',(#8335,#8359,#8380,#8381));
#8335 = ORIENTED_EDGE('',*,*,#8336,.F.);
#8336 = EDGE_CURVE('',#8337,#8337,#8339,.T.);
#8337 = VERTEX_POINT('',#8338);
#8338 = CARTESIAN_POINT('',(29.2,-58.,1.));
#8339 = SURFACE_CURVE('',#8340,(#8345,#8352),.PCURVE_S1.);
#8340 = CIRCLE('',#8341,1.2);
#8341 = AXIS2_PLACEMENT_3D('',#8342,#8343,#8344);
#8342 = CARTESIAN_POINT('',(28.,-58.,1.));
#8343 = DIRECTION('',(0.,0.,1.));
#8344 = DIRECTION('',(1.,0.,-0.));
#8345 = PCURVE('',#6803,#8346);
#8346 = DEFINITIONAL_REPRESENTATION('',(#8347),#8351);
#8347 = LINE('',#8348,#8349);
#8348 = CARTESIAN_POINT('',(-0.,-1.));
#8349 = VECTOR('',#8350,1.);
#8350 = DIRECTION('',(-1.,0.));
#8351 = ( GEOMETRIC_REPRESENTATION_CONTEXT(2) 
PARAMETRIC_REPRESENTATION_CONTEXT() REPRESENTATION_CONTEXT('2D SPACE',''
  ) );
#8352 = PCURVE('',#7866,#8353);
#8353 = DEFINITIONAL_REPRESENTATION('',(#8354),#8358);
#8354 = LINE('',#8355,#8356);
#8355 = CARTESIAN_POINT('',(-0.,-1.));
#8356 = VECTOR('',#8357,1.);
#8357 = DIRECTION('',(-1.,-0.));
#8358 = ( GEOMETRIC_REPRESENTATION_CONTEXT(2) 
PARAMETRIC_REPRESENTATION_CONTEXT() REPRESENTATION_CONTEXT('2D SPACE',''
  ) );
#8359 = ORIENTED_EDGE('',*,*,#8360,.T.);
#8360 = EDGE_CURVE('',#8337,#6783,#8361,.T.);
#8361 = SEAM_CURVE('',#8362,(#8366,#8373),.PCURVE_S1.);
#8362 = LINE('',#8363,#8364);
#8363 = CARTESIAN_POINT('',(29.2,-58.,0.));
#8364 = VECTOR('',#8365,1.);
#8365 = DIRECTION('',(0.,0.,1.));
#8366 = PCURVE('',#6803,#8367);
#8367 = DEFINITIONAL_REPRESENTATION('',(#8368),#8372);
#8368 = LINE('',#8369,#8370);
#8369 = CARTESIAN_POINT('',(-6.28318530718,0.));
#8370 = VECTOR('',#8371,1.);
#8371 = DIRECTION('',(-0.,-1.));
#8372 = ( GEOMETRIC_REPRESENTATION_CONTEXT(2) 
PARAMETRIC_REPRESENTATION_CONTEXT() REPRESENTATION_CONTEXT('2D SPACE',''
  ) );
#8373 = PCURVE('',#6803,#8374);
#8374 = DEFINITIONAL_REPRESENTATION('',(#8375),#8379);
#8375 = LINE('',#8376,#8377);
#8376 = CARTESIAN_POINT('',(-0.,0.));
#8377 = VECTOR('',#8378,1.);
#8378 = DIRECTION('',(-0.,-1.));
#8379 = ( GEOMETRIC_REPRESENTATION_CONTEXT(2) 
PARAMETRIC_REPRESENTATION_CONTEXT() REPRESENTATION_CONTEXT('2D SPACE',''
  ) );
#8380 = ORIENTED_EDGE('',*,*,#6782,.F.);
#8381 = ORIENTED_EDGE('',*,*,#8360,.F.);
#8382 = ADVANCED_FACE('',(#8383),#6838,.F.);
#8383 = FACE_BOUND('',#8384,.T.);
#8384 = EDGE_LOOP('',(#8385,#8386,#8407,#8408));
#8385 = ORIENTED_EDGE('',*,*,#7880,.F.);
#8386 = ORIENTED_EDGE('',*,*,#8387,.T.);
#8387 = EDGE_CURVE('',#7881,#6818,#8388,.T.);
#8388 = SEAM_CURVE('',#8389,(#8393,#8400),.PCURVE_S1.);
#8389 = LINE('',#8390,#8391);
#8390 = CARTESIAN_POINT('',(23.302088550774,-28.47091017547,0.));
#8391 = VECTOR('',#8392,1.);
#8392 = DIRECTION('',(0.,0.,1.));
#8393 = PCURVE('',#6838,#8394);
#8394 = DEFINITIONAL_REPRESENTATION('',(#8395),#8399);
#8395 = LINE('',#8396,#8397);
#8396 = CARTESIAN_POINT('',(-6.28318530718,0.));
#8397 = VECTOR('',#8398,1.);
#8398 = DIRECTION('',(-0.,-1.));
#8399 = ( GEOMETRIC_REPRESENTATION_CONTEXT(2) 
PARAMETRIC_REPRESENTATION_CONTEXT() REPRESENTATION_CONTEXT('2D SPACE',''
  ) );
#8400 = PCURVE('',#6838,#8401);
#8401 = DEFINITIONAL_REPRESENTATION('',(#8402),#8406);
#8402 = LINE('',#8403,#8404);
#8403 = CARTESIAN_POINT('',(-0.,0.));
#8404 = VECTOR('',#8405,1.);
#8405 = DIRECTION('',(-0.,-1.));
#8406 = ( GEOMETRIC_REPRESENTATION_CONTEXT(2) 
PARAMETRIC_REPRESENTATION_CONTEXT() REPRESENTATION_CONTEXT('2D SPACE',''
  ) );
#8407 = ORIENTED_EDGE('',*,*,#6817,.F.);
#8408 = ORIENTED_EDGE('',*,*,#8387,.F.);
#8409 = ADVANCED_FACE('',(#8410),#6873,.F.);
#8410 = FACE_BOUND('',#8411,.T.);
#8411 = EDGE_LOOP('',(#8412,#8436,#8457,#8458));
#8412 = ORIENTED_EDGE('',*,*,#8413,.F.);
#8413 = EDGE_CURVE('',#8414,#8414,#8416,.T.);
#8414 = VERTEX_POINT('',#8415);
#8415 = CARTESIAN_POINT('',(-26.8,58.,1.));
#8416 = SURFACE_CURVE('',#8417,(#8422,#8429),.PCURVE_S1.);
#8417 = CIRCLE('',#8418,1.2);
#8418 = AXIS2_PLACEMENT_3D('',#8419,#8420,#8421);
#8419 = CARTESIAN_POINT('',(-28.,58.,1.));
#8420 = DIRECTION('',(0.,0.,1.));
#8421 = DIRECTION('',(1.,0.,-0.));
#8422 = PCURVE('',#6873,#8423);
#8423 = DEFINITIONAL_REPRESENTATION('',(#8424),#8428);
#8424 = LINE('',#8425,#8426);
#8425 = CARTESIAN_POINT('',(-0.,-1.));
#8426 = VECTOR('',#8427,1.);
#8427 = DIRECTION('',(-1.,0.));
#8428 = ( GEOMETRIC_REPRESENTATION_CONTEXT(2) 
PARAMETRIC_REPRESENTATION_CONTEXT() REPRESENTATION_CONTEXT('2D SPACE',''
  ) );
#8429 = PCURVE('',#7923,#8430);
#8430 = DEFINITIONAL_REPRESENTATION('',(#8431),#8435);
#8431 = LINE('',#8432,#8433);
#8432 = CARTESIAN_POINT('',(-0.,-1.));
#8433 = VECTOR('',#8434,1.);
#8434 = DIRECTION('',(-1.,-0.));
#8435 = ( GEOMETRIC_REPRESENTATION_CONTEXT(2) 
PARAMETRIC_REPRESENTATION_CONTEXT() REPRESENTATION_CONTEXT('2D SPACE',''
  ) );
#8436 = ORIENTED_EDGE('',*,*,#8437,.T.);
#8437 = EDGE_CURVE('',#8414,#6853,#8438,.T.);
#8438 = SEAM_CURVE('',#8439,(#8443,#8450),.PCURVE_S1.);
#8439 = LINE('',#8440,#8441);
#8440 = CARTESIAN_POINT('',(-26.8,58.,0.));
#8441 = VECTOR('',#8442,1.);
#8442 = DIRECTION('',(0.,0.,1.));
#8443 = PCURVE('',#6873,#8444);
#8444 = DEFINITIONAL_REPRESENTATION('',(#8445),#8449);
#8445 = LINE('',#8446,#8447);
#8446 = CARTESIAN_POINT('',(-6.28318530718,0.));
#8447 = VECTOR('',#8448,1.);
#8448 = DIRECTION('',(-0.,-1.));
#8449 = ( GEOMETRIC_REPRESENTATION_CONTEXT(2) 
PARAMETRIC_REPRESENTATION_CONTEXT() REPRESENTATION_CONTEXT('2D SPACE',''
  ) );
#8450 = PCURVE('',#6873,#8451);
#8451 = DEFINITIONAL_REPRESENTATION('',(#8452),#8456);
#8452 = LINE('',#8453,#8454);
#8453 = CARTESIAN_POINT('',(-0.,0.));
#8454 = VECTOR('',#8455,1.);
#8455 = DIRECTION('',(-0.,-1.));
#8456 = ( GEOMETRIC_REPRESENTATION_CONTEXT(2) 
PARAMETRIC_REPRESENTATION_CONTEXT() REPRESENTATION_CONTEXT('2D SPACE',''
  ) );
#8457 = ORIENTED_EDGE('',*,*,#6852,.F.);
#8458 = ORIENTED_EDGE('',*,*,#8437,.F.);
#8459 = ADVANCED_FACE('',(#8460),#6908,.F.);
#8460 = FACE_BOUND('',#8461,.T.);
#8461 = EDGE_LOOP('',(#8462,#8486,#8507,#8508));
#8462 = ORIENTED_EDGE('',*,*,#8463,.F.);
#8463 = EDGE_CURVE('',#8464,#8464,#8466,.T.);
#8464 = VERTEX_POINT('',#8465);
#8465 = CARTESIAN_POINT('',(26.85,8.,1.5));
#8466 = SURFACE_CURVE('',#8467,(#8472,#8479),.PCURVE_S1.);
#8467 = CIRCLE('',#8468,26.85);
#8468 = AXIS2_PLACEMENT_3D('',#8469,#8470,#8471);
#8469 = CARTESIAN_POINT('',(0.,8.,1.5));
#8470 = DIRECTION('',(0.,0.,1.));
#8471 = DIRECTION('',(1.,0.,-0.));
#8472 = PCURVE('',#6908,#8473);
#8473 = DEFINITIONAL_REPRESENTATION('',(#8474),#8478);
#8474 = LINE('',#8475,#8476);
#8475 = CARTESIAN_POINT('',(-0.,-1.5));
#8476 = VECTOR('',#8477,1.);
#8477 = DIRECTION('',(-1.,0.));
#8478 = ( GEOMETRIC_REPRESENTATION_CONTEXT(2) 
PARAMETRIC_REPRESENTATION_CONTEXT() REPRESENTATION_CONTEXT('2D SPACE',''
  ) );
#8479 = PCURVE('',#7954,#8480);
#8480 = DEFINITIONAL_REPRESENTATION('',(#8481),#8485);
#8481 = LINE('',#8482,#8483);
#8482 = CARTESIAN_POINT('',(-0.,-1.5));
#8483 = VECTOR('',#8484,1.);
#8484 = DIRECTION('',(-1.,-0.));
#8485 = ( GEOMETRIC_REPRESENTATION_CONTEXT(2) 
PARAMETRIC_REPRESENTATION_CONTEXT() REPRESENTATION_CONTEXT('2D SPACE',''
  ) );
#8486 = ORIENTED_EDGE('',*,*,#8487,.T.);
#8487 = EDGE_CURVE('',#8464,#6888,#8488,.T.);
#8488 = SEAM_CURVE('',#8489,(#8493,#8500),.PCURVE_S1.);
#8489 = LINE('',#8490,#8491);
#8490 = CARTESIAN_POINT('',(26.85,8.,0.));
#8491 = VECTOR('',#8492,1.);
#8492 = DIRECTION('',(0.,0.,1.));
#8493 = PCURVE('',#6908,#8494);
#8494 = DEFINITIONAL_REPRESENTATION('',(#8495),#8499);
#8495 = LINE('',#8496,#8497);
#8496 = CARTESIAN_POINT('',(-6.28318530718,0.));
#8497 = VECTOR('',#8498,1.);
#8498 = DIRECTION('',(-0.,-1.));
#8499 = ( GEOMETRIC_REPRESENTATION_CONTEXT(2) 
PARAMETRIC_REPRESENTATION_CONTEXT() REPRESENTATION_CONTEXT('2D SPACE',''
  ) );
#8500 = PCURVE('',#6908,#8501);
#8501 = DEFINITIONAL_REPRESENTATION('',(#8502),#8506);
#8502 = LINE('',#8503,#8504);
#8503 = CARTESIAN_POINT('',(-0.,0.));
#8504 = VECTOR('',#8505,1.);
#8505 = DIRECTION('',(-0.,-1.));
#8506 = ( GEOMETRIC_REPRESENTATION_CONTEXT(2) 
PARAMETRIC_REPRESENTATION_CONTEXT() REPRESENTATION_CONTEXT('2D SPACE',''
  ) );
#8507 = ORIENTED_EDGE('',*,*,#6887,.F.);
#8508 = ORIENTED_EDGE('',*,*,#8487,.F.);
#8509 = ADVANCED_FACE('',(#8510),#6941,.T.);
#8510 = FACE_BOUND('',#8511,.F.);
#8511 = EDGE_LOOP('',(#8512,#8513,#8534,#8567));
#8512 = ORIENTED_EDGE('',*,*,#6922,.F.);
#8513 = ORIENTED_EDGE('',*,*,#8514,.F.);
#8514 = EDGE_CURVE('',#8515,#6923,#8517,.T.);
#8515 = VERTEX_POINT('',#8516);
#8516 = CARTESIAN_POINT('',(17.35,-18.29120575401,6.45));
#8517 = SURFACE_CURVE('',#8518,(#8522,#8528),.PCURVE_S1.);
#8518 = LINE('',#8519,#8520);
#8519 = CARTESIAN_POINT('',(17.35,-18.29120575401,1.8));
#8520 = VECTOR('',#8521,1.);
#8521 = DIRECTION('',(-0.,-0.,-1.));
#8522 = PCURVE('',#6941,#8523);
#8523 = DEFINITIONAL_REPRESENTATION('',(#8524),#8527);
#8524 = B_SPLINE_CURVE_WITH_KNOTS('',1,(#8525,#8526),.UNSPECIFIED.,.F.,
  .F.,(2,2),(-4.65,-0.),.PIECEWISE_BEZIER_KNOTS.);
#8525 = CARTESIAN_POINT('',(-5.295703808541,-4.65));
#8526 = CARTESIAN_POINT('',(-5.295703808541,0.));
#8527 = ( GEOMETRIC_REPRESENTATION_CONTEXT(2) 
PARAMETRIC_REPRESENTATION_CONTEXT() REPRESENTATION_CONTEXT('2D SPACE',''
  ) );
#8528 = PCURVE('',#6969,#8529);
#8529 = DEFINITIONAL_REPRESENTATION('',(#8530),#8533);
#8530 = B_SPLINE_CURVE_WITH_KNOTS('',1,(#8531,#8532),.UNSPECIFIED.,.F.,
  .F.,(2,2),(-4.6500006,5.999999999062E-07),.PIECEWISE_BEZIER_KNOTS.);
#8531 = CARTESIAN_POINT('',(5.1500006,-11.32879424598));
#8532 = CARTESIAN_POINT('',(0.4999994,-11.32879424598));
#8533 = ( GEOMETRIC_REPRESENTATION_CONTEXT(2) 
PARAMETRIC_REPRESENTATION_CONTEXT() REPRESENTATION_CONTEXT('2D SPACE',''
  ) );
#8534 = ORIENTED_EDGE('',*,*,#8535,.F.);
#8535 = EDGE_CURVE('',#8536,#8515,#8538,.T.);
#8536 = VERTEX_POINT('',#8537);
#8537 = CARTESIAN_POINT('',(-17.35,-18.29120575401,6.45));
#8538 = SURFACE_CURVE('',#8539,(#8544,#8551),.PCURVE_S1.);
#8539 = CIRCLE('',#8540,31.5);
#8540 = AXIS2_PLACEMENT_3D('',#8541,#8542,#8543);
#8541 = CARTESIAN_POINT('',(0.,8.,6.45));
#8542 = DIRECTION('',(-0.,0.,-1.));
#8543 = DIRECTION('',(-0.550793650794,-0.834641452508,0.));
#8544 = PCURVE('',#6941,#8545);
#8545 = DEFINITIONAL_REPRESENTATION('',(#8546),#8550);
#8546 = LINE('',#8547,#8548);
#8547 = CARTESIAN_POINT('',(-10.4122594594,-4.65));
#8548 = VECTOR('',#8549,1.);
#8549 = DIRECTION('',(1.,-0.));
#8550 = ( GEOMETRIC_REPRESENTATION_CONTEXT(2) 
PARAMETRIC_REPRESENTATION_CONTEXT() REPRESENTATION_CONTEXT('2D SPACE',''
  ) );
#8551 = PCURVE('',#8552,#8557);
#8552 = PLANE('',#8553);
#8553 = AXIS2_PLACEMENT_3D('',#8554,#8555,#8556);
#8554 = CARTESIAN_POINT('',(-2.083718297203E-15,8.,6.45));
#8555 = DIRECTION('',(0.,0.,1.));
#8556 = DIRECTION('',(1.,0.,-0.));
#8557 = DEFINITIONAL_REPRESENTATION('',(#8558),#8566);
#8558 = ( BOUNDED_CURVE() B_SPLINE_CURVE(2,(#8559,#8560,#8561,#8562,
#8563,#8564,#8565),.UNSPECIFIED.,.T.,.F.) B_SPLINE_CURVE_WITH_KNOTS((1,2
    ,2,2,2,1),(-2.094395102393,0.,2.094395102393,4.188790204786,
6.28318530718,8.377580409573),.UNSPECIFIED.) CURVE() 
GEOMETRIC_REPRESENTATION_ITEM() RATIONAL_B_SPLINE_CURVE((1.,0.5,1.,0.5,
1.,0.5,1.)) REPRESENTATION_ITEM('') );
#8559 = CARTESIAN_POINT('',(-17.35,-26.29120575401));
#8560 = CARTESIAN_POINT('',(-62.8877041582,3.759875757304));
#8561 = CARTESIAN_POINT('',(-14.0938520791,28.171143632668));
#8562 = CARTESIAN_POINT('',(34.7,52.582411508032));
#8563 = CARTESIAN_POINT('',(31.443852079101,-1.879937878652));
#8564 = CARTESIAN_POINT('',(28.187704158203,-56.34228726533));
#8565 = CARTESIAN_POINT('',(-17.35,-26.29120575401));
#8566 = ( GEOMETRIC_REPRESENTATION_CONTEXT(2) 
PARAMETRIC_REPRESENTATION_CONTEXT() REPRESENTATION_CONTEXT('2D SPACE',''
  ) );
#8567 = ORIENTED_EDGE('',*,*,#8568,.T.);
#8568 = EDGE_CURVE('',#8536,#6925,#8569,.T.);
#8569 = SURFACE_CURVE('',#8570,(#8574,#8580),.PCURVE_S1.);
#8570 = LINE('',#8571,#8572);
#8571 = CARTESIAN_POINT('',(-17.35,-18.29120575401,1.8));
#8572 = VECTOR('',#8573,1.);
#8573 = DIRECTION('',(-0.,-0.,-1.));
#8574 = PCURVE('',#6941,#8575);
#8575 = DEFINITIONAL_REPRESENTATION('',(#8576),#8579);
#8576 = B_SPLINE_CURVE_WITH_KNOTS('',1,(#8577,#8578),.UNSPECIFIED.,.F.,
  .F.,(2,2),(-4.65,0.),.PIECEWISE_BEZIER_KNOTS.);
#8577 = CARTESIAN_POINT('',(-10.4122594594,-4.65));
#8578 = CARTESIAN_POINT('',(-10.4122594594,0.));
#8579 = ( GEOMETRIC_REPRESENTATION_CONTEXT(2) 
PARAMETRIC_REPRESENTATION_CONTEXT() REPRESENTATION_CONTEXT('2D SPACE',''
  ) );
#8580 = PCURVE('',#7023,#8581);
#8581 = DEFINITIONAL_REPRESENTATION('',(#8582),#8585);
#8582 = B_SPLINE_CURVE_WITH_KNOTS('',1,(#8583,#8584),.UNSPECIFIED.,.F.,
  .F.,(2,2),(-4.6500006,5.999999999062E-07),.PIECEWISE_BEZIER_KNOTS.);
#8583 = CARTESIAN_POINT('',(5.1500006,-11.32879424598));
#8584 = CARTESIAN_POINT('',(0.4999994,-11.32879424598));
#8585 = ( GEOMETRIC_REPRESENTATION_CONTEXT(2) 
PARAMETRIC_REPRESENTATION_CONTEXT() REPRESENTATION_CONTEXT('2D SPACE',''
  ) );
#8586 = ADVANCED_FACE('',(#8587),#6969,.F.);
#8587 = FACE_BOUND('',#8588,.F.);
#8588 = EDGE_LOOP('',(#8589,#8610,#8611,#8612));
#8589 = ORIENTED_EDGE('',*,*,#8590,.F.);
#8590 = EDGE_CURVE('',#8515,#8591,#8593,.T.);
#8591 = VERTEX_POINT('',#8592);
#8592 = CARTESIAN_POINT('',(17.35,-16.35133466568,6.45));
#8593 = SURFACE_CURVE('',#8594,(#8598,#8604),.PCURVE_S1.);
#8594 = LINE('',#8595,#8596);
#8595 = CARTESIAN_POINT('',(17.35,-10.81,6.45));
#8596 = VECTOR('',#8597,1.);
#8597 = DIRECTION('',(-0.,1.,0.));
#8598 = PCURVE('',#6969,#8599);
#8599 = DEFINITIONAL_REPRESENTATION('',(#8600),#8603);
#8600 = B_SPLINE_CURVE_WITH_KNOTS('',1,(#8601,#8602),.UNSPECIFIED.,.F.,
  .F.,(2,2),(-12.69,-2.81),.PIECEWISE_BEZIER_KNOTS.);
#8601 = CARTESIAN_POINT('',(5.15,-6.12));
#8602 = CARTESIAN_POINT('',(5.15,-16.));
#8603 = ( GEOMETRIC_REPRESENTATION_CONTEXT(2) 
PARAMETRIC_REPRESENTATION_CONTEXT() REPRESENTATION_CONTEXT('2D SPACE',''
  ) );
#8604 = PCURVE('',#8552,#8605);
#8605 = DEFINITIONAL_REPRESENTATION('',(#8606),#8609);
#8606 = B_SPLINE_CURVE_WITH_KNOTS('',1,(#8607,#8608),.UNSPECIFIED.,.F.,
  .F.,(2,2),(-12.69,-2.81),.PIECEWISE_BEZIER_KNOTS.);
#8607 = CARTESIAN_POINT('',(17.35,-31.5));
#8608 = CARTESIAN_POINT('',(17.35,-21.62));
#8609 = ( GEOMETRIC_REPRESENTATION_CONTEXT(2) 
PARAMETRIC_REPRESENTATION_CONTEXT() REPRESENTATION_CONTEXT('2D SPACE',''
  ) );
#8610 = ORIENTED_EDGE('',*,*,#8514,.T.);
#8611 = ORIENTED_EDGE('',*,*,#6953,.T.);
#8612 = ORIENTED_EDGE('',*,*,#8613,.F.);
#8613 = EDGE_CURVE('',#8591,#6954,#8614,.T.);
#8614 = SURFACE_CURVE('',#8615,(#8619,#8625),.PCURVE_S1.);
#8615 = LINE('',#8616,#8617);
#8616 = CARTESIAN_POINT('',(17.35,-16.35133466568,1.8));
#8617 = VECTOR('',#8618,1.);
#8618 = DIRECTION('',(-0.,-0.,-1.));
#8619 = PCURVE('',#6969,#8620);
#8620 = DEFINITIONAL_REPRESENTATION('',(#8621),#8624);
#8621 = B_SPLINE_CURVE_WITH_KNOTS('',1,(#8622,#8623),.UNSPECIFIED.,.F.,
  .F.,(2,2),(-4.6500006,5.999999999062E-07),.PIECEWISE_BEZIER_KNOTS.);
#8622 = CARTESIAN_POINT('',(5.1500006,-13.26866533431));
#8623 = CARTESIAN_POINT('',(0.4999994,-13.26866533431));
#8624 = ( GEOMETRIC_REPRESENTATION_CONTEXT(2) 
PARAMETRIC_REPRESENTATION_CONTEXT() REPRESENTATION_CONTEXT('2D SPACE',''
  ) );
#8625 = PCURVE('',#6997,#8626);
#8626 = DEFINITIONAL_REPRESENTATION('',(#8627),#8630);
#8627 = B_SPLINE_CURVE_WITH_KNOTS('',1,(#8628,#8629),.UNSPECIFIED.,.F.,
  .F.,(2,2),(-4.65,0.),.PIECEWISE_BEZIER_KNOTS.);
#8628 = CARTESIAN_POINT('',(-5.331446156711,-4.65));
#8629 = CARTESIAN_POINT('',(-5.331446156711,0.));
#8630 = ( GEOMETRIC_REPRESENTATION_CONTEXT(2) 
PARAMETRIC_REPRESENTATION_CONTEXT() REPRESENTATION_CONTEXT('2D SPACE',''
  ) );
#8631 = ADVANCED_FACE('',(#8632),#7023,.T.);
#8632 = FACE_BOUND('',#8633,.T.);
#8633 = EDGE_LOOP('',(#8634,#8655,#8656,#8657));
#8634 = ORIENTED_EDGE('',*,*,#8635,.F.);
#8635 = EDGE_CURVE('',#8536,#8636,#8638,.T.);
#8636 = VERTEX_POINT('',#8637);
#8637 = CARTESIAN_POINT('',(-17.35,-16.35133466568,6.45));
#8638 = SURFACE_CURVE('',#8639,(#8643,#8649),.PCURVE_S1.);
#8639 = LINE('',#8640,#8641);
#8640 = CARTESIAN_POINT('',(-17.35,-10.81,6.45));
#8641 = VECTOR('',#8642,1.);
#8642 = DIRECTION('',(-0.,1.,0.));
#8643 = PCURVE('',#7023,#8644);
#8644 = DEFINITIONAL_REPRESENTATION('',(#8645),#8648);
#8645 = B_SPLINE_CURVE_WITH_KNOTS('',1,(#8646,#8647),.UNSPECIFIED.,.F.,
  .F.,(2,2),(-12.69,-2.81),.PIECEWISE_BEZIER_KNOTS.);
#8646 = CARTESIAN_POINT('',(5.15,-6.12));
#8647 = CARTESIAN_POINT('',(5.15,-16.));
#8648 = ( GEOMETRIC_REPRESENTATION_CONTEXT(2) 
PARAMETRIC_REPRESENTATION_CONTEXT() REPRESENTATION_CONTEXT('2D SPACE',''
  ) );
#8649 = PCURVE('',#8552,#8650);
#8650 = DEFINITIONAL_REPRESENTATION('',(#8651),#8654);
#8651 = B_SPLINE_CURVE_WITH_KNOTS('',1,(#8652,#8653),.UNSPECIFIED.,.F.,
  .F.,(2,2),(-12.69,-2.81),.PIECEWISE_BEZIER_KNOTS.);
#8652 = CARTESIAN_POINT('',(-17.35,-31.5));
#8653 = CARTESIAN_POINT('',(-17.35,-21.62));
#8654 = ( GEOMETRIC_REPRESENTATION_CONTEXT(2) 
PARAMETRIC_REPRESENTATION_CONTEXT() REPRESENTATION_CONTEXT('2D SPACE',''
  ) );
#8655 = ORIENTED_EDGE('',*,*,#8568,.T.);
#8656 = ORIENTED_EDGE('',*,*,#7009,.T.);
#8657 = ORIENTED_EDGE('',*,*,#8658,.F.);
#8658 = EDGE_CURVE('',#8636,#6981,#8659,.T.);
#8659 = SURFACE_CURVE('',#8660,(#8664,#8670),.PCURVE_S1.);
#8660 = LINE('',#8661,#8662);
#8661 = CARTESIAN_POINT('',(-17.35,-16.35133466568,1.8));
#8662 = VECTOR('',#8663,1.);
#8663 = DIRECTION('',(-0.,-0.,-1.));
#8664 = PCURVE('',#7023,#8665);
#8665 = DEFINITIONAL_REPRESENTATION('',(#8666),#8669);
#8666 = B_SPLINE_CURVE_WITH_KNOTS('',1,(#8667,#8668),.UNSPECIFIED.,.F.,
  .F.,(2,2),(-4.6500006,5.999999999062E-07),.PIECEWISE_BEZIER_KNOTS.);
#8667 = CARTESIAN_POINT('',(5.1500006,-13.26866533431));
#8668 = CARTESIAN_POINT('',(0.4999994,-13.26866533431));
#8669 = ( GEOMETRIC_REPRESENTATION_CONTEXT(2) 
PARAMETRIC_REPRESENTATION_CONTEXT() REPRESENTATION_CONTEXT('2D SPACE',''
  ) );
#8670 = PCURVE('',#6997,#8671);
#8671 = DEFINITIONAL_REPRESENTATION('',(#8672),#8675);
#8672 = B_SPLINE_CURVE_WITH_KNOTS('',1,(#8673,#8674),.UNSPECIFIED.,.F.,
  .F.,(2,2),(-4.65,-0.),.PIECEWISE_BEZIER_KNOTS.);
#8673 = CARTESIAN_POINT('',(-10.37651711123,-4.65));
#8674 = CARTESIAN_POINT('',(-10.37651711123,0.));
#8675 = ( GEOMETRIC_REPRESENTATION_CONTEXT(2) 
PARAMETRIC_REPRESENTATION_CONTEXT() REPRESENTATION_CONTEXT('2D SPACE',''
  ) );
#8676 = ADVANCED_FACE('',(#8677),#6997,.F.);
#8677 = FACE_BOUND('',#8678,.T.);
#8678 = EDGE_LOOP('',(#8679,#8705,#8706,#8707));
#8679 = ORIENTED_EDGE('',*,*,#8680,.F.);
#8680 = EDGE_CURVE('',#8636,#8591,#8681,.T.);
#8681 = SURFACE_CURVE('',#8682,(#8687,#8694),.PCURVE_S1.);
#8682 = CIRCLE('',#8683,29.9);
#8683 = AXIS2_PLACEMENT_3D('',#8684,#8685,#8686);
#8684 = CARTESIAN_POINT('',(0.,8.,6.45));
#8685 = DIRECTION('',(-0.,0.,-1.));
#8686 = DIRECTION('',(-0.580267558528,-0.814425908551,0.));
#8687 = PCURVE('',#6997,#8688);
#8688 = DEFINITIONAL_REPRESENTATION('',(#8689),#8693);
#8689 = LINE('',#8690,#8691);
#8690 = CARTESIAN_POINT('',(-10.37651711123,-4.65));
#8691 = VECTOR('',#8692,1.);
#8692 = DIRECTION('',(1.,-0.));
#8693 = ( GEOMETRIC_REPRESENTATION_CONTEXT(2) 
PARAMETRIC_REPRESENTATION_CONTEXT() REPRESENTATION_CONTEXT('2D SPACE',''
  ) );
#8694 = PCURVE('',#8552,#8695);
#8695 = DEFINITIONAL_REPRESENTATION('',(#8696),#8704);
#8696 = ( BOUNDED_CURVE() B_SPLINE_CURVE(2,(#8697,#8698,#8699,#8700,
#8701,#8702,#8703),.UNSPECIFIED.,.T.,.F.) B_SPLINE_CURVE_WITH_KNOTS((1,2
    ,2,2,2,1),(-2.094395102393,0.,2.094395102393,4.188790204786,
6.28318530718,8.377580409573),.UNSPECIFIED.) CURVE() 
GEOMETRIC_REPRESENTATION_ITEM() RATIONAL_B_SPLINE_CURVE((1.,0.5,1.,0.5,
1.,0.5,1.)) REPRESENTATION_ITEM('') );
#8697 = CARTESIAN_POINT('',(-17.35,-24.35133466568));
#8698 = CARTESIAN_POINT('',(-59.52774887307,5.699746845639));
#8699 = CARTESIAN_POINT('',(-12.41387443653,27.201208088501));
#8700 = CARTESIAN_POINT('',(34.7,48.702669331362));
#8701 = CARTESIAN_POINT('',(29.763874436536,-2.849873422819));
#8702 = CARTESIAN_POINT('',(24.827748873073,-54.402416177));
#8703 = CARTESIAN_POINT('',(-17.35,-24.35133466568));
#8704 = ( GEOMETRIC_REPRESENTATION_CONTEXT(2) 
PARAMETRIC_REPRESENTATION_CONTEXT() REPRESENTATION_CONTEXT('2D SPACE',''
  ) );
#8705 = ORIENTED_EDGE('',*,*,#8658,.T.);
#8706 = ORIENTED_EDGE('',*,*,#6980,.F.);
#8707 = ORIENTED_EDGE('',*,*,#8613,.F.);
#8708 = ADVANCED_FACE('',(#8709),#7057,.F.);
#8709 = FACE_BOUND('',#8710,.T.);
#8710 = EDGE_LOOP('',(#8711,#8735,#8756,#8757));
#8711 = ORIENTED_EDGE('',*,*,#8712,.F.);
#8712 = EDGE_CURVE('',#8713,#8713,#8715,.T.);
#8713 = VERTEX_POINT('',#8714);
#8714 = CARTESIAN_POINT('',(29.2,58.,1.));
#8715 = SURFACE_CURVE('',#8716,(#8721,#8728),.PCURVE_S1.);
#8716 = CIRCLE('',#8717,1.2);
#8717 = AXIS2_PLACEMENT_3D('',#8718,#8719,#8720);
#8718 = CARTESIAN_POINT('',(28.,58.,1.));
#8719 = DIRECTION('',(0.,0.,1.));
#8720 = DIRECTION('',(1.,0.,-0.));
#8721 = PCURVE('',#7057,#8722);
#8722 = DEFINITIONAL_REPRESENTATION('',(#8723),#8727);
#8723 = LINE('',#8724,#8725);
#8724 = CARTESIAN_POINT('',(-0.,-1.));
#8725 = VECTOR('',#8726,1.);
#8726 = DIRECTION('',(-1.,0.));
#8727 = ( GEOMETRIC_REPRESENTATION_CONTEXT(2) 
PARAMETRIC_REPRESENTATION_CONTEXT() REPRESENTATION_CONTEXT('2D SPACE',''
  ) );
#8728 = PCURVE('',#7985,#8729);
#8729 = DEFINITIONAL_REPRESENTATION('',(#8730),#8734);
#8730 = LINE('',#8731,#8732);
#8731 = CARTESIAN_POINT('',(-0.,-1.));
#8732 = VECTOR('',#8733,1.);
#8733 = DIRECTION('',(-1.,-0.));
#8734 = ( GEOMETRIC_REPRESENTATION_CONTEXT(2) 
PARAMETRIC_REPRESENTATION_CONTEXT() REPRESENTATION_CONTEXT('2D SPACE',''
  ) );
#8735 = ORIENTED_EDGE('',*,*,#8736,.T.);
#8736 = EDGE_CURVE('',#8713,#7037,#8737,.T.);
#8737 = SEAM_CURVE('',#8738,(#8742,#8749),.PCURVE_S1.);
#8738 = LINE('',#8739,#8740);
#8739 = CARTESIAN_POINT('',(29.2,58.,0.));
#8740 = VECTOR('',#8741,1.);
#8741 = DIRECTION('',(0.,0.,1.));
#8742 = PCURVE('',#7057,#8743);
#8743 = DEFINITIONAL_REPRESENTATION('',(#8744),#8748);
#8744 = LINE('',#8745,#8746);
#8745 = CARTESIAN_POINT('',(-6.28318530718,0.));
#8746 = VECTOR('',#8747,1.);
#8747 = DIRECTION('',(-0.,-1.));
#8748 = ( GEOMETRIC_REPRESENTATION_CONTEXT(2) 
PARAMETRIC_REPRESENTATION_CONTEXT() REPRESENTATION_CONTEXT('2D SPACE',''
  ) );
#8749 = PCURVE('',#7057,#8750);
#8750 = DEFINITIONAL_REPRESENTATION('',(#8751),#8755);
#8751 = LINE('',#8752,#8753);
#8752 = CARTESIAN_POINT('',(-0.,0.));
#8753 = VECTOR('',#8754,1.);
#8754 = DIRECTION('',(-0.,-1.));
#8755 = ( GEOMETRIC_REPRESENTATION_CONTEXT(2) 
PARAMETRIC_REPRESENTATION_CONTEXT() REPRESENTATION_CONTEXT('2D SPACE',''
  ) );
#8756 = ORIENTED_EDGE('',*,*,#7036,.F.);
#8757 = ORIENTED_EDGE('',*,*,#8736,.F.);
#8758 = ADVANCED_FACE('',(#8759),#7783,.F.);
#8759 = FACE_BOUND('',#8760,.F.);
#8760 = EDGE_LOOP('',(#8761,#8762,#8783,#8784));
#8761 = ORIENTED_EDGE('',*,*,#8232,.F.);
#8762 = ORIENTED_EDGE('',*,*,#8763,.F.);
#8763 = EDGE_CURVE('',#7767,#8233,#8764,.T.);
#8764 = SEAM_CURVE('',#8765,(#8769,#8776),.PCURVE_S1.);
#8765 = LINE('',#8766,#8767);
#8766 = CARTESIAN_POINT('',(-25.8,-58.,0.));
#8767 = VECTOR('',#8768,1.);
#8768 = DIRECTION('',(-0.707106781187,1.731912112471E-16,0.707106781187)
  );
#8769 = PCURVE('',#7783,#8770);
#8770 = DEFINITIONAL_REPRESENTATION('',(#8771),#8775);
#8771 = LINE('',#8772,#8773);
#8772 = CARTESIAN_POINT('',(-6.28318530718,0.));
#8773 = VECTOR('',#8774,1.);
#8774 = DIRECTION('',(-0.,-1.));
#8775 = ( GEOMETRIC_REPRESENTATION_CONTEXT(2) 
PARAMETRIC_REPRESENTATION_CONTEXT() REPRESENTATION_CONTEXT('2D SPACE',''
  ) );
#8776 = PCURVE('',#7783,#8777);
#8777 = DEFINITIONAL_REPRESENTATION('',(#8778),#8782);
#8778 = LINE('',#8779,#8780);
#8779 = CARTESIAN_POINT('',(0.,-0.));
#8780 = VECTOR('',#8781,1.);
#8781 = DIRECTION('',(-0.,-1.));
#8782 = ( GEOMETRIC_REPRESENTATION_CONTEXT(2) 
PARAMETRIC_REPRESENTATION_CONTEXT() REPRESENTATION_CONTEXT('2D SPACE',''
  ) );
#8783 = ORIENTED_EDGE('',*,*,#7766,.T.);
#8784 = ORIENTED_EDGE('',*,*,#8763,.T.);
#8785 = ADVANCED_FACE('',(#8786),#7866,.F.);
#8786 = FACE_BOUND('',#8787,.F.);
#8787 = EDGE_LOOP('',(#8788,#8789,#8810,#8811));
#8788 = ORIENTED_EDGE('',*,*,#8336,.F.);
#8789 = ORIENTED_EDGE('',*,*,#8790,.F.);
#8790 = EDGE_CURVE('',#7850,#8337,#8791,.T.);
#8791 = SEAM_CURVE('',#8792,(#8796,#8803),.PCURVE_S1.);
#8792 = LINE('',#8793,#8794);
#8793 = CARTESIAN_POINT('',(30.2,-58.,0.));
#8794 = VECTOR('',#8795,1.);
#8795 = DIRECTION('',(-0.707106781187,1.731912112471E-16,0.707106781187)
  );
#8796 = PCURVE('',#7866,#8797);
#8797 = DEFINITIONAL_REPRESENTATION('',(#8798),#8802);
#8798 = LINE('',#8799,#8800);
#8799 = CARTESIAN_POINT('',(-6.28318530718,0.));
#8800 = VECTOR('',#8801,1.);
#8801 = DIRECTION('',(-0.,-1.));
#8802 = ( GEOMETRIC_REPRESENTATION_CONTEXT(2) 
PARAMETRIC_REPRESENTATION_CONTEXT() REPRESENTATION_CONTEXT('2D SPACE',''
  ) );
#8803 = PCURVE('',#7866,#8804);
#8804 = DEFINITIONAL_REPRESENTATION('',(#8805),#8809);
#8805 = LINE('',#8806,#8807);
#8806 = CARTESIAN_POINT('',(0.,-0.));
#8807 = VECTOR('',#8808,1.);
#8808 = DIRECTION('',(-0.,-1.));
#8809 = ( GEOMETRIC_REPRESENTATION_CONTEXT(2) 
PARAMETRIC_REPRESENTATION_CONTEXT() REPRESENTATION_CONTEXT('2D SPACE',''
  ) );
#8810 = ORIENTED_EDGE('',*,*,#7849,.T.);
#8811 = ORIENTED_EDGE('',*,*,#8790,.T.);
#8812 = ADVANCED_FACE('',(#8813),#7923,.F.);
#8813 = FACE_BOUND('',#8814,.F.);
#8814 = EDGE_LOOP('',(#8815,#8816,#8837,#8838));
#8815 = ORIENTED_EDGE('',*,*,#8413,.F.);
#8816 = ORIENTED_EDGE('',*,*,#8817,.F.);
#8817 = EDGE_CURVE('',#7907,#8414,#8818,.T.);
#8818 = SEAM_CURVE('',#8819,(#8823,#8830),.PCURVE_S1.);
#8819 = LINE('',#8820,#8821);
#8820 = CARTESIAN_POINT('',(-25.8,58.,0.));
#8821 = VECTOR('',#8822,1.);
#8822 = DIRECTION('',(-0.707106781187,1.731912112471E-16,0.707106781187)
  );
#8823 = PCURVE('',#7923,#8824);
#8824 = DEFINITIONAL_REPRESENTATION('',(#8825),#8829);
#8825 = LINE('',#8826,#8827);
#8826 = CARTESIAN_POINT('',(-6.28318530718,0.));
#8827 = VECTOR('',#8828,1.);
#8828 = DIRECTION('',(-0.,-1.));
#8829 = ( GEOMETRIC_REPRESENTATION_CONTEXT(2) 
PARAMETRIC_REPRESENTATION_CONTEXT() REPRESENTATION_CONTEXT('2D SPACE',''
  ) );
#8830 = PCURVE('',#7923,#8831);
#8831 = DEFINITIONAL_REPRESENTATION('',(#8832),#8836);
#8832 = LINE('',#8833,#8834);
#8833 = CARTESIAN_POINT('',(0.,-0.));
#8834 = VECTOR('',#8835,1.);
#8835 = DIRECTION('',(-0.,-1.));
#8836 = ( GEOMETRIC_REPRESENTATION_CONTEXT(2) 
PARAMETRIC_REPRESENTATION_CONTEXT() REPRESENTATION_CONTEXT('2D SPACE',''
  ) );
#8837 = ORIENTED_EDGE('',*,*,#7906,.T.);
#8838 = ORIENTED_EDGE('',*,*,#8817,.T.);
#8839 = ADVANCED_FACE('',(#8840),#7954,.F.);
#8840 = FACE_BOUND('',#8841,.F.);
#8841 = EDGE_LOOP('',(#8842,#8843,#8864,#8865));
#8842 = ORIENTED_EDGE('',*,*,#8463,.F.);
#8843 = ORIENTED_EDGE('',*,*,#8844,.F.);
#8844 = EDGE_CURVE('',#7938,#8464,#8845,.T.);
#8845 = SEAM_CURVE('',#8846,(#8850,#8857),.PCURVE_S1.);
#8846 = LINE('',#8847,#8848);
#8847 = CARTESIAN_POINT('',(28.35,8.,0.));
#8848 = VECTOR('',#8849,1.);
#8849 = DIRECTION('',(-0.707106781187,1.731912112471E-16,0.707106781187)
  );
#8850 = PCURVE('',#7954,#8851);
#8851 = DEFINITIONAL_REPRESENTATION('',(#8852),#8856);
#8852 = LINE('',#8853,#8854);
#8853 = CARTESIAN_POINT('',(-6.28318530718,0.));
#8854 = VECTOR('',#8855,1.);
#8855 = DIRECTION('',(-0.,-1.));
#8856 = ( GEOMETRIC_REPRESENTATION_CONTEXT(2) 
PARAMETRIC_REPRESENTATION_CONTEXT() REPRESENTATION_CONTEXT('2D SPACE',''
  ) );
#8857 = PCURVE('',#7954,#8858);
#8858 = DEFINITIONAL_REPRESENTATION('',(#8859),#8863);
#8859 = LINE('',#8860,#8861);
#8860 = CARTESIAN_POINT('',(0.,-0.));
#8861 = VECTOR('',#8862,1.);
#8862 = DIRECTION('',(-0.,-1.));
#8863 = ( GEOMETRIC_REPRESENTATION_CONTEXT(2) 
PARAMETRIC_REPRESENTATION_CONTEXT() REPRESENTATION_CONTEXT('2D SPACE',''
  ) );
#8864 = ORIENTED_EDGE('',*,*,#7937,.T.);
#8865 = ORIENTED_EDGE('',*,*,#8844,.T.);
#8866 = ADVANCED_FACE('',(#8867),#7985,.F.);
#8867 = FACE_BOUND('',#8868,.F.);
#8868 = EDGE_LOOP('',(#8869,#8870,#8891,#8892));
#8869 = ORIENTED_EDGE('',*,*,#8712,.F.);
#8870 = ORIENTED_EDGE('',*,*,#8871,.F.);
#8871 = EDGE_CURVE('',#7969,#8713,#8872,.T.);
#8872 = SEAM_CURVE('',#8873,(#8877,#8884),.PCURVE_S1.);
#8873 = LINE('',#8874,#8875);
#8874 = CARTESIAN_POINT('',(30.2,58.,0.));
#8875 = VECTOR('',#8876,1.);
#8876 = DIRECTION('',(-0.707106781187,1.731912112471E-16,0.707106781187)
  );
#8877 = PCURVE('',#7985,#8878);
#8878 = DEFINITIONAL_REPRESENTATION('',(#8879),#8883);
#8879 = LINE('',#8880,#8881);
#8880 = CARTESIAN_POINT('',(-6.28318530718,0.));
#8881 = VECTOR('',#8882,1.);
#8882 = DIRECTION('',(-0.,-1.));
#8883 = ( GEOMETRIC_REPRESENTATION_CONTEXT(2) 
PARAMETRIC_REPRESENTATION_CONTEXT() REPRESENTATION_CONTEXT('2D SPACE',''
  ) );
#8884 = PCURVE('',#7985,#8885);
#8885 = DEFINITIONAL_REPRESENTATION('',(#8886),#8890);
#8886 = LINE('',#8887,#8888);
#8887 = CARTESIAN_POINT('',(0.,-0.));
#8888 = VECTOR('',#8889,1.);
#8889 = DIRECTION('',(-0.,-1.));
#8890 = ( GEOMETRIC_REPRESENTATION_CONTEXT(2) 
PARAMETRIC_REPRESENTATION_CONTEXT() REPRESENTATION_CONTEXT('2D SPACE',''
  ) );
#8891 = ORIENTED_EDGE('',*,*,#7968,.T.);
#8892 = ORIENTED_EDGE('',*,*,#8871,.T.);
#8893 = ADVANCED_FACE('',(#8894),#8552,.T.);
#8894 = FACE_BOUND('',#8895,.T.);
#8895 = EDGE_LOOP('',(#8896,#8897,#8898,#8899));
#8896 = ORIENTED_EDGE('',*,*,#8590,.F.);
#8897 = ORIENTED_EDGE('',*,*,#8535,.F.);
#8898 = ORIENTED_EDGE('',*,*,#8635,.T.);
#8899 = ORIENTED_EDGE('',*,*,#8680,.T.);
#8900 = ( GEOMETRIC_REPRESENTATION_CONTEXT(3) 
GLOBAL_UNCERTAINTY_ASSIGNED_CONTEXT((#8904)) 
GLOBAL_UNIT_ASSIGNED_CONTEXT((#8901,#8902,#8903)) REPRESENTATION_CONTEXT
('Context #1','3D Context with UNIT and UNCERTAINTY') );
#8901 = ( LENGTH_UNIT() NAMED_UNIT(*) SI_UNIT(.MILLI.,.METRE.) );
#8902 = ( NAMED_UNIT(*) PLANE_ANGLE_UNIT() SI_UNIT($,.RADIAN.) );
#8903 = ( NAMED_UNIT(*) SI_UNIT($,.STERADIAN.) SOLID_ANGLE_UNIT() );
#8904 = UNCERTAINTY_MEASURE_WITH_UNIT(LENGTH_MEASURE(1.E-06),#8901,
  'distance_accuracy_value','confusion accuracy');
#8905 = CONTEXT_DEPENDENT_SHAPE_REPRESENTATION(#8906,#8908);
#8906 = ( REPRESENTATION_RELATIONSHIP('','',#36,#10) 
REPRESENTATION_RELATIONSHIP_WITH_TRANSFORMATION(#8907) 
SHAPE_REPRESENTATION_RELATIONSHIP() );
#8907 = ITEM_DEFINED_TRANSFORMATION('','',#11,#15);
#8908 = PRODUCT_DEFINITION_SHAPE('Placement','Placement of an item',
  #8909);
#8909 = NEXT_ASSEMBLY_USAGE_OCCURRENCE('1','front_shell','',#5,#31,$);
#8910 = PRODUCT_RELATED_PRODUCT_CATEGORY('part',$,(#33));
#8911 = SHAPE_DEFINITION_REPRESENTATION(#8912,#8918);
#8912 = PRODUCT_DEFINITION_SHAPE('','',#8913);
#8913 = PRODUCT_DEFINITION('design','',#8914,#8917);
#8914 = PRODUCT_DEFINITION_FORMATION('','',#8915);
#8915 = PRODUCT('back_shell','back_shell','',(#8916));
#8916 = PRODUCT_CONTEXT('',#2,'mechanical');
#8917 = PRODUCT_DEFINITION_CONTEXT('part definition',#2,'design');
#8918 = ADVANCED_BREP_SHAPE_REPRESENTATION('',(#11,#8919),#16260);
#8919 = MANIFOLD_SOLID_BREP('',#8920);
#8920 = CLOSED_SHELL('',(#8921,#10397,#10452,#10491,#10546,#10550,#10605
    ,#10644,#10699,#10703,#10758,#10797,#10852,#10856,#10911,#10950,
    #11005,#11009,#11090,#12000,#12076,#12147,#12174,#12201,#12208,
    #12284,#12355,#12382,#12409,#12416,#12488,#12654,#12680,#12708,
    #12736,#12762,#12891,#12968,#12991,#13065,#13090,#13116,#13143,
    #13168,#13195,#13220,#13245,#13270,#13295,#13320,#13347,#13374,
    #13446,#13524,#13596,#13669,#13704,#13731,#13808,#13897,#13972,
    #14049,#14130,#14207,#14282,#14363,#14438,#14519,#14594,#14671,
    #14752,#14829,#14904,#14980,#15019,#15046,#15071,#15098,#15123,
    #15150,#15177,#15204,#15231,#15258,#15285,#15312,#15339,#15366,
    #15397,#15424,#15449,#15476,#15509,#15536,#15610,#15695,#15772,
    #15848,#15930,#16002,#16029,#16056,#16083,#16110,#16139,#16166,
    #16193,#16220,#16247));
#8921 = ADVANCED_FACE('',(#8922,#10257,#10292,#10327,#10362),#8936,.T.);
#8922 = FACE_BOUND('',#8923,.T.);
#8923 = EDGE_LOOP('',(#8924,#8959,#8992,#9020,#9053,#9082,#9115,#9143,
    #9169,#9196,#9229,#9262,#9295,#9322,#9351,#9378,#9405,#9432,#9459,
    #9486,#9515,#9542,#9575,#9608,#9641,#9668,#9697,#9724,#9753,#9775,
    #9801,#9824,#9857,#9885,#9918,#9946,#9979,#10008,#10041,#10069,
    #10102,#10125,#10153,#10179,#10205,#10231));
#8924 = ORIENTED_EDGE('',*,*,#8925,.F.);
#8925 = EDGE_CURVE('',#8926,#8928,#8930,.T.);
#8926 = VERTEX_POINT('',#8927);
#8927 = CARTESIAN_POINT('',(-28.,61.99999999869,7.25));
#8928 = VERTEX_POINT('',#8929);
#8929 = CARTESIAN_POINT('',(-11.8,62.,7.25));
#8930 = SURFACE_CURVE('',#8931,(#8935,#8947),.PCURVE_S1.);
#8931 = LINE('',#8932,#8933);
#8932 = CARTESIAN_POINT('',(0.,62.,7.25));
#8933 = VECTOR('',#8934,1.);
#8934 = DIRECTION('',(1.,0.,0.));
#8935 = PCURVE('',#8936,#8941);
#8936 = PLANE('',#8937);
#8937 = AXIS2_PLACEMENT_3D('',#8938,#8939,#8940);
#8938 = CARTESIAN_POINT('',(1.12850119938E-11,4.680582154577E-02,7.25));
#8939 = DIRECTION('',(0.,0.,1.));
#8940 = DIRECTION('',(1.,0.,-0.));
#8941 = DEFINITIONAL_REPRESENTATION('',(#8942),#8946);
#8942 = LINE('',#8943,#8944);
#8943 = CARTESIAN_POINT('',(-1.12850119938E-11,61.953194178454));
#8944 = VECTOR('',#8945,1.);
#8945 = DIRECTION('',(1.,0.));
#8946 = ( GEOMETRIC_REPRESENTATION_CONTEXT(2) 
PARAMETRIC_REPRESENTATION_CONTEXT() REPRESENTATION_CONTEXT('2D SPACE',''
  ) );
#8947 = PCURVE('',#8948,#8953);
#8948 = PLANE('',#8949);
#8949 = AXIS2_PLACEMENT_3D('',#8950,#8951,#8952);
#8950 = CARTESIAN_POINT('',(-28.,62.,0.));
#8951 = DIRECTION('',(0.,1.,0.));
#8952 = DIRECTION('',(1.,0.,0.));
#8953 = DEFINITIONAL_REPRESENTATION('',(#8954),#8958);
#8954 = LINE('',#8955,#8956);
#8955 = CARTESIAN_POINT('',(28.,-7.25));
#8956 = VECTOR('',#8957,1.);
#8957 = DIRECTION('',(1.,0.));
#8958 = ( GEOMETRIC_REPRESENTATION_CONTEXT(2) 
PARAMETRIC_REPRESENTATION_CONTEXT() REPRESENTATION_CONTEXT('2D SPACE',''
  ) );
#8959 = ORIENTED_EDGE('',*,*,#8960,.F.);
#8960 = EDGE_CURVE('',#8961,#8926,#8963,.T.);
#8961 = VERTEX_POINT('',#8962);
#8962 = CARTESIAN_POINT('',(-32.,57.999999997379,7.25));
#8963 = SURFACE_CURVE('',#8964,(#8969,#8980),.PCURVE_S1.);
#8964 = CIRCLE('',#8965,4.);
#8965 = AXIS2_PLACEMENT_3D('',#8966,#8967,#8968);
#8966 = CARTESIAN_POINT('',(-28.,57.999999997379,7.25));
#8967 = DIRECTION('',(0.,0.,-1.));
#8968 = DIRECTION('',(-1.,0.,0.));
#8969 = PCURVE('',#8936,#8970);
#8970 = DEFINITIONAL_REPRESENTATION('',(#8971),#8979);
#8971 = ( BOUNDED_CURVE() B_SPLINE_CURVE(2,(#8972,#8973,#8974,#8975,
#8976,#8977,#8978),.UNSPECIFIED.,.T.,.F.) B_SPLINE_CURVE_WITH_KNOTS((1,2
    ,2,2,2,1),(-2.094395102393,0.,2.094395102393,4.188790204786,
6.28318530718,8.377580409573),.UNSPECIFIED.) CURVE() 
GEOMETRIC_REPRESENTATION_ITEM() RATIONAL_B_SPLINE_CURVE((1.,0.5,1.,0.5,
1.,0.5,1.)) REPRESENTATION_ITEM('') );
#8972 = CARTESIAN_POINT('',(-32.00000000001,57.953194175833));
#8973 = CARTESIAN_POINT('',(-32.00000000001,64.881397406109));
#8974 = CARTESIAN_POINT('',(-26.00000000001,61.417295790971));
#8975 = CARTESIAN_POINT('',(-20.00000000001,57.953194175833));
#8976 = CARTESIAN_POINT('',(-26.00000000001,54.489092560696));
#8977 = CARTESIAN_POINT('',(-32.00000000001,51.024990945558));
#8978 = CARTESIAN_POINT('',(-32.00000000001,57.953194175833));
#8979 = ( GEOMETRIC_REPRESENTATION_CONTEXT(2) 
PARAMETRIC_REPRESENTATION_CONTEXT() REPRESENTATION_CONTEXT('2D SPACE',''
  ) );
#8980 = PCURVE('',#8981,#8986);
#8981 = CYLINDRICAL_SURFACE('',#8982,4.);
#8982 = AXIS2_PLACEMENT_3D('',#8983,#8984,#8985);
#8983 = CARTESIAN_POINT('',(-28.,57.999999997379,0.));
#8984 = DIRECTION('',(0.,0.,-1.));
#8985 = DIRECTION('',(-1.,0.,0.));
#8986 = DEFINITIONAL_REPRESENTATION('',(#8987),#8991);
#8987 = LINE('',#8988,#8989);
#8988 = CARTESIAN_POINT('',(0.,-7.25));
#8989 = VECTOR('',#8990,1.);
#8990 = DIRECTION('',(1.,0.));
#8991 = ( GEOMETRIC_REPRESENTATION_CONTEXT(2) 
PARAMETRIC_REPRESENTATION_CONTEXT() REPRESENTATION_CONTEXT('2D SPACE',''
  ) );
#8992 = ORIENTED_EDGE('',*,*,#8993,.F.);
#8993 = EDGE_CURVE('',#8994,#8961,#8996,.T.);
#8994 = VERTEX_POINT('',#8995);
#8995 = CARTESIAN_POINT('',(-32.,25.435595774163,7.25));
#8996 = SURFACE_CURVE('',#8997,(#9001,#9008),.PCURVE_S1.);
#8997 = LINE('',#8998,#8999);
#8998 = CARTESIAN_POINT('',(-32.,0.,7.25));
#8999 = VECTOR('',#9000,1.);
#9000 = DIRECTION('',(0.,1.,0.));
#9001 = PCURVE('',#8936,#9002);
#9002 = DEFINITIONAL_REPRESENTATION('',(#9003),#9007);
#9003 = LINE('',#9004,#9005);
#9004 = CARTESIAN_POINT('',(-32.00000000001,-4.680582154577E-02));
#9005 = VECTOR('',#9006,1.);
#9006 = DIRECTION('',(0.,1.));
#9007 = ( GEOMETRIC_REPRESENTATION_CONTEXT(2) 
PARAMETRIC_REPRESENTATION_CONTEXT() REPRESENTATION_CONTEXT('2D SPACE',''
  ) );
#9008 = PCURVE('',#9009,#9014);
#9009 = PLANE('',#9010);
#9010 = AXIS2_PLACEMENT_3D('',#9011,#9012,#9013);
#9011 = CARTESIAN_POINT('',(-32.,25.435595774163,0.));
#9012 = DIRECTION('',(-1.,0.,0.));
#9013 = DIRECTION('',(0.,1.,0.));
#9014 = DEFINITIONAL_REPRESENTATION('',(#9015),#9019);
#9015 = LINE('',#9016,#9017);
#9016 = CARTESIAN_POINT('',(-25.43559577416,-7.25));
#9017 = VECTOR('',#9018,1.);
#9018 = DIRECTION('',(1.,0.));
#9019 = ( GEOMETRIC_REPRESENTATION_CONTEXT(2) 
PARAMETRIC_REPRESENTATION_CONTEXT() REPRESENTATION_CONTEXT('2D SPACE',''
  ) );
#9020 = ORIENTED_EDGE('',*,*,#9021,.T.);
#9021 = EDGE_CURVE('',#8994,#9022,#9024,.T.);
#9022 = VERTEX_POINT('',#9023);
#9023 = CARTESIAN_POINT('',(-32.4,23.692036196746,7.25));
#9024 = SURFACE_CURVE('',#9025,(#9030,#9041),.PCURVE_S1.);
#9025 = CIRCLE('',#9026,4.);
#9026 = AXIS2_PLACEMENT_3D('',#9027,#9028,#9029);
#9027 = CARTESIAN_POINT('',(-36.,25.435595774163,7.25));
#9028 = DIRECTION('',(0.,0.,-1.));
#9029 = DIRECTION('',(-1.,0.,0.));
#9030 = PCURVE('',#8936,#9031);
#9031 = DEFINITIONAL_REPRESENTATION('',(#9032),#9040);
#9032 = ( BOUNDED_CURVE() B_SPLINE_CURVE(2,(#9033,#9034,#9035,#9036,
#9037,#9038,#9039),.UNSPECIFIED.,.T.,.F.) B_SPLINE_CURVE_WITH_KNOTS((1,2
    ,2,2,2,1),(-2.094395102393,0.,2.094395102393,4.188790204786,
6.28318530718,8.377580409573),.UNSPECIFIED.) CURVE() 
GEOMETRIC_REPRESENTATION_ITEM() RATIONAL_B_SPLINE_CURVE((1.,0.5,1.,0.5,
1.,0.5,1.)) REPRESENTATION_ITEM('') );
#9033 = CARTESIAN_POINT('',(-40.00000000001,25.388789952617));
#9034 = CARTESIAN_POINT('',(-40.00000000001,32.316993182892));
#9035 = CARTESIAN_POINT('',(-34.00000000001,28.852891567755));
#9036 = CARTESIAN_POINT('',(-28.00000000001,25.388789952617));
#9037 = CARTESIAN_POINT('',(-34.00000000001,21.924688337479));
#9038 = CARTESIAN_POINT('',(-40.00000000001,18.460586722341));
#9039 = CARTESIAN_POINT('',(-40.00000000001,25.388789952617));
#9040 = ( GEOMETRIC_REPRESENTATION_CONTEXT(2) 
PARAMETRIC_REPRESENTATION_CONTEXT() REPRESENTATION_CONTEXT('2D SPACE',''
  ) );
#9041 = PCURVE('',#9042,#9047);
#9042 = CYLINDRICAL_SURFACE('',#9043,4.);
#9043 = AXIS2_PLACEMENT_3D('',#9044,#9045,#9046);
#9044 = CARTESIAN_POINT('',(-36.,25.435595774163,0.));
#9045 = DIRECTION('',(0.,0.,-1.));
#9046 = DIRECTION('',(-1.,0.,0.));
#9047 = DEFINITIONAL_REPRESENTATION('',(#9048),#9052);
#9048 = LINE('',#9049,#9050);
#9049 = CARTESIAN_POINT('',(0.,-7.25));
#9050 = VECTOR('',#9051,1.);
#9051 = DIRECTION('',(1.,0.));
#9052 = ( GEOMETRIC_REPRESENTATION_CONTEXT(2) 
PARAMETRIC_REPRESENTATION_CONTEXT() REPRESENTATION_CONTEXT('2D SPACE',''
  ) );
#9053 = ORIENTED_EDGE('',*,*,#9054,.T.);
#9054 = EDGE_CURVE('',#9022,#9055,#9057,.T.);
#9055 = VERTEX_POINT('',#9056);
#9056 = CARTESIAN_POINT('',(-32.4,-7.692036196746,7.25));
#9057 = SURFACE_CURVE('',#9058,(#9063,#9070),.PCURVE_S1.);
#9058 = CIRCLE('',#9059,36.);
#9059 = AXIS2_PLACEMENT_3D('',#9060,#9061,#9062);
#9060 = CARTESIAN_POINT('',(0.,8.,7.25));
#9061 = DIRECTION('',(0.,0.,1.));
#9062 = DIRECTION('',(1.,0.,0.));
#9063 = PCURVE('',#8936,#9064);
#9064 = DEFINITIONAL_REPRESENTATION('',(#9065),#9069);
#9065 = CIRCLE('',#9066,36.);
#9066 = AXIS2_PLACEMENT_2D('',#9067,#9068);
#9067 = CARTESIAN_POINT('',(-1.12850119938E-11,7.953194178454));
#9068 = DIRECTION('',(1.,0.));
#9069 = ( GEOMETRIC_REPRESENTATION_CONTEXT(2) 
PARAMETRIC_REPRESENTATION_CONTEXT() REPRESENTATION_CONTEXT('2D SPACE',''
  ) );
#9070 = PCURVE('',#9071,#9076);
#9071 = CYLINDRICAL_SURFACE('',#9072,36.);
#9072 = AXIS2_PLACEMENT_3D('',#9073,#9074,#9075);
#9073 = CARTESIAN_POINT('',(0.,8.,0.));
#9074 = DIRECTION('',(-0.,-0.,-1.));
#9075 = DIRECTION('',(1.,0.,0.));
#9076 = DEFINITIONAL_REPRESENTATION('',(#9077),#9081);
#9077 = LINE('',#9078,#9079);
#9078 = CARTESIAN_POINT('',(-0.,-7.25));
#9079 = VECTOR('',#9080,1.);
#9080 = DIRECTION('',(-1.,0.));
#9081 = ( GEOMETRIC_REPRESENTATION_CONTEXT(2) 
PARAMETRIC_REPRESENTATION_CONTEXT() REPRESENTATION_CONTEXT('2D SPACE',''
  ) );
#9082 = ORIENTED_EDGE('',*,*,#9083,.T.);
#9083 = EDGE_CURVE('',#9055,#9084,#9086,.T.);
#9084 = VERTEX_POINT('',#9085);
#9085 = CARTESIAN_POINT('',(-32.,-9.435595774163,7.25));
#9086 = SURFACE_CURVE('',#9087,(#9092,#9103),.PCURVE_S1.);
#9087 = CIRCLE('',#9088,4.);
#9088 = AXIS2_PLACEMENT_3D('',#9089,#9090,#9091);
#9089 = CARTESIAN_POINT('',(-36.,-9.435595774163,7.25));
#9090 = DIRECTION('',(0.,0.,-1.));
#9091 = DIRECTION('',(-1.,0.,0.));
#9092 = PCURVE('',#8936,#9093);
#9093 = DEFINITIONAL_REPRESENTATION('',(#9094),#9102);
#9094 = ( BOUNDED_CURVE() B_SPLINE_CURVE(2,(#9095,#9096,#9097,#9098,
#9099,#9100,#9101),.UNSPECIFIED.,.T.,.F.) B_SPLINE_CURVE_WITH_KNOTS((1,2
    ,2,2,2,1),(-2.094395102393,0.,2.094395102393,4.188790204786,
6.28318530718,8.377580409573),.UNSPECIFIED.) CURVE() 
GEOMETRIC_REPRESENTATION_ITEM() RATIONAL_B_SPLINE_CURVE((1.,0.5,1.,0.5,
1.,0.5,1.)) REPRESENTATION_ITEM('') );
#9095 = CARTESIAN_POINT('',(-40.00000000001,-9.482401595708));
#9096 = CARTESIAN_POINT('',(-40.00000000001,-2.554198365433));
#9097 = CARTESIAN_POINT('',(-34.00000000001,-6.018299980571));
#9098 = CARTESIAN_POINT('',(-28.00000000001,-9.482401595708));
#9099 = CARTESIAN_POINT('',(-34.00000000001,-12.94650321084));
#9100 = CARTESIAN_POINT('',(-40.00000000001,-16.41060482598));
#9101 = CARTESIAN_POINT('',(-40.00000000001,-9.482401595708));
#9102 = ( GEOMETRIC_REPRESENTATION_CONTEXT(2) 
PARAMETRIC_REPRESENTATION_CONTEXT() REPRESENTATION_CONTEXT('2D SPACE',''
  ) );
#9103 = PCURVE('',#9104,#9109);
#9104 = CYLINDRICAL_SURFACE('',#9105,4.);
#9105 = AXIS2_PLACEMENT_3D('',#9106,#9107,#9108);
#9106 = CARTESIAN_POINT('',(-36.,-9.435595774163,0.));
#9107 = DIRECTION('',(0.,0.,-1.));
#9108 = DIRECTION('',(-1.,0.,0.));
#9109 = DEFINITIONAL_REPRESENTATION('',(#9110),#9114);
#9110 = LINE('',#9111,#9112);
#9111 = CARTESIAN_POINT('',(0.,-7.25));
#9112 = VECTOR('',#9113,1.);
#9113 = DIRECTION('',(1.,0.));
#9114 = ( GEOMETRIC_REPRESENTATION_CONTEXT(2) 
PARAMETRIC_REPRESENTATION_CONTEXT() REPRESENTATION_CONTEXT('2D SPACE',''
  ) );
#9115 = ORIENTED_EDGE('',*,*,#9116,.F.);
#9116 = EDGE_CURVE('',#9117,#9084,#9119,.T.);
#9117 = VERTEX_POINT('',#9118);
#9118 = CARTESIAN_POINT('',(-32.,-36.,7.25));
#9119 = SURFACE_CURVE('',#9120,(#9124,#9131),.PCURVE_S1.);
#9120 = LINE('',#9121,#9122);
#9121 = CARTESIAN_POINT('',(-32.,0.,7.25));
#9122 = VECTOR('',#9123,1.);
#9123 = DIRECTION('',(0.,1.,0.));
#9124 = PCURVE('',#8936,#9125);
#9125 = DEFINITIONAL_REPRESENTATION('',(#9126),#9130);
#9126 = LINE('',#9127,#9128);
#9127 = CARTESIAN_POINT('',(-32.00000000001,-4.680582154577E-02));
#9128 = VECTOR('',#9129,1.);
#9129 = DIRECTION('',(0.,1.));
#9130 = ( GEOMETRIC_REPRESENTATION_CONTEXT(2) 
PARAMETRIC_REPRESENTATION_CONTEXT() REPRESENTATION_CONTEXT('2D SPACE',''
  ) );
#9131 = PCURVE('',#9132,#9137);
#9132 = PLANE('',#9133);
#9133 = AXIS2_PLACEMENT_3D('',#9134,#9135,#9136);
#9134 = CARTESIAN_POINT('',(-32.,-58.,0.));
#9135 = DIRECTION('',(-1.,0.,0.));
#9136 = DIRECTION('',(0.,1.,0.));
#9137 = DEFINITIONAL_REPRESENTATION('',(#9138),#9142);
#9138 = LINE('',#9139,#9140);
#9139 = CARTESIAN_POINT('',(58.000000000001,-7.25));
#9140 = VECTOR('',#9141,1.);
#9141 = DIRECTION('',(1.,0.));
#9142 = ( GEOMETRIC_REPRESENTATION_CONTEXT(2) 
PARAMETRIC_REPRESENTATION_CONTEXT() REPRESENTATION_CONTEXT('2D SPACE',''
  ) );
#9143 = ORIENTED_EDGE('',*,*,#9144,.T.);
#9144 = EDGE_CURVE('',#9117,#9145,#9147,.T.);
#9145 = VERTEX_POINT('',#9146);
#9146 = CARTESIAN_POINT('',(-30.2,-36.,7.25));
#9147 = SURFACE_CURVE('',#9148,(#9152,#9158),.PCURVE_S1.);
#9148 = LINE('',#9149,#9150);
#9149 = CARTESIAN_POINT('',(-15.99999999999,-36.,7.25));
#9150 = VECTOR('',#9151,1.);
#9151 = DIRECTION('',(1.,0.,-0.));
#9152 = PCURVE('',#8936,#9153);
#9153 = DEFINITIONAL_REPRESENTATION('',(#9154),#9157);
#9154 = B_SPLINE_CURVE_WITH_KNOTS('',1,(#9155,#9156),.UNSPECIFIED.,.F.,
  .F.,(2,2),(-19.6,-12.4),.PIECEWISE_BEZIER_KNOTS.);
#9155 = CARTESIAN_POINT('',(-35.60000000001,-36.04680582154));
#9156 = CARTESIAN_POINT('',(-28.40000000001,-36.04680582154));
#9157 = ( GEOMETRIC_REPRESENTATION_CONTEXT(2) 
PARAMETRIC_REPRESENTATION_CONTEXT() REPRESENTATION_CONTEXT('2D SPACE',''
  ) );
#9158 = PCURVE('',#9159,#9164);
#9159 = PLANE('',#9160);
#9160 = AXIS2_PLACEMENT_3D('',#9161,#9162,#9163);
#9161 = CARTESIAN_POINT('',(-32.,-36.,5.));
#9162 = DIRECTION('',(-0.,1.,-0.));
#9163 = DIRECTION('',(0.,0.,-1.));
#9164 = DEFINITIONAL_REPRESENTATION('',(#9165),#9168);
#9165 = B_SPLINE_CURVE_WITH_KNOTS('',1,(#9166,#9167),.UNSPECIFIED.,.F.,
  .F.,(2,2),(-19.6,-12.4),.PIECEWISE_BEZIER_KNOTS.);
#9166 = CARTESIAN_POINT('',(-2.25,3.6));
#9167 = CARTESIAN_POINT('',(-2.25,-3.6));
#9168 = ( GEOMETRIC_REPRESENTATION_CONTEXT(2) 
PARAMETRIC_REPRESENTATION_CONTEXT() REPRESENTATION_CONTEXT('2D SPACE',''
  ) );
#9169 = ORIENTED_EDGE('',*,*,#9170,.F.);
#9170 = EDGE_CURVE('',#9171,#9145,#9173,.T.);
#9171 = VERTEX_POINT('',#9172);
#9172 = CARTESIAN_POINT('',(-30.2,-9.435595774163,7.25));
#9173 = SURFACE_CURVE('',#9174,(#9178,#9185),.PCURVE_S1.);
#9174 = LINE('',#9175,#9176);
#9175 = CARTESIAN_POINT('',(-30.2,-28.97659708922,7.25));
#9176 = VECTOR('',#9177,1.);
#9177 = DIRECTION('',(0.,-1.,0.));
#9178 = PCURVE('',#8936,#9179);
#9179 = DEFINITIONAL_REPRESENTATION('',(#9180),#9184);
#9180 = LINE('',#9181,#9182);
#9181 = CARTESIAN_POINT('',(-30.20000000001,-29.02340291077));
#9182 = VECTOR('',#9183,1.);
#9183 = DIRECTION('',(0.,-1.));
#9184 = ( GEOMETRIC_REPRESENTATION_CONTEXT(2) 
PARAMETRIC_REPRESENTATION_CONTEXT() REPRESENTATION_CONTEXT('2D SPACE',''
  ) );
#9185 = PCURVE('',#9186,#9191);
#9186 = PLANE('',#9187);
#9187 = AXIS2_PLACEMENT_3D('',#9188,#9189,#9190);
#9188 = CARTESIAN_POINT('',(-30.2,-58.,1.8));
#9189 = DIRECTION('',(-1.,0.,0.));
#9190 = DIRECTION('',(0.,1.,0.));
#9191 = DEFINITIONAL_REPRESENTATION('',(#9192),#9195);
#9192 = B_SPLINE_CURVE_WITH_KNOTS('',1,(#9193,#9194),.UNSPECIFIED.,.F.,
  .F.,(2,2),(-19.54100131506,29.023402910773),.PIECEWISE_BEZIER_KNOTS.);
#9193 = CARTESIAN_POINT('',(48.564404225838,-5.45));
#9194 = CARTESIAN_POINT('',(0.,-5.45));
#9195 = ( GEOMETRIC_REPRESENTATION_CONTEXT(2) 
PARAMETRIC_REPRESENTATION_CONTEXT() REPRESENTATION_CONTEXT('2D SPACE',''
  ) );
#9196 = ORIENTED_EDGE('',*,*,#9197,.F.);
#9197 = EDGE_CURVE('',#9198,#9171,#9200,.T.);
#9198 = VERTEX_POINT('',#9199);
#9199 = CARTESIAN_POINT('',(-30.78,-6.907434386909,7.25));
#9200 = SURFACE_CURVE('',#9201,(#9206,#9217),.PCURVE_S1.);
#9201 = CIRCLE('',#9202,5.8);
#9202 = AXIS2_PLACEMENT_3D('',#9203,#9204,#9205);
#9203 = CARTESIAN_POINT('',(-36.,-9.435595774163,7.25));
#9204 = DIRECTION('',(0.,0.,-1.));
#9205 = DIRECTION('',(-1.,0.,0.));
#9206 = PCURVE('',#8936,#9207);
#9207 = DEFINITIONAL_REPRESENTATION('',(#9208),#9216);
#9208 = ( BOUNDED_CURVE() B_SPLINE_CURVE(2,(#9209,#9210,#9211,#9212,
#9213,#9214,#9215),.UNSPECIFIED.,.T.,.F.) B_SPLINE_CURVE_WITH_KNOTS((1,2
    ,2,2,2,1),(-2.094395102393,0.,2.094395102393,4.188790204786,
6.28318530718,8.377580409573),.UNSPECIFIED.) CURVE() 
GEOMETRIC_REPRESENTATION_ITEM() RATIONAL_B_SPLINE_CURVE((1.,0.5,1.,0.5,
1.,0.5,1.)) REPRESENTATION_ITEM('') );
#9209 = CARTESIAN_POINT('',(-41.80000000001,-9.482401595708));
#9210 = CARTESIAN_POINT('',(-41.80000000001,0.563493088191));
#9211 = CARTESIAN_POINT('',(-33.10000000001,-4.459454253759));
#9212 = CARTESIAN_POINT('',(-24.40000000001,-9.482401595708));
#9213 = CARTESIAN_POINT('',(-33.10000000001,-14.50534893765));
#9214 = CARTESIAN_POINT('',(-41.80000000001,-19.5282962796));
#9215 = CARTESIAN_POINT('',(-41.80000000001,-9.482401595708));
#9216 = ( GEOMETRIC_REPRESENTATION_CONTEXT(2) 
PARAMETRIC_REPRESENTATION_CONTEXT() REPRESENTATION_CONTEXT('2D SPACE',''
  ) );
#9217 = PCURVE('',#9218,#9223);
#9218 = CYLINDRICAL_SURFACE('',#9219,5.8);
#9219 = AXIS2_PLACEMENT_3D('',#9220,#9221,#9222);
#9220 = CARTESIAN_POINT('',(-36.,-9.435595774163,1.8));
#9221 = DIRECTION('',(0.,0.,-1.));
#9222 = DIRECTION('',(-1.,0.,0.));
#9223 = DEFINITIONAL_REPRESENTATION('',(#9224),#9228);
#9224 = LINE('',#9225,#9226);
#9225 = CARTESIAN_POINT('',(0.,-5.45));
#9226 = VECTOR('',#9227,1.);
#9227 = DIRECTION('',(1.,0.));
#9228 = ( GEOMETRIC_REPRESENTATION_CONTEXT(2) 
PARAMETRIC_REPRESENTATION_CONTEXT() REPRESENTATION_CONTEXT('2D SPACE',''
  ) );
#9229 = ORIENTED_EDGE('',*,*,#9230,.T.);
#9230 = EDGE_CURVE('',#9198,#9231,#9233,.T.);
#9231 = VERTEX_POINT('',#9232);
#9232 = CARTESIAN_POINT('',(-30.78,22.907434386909,7.25));
#9233 = SURFACE_CURVE('',#9234,(#9239,#9250),.PCURVE_S1.);
#9234 = CIRCLE('',#9235,34.2);
#9235 = AXIS2_PLACEMENT_3D('',#9236,#9237,#9238);
#9236 = CARTESIAN_POINT('',(0.,8.,7.25));
#9237 = DIRECTION('',(0.,0.,-1.));
#9238 = DIRECTION('',(1.,0.,0.));
#9239 = PCURVE('',#8936,#9240);
#9240 = DEFINITIONAL_REPRESENTATION('',(#9241),#9249);
#9241 = ( BOUNDED_CURVE() B_SPLINE_CURVE(2,(#9242,#9243,#9244,#9245,
#9246,#9247,#9248),.UNSPECIFIED.,.T.,.F.) B_SPLINE_CURVE_WITH_KNOTS((1,2
    ,2,2,2,1),(-2.094395102393,0.,2.094395102393,4.188790204786,
6.28318530718,8.377580409573),.UNSPECIFIED.) CURVE() 
GEOMETRIC_REPRESENTATION_ITEM() RATIONAL_B_SPLINE_CURVE((1.,0.5,1.,0.5,
1.,0.5,1.)) REPRESENTATION_ITEM('') );
#9242 = CARTESIAN_POINT('',(34.199999999989,7.953194178454));
#9243 = CARTESIAN_POINT('',(34.199999999989,-51.2829434404));
#9244 = CARTESIAN_POINT('',(-17.10000000001,-21.66487463097));
#9245 = CARTESIAN_POINT('',(-68.40000000001,7.953194178454));
#9246 = CARTESIAN_POINT('',(-17.10000000001,37.571262987882));
#9247 = CARTESIAN_POINT('',(34.199999999989,67.18933179731));
#9248 = CARTESIAN_POINT('',(34.199999999989,7.953194178454));
#9249 = ( GEOMETRIC_REPRESENTATION_CONTEXT(2) 
PARAMETRIC_REPRESENTATION_CONTEXT() REPRESENTATION_CONTEXT('2D SPACE',''
  ) );
#9250 = PCURVE('',#9251,#9256);
#9251 = CYLINDRICAL_SURFACE('',#9252,34.2);
#9252 = AXIS2_PLACEMENT_3D('',#9253,#9254,#9255);
#9253 = CARTESIAN_POINT('',(0.,8.,1.8));
#9254 = DIRECTION('',(-0.,0.,-1.));
#9255 = DIRECTION('',(1.,0.,0.));
#9256 = DEFINITIONAL_REPRESENTATION('',(#9257),#9261);
#9257 = LINE('',#9258,#9259);
#9258 = CARTESIAN_POINT('',(-6.28318530718,-5.45));
#9259 = VECTOR('',#9260,1.);
#9260 = DIRECTION('',(1.,-0.));
#9261 = ( GEOMETRIC_REPRESENTATION_CONTEXT(2) 
PARAMETRIC_REPRESENTATION_CONTEXT() REPRESENTATION_CONTEXT('2D SPACE',''
  ) );
#9262 = ORIENTED_EDGE('',*,*,#9263,.F.);
#9263 = EDGE_CURVE('',#9264,#9231,#9266,.T.);
#9264 = VERTEX_POINT('',#9265);
#9265 = CARTESIAN_POINT('',(-30.2,25.435595774163,7.25));
#9266 = SURFACE_CURVE('',#9267,(#9272,#9283),.PCURVE_S1.);
#9267 = CIRCLE('',#9268,5.8);
#9268 = AXIS2_PLACEMENT_3D('',#9269,#9270,#9271);
#9269 = CARTESIAN_POINT('',(-36.,25.435595774163,7.25));
#9270 = DIRECTION('',(0.,0.,-1.));
#9271 = DIRECTION('',(-1.,0.,0.));
#9272 = PCURVE('',#8936,#9273);
#9273 = DEFINITIONAL_REPRESENTATION('',(#9274),#9282);
#9274 = ( BOUNDED_CURVE() B_SPLINE_CURVE(2,(#9275,#9276,#9277,#9278,
#9279,#9280,#9281),.UNSPECIFIED.,.T.,.F.) B_SPLINE_CURVE_WITH_KNOTS((1,2
    ,2,2,2,1),(-2.094395102393,0.,2.094395102393,4.188790204786,
6.28318530718,8.377580409573),.UNSPECIFIED.) CURVE() 
GEOMETRIC_REPRESENTATION_ITEM() RATIONAL_B_SPLINE_CURVE((1.,0.5,1.,0.5,
1.,0.5,1.)) REPRESENTATION_ITEM('') );
#9275 = CARTESIAN_POINT('',(-41.80000000001,25.388789952617));
#9276 = CARTESIAN_POINT('',(-41.80000000001,35.434684636516));
#9277 = CARTESIAN_POINT('',(-33.10000000001,30.411737294567));
#9278 = CARTESIAN_POINT('',(-24.40000000001,25.388789952617));
#9279 = CARTESIAN_POINT('',(-33.10000000001,20.365842610667));
#9280 = CARTESIAN_POINT('',(-41.80000000001,15.342895268717));
#9281 = CARTESIAN_POINT('',(-41.80000000001,25.388789952617));
#9282 = ( GEOMETRIC_REPRESENTATION_CONTEXT(2) 
PARAMETRIC_REPRESENTATION_CONTEXT() REPRESENTATION_CONTEXT('2D SPACE',''
  ) );
#9283 = PCURVE('',#9284,#9289);
#9284 = CYLINDRICAL_SURFACE('',#9285,5.8);
#9285 = AXIS2_PLACEMENT_3D('',#9286,#9287,#9288);
#9286 = CARTESIAN_POINT('',(-36.,25.435595774163,1.8));
#9287 = DIRECTION('',(0.,0.,-1.));
#9288 = DIRECTION('',(-1.,0.,0.));
#9289 = DEFINITIONAL_REPRESENTATION('',(#9290),#9294);
#9290 = LINE('',#9291,#9292);
#9291 = CARTESIAN_POINT('',(0.,-5.45));
#9292 = VECTOR('',#9293,1.);
#9293 = DIRECTION('',(1.,0.));
#9294 = ( GEOMETRIC_REPRESENTATION_CONTEXT(2) 
PARAMETRIC_REPRESENTATION_CONTEXT() REPRESENTATION_CONTEXT('2D SPACE',''
  ) );
#9295 = ORIENTED_EDGE('',*,*,#9296,.F.);
#9296 = EDGE_CURVE('',#9297,#9264,#9299,.T.);
#9297 = VERTEX_POINT('',#9298);
#9298 = CARTESIAN_POINT('',(-30.2,56.812565791296,7.25));
#9299 = SURFACE_CURVE('',#9300,(#9304,#9311),.PCURVE_S1.);
#9300 = LINE('',#9301,#9302);
#9301 = CARTESIAN_POINT('',(-30.2,12.741200797854,7.25));
#9302 = VECTOR('',#9303,1.);
#9303 = DIRECTION('',(0.,-1.,0.));
#9304 = PCURVE('',#8936,#9305);
#9305 = DEFINITIONAL_REPRESENTATION('',(#9306),#9310);
#9306 = LINE('',#9307,#9308);
#9307 = CARTESIAN_POINT('',(-30.20000000001,12.694394976308));
#9308 = VECTOR('',#9309,1.);
#9309 = DIRECTION('',(0.,-1.));
#9310 = ( GEOMETRIC_REPRESENTATION_CONTEXT(2) 
PARAMETRIC_REPRESENTATION_CONTEXT() REPRESENTATION_CONTEXT('2D SPACE',''
  ) );
#9311 = PCURVE('',#9312,#9317);
#9312 = PLANE('',#9313);
#9313 = AXIS2_PLACEMENT_3D('',#9314,#9315,#9316);
#9314 = CARTESIAN_POINT('',(-30.2,25.435595774163,1.8));
#9315 = DIRECTION('',(-1.,0.,0.));
#9316 = DIRECTION('',(0.,1.,0.));
#9317 = DEFINITIONAL_REPRESENTATION('',(#9318),#9321);
#9318 = B_SPLINE_CURVE_WITH_KNOTS('',1,(#9319,#9320),.UNSPECIFIED.,.F.,
  .F.,(2,2),(-45.25879919952,-12.6943949763),.PIECEWISE_BEZIER_KNOTS.);
#9319 = CARTESIAN_POINT('',(32.564404223217,-5.45));
#9320 = CARTESIAN_POINT('',(0.,-5.45));
#9321 = ( GEOMETRIC_REPRESENTATION_CONTEXT(2) 
PARAMETRIC_REPRESENTATION_CONTEXT() REPRESENTATION_CONTEXT('2D SPACE',''
  ) );
#9322 = ORIENTED_EDGE('',*,*,#9323,.T.);
#9323 = EDGE_CURVE('',#9297,#9324,#9326,.T.);
#9324 = VERTEX_POINT('',#9325);
#9325 = CARTESIAN_POINT('',(-26.81256579129,60.2,7.25));
#9326 = SURFACE_CURVE('',#9327,(#9332,#9339),.PCURVE_S1.);
#9327 = CIRCLE('',#9328,2.5);
#9328 = AXIS2_PLACEMENT_3D('',#9329,#9330,#9331);
#9329 = CARTESIAN_POINT('',(-28.,58.,7.25));
#9330 = DIRECTION('',(0.,0.,1.));
#9331 = DIRECTION('',(-0.88,-0.474973683482,0.));
#9332 = PCURVE('',#8936,#9333);
#9333 = DEFINITIONAL_REPRESENTATION('',(#9334),#9338);
#9334 = CIRCLE('',#9335,2.5);
#9335 = AXIS2_PLACEMENT_2D('',#9336,#9337);
#9336 = CARTESIAN_POINT('',(-28.00000000001,57.953194178454));
#9337 = DIRECTION('',(-0.88,-0.474973683482));
#9338 = ( GEOMETRIC_REPRESENTATION_CONTEXT(2) 
PARAMETRIC_REPRESENTATION_CONTEXT() REPRESENTATION_CONTEXT('2D SPACE',''
  ) );
#9339 = PCURVE('',#9340,#9345);
#9340 = CYLINDRICAL_SURFACE('',#9341,2.5);
#9341 = AXIS2_PLACEMENT_3D('',#9342,#9343,#9344);
#9342 = CARTESIAN_POINT('',(-28.,58.,1.8));
#9343 = DIRECTION('',(-0.,-0.,-1.));
#9344 = DIRECTION('',(1.,0.,-0.));
#9345 = DEFINITIONAL_REPRESENTATION('',(#9346),#9350);
#9346 = LINE('',#9347,#9348);
#9347 = CARTESIAN_POINT('',(-3.636526779931,-5.45));
#9348 = VECTOR('',#9349,1.);
#9349 = DIRECTION('',(-1.,0.));
#9350 = ( GEOMETRIC_REPRESENTATION_CONTEXT(2) 
PARAMETRIC_REPRESENTATION_CONTEXT() REPRESENTATION_CONTEXT('2D SPACE',''
  ) );
#9351 = ORIENTED_EDGE('',*,*,#9352,.F.);
#9352 = EDGE_CURVE('',#9353,#9324,#9355,.T.);
#9353 = VERTEX_POINT('',#9354);
#9354 = CARTESIAN_POINT('',(-18.,60.2,7.25));
#9355 = SURFACE_CURVE('',#9356,(#9360,#9367),.PCURVE_S1.);
#9356 = LINE('',#9357,#9358);
#9357 = CARTESIAN_POINT('',(-13.99999999999,60.2,7.25));
#9358 = VECTOR('',#9359,1.);
#9359 = DIRECTION('',(-1.,0.,0.));
#9360 = PCURVE('',#8936,#9361);
#9361 = DEFINITIONAL_REPRESENTATION('',(#9362),#9366);
#9362 = LINE('',#9363,#9364);
#9363 = CARTESIAN_POINT('',(-14.,60.153194178454));
#9364 = VECTOR('',#9365,1.);
#9365 = DIRECTION('',(-1.,0.));
#9366 = ( GEOMETRIC_REPRESENTATION_CONTEXT(2) 
PARAMETRIC_REPRESENTATION_CONTEXT() REPRESENTATION_CONTEXT('2D SPACE',''
  ) );
#9367 = PCURVE('',#9368,#9373);
#9368 = PLANE('',#9369);
#9369 = AXIS2_PLACEMENT_3D('',#9370,#9371,#9372);
#9370 = CARTESIAN_POINT('',(-28.,60.2,1.8));
#9371 = DIRECTION('',(0.,1.,0.));
#9372 = DIRECTION('',(1.,0.,0.));
#9373 = DEFINITIONAL_REPRESENTATION('',(#9374),#9377);
#9374 = B_SPLINE_CURVE_WITH_KNOTS('',1,(#9375,#9376),.UNSPECIFIED.,.F.,
  .F.,(2,2),(4.000000000006,14.000000000006),.PIECEWISE_BEZIER_KNOTS.);
#9375 = CARTESIAN_POINT('',(10.,-5.45));
#9376 = CARTESIAN_POINT('',(0.,-5.45));
#9377 = ( GEOMETRIC_REPRESENTATION_CONTEXT(2) 
PARAMETRIC_REPRESENTATION_CONTEXT() REPRESENTATION_CONTEXT('2D SPACE',''
  ) );
#9378 = ORIENTED_EDGE('',*,*,#9379,.T.);
#9379 = EDGE_CURVE('',#9353,#9380,#9382,.T.);
#9380 = VERTEX_POINT('',#9381);
#9381 = CARTESIAN_POINT('',(-18.,55.,7.25));
#9382 = SURFACE_CURVE('',#9383,(#9387,#9394),.PCURVE_S1.);
#9383 = LINE('',#9384,#9385);
#9384 = CARTESIAN_POINT('',(-18.,27.523402910773,7.25));
#9385 = VECTOR('',#9386,1.);
#9386 = DIRECTION('',(0.,-1.,0.));
#9387 = PCURVE('',#8936,#9388);
#9388 = DEFINITIONAL_REPRESENTATION('',(#9389),#9393);
#9389 = LINE('',#9390,#9391);
#9390 = CARTESIAN_POINT('',(-18.00000000001,27.476597089227));
#9391 = VECTOR('',#9392,1.);
#9392 = DIRECTION('',(0.,-1.));
#9393 = ( GEOMETRIC_REPRESENTATION_CONTEXT(2) 
PARAMETRIC_REPRESENTATION_CONTEXT() REPRESENTATION_CONTEXT('2D SPACE',''
  ) );
#9394 = PCURVE('',#9395,#9400);
#9395 = PLANE('',#9396);
#9396 = AXIS2_PLACEMENT_3D('',#9397,#9398,#9399);
#9397 = CARTESIAN_POINT('',(-18.,55.,1.8));
#9398 = DIRECTION('',(-1.,-0.,0.));
#9399 = DIRECTION('',(-0.,1.,0.));
#9400 = DEFINITIONAL_REPRESENTATION('',(#9401),#9404);
#9401 = B_SPLINE_CURVE_WITH_KNOTS('',1,(#9402,#9403),.UNSPECIFIED.,.F.,
  .F.,(2,2),(-32.67659708922,-27.47659708922),.PIECEWISE_BEZIER_KNOTS.);
#9402 = CARTESIAN_POINT('',(5.2,-5.45));
#9403 = CARTESIAN_POINT('',(0.,-5.45));
#9404 = ( GEOMETRIC_REPRESENTATION_CONTEXT(2) 
PARAMETRIC_REPRESENTATION_CONTEXT() REPRESENTATION_CONTEXT('2D SPACE',''
  ) );
#9405 = ORIENTED_EDGE('',*,*,#9406,.F.);
#9406 = EDGE_CURVE('',#9407,#9380,#9409,.T.);
#9407 = VERTEX_POINT('',#9408);
#9408 = CARTESIAN_POINT('',(18.,55.,7.25));
#9409 = SURFACE_CURVE('',#9410,(#9414,#9421),.PCURVE_S1.);
#9410 = LINE('',#9411,#9412);
#9411 = CARTESIAN_POINT('',(-8.999999999994,55.,7.25));
#9412 = VECTOR('',#9413,1.);
#9413 = DIRECTION('',(-1.,-0.,0.));
#9414 = PCURVE('',#8936,#9415);
#9415 = DEFINITIONAL_REPRESENTATION('',(#9416),#9420);
#9416 = LINE('',#9417,#9418);
#9417 = CARTESIAN_POINT('',(-9.000000000006,54.953194178454));
#9418 = VECTOR('',#9419,1.);
#9419 = DIRECTION('',(-1.,0.));
#9420 = ( GEOMETRIC_REPRESENTATION_CONTEXT(2) 
PARAMETRIC_REPRESENTATION_CONTEXT() REPRESENTATION_CONTEXT('2D SPACE',''
  ) );
#9421 = PCURVE('',#9422,#9427);
#9422 = PLANE('',#9423);
#9423 = AXIS2_PLACEMENT_3D('',#9424,#9425,#9426);
#9424 = CARTESIAN_POINT('',(-18.,55.,1.8));
#9425 = DIRECTION('',(-0.,1.,0.));
#9426 = DIRECTION('',(1.,0.,-0.));
#9427 = DEFINITIONAL_REPRESENTATION('',(#9428),#9431);
#9428 = B_SPLINE_CURVE_WITH_KNOTS('',1,(#9429,#9430),.UNSPECIFIED.,.F.,
  .F.,(2,2),(-26.99999999999,9.000000000006),.PIECEWISE_BEZIER_KNOTS.);
#9429 = CARTESIAN_POINT('',(36.,-5.45));
#9430 = CARTESIAN_POINT('',(0.,-5.45));
#9431 = ( GEOMETRIC_REPRESENTATION_CONTEXT(2) 
PARAMETRIC_REPRESENTATION_CONTEXT() REPRESENTATION_CONTEXT('2D SPACE',''
  ) );
#9432 = ORIENTED_EDGE('',*,*,#9433,.F.);
#9433 = EDGE_CURVE('',#9434,#9407,#9436,.T.);
#9434 = VERTEX_POINT('',#9435);
#9435 = CARTESIAN_POINT('',(18.,60.2,7.25));
#9436 = SURFACE_CURVE('',#9437,(#9441,#9448),.PCURVE_S1.);
#9437 = LINE('',#9438,#9439);
#9438 = CARTESIAN_POINT('',(18.,27.523402910773,7.25));
#9439 = VECTOR('',#9440,1.);
#9440 = DIRECTION('',(0.,-1.,0.));
#9441 = PCURVE('',#8936,#9442);
#9442 = DEFINITIONAL_REPRESENTATION('',(#9443),#9447);
#9443 = LINE('',#9444,#9445);
#9444 = CARTESIAN_POINT('',(17.999999999989,27.476597089227));
#9445 = VECTOR('',#9446,1.);
#9446 = DIRECTION('',(0.,-1.));
#9447 = ( GEOMETRIC_REPRESENTATION_CONTEXT(2) 
PARAMETRIC_REPRESENTATION_CONTEXT() REPRESENTATION_CONTEXT('2D SPACE',''
  ) );
#9448 = PCURVE('',#9449,#9454);
#9449 = PLANE('',#9450);
#9450 = AXIS2_PLACEMENT_3D('',#9451,#9452,#9453);
#9451 = CARTESIAN_POINT('',(18.,55.,1.8));
#9452 = DIRECTION('',(-1.,-0.,0.));
#9453 = DIRECTION('',(-0.,1.,0.));
#9454 = DEFINITIONAL_REPRESENTATION('',(#9455),#9458);
#9455 = B_SPLINE_CURVE_WITH_KNOTS('',1,(#9456,#9457),.UNSPECIFIED.,.F.,
  .F.,(2,2),(-32.67659708922,-27.47659708922),.PIECEWISE_BEZIER_KNOTS.);
#9456 = CARTESIAN_POINT('',(5.2,-5.45));
#9457 = CARTESIAN_POINT('',(0.,-5.45));
#9458 = ( GEOMETRIC_REPRESENTATION_CONTEXT(2) 
PARAMETRIC_REPRESENTATION_CONTEXT() REPRESENTATION_CONTEXT('2D SPACE',''
  ) );
#9459 = ORIENTED_EDGE('',*,*,#9460,.F.);
#9460 = EDGE_CURVE('',#9461,#9434,#9463,.T.);
#9461 = VERTEX_POINT('',#9462);
#9462 = CARTESIAN_POINT('',(26.812565791296,60.2,7.25));
#9463 = SURFACE_CURVE('',#9464,(#9468,#9475),.PCURVE_S1.);
#9464 = LINE('',#9465,#9466);
#9465 = CARTESIAN_POINT('',(9.000000000006,60.2,7.25));
#9466 = VECTOR('',#9467,1.);
#9467 = DIRECTION('',(-1.,0.,0.));
#9468 = PCURVE('',#8936,#9469);
#9469 = DEFINITIONAL_REPRESENTATION('',(#9470),#9474);
#9470 = LINE('',#9471,#9472);
#9471 = CARTESIAN_POINT('',(8.999999999994,60.153194178454));
#9472 = VECTOR('',#9473,1.);
#9473 = DIRECTION('',(-1.,0.));
#9474 = ( GEOMETRIC_REPRESENTATION_CONTEXT(2) 
PARAMETRIC_REPRESENTATION_CONTEXT() REPRESENTATION_CONTEXT('2D SPACE',''
  ) );
#9475 = PCURVE('',#9476,#9481);
#9476 = PLANE('',#9477);
#9477 = AXIS2_PLACEMENT_3D('',#9478,#9479,#9480);
#9478 = CARTESIAN_POINT('',(18.,60.2,1.8));
#9479 = DIRECTION('',(0.,1.,0.));
#9480 = DIRECTION('',(1.,0.,0.));
#9481 = DEFINITIONAL_REPRESENTATION('',(#9482),#9485);
#9482 = B_SPLINE_CURVE_WITH_KNOTS('',1,(#9483,#9484),.UNSPECIFIED.,.F.,
  .F.,(2,2),(-18.99999999999,-8.999999999994),.PIECEWISE_BEZIER_KNOTS.);
#9483 = CARTESIAN_POINT('',(10.,-5.45));
#9484 = CARTESIAN_POINT('',(0.,-5.45));
#9485 = ( GEOMETRIC_REPRESENTATION_CONTEXT(2) 
PARAMETRIC_REPRESENTATION_CONTEXT() REPRESENTATION_CONTEXT('2D SPACE',''
  ) );
#9486 = ORIENTED_EDGE('',*,*,#9487,.T.);
#9487 = EDGE_CURVE('',#9461,#9488,#9490,.T.);
#9488 = VERTEX_POINT('',#9489);
#9489 = CARTESIAN_POINT('',(30.2,56.812565791296,7.25));
#9490 = SURFACE_CURVE('',#9491,(#9496,#9503),.PCURVE_S1.);
#9491 = CIRCLE('',#9492,2.5);
#9492 = AXIS2_PLACEMENT_3D('',#9493,#9494,#9495);
#9493 = CARTESIAN_POINT('',(28.,58.,7.25));
#9494 = DIRECTION('',(0.,0.,1.));
#9495 = DIRECTION('',(1.,0.,-0.));
#9496 = PCURVE('',#8936,#9497);
#9497 = DEFINITIONAL_REPRESENTATION('',(#9498),#9502);
#9498 = CIRCLE('',#9499,2.5);
#9499 = AXIS2_PLACEMENT_2D('',#9500,#9501);
#9500 = CARTESIAN_POINT('',(27.999999999989,57.953194178454));
#9501 = DIRECTION('',(1.,0.));
#9502 = ( GEOMETRIC_REPRESENTATION_CONTEXT(2) 
PARAMETRIC_REPRESENTATION_CONTEXT() REPRESENTATION_CONTEXT('2D SPACE',''
  ) );
#9503 = PCURVE('',#9504,#9509);
#9504 = CYLINDRICAL_SURFACE('',#9505,2.5);
#9505 = AXIS2_PLACEMENT_3D('',#9506,#9507,#9508);
#9506 = CARTESIAN_POINT('',(28.,58.,1.8));
#9507 = DIRECTION('',(-0.,-0.,-1.));
#9508 = DIRECTION('',(1.,0.,-0.));
#9509 = DEFINITIONAL_REPRESENTATION('',(#9510),#9514);
#9510 = LINE('',#9511,#9512);
#9511 = CARTESIAN_POINT('',(-0.,-5.45));
#9512 = VECTOR('',#9513,1.);
#9513 = DIRECTION('',(-1.,0.));
#9514 = ( GEOMETRIC_REPRESENTATION_CONTEXT(2) 
PARAMETRIC_REPRESENTATION_CONTEXT() REPRESENTATION_CONTEXT('2D SPACE',''
  ) );
#9515 = ORIENTED_EDGE('',*,*,#9516,.T.);
#9516 = EDGE_CURVE('',#9488,#9517,#9519,.T.);
#9517 = VERTEX_POINT('',#9518);
#9518 = CARTESIAN_POINT('',(30.2,25.435595774163,7.25));
#9519 = SURFACE_CURVE('',#9520,(#9524,#9531),.PCURVE_S1.);
#9520 = LINE('',#9521,#9522);
#9521 = CARTESIAN_POINT('',(30.2,12.741200797854,7.25));
#9522 = VECTOR('',#9523,1.);
#9523 = DIRECTION('',(0.,-1.,0.));
#9524 = PCURVE('',#8936,#9525);
#9525 = DEFINITIONAL_REPRESENTATION('',(#9526),#9530);
#9526 = LINE('',#9527,#9528);
#9527 = CARTESIAN_POINT('',(30.199999999989,12.694394976308));
#9528 = VECTOR('',#9529,1.);
#9529 = DIRECTION('',(0.,-1.));
#9530 = ( GEOMETRIC_REPRESENTATION_CONTEXT(2) 
PARAMETRIC_REPRESENTATION_CONTEXT() REPRESENTATION_CONTEXT('2D SPACE',''
  ) );
#9531 = PCURVE('',#9532,#9537);
#9532 = PLANE('',#9533);
#9533 = AXIS2_PLACEMENT_3D('',#9534,#9535,#9536);
#9534 = CARTESIAN_POINT('',(30.2,25.435595774163,1.8));
#9535 = DIRECTION('',(-1.,0.,0.));
#9536 = DIRECTION('',(0.,1.,0.));
#9537 = DEFINITIONAL_REPRESENTATION('',(#9538),#9541);
#9538 = B_SPLINE_CURVE_WITH_KNOTS('',1,(#9539,#9540),.UNSPECIFIED.,.F.,
  .F.,(2,2),(-45.25879919965,-12.6943949763),.PIECEWISE_BEZIER_KNOTS.);
#9539 = CARTESIAN_POINT('',(32.564404223347,-5.45));
#9540 = CARTESIAN_POINT('',(0.,-5.45));
#9541 = ( GEOMETRIC_REPRESENTATION_CONTEXT(2) 
PARAMETRIC_REPRESENTATION_CONTEXT() REPRESENTATION_CONTEXT('2D SPACE',''
  ) );
#9542 = ORIENTED_EDGE('',*,*,#9543,.F.);
#9543 = EDGE_CURVE('',#9544,#9517,#9546,.T.);
#9544 = VERTEX_POINT('',#9545);
#9545 = CARTESIAN_POINT('',(30.78,22.907434386909,7.25));
#9546 = SURFACE_CURVE('',#9547,(#9552,#9563),.PCURVE_S1.);
#9547 = CIRCLE('',#9548,5.8);
#9548 = AXIS2_PLACEMENT_3D('',#9549,#9550,#9551);
#9549 = CARTESIAN_POINT('',(36.,25.435595774163,7.25));
#9550 = DIRECTION('',(0.,0.,-1.));
#9551 = DIRECTION('',(-1.,0.,0.));
#9552 = PCURVE('',#8936,#9553);
#9553 = DEFINITIONAL_REPRESENTATION('',(#9554),#9562);
#9554 = ( BOUNDED_CURVE() B_SPLINE_CURVE(2,(#9555,#9556,#9557,#9558,
#9559,#9560,#9561),.UNSPECIFIED.,.T.,.F.) B_SPLINE_CURVE_WITH_KNOTS((1,2
    ,2,2,2,1),(-2.094395102393,0.,2.094395102393,4.188790204786,
6.28318530718,8.377580409573),.UNSPECIFIED.) CURVE() 
GEOMETRIC_REPRESENTATION_ITEM() RATIONAL_B_SPLINE_CURVE((1.,0.5,1.,0.5,
1.,0.5,1.)) REPRESENTATION_ITEM('') );
#9555 = CARTESIAN_POINT('',(30.199999999989,25.388789952617));
#9556 = CARTESIAN_POINT('',(30.199999999989,35.434684636516));
#9557 = CARTESIAN_POINT('',(38.899999999989,30.411737294567));
#9558 = CARTESIAN_POINT('',(47.599999999989,25.388789952617));
#9559 = CARTESIAN_POINT('',(38.899999999989,20.365842610667));
#9560 = CARTESIAN_POINT('',(30.199999999989,15.342895268717));
#9561 = CARTESIAN_POINT('',(30.199999999989,25.388789952617));
#9562 = ( GEOMETRIC_REPRESENTATION_CONTEXT(2) 
PARAMETRIC_REPRESENTATION_CONTEXT() REPRESENTATION_CONTEXT('2D SPACE',''
  ) );
#9563 = PCURVE('',#9564,#9569);
#9564 = CYLINDRICAL_SURFACE('',#9565,5.8);
#9565 = AXIS2_PLACEMENT_3D('',#9566,#9567,#9568);
#9566 = CARTESIAN_POINT('',(36.,25.435595774163,1.8));
#9567 = DIRECTION('',(0.,0.,-1.));
#9568 = DIRECTION('',(-1.,0.,0.));
#9569 = DEFINITIONAL_REPRESENTATION('',(#9570),#9574);
#9570 = LINE('',#9571,#9572);
#9571 = CARTESIAN_POINT('',(1.7763568394E-15,-5.45));
#9572 = VECTOR('',#9573,1.);
#9573 = DIRECTION('',(1.,0.));
#9574 = ( GEOMETRIC_REPRESENTATION_CONTEXT(2) 
PARAMETRIC_REPRESENTATION_CONTEXT() REPRESENTATION_CONTEXT('2D SPACE',''
  ) );
#9575 = ORIENTED_EDGE('',*,*,#9576,.T.);
#9576 = EDGE_CURVE('',#9544,#9577,#9579,.T.);
#9577 = VERTEX_POINT('',#9578);
#9578 = CARTESIAN_POINT('',(30.78,-6.907434386909,7.25));
#9579 = SURFACE_CURVE('',#9580,(#9585,#9596),.PCURVE_S1.);
#9580 = CIRCLE('',#9581,34.2);
#9581 = AXIS2_PLACEMENT_3D('',#9582,#9583,#9584);
#9582 = CARTESIAN_POINT('',(0.,8.,7.25));
#9583 = DIRECTION('',(-0.,0.,-1.));
#9584 = DIRECTION('',(0.888888888889,-0.458122847291,-0.));
#9585 = PCURVE('',#8936,#9586);
#9586 = DEFINITIONAL_REPRESENTATION('',(#9587),#9595);
#9587 = ( BOUNDED_CURVE() B_SPLINE_CURVE(2,(#9588,#9589,#9590,#9591,
#9592,#9593,#9594),.UNSPECIFIED.,.T.,.F.) B_SPLINE_CURVE_WITH_KNOTS((1,2
    ,2,2,2,1),(-2.094395102393,0.,2.094395102393,4.188790204786,
6.28318530718,8.377580409573),.UNSPECIFIED.) CURVE() 
GEOMETRIC_REPRESENTATION_ITEM() RATIONAL_B_SPLINE_CURVE((1.,0.5,1.,0.5,
1.,0.5,1.)) REPRESENTATION_ITEM('') );
#9588 = CARTESIAN_POINT('',(30.399999999989,-7.714607198892));
#9589 = CARTESIAN_POINT('',(3.262571971528,-60.36895174898));
#9590 = CARTESIAN_POINT('',(-28.76871401424,-10.54007740792));
#9591 = CARTESIAN_POINT('',(-60.80000000001,39.288796933146));
#9592 = CARTESIAN_POINT('',(-1.631285985781,42.114267142175));
#9593 = CARTESIAN_POINT('',(57.53742802845,44.939737351203));
#9594 = CARTESIAN_POINT('',(30.399999999989,-7.714607198892));
#9595 = ( GEOMETRIC_REPRESENTATION_CONTEXT(2) 
PARAMETRIC_REPRESENTATION_CONTEXT() REPRESENTATION_CONTEXT('2D SPACE',''
  ) );
#9596 = PCURVE('',#9597,#9602);
#9597 = CYLINDRICAL_SURFACE('',#9598,34.2);
#9598 = AXIS2_PLACEMENT_3D('',#9599,#9600,#9601);
#9599 = CARTESIAN_POINT('',(0.,8.,1.8));
#9600 = DIRECTION('',(-0.,0.,-1.));
#9601 = DIRECTION('',(0.888888888889,-0.458122847291,-0.));
#9602 = DEFINITIONAL_REPRESENTATION('',(#9603),#9607);
#9603 = LINE('',#9604,#9605);
#9604 = CARTESIAN_POINT('',(-12.56637061435,-5.45));
#9605 = VECTOR('',#9606,1.);
#9606 = DIRECTION('',(1.,-0.));
#9607 = ( GEOMETRIC_REPRESENTATION_CONTEXT(2) 
PARAMETRIC_REPRESENTATION_CONTEXT() REPRESENTATION_CONTEXT('2D SPACE',''
  ) );
#9608 = ORIENTED_EDGE('',*,*,#9609,.F.);
#9609 = EDGE_CURVE('',#9610,#9577,#9612,.T.);
#9610 = VERTEX_POINT('',#9611);
#9611 = CARTESIAN_POINT('',(30.2,-9.435595774163,7.25));
#9612 = SURFACE_CURVE('',#9613,(#9618,#9629),.PCURVE_S1.);
#9613 = CIRCLE('',#9614,5.8);
#9614 = AXIS2_PLACEMENT_3D('',#9615,#9616,#9617);
#9615 = CARTESIAN_POINT('',(36.,-9.435595774163,7.25));
#9616 = DIRECTION('',(0.,0.,-1.));
#9617 = DIRECTION('',(-1.,0.,0.));
#9618 = PCURVE('',#8936,#9619);
#9619 = DEFINITIONAL_REPRESENTATION('',(#9620),#9628);
#9620 = ( BOUNDED_CURVE() B_SPLINE_CURVE(2,(#9621,#9622,#9623,#9624,
#9625,#9626,#9627),.UNSPECIFIED.,.T.,.F.) B_SPLINE_CURVE_WITH_KNOTS((1,2
    ,2,2,2,1),(-2.094395102393,0.,2.094395102393,4.188790204786,
6.28318530718,8.377580409573),.UNSPECIFIED.) CURVE() 
GEOMETRIC_REPRESENTATION_ITEM() RATIONAL_B_SPLINE_CURVE((1.,0.5,1.,0.5,
1.,0.5,1.)) REPRESENTATION_ITEM('') );
#9621 = CARTESIAN_POINT('',(30.199999999989,-9.482401595709));
#9622 = CARTESIAN_POINT('',(30.199999999989,0.563493088191));
#9623 = CARTESIAN_POINT('',(38.899999999989,-4.459454253759));
#9624 = CARTESIAN_POINT('',(47.599999999989,-9.482401595709));
#9625 = CARTESIAN_POINT('',(38.899999999989,-14.50534893765));
#9626 = CARTESIAN_POINT('',(30.199999999989,-19.5282962796));
#9627 = CARTESIAN_POINT('',(30.199999999989,-9.482401595709));
#9628 = ( GEOMETRIC_REPRESENTATION_CONTEXT(2) 
PARAMETRIC_REPRESENTATION_CONTEXT() REPRESENTATION_CONTEXT('2D SPACE',''
  ) );
#9629 = PCURVE('',#9630,#9635);
#9630 = CYLINDRICAL_SURFACE('',#9631,5.8);
#9631 = AXIS2_PLACEMENT_3D('',#9632,#9633,#9634);
#9632 = CARTESIAN_POINT('',(36.,-9.435595774163,1.8));
#9633 = DIRECTION('',(0.,0.,-1.));
#9634 = DIRECTION('',(-1.,0.,0.));
#9635 = DEFINITIONAL_REPRESENTATION('',(#9636),#9640);
#9636 = LINE('',#9637,#9638);
#9637 = CARTESIAN_POINT('',(6.28318530718,-5.45));
#9638 = VECTOR('',#9639,1.);
#9639 = DIRECTION('',(1.,0.));
#9640 = ( GEOMETRIC_REPRESENTATION_CONTEXT(2) 
PARAMETRIC_REPRESENTATION_CONTEXT() REPRESENTATION_CONTEXT('2D SPACE',''
  ) );
#9641 = ORIENTED_EDGE('',*,*,#9642,.T.);
#9642 = EDGE_CURVE('',#9610,#9643,#9645,.T.);
#9643 = VERTEX_POINT('',#9644);
#9644 = CARTESIAN_POINT('',(30.2,-56.81256579129,7.25));
#9645 = SURFACE_CURVE('',#9646,(#9650,#9657),.PCURVE_S1.);
#9646 = LINE('',#9647,#9648);
#9647 = CARTESIAN_POINT('',(30.2,-28.97659708922,7.25));
#9648 = VECTOR('',#9649,1.);
#9649 = DIRECTION('',(0.,-1.,0.));
#9650 = PCURVE('',#8936,#9651);
#9651 = DEFINITIONAL_REPRESENTATION('',(#9652),#9656);
#9652 = LINE('',#9653,#9654);
#9653 = CARTESIAN_POINT('',(30.199999999989,-29.02340291077));
#9654 = VECTOR('',#9655,1.);
#9655 = DIRECTION('',(0.,-1.));
#9656 = ( GEOMETRIC_REPRESENTATION_CONTEXT(2) 
PARAMETRIC_REPRESENTATION_CONTEXT() REPRESENTATION_CONTEXT('2D SPACE',''
  ) );
#9657 = PCURVE('',#9658,#9663);
#9658 = PLANE('',#9659);
#9659 = AXIS2_PLACEMENT_3D('',#9660,#9661,#9662);
#9660 = CARTESIAN_POINT('',(30.2,-58.,1.8));
#9661 = DIRECTION('',(-1.,0.,0.));
#9662 = DIRECTION('',(0.,1.,0.));
#9663 = DEFINITIONAL_REPRESENTATION('',(#9664),#9667);
#9664 = B_SPLINE_CURVE_WITH_KNOTS('',1,(#9665,#9666),.UNSPECIFIED.,.F.,
  .F.,(2,2),(-19.54100131506,29.023402910773),.PIECEWISE_BEZIER_KNOTS.);
#9665 = CARTESIAN_POINT('',(48.564404225838,-5.45));
#9666 = CARTESIAN_POINT('',(0.,-5.45));
#9667 = ( GEOMETRIC_REPRESENTATION_CONTEXT(2) 
PARAMETRIC_REPRESENTATION_CONTEXT() REPRESENTATION_CONTEXT('2D SPACE',''
  ) );
#9668 = ORIENTED_EDGE('',*,*,#9669,.T.);
#9669 = EDGE_CURVE('',#9643,#9670,#9672,.T.);
#9670 = VERTEX_POINT('',#9671);
#9671 = CARTESIAN_POINT('',(26.812565791296,-60.2,7.25));
#9672 = SURFACE_CURVE('',#9673,(#9678,#9685),.PCURVE_S1.);
#9673 = CIRCLE('',#9674,2.5);
#9674 = AXIS2_PLACEMENT_3D('',#9675,#9676,#9677);
#9675 = CARTESIAN_POINT('',(28.,-58.,7.25));
#9676 = DIRECTION('',(0.,0.,1.));
#9677 = DIRECTION('',(1.,0.,-0.));
#9678 = PCURVE('',#8936,#9679);
#9679 = DEFINITIONAL_REPRESENTATION('',(#9680),#9684);
#9680 = CIRCLE('',#9681,2.5);
#9681 = AXIS2_PLACEMENT_2D('',#9682,#9683);
#9682 = CARTESIAN_POINT('',(27.999999999989,-58.04680582154));
#9683 = DIRECTION('',(1.,0.));
#9684 = ( GEOMETRIC_REPRESENTATION_CONTEXT(2) 
PARAMETRIC_REPRESENTATION_CONTEXT() REPRESENTATION_CONTEXT('2D SPACE',''
  ) );
#9685 = PCURVE('',#9686,#9691);
#9686 = CYLINDRICAL_SURFACE('',#9687,2.5);
#9687 = AXIS2_PLACEMENT_3D('',#9688,#9689,#9690);
#9688 = CARTESIAN_POINT('',(28.,-58.,1.8));
#9689 = DIRECTION('',(-0.,-0.,-1.));
#9690 = DIRECTION('',(1.,0.,-0.));
#9691 = DEFINITIONAL_REPRESENTATION('',(#9692),#9696);
#9692 = LINE('',#9693,#9694);
#9693 = CARTESIAN_POINT('',(-0.,-5.45));
#9694 = VECTOR('',#9695,1.);
#9695 = DIRECTION('',(-1.,0.));
#9696 = ( GEOMETRIC_REPRESENTATION_CONTEXT(2) 
PARAMETRIC_REPRESENTATION_CONTEXT() REPRESENTATION_CONTEXT('2D SPACE',''
  ) );
#9697 = ORIENTED_EDGE('',*,*,#9698,.T.);
#9698 = EDGE_CURVE('',#9670,#9699,#9701,.T.);
#9699 = VERTEX_POINT('',#9700);
#9700 = CARTESIAN_POINT('',(-26.81256579129,-60.2,7.25));
#9701 = SURFACE_CURVE('',#9702,(#9706,#9713),.PCURVE_S1.);
#9702 = LINE('',#9703,#9704);
#9703 = CARTESIAN_POINT('',(-13.99999999999,-60.2,7.25));
#9704 = VECTOR('',#9705,1.);
#9705 = DIRECTION('',(-1.,0.,0.));
#9706 = PCURVE('',#8936,#9707);
#9707 = DEFINITIONAL_REPRESENTATION('',(#9708),#9712);
#9708 = LINE('',#9709,#9710);
#9709 = CARTESIAN_POINT('',(-14.,-60.24680582154));
#9710 = VECTOR('',#9711,1.);
#9711 = DIRECTION('',(-1.,0.));
#9712 = ( GEOMETRIC_REPRESENTATION_CONTEXT(2) 
PARAMETRIC_REPRESENTATION_CONTEXT() REPRESENTATION_CONTEXT('2D SPACE',''
  ) );
#9713 = PCURVE('',#9714,#9719);
#9714 = PLANE('',#9715);
#9715 = AXIS2_PLACEMENT_3D('',#9716,#9717,#9718);
#9716 = CARTESIAN_POINT('',(-28.,-60.2,1.8));
#9717 = DIRECTION('',(0.,1.,0.));
#9718 = DIRECTION('',(1.,0.,0.));
#9719 = DEFINITIONAL_REPRESENTATION('',(#9720),#9723);
#9720 = B_SPLINE_CURVE_WITH_KNOTS('',1,(#9721,#9722),.UNSPECIFIED.,.F.,
  .F.,(2,2),(-41.99999999999,14.000000000006),.PIECEWISE_BEZIER_KNOTS.);
#9721 = CARTESIAN_POINT('',(56.,-5.45));
#9722 = CARTESIAN_POINT('',(0.,-5.45));
#9723 = ( GEOMETRIC_REPRESENTATION_CONTEXT(2) 
PARAMETRIC_REPRESENTATION_CONTEXT() REPRESENTATION_CONTEXT('2D SPACE',''
  ) );
#9724 = ORIENTED_EDGE('',*,*,#9725,.T.);
#9725 = EDGE_CURVE('',#9699,#9726,#9728,.T.);
#9726 = VERTEX_POINT('',#9727);
#9727 = CARTESIAN_POINT('',(-30.2,-56.81256579129,7.25));
#9728 = SURFACE_CURVE('',#9729,(#9734,#9741),.PCURVE_S1.);
#9729 = CIRCLE('',#9730,2.5);
#9730 = AXIS2_PLACEMENT_3D('',#9731,#9732,#9733);
#9731 = CARTESIAN_POINT('',(-28.,-58.,7.25));
#9732 = DIRECTION('',(-0.,0.,1.));
#9733 = DIRECTION('',(0.474973683481,-0.88,0.));
#9734 = PCURVE('',#8936,#9735);
#9735 = DEFINITIONAL_REPRESENTATION('',(#9736),#9740);
#9736 = CIRCLE('',#9737,2.5);
#9737 = AXIS2_PLACEMENT_2D('',#9738,#9739);
#9738 = CARTESIAN_POINT('',(-28.00000000001,-58.04680582154));
#9739 = DIRECTION('',(0.474973683481,-0.88));
#9740 = ( GEOMETRIC_REPRESENTATION_CONTEXT(2) 
PARAMETRIC_REPRESENTATION_CONTEXT() REPRESENTATION_CONTEXT('2D SPACE',''
  ) );
#9741 = PCURVE('',#9742,#9747);
#9742 = CYLINDRICAL_SURFACE('',#9743,2.5);
#9743 = AXIS2_PLACEMENT_3D('',#9744,#9745,#9746);
#9744 = CARTESIAN_POINT('',(-28.,-58.,1.8));
#9745 = DIRECTION('',(-0.,-0.,-1.));
#9746 = DIRECTION('',(1.,0.,-0.));
#9747 = DEFINITIONAL_REPRESENTATION('',(#9748),#9752);
#9748 = LINE('',#9749,#9750);
#9749 = CARTESIAN_POINT('',(-5.207323106726,-5.45));
#9750 = VECTOR('',#9751,1.);
#9751 = DIRECTION('',(-1.,0.));
#9752 = ( GEOMETRIC_REPRESENTATION_CONTEXT(2) 
PARAMETRIC_REPRESENTATION_CONTEXT() REPRESENTATION_CONTEXT('2D SPACE',''
  ) );
#9753 = ORIENTED_EDGE('',*,*,#9754,.F.);
#9754 = EDGE_CURVE('',#9755,#9726,#9757,.T.);
#9755 = VERTEX_POINT('',#9756);
#9756 = CARTESIAN_POINT('',(-30.2,-47.,7.25));
#9757 = SURFACE_CURVE('',#9758,(#9762,#9769),.PCURVE_S1.);
#9758 = LINE('',#9759,#9760);
#9759 = CARTESIAN_POINT('',(-30.2,-28.97659708922,7.25));
#9760 = VECTOR('',#9761,1.);
#9761 = DIRECTION('',(0.,-1.,0.));
#9762 = PCURVE('',#8936,#9763);
#9763 = DEFINITIONAL_REPRESENTATION('',(#9764),#9768);
#9764 = LINE('',#9765,#9766);
#9765 = CARTESIAN_POINT('',(-30.20000000001,-29.02340291077));
#9766 = VECTOR('',#9767,1.);
#9767 = DIRECTION('',(0.,-1.));
#9768 = ( GEOMETRIC_REPRESENTATION_CONTEXT(2) 
PARAMETRIC_REPRESENTATION_CONTEXT() REPRESENTATION_CONTEXT('2D SPACE',''
  ) );
#9769 = PCURVE('',#9186,#9770);
#9770 = DEFINITIONAL_REPRESENTATION('',(#9771),#9774);
#9771 = B_SPLINE_CURVE_WITH_KNOTS('',1,(#9772,#9773),.UNSPECIFIED.,.F.,
  .F.,(2,2),(-19.54100131506,29.023402910773),.PIECEWISE_BEZIER_KNOTS.);
#9772 = CARTESIAN_POINT('',(48.564404225838,-5.45));
#9773 = CARTESIAN_POINT('',(0.,-5.45));
#9774 = ( GEOMETRIC_REPRESENTATION_CONTEXT(2) 
PARAMETRIC_REPRESENTATION_CONTEXT() REPRESENTATION_CONTEXT('2D SPACE',''
  ) );
#9775 = ORIENTED_EDGE('',*,*,#9776,.F.);
#9776 = EDGE_CURVE('',#9777,#9755,#9779,.T.);
#9777 = VERTEX_POINT('',#9778);
#9778 = CARTESIAN_POINT('',(-32.,-47.,7.25));
#9779 = SURFACE_CURVE('',#9780,(#9784,#9790),.PCURVE_S1.);
#9780 = LINE('',#9781,#9782);
#9781 = CARTESIAN_POINT('',(-15.99999999999,-47.,7.25));
#9782 = VECTOR('',#9783,1.);
#9783 = DIRECTION('',(1.,0.,-0.));
#9784 = PCURVE('',#8936,#9785);
#9785 = DEFINITIONAL_REPRESENTATION('',(#9786),#9789);
#9786 = B_SPLINE_CURVE_WITH_KNOTS('',1,(#9787,#9788),.UNSPECIFIED.,.F.,
  .F.,(2,2),(-19.6,-12.4),.PIECEWISE_BEZIER_KNOTS.);
#9787 = CARTESIAN_POINT('',(-35.60000000001,-47.04680582154));
#9788 = CARTESIAN_POINT('',(-28.40000000001,-47.04680582154));
#9789 = ( GEOMETRIC_REPRESENTATION_CONTEXT(2) 
PARAMETRIC_REPRESENTATION_CONTEXT() REPRESENTATION_CONTEXT('2D SPACE',''
  ) );
#9790 = PCURVE('',#9791,#9796);
#9791 = PLANE('',#9792);
#9792 = AXIS2_PLACEMENT_3D('',#9793,#9794,#9795);
#9793 = CARTESIAN_POINT('',(-32.,-47.,5.));
#9794 = DIRECTION('',(-0.,1.,-0.));
#9795 = DIRECTION('',(0.,0.,-1.));
#9796 = DEFINITIONAL_REPRESENTATION('',(#9797),#9800);
#9797 = B_SPLINE_CURVE_WITH_KNOTS('',1,(#9798,#9799),.UNSPECIFIED.,.F.,
  .F.,(2,2),(-19.6,-12.4),.PIECEWISE_BEZIER_KNOTS.);
#9798 = CARTESIAN_POINT('',(-2.25,3.6));
#9799 = CARTESIAN_POINT('',(-2.25,-3.6));
#9800 = ( GEOMETRIC_REPRESENTATION_CONTEXT(2) 
PARAMETRIC_REPRESENTATION_CONTEXT() REPRESENTATION_CONTEXT('2D SPACE',''
  ) );
#9801 = ORIENTED_EDGE('',*,*,#9802,.F.);
#9802 = EDGE_CURVE('',#9803,#9777,#9805,.T.);
#9803 = VERTEX_POINT('',#9804);
#9804 = CARTESIAN_POINT('',(-32.,-58.,7.25));
#9805 = SURFACE_CURVE('',#9806,(#9810,#9817),.PCURVE_S1.);
#9806 = LINE('',#9807,#9808);
#9807 = CARTESIAN_POINT('',(-32.,0.,7.25));
#9808 = VECTOR('',#9809,1.);
#9809 = DIRECTION('',(0.,1.,0.));
#9810 = PCURVE('',#8936,#9811);
#9811 = DEFINITIONAL_REPRESENTATION('',(#9812),#9816);
#9812 = LINE('',#9813,#9814);
#9813 = CARTESIAN_POINT('',(-32.00000000001,-4.680582154577E-02));
#9814 = VECTOR('',#9815,1.);
#9815 = DIRECTION('',(0.,1.));
#9816 = ( GEOMETRIC_REPRESENTATION_CONTEXT(2) 
PARAMETRIC_REPRESENTATION_CONTEXT() REPRESENTATION_CONTEXT('2D SPACE',''
  ) );
#9817 = PCURVE('',#9132,#9818);
#9818 = DEFINITIONAL_REPRESENTATION('',(#9819),#9823);
#9819 = LINE('',#9820,#9821);
#9820 = CARTESIAN_POINT('',(58.000000000001,-7.25));
#9821 = VECTOR('',#9822,1.);
#9822 = DIRECTION('',(1.,0.));
#9823 = ( GEOMETRIC_REPRESENTATION_CONTEXT(2) 
PARAMETRIC_REPRESENTATION_CONTEXT() REPRESENTATION_CONTEXT('2D SPACE',''
  ) );
#9824 = ORIENTED_EDGE('',*,*,#9825,.F.);
#9825 = EDGE_CURVE('',#9826,#9803,#9828,.T.);
#9826 = VERTEX_POINT('',#9827);
#9827 = CARTESIAN_POINT('',(-28.,-62.,7.25));
#9828 = SURFACE_CURVE('',#9829,(#9834,#9845),.PCURVE_S1.);
#9829 = CIRCLE('',#9830,4.);
#9830 = AXIS2_PLACEMENT_3D('',#9831,#9832,#9833);
#9831 = CARTESIAN_POINT('',(-28.,-58.,7.25));
#9832 = DIRECTION('',(0.,0.,-1.));
#9833 = DIRECTION('',(-1.,0.,0.));
#9834 = PCURVE('',#8936,#9835);
#9835 = DEFINITIONAL_REPRESENTATION('',(#9836),#9844);
#9836 = ( BOUNDED_CURVE() B_SPLINE_CURVE(2,(#9837,#9838,#9839,#9840,
#9841,#9842,#9843),.UNSPECIFIED.,.T.,.F.) B_SPLINE_CURVE_WITH_KNOTS((1,2
    ,2,2,2,1),(-2.094395102393,0.,2.094395102393,4.188790204786,
6.28318530718,8.377580409573),.UNSPECIFIED.) CURVE() 
GEOMETRIC_REPRESENTATION_ITEM() RATIONAL_B_SPLINE_CURVE((1.,0.5,1.,0.5,
1.,0.5,1.)) REPRESENTATION_ITEM('') );
#9837 = CARTESIAN_POINT('',(-32.00000000001,-58.04680582154));
#9838 = CARTESIAN_POINT('',(-32.00000000001,-51.11860259127));
#9839 = CARTESIAN_POINT('',(-26.00000000001,-54.5827042064));
#9840 = CARTESIAN_POINT('',(-20.00000000001,-58.04680582154));
#9841 = CARTESIAN_POINT('',(-26.00000000001,-61.51090743668));
#9842 = CARTESIAN_POINT('',(-32.00000000001,-64.97500905182));
#9843 = CARTESIAN_POINT('',(-32.00000000001,-58.04680582154));
#9844 = ( GEOMETRIC_REPRESENTATION_CONTEXT(2) 
PARAMETRIC_REPRESENTATION_CONTEXT() REPRESENTATION_CONTEXT('2D SPACE',''
  ) );
#9845 = PCURVE('',#9846,#9851);
#9846 = CYLINDRICAL_SURFACE('',#9847,4.);
#9847 = AXIS2_PLACEMENT_3D('',#9848,#9849,#9850);
#9848 = CARTESIAN_POINT('',(-28.,-58.,0.));
#9849 = DIRECTION('',(0.,0.,-1.));
#9850 = DIRECTION('',(-1.,0.,0.));
#9851 = DEFINITIONAL_REPRESENTATION('',(#9852),#9856);
#9852 = LINE('',#9853,#9854);
#9853 = CARTESIAN_POINT('',(0.,-7.25));
#9854 = VECTOR('',#9855,1.);
#9855 = DIRECTION('',(1.,0.));
#9856 = ( GEOMETRIC_REPRESENTATION_CONTEXT(2) 
PARAMETRIC_REPRESENTATION_CONTEXT() REPRESENTATION_CONTEXT('2D SPACE',''
  ) );
#9857 = ORIENTED_EDGE('',*,*,#9858,.T.);
#9858 = EDGE_CURVE('',#9826,#9859,#9861,.T.);
#9859 = VERTEX_POINT('',#9860);
#9860 = CARTESIAN_POINT('',(28.,-62.,7.25));
#9861 = SURFACE_CURVE('',#9862,(#9866,#9873),.PCURVE_S1.);
#9862 = LINE('',#9863,#9864);
#9863 = CARTESIAN_POINT('',(0.,-62.,7.25));
#9864 = VECTOR('',#9865,1.);
#9865 = DIRECTION('',(1.,0.,0.));
#9866 = PCURVE('',#8936,#9867);
#9867 = DEFINITIONAL_REPRESENTATION('',(#9868),#9872);
#9868 = LINE('',#9869,#9870);
#9869 = CARTESIAN_POINT('',(-1.12850119938E-11,-62.04680582154));
#9870 = VECTOR('',#9871,1.);
#9871 = DIRECTION('',(1.,0.));
#9872 = ( GEOMETRIC_REPRESENTATION_CONTEXT(2) 
PARAMETRIC_REPRESENTATION_CONTEXT() REPRESENTATION_CONTEXT('2D SPACE',''
  ) );
#9873 = PCURVE('',#9874,#9879);
#9874 = PLANE('',#9875);
#9875 = AXIS2_PLACEMENT_3D('',#9876,#9877,#9878);
#9876 = CARTESIAN_POINT('',(-28.,-62.,0.));
#9877 = DIRECTION('',(0.,1.,0.));
#9878 = DIRECTION('',(1.,0.,0.));
#9879 = DEFINITIONAL_REPRESENTATION('',(#9880),#9884);
#9880 = LINE('',#9881,#9882);
#9881 = CARTESIAN_POINT('',(28.,-7.25));
#9882 = VECTOR('',#9883,1.);
#9883 = DIRECTION('',(1.,0.));
#9884 = ( GEOMETRIC_REPRESENTATION_CONTEXT(2) 
PARAMETRIC_REPRESENTATION_CONTEXT() REPRESENTATION_CONTEXT('2D SPACE',''
  ) );
#9885 = ORIENTED_EDGE('',*,*,#9886,.F.);
#9886 = EDGE_CURVE('',#9887,#9859,#9889,.T.);
#9887 = VERTEX_POINT('',#9888);
#9888 = CARTESIAN_POINT('',(32.,-58.,7.25));
#9889 = SURFACE_CURVE('',#9890,(#9895,#9906),.PCURVE_S1.);
#9890 = CIRCLE('',#9891,4.);
#9891 = AXIS2_PLACEMENT_3D('',#9892,#9893,#9894);
#9892 = CARTESIAN_POINT('',(28.,-58.,7.25));
#9893 = DIRECTION('',(0.,0.,-1.));
#9894 = DIRECTION('',(-1.,0.,0.));
#9895 = PCURVE('',#8936,#9896);
#9896 = DEFINITIONAL_REPRESENTATION('',(#9897),#9905);
#9897 = ( BOUNDED_CURVE() B_SPLINE_CURVE(2,(#9898,#9899,#9900,#9901,
#9902,#9903,#9904),.UNSPECIFIED.,.T.,.F.) B_SPLINE_CURVE_WITH_KNOTS((1,2
    ,2,2,2,1),(-2.094395102393,0.,2.094395102393,4.188790204786,
6.28318530718,8.377580409573),.UNSPECIFIED.) CURVE() 
GEOMETRIC_REPRESENTATION_ITEM() RATIONAL_B_SPLINE_CURVE((1.,0.5,1.,0.5,
1.,0.5,1.)) REPRESENTATION_ITEM('') );
#9898 = CARTESIAN_POINT('',(23.999999999989,-58.04680582154));
#9899 = CARTESIAN_POINT('',(23.999999999989,-51.11860259127));
#9900 = CARTESIAN_POINT('',(29.999999999989,-54.5827042064));
#9901 = CARTESIAN_POINT('',(35.999999999989,-58.04680582154));
#9902 = CARTESIAN_POINT('',(29.999999999989,-61.51090743668));
#9903 = CARTESIAN_POINT('',(23.999999999989,-64.97500905182));
#9904 = CARTESIAN_POINT('',(23.999999999989,-58.04680582154));
#9905 = ( GEOMETRIC_REPRESENTATION_CONTEXT(2) 
PARAMETRIC_REPRESENTATION_CONTEXT() REPRESENTATION_CONTEXT('2D SPACE',''
  ) );
#9906 = PCURVE('',#9907,#9912);
#9907 = CYLINDRICAL_SURFACE('',#9908,4.);
#9908 = AXIS2_PLACEMENT_3D('',#9909,#9910,#9911);
#9909 = CARTESIAN_POINT('',(28.,-58.,0.));
#9910 = DIRECTION('',(0.,0.,-1.));
#9911 = DIRECTION('',(-1.,0.,0.));
#9912 = DEFINITIONAL_REPRESENTATION('',(#9913),#9917);
#9913 = LINE('',#9914,#9915);
#9914 = CARTESIAN_POINT('',(0.,-7.25));
#9915 = VECTOR('',#9916,1.);
#9916 = DIRECTION('',(1.,0.));
#9917 = ( GEOMETRIC_REPRESENTATION_CONTEXT(2) 
PARAMETRIC_REPRESENTATION_CONTEXT() REPRESENTATION_CONTEXT('2D SPACE',''
  ) );
#9918 = ORIENTED_EDGE('',*,*,#9919,.T.);
#9919 = EDGE_CURVE('',#9887,#9920,#9922,.T.);
#9920 = VERTEX_POINT('',#9921);
#9921 = CARTESIAN_POINT('',(32.,-9.435595774163,7.25));
#9922 = SURFACE_CURVE('',#9923,(#9927,#9934),.PCURVE_S1.);
#9923 = LINE('',#9924,#9925);
#9924 = CARTESIAN_POINT('',(32.,0.,7.25));
#9925 = VECTOR('',#9926,1.);
#9926 = DIRECTION('',(0.,1.,0.));
#9927 = PCURVE('',#8936,#9928);
#9928 = DEFINITIONAL_REPRESENTATION('',(#9929),#9933);
#9929 = LINE('',#9930,#9931);
#9930 = CARTESIAN_POINT('',(31.999999999989,-4.680582154577E-02));
#9931 = VECTOR('',#9932,1.);
#9932 = DIRECTION('',(0.,1.));
#9933 = ( GEOMETRIC_REPRESENTATION_CONTEXT(2) 
PARAMETRIC_REPRESENTATION_CONTEXT() REPRESENTATION_CONTEXT('2D SPACE',''
  ) );
#9934 = PCURVE('',#9935,#9940);
#9935 = PLANE('',#9936);
#9936 = AXIS2_PLACEMENT_3D('',#9937,#9938,#9939);
#9937 = CARTESIAN_POINT('',(32.,-58.,0.));
#9938 = DIRECTION('',(-1.,0.,0.));
#9939 = DIRECTION('',(0.,1.,0.));
#9940 = DEFINITIONAL_REPRESENTATION('',(#9941),#9945);
#9941 = LINE('',#9942,#9943);
#9942 = CARTESIAN_POINT('',(58.000000000001,-7.25));
#9943 = VECTOR('',#9944,1.);
#9944 = DIRECTION('',(1.,0.));
#9945 = ( GEOMETRIC_REPRESENTATION_CONTEXT(2) 
PARAMETRIC_REPRESENTATION_CONTEXT() REPRESENTATION_CONTEXT('2D SPACE',''
  ) );
#9946 = ORIENTED_EDGE('',*,*,#9947,.T.);
#9947 = EDGE_CURVE('',#9920,#9948,#9950,.T.);
#9948 = VERTEX_POINT('',#9949);
#9949 = CARTESIAN_POINT('',(32.4,-7.692036196746,7.25));
#9950 = SURFACE_CURVE('',#9951,(#9956,#9967),.PCURVE_S1.);
#9951 = CIRCLE('',#9952,4.);
#9952 = AXIS2_PLACEMENT_3D('',#9953,#9954,#9955);
#9953 = CARTESIAN_POINT('',(36.,-9.435595774163,7.25));
#9954 = DIRECTION('',(0.,0.,-1.));
#9955 = DIRECTION('',(-1.,0.,0.));
#9956 = PCURVE('',#8936,#9957);
#9957 = DEFINITIONAL_REPRESENTATION('',(#9958),#9966);
#9958 = ( BOUNDED_CURVE() B_SPLINE_CURVE(2,(#9959,#9960,#9961,#9962,
#9963,#9964,#9965),.UNSPECIFIED.,.T.,.F.) B_SPLINE_CURVE_WITH_KNOTS((1,2
    ,2,2,2,1),(-2.094395102393,0.,2.094395102393,4.188790204786,
6.28318530718,8.377580409573),.UNSPECIFIED.) CURVE() 
GEOMETRIC_REPRESENTATION_ITEM() RATIONAL_B_SPLINE_CURVE((1.,0.5,1.,0.5,
1.,0.5,1.)) REPRESENTATION_ITEM('') );
#9959 = CARTESIAN_POINT('',(31.999999999989,-9.482401595709));
#9960 = CARTESIAN_POINT('',(31.999999999989,-2.554198365433));
#9961 = CARTESIAN_POINT('',(37.999999999989,-6.018299980571));
#9962 = CARTESIAN_POINT('',(43.999999999989,-9.482401595709));
#9963 = CARTESIAN_POINT('',(37.999999999989,-12.94650321084));
#9964 = CARTESIAN_POINT('',(31.999999999989,-16.41060482598));
#9965 = CARTESIAN_POINT('',(31.999999999989,-9.482401595709));
#9966 = ( GEOMETRIC_REPRESENTATION_CONTEXT(2) 
PARAMETRIC_REPRESENTATION_CONTEXT() REPRESENTATION_CONTEXT('2D SPACE',''
  ) );
#9967 = PCURVE('',#9968,#9973);
#9968 = CYLINDRICAL_SURFACE('',#9969,4.);
#9969 = AXIS2_PLACEMENT_3D('',#9970,#9971,#9972);
#9970 = CARTESIAN_POINT('',(36.,-9.435595774163,0.));
#9971 = DIRECTION('',(0.,0.,-1.));
#9972 = DIRECTION('',(-1.,0.,0.));
#9973 = DEFINITIONAL_REPRESENTATION('',(#9974),#9978);
#9974 = LINE('',#9975,#9976);
#9975 = CARTESIAN_POINT('',(0.,-7.25));
#9976 = VECTOR('',#9977,1.);
#9977 = DIRECTION('',(1.,0.));
#9978 = ( GEOMETRIC_REPRESENTATION_CONTEXT(2) 
PARAMETRIC_REPRESENTATION_CONTEXT() REPRESENTATION_CONTEXT('2D SPACE',''
  ) );
#9979 = ORIENTED_EDGE('',*,*,#9980,.T.);
#9980 = EDGE_CURVE('',#9948,#9981,#9983,.T.);
#9981 = VERTEX_POINT('',#9982);
#9982 = CARTESIAN_POINT('',(32.4,23.692036196746,7.25));
#9983 = SURFACE_CURVE('',#9984,(#9989,#9996),.PCURVE_S1.);
#9984 = CIRCLE('',#9985,36.);
#9985 = AXIS2_PLACEMENT_3D('',#9986,#9987,#9988);
#9986 = CARTESIAN_POINT('',(0.,8.,7.25));
#9987 = DIRECTION('',(0.,-0.,1.));
#9988 = DIRECTION('',(0.888888888889,-0.458122847291,-0.));
#9989 = PCURVE('',#8936,#9990);
#9990 = DEFINITIONAL_REPRESENTATION('',(#9991),#9995);
#9991 = CIRCLE('',#9992,36.);
#9992 = AXIS2_PLACEMENT_2D('',#9993,#9994);
#9993 = CARTESIAN_POINT('',(-1.12850119938E-11,7.953194178454));
#9994 = DIRECTION('',(0.888888888889,-0.458122847291));
#9995 = ( GEOMETRIC_REPRESENTATION_CONTEXT(2) 
PARAMETRIC_REPRESENTATION_CONTEXT() REPRESENTATION_CONTEXT('2D SPACE',''
  ) );
#9996 = PCURVE('',#9997,#10002);
#9997 = CYLINDRICAL_SURFACE('',#9998,36.);
#9998 = AXIS2_PLACEMENT_3D('',#9999,#10000,#10001);
#9999 = CARTESIAN_POINT('',(0.,8.,0.));
#10000 = DIRECTION('',(-0.,0.,-1.));
#10001 = DIRECTION('',(0.888888888889,-0.458122847291,-0.));
#10002 = DEFINITIONAL_REPRESENTATION('',(#10003),#10007);
#10003 = LINE('',#10004,#10005);
#10004 = CARTESIAN_POINT('',(-0.,-7.25));
#10005 = VECTOR('',#10006,1.);
#10006 = DIRECTION('',(-1.,0.));
#10007 = ( GEOMETRIC_REPRESENTATION_CONTEXT(2) 
PARAMETRIC_REPRESENTATION_CONTEXT() REPRESENTATION_CONTEXT('2D SPACE',''
  ) );
#10008 = ORIENTED_EDGE('',*,*,#10009,.T.);
#10009 = EDGE_CURVE('',#9981,#10010,#10012,.T.);
#10010 = VERTEX_POINT('',#10011);
#10011 = CARTESIAN_POINT('',(32.,25.435595774163,7.25));
#10012 = SURFACE_CURVE('',#10013,(#10018,#10029),.PCURVE_S1.);
#10013 = CIRCLE('',#10014,4.);
#10014 = AXIS2_PLACEMENT_3D('',#10015,#10016,#10017);
#10015 = CARTESIAN_POINT('',(36.,25.435595774163,7.25));
#10016 = DIRECTION('',(0.,0.,-1.));
#10017 = DIRECTION('',(-1.,0.,0.));
#10018 = PCURVE('',#8936,#10019);
#10019 = DEFINITIONAL_REPRESENTATION('',(#10020),#10028);
#10020 = ( BOUNDED_CURVE() B_SPLINE_CURVE(2,(#10021,#10022,#10023,#10024
    ,#10025,#10026,#10027),.UNSPECIFIED.,.T.,.F.) 
B_SPLINE_CURVE_WITH_KNOTS((1,2,2,2,2,1),(-2.094395102393,0.,
    2.094395102393,4.188790204786,6.28318530718,8.377580409573),
.UNSPECIFIED.) CURVE() GEOMETRIC_REPRESENTATION_ITEM() 
RATIONAL_B_SPLINE_CURVE((1.,0.5,1.,0.5,1.,0.5,1.)) REPRESENTATION_ITEM(
  '') );
#10021 = CARTESIAN_POINT('',(31.999999999989,25.388789952617));
#10022 = CARTESIAN_POINT('',(31.999999999989,32.316993182892));
#10023 = CARTESIAN_POINT('',(37.999999999989,28.852891567755));
#10024 = CARTESIAN_POINT('',(43.999999999989,25.388789952617));
#10025 = CARTESIAN_POINT('',(37.999999999989,21.924688337479));
#10026 = CARTESIAN_POINT('',(31.999999999989,18.460586722341));
#10027 = CARTESIAN_POINT('',(31.999999999989,25.388789952617));
#10028 = ( GEOMETRIC_REPRESENTATION_CONTEXT(2) 
PARAMETRIC_REPRESENTATION_CONTEXT() REPRESENTATION_CONTEXT('2D SPACE',''
  ) );
#10029 = PCURVE('',#10030,#10035);
#10030 = CYLINDRICAL_SURFACE('',#10031,4.);
#10031 = AXIS2_PLACEMENT_3D('',#10032,#10033,#10034);
#10032 = CARTESIAN_POINT('',(36.,25.435595774163,0.));
#10033 = DIRECTION('',(0.,0.,-1.));
#10034 = DIRECTION('',(-1.,0.,0.));
#10035 = DEFINITIONAL_REPRESENTATION('',(#10036),#10040);
#10036 = LINE('',#10037,#10038);
#10037 = CARTESIAN_POINT('',(0.,-7.25));
#10038 = VECTOR('',#10039,1.);
#10039 = DIRECTION('',(1.,0.));
#10040 = ( GEOMETRIC_REPRESENTATION_CONTEXT(2) 
PARAMETRIC_REPRESENTATION_CONTEXT() REPRESENTATION_CONTEXT('2D SPACE',''
  ) );
#10041 = ORIENTED_EDGE('',*,*,#10042,.T.);
#10042 = EDGE_CURVE('',#10010,#10043,#10045,.T.);
#10043 = VERTEX_POINT('',#10044);
#10044 = CARTESIAN_POINT('',(32.,57.99999999751,7.25));
#10045 = SURFACE_CURVE('',#10046,(#10050,#10057),.PCURVE_S1.);
#10046 = LINE('',#10047,#10048);
#10047 = CARTESIAN_POINT('',(32.,0.,7.25));
#10048 = VECTOR('',#10049,1.);
#10049 = DIRECTION('',(0.,1.,0.));
#10050 = PCURVE('',#8936,#10051);
#10051 = DEFINITIONAL_REPRESENTATION('',(#10052),#10056);
#10052 = LINE('',#10053,#10054);
#10053 = CARTESIAN_POINT('',(31.999999999989,-4.680582154577E-02));
#10054 = VECTOR('',#10055,1.);
#10055 = DIRECTION('',(0.,1.));
#10056 = ( GEOMETRIC_REPRESENTATION_CONTEXT(2) 
PARAMETRIC_REPRESENTATION_CONTEXT() REPRESENTATION_CONTEXT('2D SPACE',''
  ) );
#10057 = PCURVE('',#10058,#10063);
#10058 = PLANE('',#10059);
#10059 = AXIS2_PLACEMENT_3D('',#10060,#10061,#10062);
#10060 = CARTESIAN_POINT('',(32.,25.435595774163,0.));
#10061 = DIRECTION('',(-1.,0.,0.));
#10062 = DIRECTION('',(0.,1.,0.));
#10063 = DEFINITIONAL_REPRESENTATION('',(#10064),#10068);
#10064 = LINE('',#10065,#10066);
#10065 = CARTESIAN_POINT('',(-25.43559577416,-7.25));
#10066 = VECTOR('',#10067,1.);
#10067 = DIRECTION('',(1.,0.));
#10068 = ( GEOMETRIC_REPRESENTATION_CONTEXT(2) 
PARAMETRIC_REPRESENTATION_CONTEXT() REPRESENTATION_CONTEXT('2D SPACE',''
  ) );
#10069 = ORIENTED_EDGE('',*,*,#10070,.F.);
#10070 = EDGE_CURVE('',#10071,#10043,#10073,.T.);
#10071 = VERTEX_POINT('',#10072);
#10072 = CARTESIAN_POINT('',(28.,61.999999998755,7.25));
#10073 = SURFACE_CURVE('',#10074,(#10079,#10090),.PCURVE_S1.);
#10074 = CIRCLE('',#10075,4.);
#10075 = AXIS2_PLACEMENT_3D('',#10076,#10077,#10078);
#10076 = CARTESIAN_POINT('',(28.,57.99999999751,7.25));
#10077 = DIRECTION('',(0.,0.,-1.));
#10078 = DIRECTION('',(-1.,0.,0.));
#10079 = PCURVE('',#8936,#10080);
#10080 = DEFINITIONAL_REPRESENTATION('',(#10081),#10089);
#10081 = ( BOUNDED_CURVE() B_SPLINE_CURVE(2,(#10082,#10083,#10084,#10085
    ,#10086,#10087,#10088),.UNSPECIFIED.,.T.,.F.) 
B_SPLINE_CURVE_WITH_KNOTS((1,2,2,2,2,1),(-2.094395102393,0.,
    2.094395102393,4.188790204786,6.28318530718,8.377580409573),
.UNSPECIFIED.) CURVE() GEOMETRIC_REPRESENTATION_ITEM() 
RATIONAL_B_SPLINE_CURVE((1.,0.5,1.,0.5,1.,0.5,1.)) REPRESENTATION_ITEM(
  '') );
#10082 = CARTESIAN_POINT('',(23.999999999989,57.953194175964));
#10083 = CARTESIAN_POINT('',(23.999999999989,64.88139740624));
#10084 = CARTESIAN_POINT('',(29.999999999989,61.417295791102));
#10085 = CARTESIAN_POINT('',(35.999999999989,57.953194175964));
#10086 = CARTESIAN_POINT('',(29.999999999989,54.489092560827));
#10087 = CARTESIAN_POINT('',(23.999999999989,51.024990945689));
#10088 = CARTESIAN_POINT('',(23.999999999989,57.953194175964));
#10089 = ( GEOMETRIC_REPRESENTATION_CONTEXT(2) 
PARAMETRIC_REPRESENTATION_CONTEXT() REPRESENTATION_CONTEXT('2D SPACE',''
  ) );
#10090 = PCURVE('',#10091,#10096);
#10091 = CYLINDRICAL_SURFACE('',#10092,4.);
#10092 = AXIS2_PLACEMENT_3D('',#10093,#10094,#10095);
#10093 = CARTESIAN_POINT('',(28.,57.99999999751,0.));
#10094 = DIRECTION('',(0.,0.,-1.));
#10095 = DIRECTION('',(-1.,0.,0.));
#10096 = DEFINITIONAL_REPRESENTATION('',(#10097),#10101);
#10097 = LINE('',#10098,#10099);
#10098 = CARTESIAN_POINT('',(0.,-7.25));
#10099 = VECTOR('',#10100,1.);
#10100 = DIRECTION('',(1.,0.));
#10101 = ( GEOMETRIC_REPRESENTATION_CONTEXT(2) 
PARAMETRIC_REPRESENTATION_CONTEXT() REPRESENTATION_CONTEXT('2D SPACE',''
  ) );
#10102 = ORIENTED_EDGE('',*,*,#10103,.F.);
#10103 = EDGE_CURVE('',#10104,#10071,#10106,.T.);
#10104 = VERTEX_POINT('',#10105);
#10105 = CARTESIAN_POINT('',(11.8,62.,7.25));
#10106 = SURFACE_CURVE('',#10107,(#10111,#10118),.PCURVE_S1.);
#10107 = LINE('',#10108,#10109);
#10108 = CARTESIAN_POINT('',(0.,62.,7.25));
#10109 = VECTOR('',#10110,1.);
#10110 = DIRECTION('',(1.,0.,0.));
#10111 = PCURVE('',#8936,#10112);
#10112 = DEFINITIONAL_REPRESENTATION('',(#10113),#10117);
#10113 = LINE('',#10114,#10115);
#10114 = CARTESIAN_POINT('',(-1.12850119938E-11,61.953194178454));
#10115 = VECTOR('',#10116,1.);
#10116 = DIRECTION('',(1.,0.));
#10117 = ( GEOMETRIC_REPRESENTATION_CONTEXT(2) 
PARAMETRIC_REPRESENTATION_CONTEXT() REPRESENTATION_CONTEXT('2D SPACE',''
  ) );
#10118 = PCURVE('',#8948,#10119);
#10119 = DEFINITIONAL_REPRESENTATION('',(#10120),#10124);
#10120 = LINE('',#10121,#10122);
#10121 = CARTESIAN_POINT('',(28.,-7.25));
#10122 = VECTOR('',#10123,1.);
#10123 = DIRECTION('',(1.,0.));
#10124 = ( GEOMETRIC_REPRESENTATION_CONTEXT(2) 
PARAMETRIC_REPRESENTATION_CONTEXT() REPRESENTATION_CONTEXT('2D SPACE',''
  ) );
#10125 = ORIENTED_EDGE('',*,*,#10126,.T.);
#10126 = EDGE_CURVE('',#10104,#10127,#10129,.T.);
#10127 = VERTEX_POINT('',#10128);
#10128 = CARTESIAN_POINT('',(11.,61.2,7.25));
#10129 = SURFACE_CURVE('',#10130,(#10134,#10141),.PCURVE_S1.);
#10130 = LINE('',#10131,#10132);
#10131 = CARTESIAN_POINT('',(-6.838298544611,43.361701455389,7.25));
#10132 = VECTOR('',#10133,1.);
#10133 = DIRECTION('',(-0.707106781187,-0.707106781187,0.));
#10134 = PCURVE('',#8936,#10135);
#10135 = DEFINITIONAL_REPRESENTATION('',(#10136),#10140);
#10136 = LINE('',#10137,#10138);
#10137 = CARTESIAN_POINT('',(-6.838298544622,43.314895633844));
#10138 = VECTOR('',#10139,1.);
#10139 = DIRECTION('',(-0.707106781187,-0.707106781187));
#10140 = ( GEOMETRIC_REPRESENTATION_CONTEXT(2) 
PARAMETRIC_REPRESENTATION_CONTEXT() REPRESENTATION_CONTEXT('2D SPACE',''
  ) );
#10141 = PCURVE('',#10142,#10147);
#10142 = PLANE('',#10143);
#10143 = AXIS2_PLACEMENT_3D('',#10144,#10145,#10146);
#10144 = CARTESIAN_POINT('',(11.4,61.6,6.25));
#10145 = DIRECTION('',(0.707106781187,-0.707106781187,
    -5.308045764503E-18));
#10146 = DIRECTION('',(3.753355154928E-18,-3.753355154928E-18,1.));
#10147 = DEFINITIONAL_REPRESENTATION('',(#10148),#10152);
#10148 = LINE('',#10149,#10150);
#10149 = CARTESIAN_POINT('',(1.,25.792849156398));
#10150 = VECTOR('',#10151,1.);
#10151 = DIRECTION('',(1.445808246511E-34,1.));
#10152 = ( GEOMETRIC_REPRESENTATION_CONTEXT(2) 
PARAMETRIC_REPRESENTATION_CONTEXT() REPRESENTATION_CONTEXT('2D SPACE',''
  ) );
#10153 = ORIENTED_EDGE('',*,*,#10154,.F.);
#10154 = EDGE_CURVE('',#10155,#10127,#10157,.T.);
#10155 = VERTEX_POINT('',#10156);
#10156 = CARTESIAN_POINT('',(11.,56.,7.25));
#10157 = SURFACE_CURVE('',#10158,(#10162,#10168),.PCURVE_S1.);
#10158 = LINE('',#10159,#10160);
#10159 = CARTESIAN_POINT('',(11.,28.023402910773,7.25));
#10160 = VECTOR('',#10161,1.);
#10161 = DIRECTION('',(-0.,1.,0.));
#10162 = PCURVE('',#8936,#10163);
#10163 = DEFINITIONAL_REPRESENTATION('',(#10164),#10167);
#10164 = B_SPLINE_CURVE_WITH_KNOTS('',1,(#10165,#10166),.UNSPECIFIED.,
  .F.,.F.,(2,2),(27.976597089227,33.976597089227),
  .PIECEWISE_BEZIER_KNOTS.);
#10165 = CARTESIAN_POINT('',(10.999999999989,55.953194178454));
#10166 = CARTESIAN_POINT('',(10.999999999989,61.953194178454));
#10167 = ( GEOMETRIC_REPRESENTATION_CONTEXT(2) 
PARAMETRIC_REPRESENTATION_CONTEXT() REPRESENTATION_CONTEXT('2D SPACE',''
  ) );
#10168 = PCURVE('',#10169,#10174);
#10169 = PLANE('',#10170);
#10170 = AXIS2_PLACEMENT_3D('',#10171,#10172,#10173);
#10171 = CARTESIAN_POINT('',(11.,56.,3.25));
#10172 = DIRECTION('',(1.,0.,-0.));
#10173 = DIRECTION('',(0.,0.,1.));
#10174 = DEFINITIONAL_REPRESENTATION('',(#10175),#10178);
#10175 = B_SPLINE_CURVE_WITH_KNOTS('',1,(#10176,#10177),.UNSPECIFIED.,
  .F.,.F.,(2,2),(27.976597089227,33.976597089227),
  .PIECEWISE_BEZIER_KNOTS.);
#10176 = CARTESIAN_POINT('',(4.,0.));
#10177 = CARTESIAN_POINT('',(4.,-6.));
#10178 = ( GEOMETRIC_REPRESENTATION_CONTEXT(2) 
PARAMETRIC_REPRESENTATION_CONTEXT() REPRESENTATION_CONTEXT('2D SPACE',''
  ) );
#10179 = ORIENTED_EDGE('',*,*,#10180,.T.);
#10180 = EDGE_CURVE('',#10155,#10181,#10183,.T.);
#10181 = VERTEX_POINT('',#10182);
#10182 = CARTESIAN_POINT('',(-11.,56.,7.25));
#10183 = SURFACE_CURVE('',#10184,(#10188,#10194),.PCURVE_S1.);
#10184 = LINE('',#10185,#10186);
#10185 = CARTESIAN_POINT('',(-5.499999999994,56.,7.25));
#10186 = VECTOR('',#10187,1.);
#10187 = DIRECTION('',(-1.,-0.,0.));
#10188 = PCURVE('',#8936,#10189);
#10189 = DEFINITIONAL_REPRESENTATION('',(#10190),#10193);
#10190 = B_SPLINE_CURVE_WITH_KNOTS('',1,(#10191,#10192),.UNSPECIFIED.,
  .F.,.F.,(2,2),(-16.49999999999,5.500000000006),
  .PIECEWISE_BEZIER_KNOTS.);
#10191 = CARTESIAN_POINT('',(10.999999999989,55.953194178454));
#10192 = CARTESIAN_POINT('',(-11.00000000001,55.953194178454));
#10193 = ( GEOMETRIC_REPRESENTATION_CONTEXT(2) 
PARAMETRIC_REPRESENTATION_CONTEXT() REPRESENTATION_CONTEXT('2D SPACE',''
  ) );
#10194 = PCURVE('',#10195,#10200);
#10195 = PLANE('',#10196);
#10196 = AXIS2_PLACEMENT_3D('',#10197,#10198,#10199);
#10197 = CARTESIAN_POINT('',(-11.,56.,3.25));
#10198 = DIRECTION('',(-0.,1.,0.));
#10199 = DIRECTION('',(0.,0.,1.));
#10200 = DEFINITIONAL_REPRESENTATION('',(#10201),#10204);
#10201 = B_SPLINE_CURVE_WITH_KNOTS('',1,(#10202,#10203),.UNSPECIFIED.,
  .F.,.F.,(2,2),(-16.49999999999,5.500000000006),
  .PIECEWISE_BEZIER_KNOTS.);
#10202 = CARTESIAN_POINT('',(4.,22.));
#10203 = CARTESIAN_POINT('',(4.,0.));
#10204 = ( GEOMETRIC_REPRESENTATION_CONTEXT(2) 
PARAMETRIC_REPRESENTATION_CONTEXT() REPRESENTATION_CONTEXT('2D SPACE',''
  ) );
#10205 = ORIENTED_EDGE('',*,*,#10206,.T.);
#10206 = EDGE_CURVE('',#10181,#10207,#10209,.T.);
#10207 = VERTEX_POINT('',#10208);
#10208 = CARTESIAN_POINT('',(-11.,61.2,7.25));
#10209 = SURFACE_CURVE('',#10210,(#10214,#10220),.PCURVE_S1.);
#10210 = LINE('',#10211,#10212);
#10211 = CARTESIAN_POINT('',(-11.,28.023402910773,7.25));
#10212 = VECTOR('',#10213,1.);
#10213 = DIRECTION('',(-0.,1.,0.));
#10214 = PCURVE('',#8936,#10215);
#10215 = DEFINITIONAL_REPRESENTATION('',(#10216),#10219);
#10216 = B_SPLINE_CURVE_WITH_KNOTS('',1,(#10217,#10218),.UNSPECIFIED.,
  .F.,.F.,(2,2),(27.976597089227,33.976597089227),
  .PIECEWISE_BEZIER_KNOTS.);
#10217 = CARTESIAN_POINT('',(-11.00000000001,55.953194178454));
#10218 = CARTESIAN_POINT('',(-11.00000000001,61.953194178454));
#10219 = ( GEOMETRIC_REPRESENTATION_CONTEXT(2) 
PARAMETRIC_REPRESENTATION_CONTEXT() REPRESENTATION_CONTEXT('2D SPACE',''
  ) );
#10220 = PCURVE('',#10221,#10226);
#10221 = PLANE('',#10222);
#10222 = AXIS2_PLACEMENT_3D('',#10223,#10224,#10225);
#10223 = CARTESIAN_POINT('',(-11.,56.,3.25));
#10224 = DIRECTION('',(1.,0.,-0.));
#10225 = DIRECTION('',(0.,0.,1.));
#10226 = DEFINITIONAL_REPRESENTATION('',(#10227),#10230);
#10227 = B_SPLINE_CURVE_WITH_KNOTS('',1,(#10228,#10229),.UNSPECIFIED.,
  .F.,.F.,(2,2),(27.976597089227,33.976597089227),
  .PIECEWISE_BEZIER_KNOTS.);
#10228 = CARTESIAN_POINT('',(4.,0.));
#10229 = CARTESIAN_POINT('',(4.,-6.));
#10230 = ( GEOMETRIC_REPRESENTATION_CONTEXT(2) 
PARAMETRIC_REPRESENTATION_CONTEXT() REPRESENTATION_CONTEXT('2D SPACE',''
  ) );
#10231 = ORIENTED_EDGE('',*,*,#10232,.F.);
#10232 = EDGE_CURVE('',#8928,#10207,#10233,.T.);
#10233 = SURFACE_CURVE('',#10234,(#10238,#10245),.PCURVE_S1.);
#10234 = LINE('',#10235,#10236);
#10235 = CARTESIAN_POINT('',(6.838298544616,43.361701455384,7.25));
#10236 = VECTOR('',#10237,1.);
#10237 = DIRECTION('',(0.707106781187,-0.707106781187,-0.));
#10238 = PCURVE('',#8936,#10239);
#10239 = DEFINITIONAL_REPRESENTATION('',(#10240),#10244);
#10240 = LINE('',#10241,#10242);
#10241 = CARTESIAN_POINT('',(6.838298544605,43.314895633838));
#10242 = VECTOR('',#10243,1.);
#10243 = DIRECTION('',(0.707106781187,-0.707106781187));
#10244 = ( GEOMETRIC_REPRESENTATION_CONTEXT(2) 
PARAMETRIC_REPRESENTATION_CONTEXT() REPRESENTATION_CONTEXT('2D SPACE',''
  ) );
#10245 = PCURVE('',#10246,#10251);
#10246 = PLANE('',#10247);
#10247 = AXIS2_PLACEMENT_3D('',#10248,#10249,#10250);
#10248 = CARTESIAN_POINT('',(-11.4,61.6,7.25));
#10249 = DIRECTION('',(0.707106781187,0.707106781187,5.308045764503E-18)
  );
#10250 = DIRECTION('',(-3.753355154928E-18,-3.753355154928E-18,1.));
#10251 = DEFINITIONAL_REPRESENTATION('',(#10252),#10256);
#10252 = LINE('',#10253,#10254);
#10253 = CARTESIAN_POINT('',(-2.081987631878E-32,25.792849156406));
#10254 = VECTOR('',#10255,1.);
#10255 = DIRECTION('',(1.445808246511E-34,1.));
#10256 = ( GEOMETRIC_REPRESENTATION_CONTEXT(2) 
PARAMETRIC_REPRESENTATION_CONTEXT() REPRESENTATION_CONTEXT('2D SPACE',''
  ) );
#10257 = FACE_BOUND('',#10258,.T.);
#10258 = EDGE_LOOP('',(#10259));
#10259 = ORIENTED_EDGE('',*,*,#10260,.T.);
#10260 = EDGE_CURVE('',#10261,#10261,#10263,.T.);
#10261 = VERTEX_POINT('',#10262);
#10262 = CARTESIAN_POINT('',(-26.1,-58.,7.25));
#10263 = SURFACE_CURVE('',#10264,(#10269,#10280),.PCURVE_S1.);
#10264 = CIRCLE('',#10265,1.9);
#10265 = AXIS2_PLACEMENT_3D('',#10266,#10267,#10268);
#10266 = CARTESIAN_POINT('',(-28.,-58.,7.25));
#10267 = DIRECTION('',(0.,-0.,-1.));
#10268 = DIRECTION('',(1.,0.,-0.));
#10269 = PCURVE('',#8936,#10270);
#10270 = DEFINITIONAL_REPRESENTATION('',(#10271),#10279);
#10271 = ( BOUNDED_CURVE() B_SPLINE_CURVE(2,(#10272,#10273,#10274,#10275
    ,#10276,#10277,#10278),.UNSPECIFIED.,.T.,.F.) 
B_SPLINE_CURVE_WITH_KNOTS((1,2,2,2,2,1),(-2.094395102393,0.,
    2.094395102393,4.188790204786,6.28318530718,8.377580409573),
.UNSPECIFIED.) CURVE() GEOMETRIC_REPRESENTATION_ITEM() 
RATIONAL_B_SPLINE_CURVE((1.,0.5,1.,0.5,1.,0.5,1.)) REPRESENTATION_ITEM(
  '') );
#10272 = CARTESIAN_POINT('',(-26.10000000001,-58.04680582154));
#10273 = CARTESIAN_POINT('',(-26.10000000001,-61.33770235592));
#10274 = CARTESIAN_POINT('',(-28.95000000001,-59.69225408873));
#10275 = CARTESIAN_POINT('',(-31.80000000001,-58.04680582154));
#10276 = CARTESIAN_POINT('',(-28.95000000001,-56.40135755435));
#10277 = CARTESIAN_POINT('',(-26.10000000001,-54.75590928716));
#10278 = CARTESIAN_POINT('',(-26.10000000001,-58.04680582154));
#10279 = ( GEOMETRIC_REPRESENTATION_CONTEXT(2) 
PARAMETRIC_REPRESENTATION_CONTEXT() REPRESENTATION_CONTEXT('2D SPACE',''
  ) );
#10280 = PCURVE('',#10281,#10286);
#10281 = CYLINDRICAL_SURFACE('',#10282,1.9);
#10282 = AXIS2_PLACEMENT_3D('',#10283,#10284,#10285);
#10283 = CARTESIAN_POINT('',(-28.,-58.,6.65));
#10284 = DIRECTION('',(-0.,-0.,-1.));
#10285 = DIRECTION('',(1.,0.,-0.));
#10286 = DEFINITIONAL_REPRESENTATION('',(#10287),#10291);
#10287 = LINE('',#10288,#10289);
#10288 = CARTESIAN_POINT('',(-6.28318530718,-0.6));
#10289 = VECTOR('',#10290,1.);
#10290 = DIRECTION('',(1.,-0.));
#10291 = ( GEOMETRIC_REPRESENTATION_CONTEXT(2) 
PARAMETRIC_REPRESENTATION_CONTEXT() REPRESENTATION_CONTEXT('2D SPACE',''
  ) );
#10292 = FACE_BOUND('',#10293,.T.);
#10293 = EDGE_LOOP('',(#10294));
#10294 = ORIENTED_EDGE('',*,*,#10295,.T.);
#10295 = EDGE_CURVE('',#10296,#10296,#10298,.T.);
#10296 = VERTEX_POINT('',#10297);
#10297 = CARTESIAN_POINT('',(29.9,-58.,7.25));
#10298 = SURFACE_CURVE('',#10299,(#10304,#10315),.PCURVE_S1.);
#10299 = CIRCLE('',#10300,1.9);
#10300 = AXIS2_PLACEMENT_3D('',#10301,#10302,#10303);
#10301 = CARTESIAN_POINT('',(28.,-58.,7.25));
#10302 = DIRECTION('',(0.,-0.,-1.));
#10303 = DIRECTION('',(1.,0.,-0.));
#10304 = PCURVE('',#8936,#10305);
#10305 = DEFINITIONAL_REPRESENTATION('',(#10306),#10314);
#10306 = ( BOUNDED_CURVE() B_SPLINE_CURVE(2,(#10307,#10308,#10309,#10310
    ,#10311,#10312,#10313),.UNSPECIFIED.,.T.,.F.) 
B_SPLINE_CURVE_WITH_KNOTS((1,2,2,2,2,1),(-2.094395102393,0.,
    2.094395102393,4.188790204786,6.28318530718,8.377580409573),
.UNSPECIFIED.) CURVE() GEOMETRIC_REPRESENTATION_ITEM() 
RATIONAL_B_SPLINE_CURVE((1.,0.5,1.,0.5,1.,0.5,1.)) REPRESENTATION_ITEM(
  '') );
#10307 = CARTESIAN_POINT('',(29.899999999989,-58.04680582154));
#10308 = CARTESIAN_POINT('',(29.899999999989,-61.33770235592));
#10309 = CARTESIAN_POINT('',(27.049999999989,-59.69225408873));
#10310 = CARTESIAN_POINT('',(24.199999999989,-58.04680582154));
#10311 = CARTESIAN_POINT('',(27.049999999989,-56.40135755435));
#10312 = CARTESIAN_POINT('',(29.899999999989,-54.75590928716));
#10313 = CARTESIAN_POINT('',(29.899999999989,-58.04680582154));
#10314 = ( GEOMETRIC_REPRESENTATION_CONTEXT(2) 
PARAMETRIC_REPRESENTATION_CONTEXT() REPRESENTATION_CONTEXT('2D SPACE',''
  ) );
#10315 = PCURVE('',#10316,#10321);
#10316 = CYLINDRICAL_SURFACE('',#10317,1.9);
#10317 = AXIS2_PLACEMENT_3D('',#10318,#10319,#10320);
#10318 = CARTESIAN_POINT('',(28.,-58.,6.65));
#10319 = DIRECTION('',(-0.,-0.,-1.));
#10320 = DIRECTION('',(1.,0.,-0.));
#10321 = DEFINITIONAL_REPRESENTATION('',(#10322),#10326);
#10322 = LINE('',#10323,#10324);
#10323 = CARTESIAN_POINT('',(-6.28318530718,-0.6));
#10324 = VECTOR('',#10325,1.);
#10325 = DIRECTION('',(1.,-0.));
#10326 = ( GEOMETRIC_REPRESENTATION_CONTEXT(2) 
PARAMETRIC_REPRESENTATION_CONTEXT() REPRESENTATION_CONTEXT('2D SPACE',''
  ) );
#10327 = FACE_BOUND('',#10328,.T.);
#10328 = EDGE_LOOP('',(#10329));
#10329 = ORIENTED_EDGE('',*,*,#10330,.T.);
#10330 = EDGE_CURVE('',#10331,#10331,#10333,.T.);
#10331 = VERTEX_POINT('',#10332);
#10332 = CARTESIAN_POINT('',(-26.1,58.,7.25));
#10333 = SURFACE_CURVE('',#10334,(#10339,#10350),.PCURVE_S1.);
#10334 = CIRCLE('',#10335,1.9);
#10335 = AXIS2_PLACEMENT_3D('',#10336,#10337,#10338);
#10336 = CARTESIAN_POINT('',(-28.,58.,7.25));
#10337 = DIRECTION('',(0.,-0.,-1.));
#10338 = DIRECTION('',(1.,0.,-0.));
#10339 = PCURVE('',#8936,#10340);
#10340 = DEFINITIONAL_REPRESENTATION('',(#10341),#10349);
#10341 = ( BOUNDED_CURVE() B_SPLINE_CURVE(2,(#10342,#10343,#10344,#10345
    ,#10346,#10347,#10348),.UNSPECIFIED.,.T.,.F.) 
B_SPLINE_CURVE_WITH_KNOTS((1,2,2,2,2,1),(-2.094395102393,0.,
    2.094395102393,4.188790204786,6.28318530718,8.377580409573),
.UNSPECIFIED.) CURVE() GEOMETRIC_REPRESENTATION_ITEM() 
RATIONAL_B_SPLINE_CURVE((1.,0.5,1.,0.5,1.,0.5,1.)) REPRESENTATION_ITEM(
  '') );
#10342 = CARTESIAN_POINT('',(-26.10000000001,57.953194178454));
#10343 = CARTESIAN_POINT('',(-26.10000000001,54.662297644073));
#10344 = CARTESIAN_POINT('',(-28.95000000001,56.307745911264));
#10345 = CARTESIAN_POINT('',(-31.80000000001,57.953194178454));
#10346 = CARTESIAN_POINT('',(-28.95000000001,59.598642445645));
#10347 = CARTESIAN_POINT('',(-26.10000000001,61.244090712835));
#10348 = CARTESIAN_POINT('',(-26.10000000001,57.953194178454));
#10349 = ( GEOMETRIC_REPRESENTATION_CONTEXT(2) 
PARAMETRIC_REPRESENTATION_CONTEXT() REPRESENTATION_CONTEXT('2D SPACE',''
  ) );
#10350 = PCURVE('',#10351,#10356);
#10351 = CYLINDRICAL_SURFACE('',#10352,1.9);
#10352 = AXIS2_PLACEMENT_3D('',#10353,#10354,#10355);
#10353 = CARTESIAN_POINT('',(-28.,58.,6.65));
#10354 = DIRECTION('',(-0.,-0.,-1.));
#10355 = DIRECTION('',(1.,0.,-0.));
#10356 = DEFINITIONAL_REPRESENTATION('',(#10357),#10361);
#10357 = LINE('',#10358,#10359);
#10358 = CARTESIAN_POINT('',(-6.28318530718,-0.6));
#10359 = VECTOR('',#10360,1.);
#10360 = DIRECTION('',(1.,-0.));
#10361 = ( GEOMETRIC_REPRESENTATION_CONTEXT(2) 
PARAMETRIC_REPRESENTATION_CONTEXT() REPRESENTATION_CONTEXT('2D SPACE',''
  ) );
#10362 = FACE_BOUND('',#10363,.T.);
#10363 = EDGE_LOOP('',(#10364));
#10364 = ORIENTED_EDGE('',*,*,#10365,.T.);
#10365 = EDGE_CURVE('',#10366,#10366,#10368,.T.);
#10366 = VERTEX_POINT('',#10367);
#10367 = CARTESIAN_POINT('',(29.9,58.,7.25));
#10368 = SURFACE_CURVE('',#10369,(#10374,#10385),.PCURVE_S1.);
#10369 = CIRCLE('',#10370,1.9);
#10370 = AXIS2_PLACEMENT_3D('',#10371,#10372,#10373);
#10371 = CARTESIAN_POINT('',(28.,58.,7.25));
#10372 = DIRECTION('',(0.,-0.,-1.));
#10373 = DIRECTION('',(1.,0.,-0.));
#10374 = PCURVE('',#8936,#10375);
#10375 = DEFINITIONAL_REPRESENTATION('',(#10376),#10384);
#10376 = ( BOUNDED_CURVE() B_SPLINE_CURVE(2,(#10377,#10378,#10379,#10380
    ,#10381,#10382,#10383),.UNSPECIFIED.,.T.,.F.) 
B_SPLINE_CURVE_WITH_KNOTS((1,2,2,2,2,1),(-2.094395102393,0.,
    2.094395102393,4.188790204786,6.28318530718,8.377580409573),
.UNSPECIFIED.) CURVE() GEOMETRIC_REPRESENTATION_ITEM() 
RATIONAL_B_SPLINE_CURVE((1.,0.5,1.,0.5,1.,0.5,1.)) REPRESENTATION_ITEM(
  '') );
#10377 = CARTESIAN_POINT('',(29.899999999989,57.953194178454));
#10378 = CARTESIAN_POINT('',(29.899999999989,54.662297644073));
#10379 = CARTESIAN_POINT('',(27.049999999989,56.307745911264));
#10380 = CARTESIAN_POINT('',(24.199999999989,57.953194178454));
#10381 = CARTESIAN_POINT('',(27.049999999989,59.598642445645));
#10382 = CARTESIAN_POINT('',(29.899999999989,61.244090712835));
#10383 = CARTESIAN_POINT('',(29.899999999989,57.953194178454));
#10384 = ( GEOMETRIC_REPRESENTATION_CONTEXT(2) 
PARAMETRIC_REPRESENTATION_CONTEXT() REPRESENTATION_CONTEXT('2D SPACE',''
  ) );
#10385 = PCURVE('',#10386,#10391);
#10386 = CYLINDRICAL_SURFACE('',#10387,1.9);
#10387 = AXIS2_PLACEMENT_3D('',#10388,#10389,#10390);
#10388 = CARTESIAN_POINT('',(28.,58.,6.65));
#10389 = DIRECTION('',(-0.,-0.,-1.));
#10390 = DIRECTION('',(1.,0.,-0.));
#10391 = DEFINITIONAL_REPRESENTATION('',(#10392),#10396);
#10392 = LINE('',#10393,#10394);
#10393 = CARTESIAN_POINT('',(-6.28318530718,-0.6));
#10394 = VECTOR('',#10395,1.);
#10395 = DIRECTION('',(1.,-0.));
#10396 = ( GEOMETRIC_REPRESENTATION_CONTEXT(2) 
PARAMETRIC_REPRESENTATION_CONTEXT() REPRESENTATION_CONTEXT('2D SPACE',''
  ) );
#10397 = ADVANCED_FACE('',(#10398),#10386,.F.);
#10398 = FACE_BOUND('',#10399,.T.);
#10399 = EDGE_LOOP('',(#10400,#10429,#10450,#10451));
#10400 = ORIENTED_EDGE('',*,*,#10401,.F.);
#10401 = EDGE_CURVE('',#10402,#10402,#10404,.T.);
#10402 = VERTEX_POINT('',#10403);
#10403 = CARTESIAN_POINT('',(29.9,58.,6.65));
#10404 = SURFACE_CURVE('',#10405,(#10410,#10417),.PCURVE_S1.);
#10405 = CIRCLE('',#10406,1.9);
#10406 = AXIS2_PLACEMENT_3D('',#10407,#10408,#10409);
#10407 = CARTESIAN_POINT('',(28.,58.,6.65));
#10408 = DIRECTION('',(0.,0.,1.));
#10409 = DIRECTION('',(1.,0.,-0.));
#10410 = PCURVE('',#10386,#10411);
#10411 = DEFINITIONAL_REPRESENTATION('',(#10412),#10416);
#10412 = LINE('',#10413,#10414);
#10413 = CARTESIAN_POINT('',(-0.,0.));
#10414 = VECTOR('',#10415,1.);
#10415 = DIRECTION('',(-1.,0.));
#10416 = ( GEOMETRIC_REPRESENTATION_CONTEXT(2) 
PARAMETRIC_REPRESENTATION_CONTEXT() REPRESENTATION_CONTEXT('2D SPACE',''
  ) );
#10417 = PCURVE('',#10418,#10423);
#10418 = PLANE('',#10419);
#10419 = AXIS2_PLACEMENT_3D('',#10420,#10421,#10422);
#10420 = CARTESIAN_POINT('',(28.,58.,6.65));
#10421 = DIRECTION('',(0.,0.,1.));
#10422 = DIRECTION('',(1.,0.,-0.));
#10423 = DEFINITIONAL_REPRESENTATION('',(#10424),#10428);
#10424 = CIRCLE('',#10425,1.9);
#10425 = AXIS2_PLACEMENT_2D('',#10426,#10427);
#10426 = CARTESIAN_POINT('',(2.249079165361E-16,-1.023653692829E-16));
#10427 = DIRECTION('',(1.,0.));
#10428 = ( GEOMETRIC_REPRESENTATION_CONTEXT(2) 
PARAMETRIC_REPRESENTATION_CONTEXT() REPRESENTATION_CONTEXT('2D SPACE',''
  ) );
#10429 = ORIENTED_EDGE('',*,*,#10430,.T.);
#10430 = EDGE_CURVE('',#10402,#10366,#10431,.T.);
#10431 = SEAM_CURVE('',#10432,(#10436,#10443),.PCURVE_S1.);
#10432 = LINE('',#10433,#10434);
#10433 = CARTESIAN_POINT('',(29.9,58.,6.65));
#10434 = VECTOR('',#10435,1.);
#10435 = DIRECTION('',(0.,0.,1.));
#10436 = PCURVE('',#10386,#10437);
#10437 = DEFINITIONAL_REPRESENTATION('',(#10438),#10442);
#10438 = LINE('',#10439,#10440);
#10439 = CARTESIAN_POINT('',(-6.28318530718,0.));
#10440 = VECTOR('',#10441,1.);
#10441 = DIRECTION('',(-0.,-1.));
#10442 = ( GEOMETRIC_REPRESENTATION_CONTEXT(2) 
PARAMETRIC_REPRESENTATION_CONTEXT() REPRESENTATION_CONTEXT('2D SPACE',''
  ) );
#10443 = PCURVE('',#10386,#10444);
#10444 = DEFINITIONAL_REPRESENTATION('',(#10445),#10449);
#10445 = LINE('',#10446,#10447);
#10446 = CARTESIAN_POINT('',(-0.,0.));
#10447 = VECTOR('',#10448,1.);
#10448 = DIRECTION('',(-0.,-1.));
#10449 = ( GEOMETRIC_REPRESENTATION_CONTEXT(2) 
PARAMETRIC_REPRESENTATION_CONTEXT() REPRESENTATION_CONTEXT('2D SPACE',''
  ) );
#10450 = ORIENTED_EDGE('',*,*,#10365,.F.);
#10451 = ORIENTED_EDGE('',*,*,#10430,.F.);
#10452 = ADVANCED_FACE('',(#10453,#10456),#10418,.T.);
#10453 = FACE_BOUND('',#10454,.T.);
#10454 = EDGE_LOOP('',(#10455));
#10455 = ORIENTED_EDGE('',*,*,#10401,.T.);
#10456 = FACE_BOUND('',#10457,.T.);
#10457 = EDGE_LOOP('',(#10458));
#10458 = ORIENTED_EDGE('',*,*,#10459,.T.);
#10459 = EDGE_CURVE('',#10460,#10460,#10462,.T.);
#10460 = VERTEX_POINT('',#10461);
#10461 = CARTESIAN_POINT('',(29.6,58.,6.65));
#10462 = SURFACE_CURVE('',#10463,(#10468,#10479),.PCURVE_S1.);
#10463 = CIRCLE('',#10464,1.6);
#10464 = AXIS2_PLACEMENT_3D('',#10465,#10466,#10467);
#10465 = CARTESIAN_POINT('',(28.,58.,6.65));
#10466 = DIRECTION('',(0.,-0.,-1.));
#10467 = DIRECTION('',(1.,0.,-0.));
#10468 = PCURVE('',#10418,#10469);
#10469 = DEFINITIONAL_REPRESENTATION('',(#10470),#10478);
#10470 = ( BOUNDED_CURVE() B_SPLINE_CURVE(2,(#10471,#10472,#10473,#10474
    ,#10475,#10476,#10477),.UNSPECIFIED.,.T.,.F.) 
B_SPLINE_CURVE_WITH_KNOTS((1,2,2,2,2,1),(-2.094395102393,0.,
    2.094395102393,4.188790204786,6.28318530718,8.377580409573),
.UNSPECIFIED.) CURVE() GEOMETRIC_REPRESENTATION_ITEM() 
RATIONAL_B_SPLINE_CURVE((1.,0.5,1.,0.5,1.,0.5,1.)) REPRESENTATION_ITEM(
  '') );
#10471 = CARTESIAN_POINT('',(1.6,0.));
#10472 = CARTESIAN_POINT('',(1.6,-2.77128129211));
#10473 = CARTESIAN_POINT('',(-0.8,-1.385640646055));
#10474 = CARTESIAN_POINT('',(-3.2,-3.918869757272E-16));
#10475 = CARTESIAN_POINT('',(-0.8,1.385640646055));
#10476 = CARTESIAN_POINT('',(1.6,2.77128129211));
#10477 = CARTESIAN_POINT('',(1.6,0.));
#10478 = ( GEOMETRIC_REPRESENTATION_CONTEXT(2) 
PARAMETRIC_REPRESENTATION_CONTEXT() REPRESENTATION_CONTEXT('2D SPACE',''
  ) );
#10479 = PCURVE('',#10480,#10485);
#10480 = CYLINDRICAL_SURFACE('',#10481,1.6);
#10481 = AXIS2_PLACEMENT_3D('',#10482,#10483,#10484);
#10482 = CARTESIAN_POINT('',(28.,58.,2.25));
#10483 = DIRECTION('',(-0.,-0.,-1.));
#10484 = DIRECTION('',(1.,0.,-0.));
#10485 = DEFINITIONAL_REPRESENTATION('',(#10486),#10490);
#10486 = LINE('',#10487,#10488);
#10487 = CARTESIAN_POINT('',(-6.28318530718,-4.4));
#10488 = VECTOR('',#10489,1.);
#10489 = DIRECTION('',(1.,-0.));
#10490 = ( GEOMETRIC_REPRESENTATION_CONTEXT(2) 
PARAMETRIC_REPRESENTATION_CONTEXT() REPRESENTATION_CONTEXT('2D SPACE',''
  ) );
#10491 = ADVANCED_FACE('',(#10492),#10480,.F.);
#10492 = FACE_BOUND('',#10493,.T.);
#10493 = EDGE_LOOP('',(#10494,#10517,#10544,#10545));
#10494 = ORIENTED_EDGE('',*,*,#10495,.F.);
#10495 = EDGE_CURVE('',#10496,#10460,#10498,.T.);
#10496 = VERTEX_POINT('',#10497);
#10497 = CARTESIAN_POINT('',(29.6,58.,2.25));
#10498 = SEAM_CURVE('',#10499,(#10503,#10510),.PCURVE_S1.);
#10499 = LINE('',#10500,#10501);
#10500 = CARTESIAN_POINT('',(29.6,58.,2.25));
#10501 = VECTOR('',#10502,1.);
#10502 = DIRECTION('',(0.,0.,1.));
#10503 = PCURVE('',#10480,#10504);
#10504 = DEFINITIONAL_REPRESENTATION('',(#10505),#10509);
#10505 = LINE('',#10506,#10507);
#10506 = CARTESIAN_POINT('',(-6.28318530718,0.));
#10507 = VECTOR('',#10508,1.);
#10508 = DIRECTION('',(-0.,-1.));
#10509 = ( GEOMETRIC_REPRESENTATION_CONTEXT(2) 
PARAMETRIC_REPRESENTATION_CONTEXT() REPRESENTATION_CONTEXT('2D SPACE',''
  ) );
#10510 = PCURVE('',#10480,#10511);
#10511 = DEFINITIONAL_REPRESENTATION('',(#10512),#10516);
#10512 = LINE('',#10513,#10514);
#10513 = CARTESIAN_POINT('',(-0.,0.));
#10514 = VECTOR('',#10515,1.);
#10515 = DIRECTION('',(-0.,-1.));
#10516 = ( GEOMETRIC_REPRESENTATION_CONTEXT(2) 
PARAMETRIC_REPRESENTATION_CONTEXT() REPRESENTATION_CONTEXT('2D SPACE',''
  ) );
#10517 = ORIENTED_EDGE('',*,*,#10518,.F.);
#10518 = EDGE_CURVE('',#10496,#10496,#10519,.T.);
#10519 = SURFACE_CURVE('',#10520,(#10525,#10532),.PCURVE_S1.);
#10520 = CIRCLE('',#10521,1.6);
#10521 = AXIS2_PLACEMENT_3D('',#10522,#10523,#10524);
#10522 = CARTESIAN_POINT('',(28.,58.,2.25));
#10523 = DIRECTION('',(0.,0.,1.));
#10524 = DIRECTION('',(1.,0.,-0.));
#10525 = PCURVE('',#10480,#10526);
#10526 = DEFINITIONAL_REPRESENTATION('',(#10527),#10531);
#10527 = LINE('',#10528,#10529);
#10528 = CARTESIAN_POINT('',(-0.,0.));
#10529 = VECTOR('',#10530,1.);
#10530 = DIRECTION('',(-1.,0.));
#10531 = ( GEOMETRIC_REPRESENTATION_CONTEXT(2) 
PARAMETRIC_REPRESENTATION_CONTEXT() REPRESENTATION_CONTEXT('2D SPACE',''
  ) );
#10532 = PCURVE('',#10533,#10538);
#10533 = PLANE('',#10534);
#10534 = AXIS2_PLACEMENT_3D('',#10535,#10536,#10537);
#10535 = CARTESIAN_POINT('',(28.,58.,2.25));
#10536 = DIRECTION('',(0.,0.,1.));
#10537 = DIRECTION('',(1.,0.,-0.));
#10538 = DEFINITIONAL_REPRESENTATION('',(#10539),#10543);
#10539 = CIRCLE('',#10540,1.6);
#10540 = AXIS2_PLACEMENT_2D('',#10541,#10542);
#10541 = CARTESIAN_POINT('',(1.068312603546E-16,-1.483480247548E-16));
#10542 = DIRECTION('',(1.,0.));
#10543 = ( GEOMETRIC_REPRESENTATION_CONTEXT(2) 
PARAMETRIC_REPRESENTATION_CONTEXT() REPRESENTATION_CONTEXT('2D SPACE',''
  ) );
#10544 = ORIENTED_EDGE('',*,*,#10495,.T.);
#10545 = ORIENTED_EDGE('',*,*,#10459,.F.);
#10546 = ADVANCED_FACE('',(#10547),#10533,.T.);
#10547 = FACE_BOUND('',#10548,.T.);
#10548 = EDGE_LOOP('',(#10549));
#10549 = ORIENTED_EDGE('',*,*,#10518,.T.);
#10550 = ADVANCED_FACE('',(#10551),#10351,.F.);
#10551 = FACE_BOUND('',#10552,.T.);
#10552 = EDGE_LOOP('',(#10553,#10582,#10603,#10604));
#10553 = ORIENTED_EDGE('',*,*,#10554,.F.);
#10554 = EDGE_CURVE('',#10555,#10555,#10557,.T.);
#10555 = VERTEX_POINT('',#10556);
#10556 = CARTESIAN_POINT('',(-26.1,58.,6.65));
#10557 = SURFACE_CURVE('',#10558,(#10563,#10570),.PCURVE_S1.);
#10558 = CIRCLE('',#10559,1.9);
#10559 = AXIS2_PLACEMENT_3D('',#10560,#10561,#10562);
#10560 = CARTESIAN_POINT('',(-28.,58.,6.65));
#10561 = DIRECTION('',(0.,0.,1.));
#10562 = DIRECTION('',(1.,0.,-0.));
#10563 = PCURVE('',#10351,#10564);
#10564 = DEFINITIONAL_REPRESENTATION('',(#10565),#10569);
#10565 = LINE('',#10566,#10567);
#10566 = CARTESIAN_POINT('',(-0.,0.));
#10567 = VECTOR('',#10568,1.);
#10568 = DIRECTION('',(-1.,0.));
#10569 = ( GEOMETRIC_REPRESENTATION_CONTEXT(2) 
PARAMETRIC_REPRESENTATION_CONTEXT() REPRESENTATION_CONTEXT('2D SPACE',''
  ) );
#10570 = PCURVE('',#10571,#10576);
#10571 = PLANE('',#10572);
#10572 = AXIS2_PLACEMENT_3D('',#10573,#10574,#10575);
#10573 = CARTESIAN_POINT('',(-28.,58.,6.65));
#10574 = DIRECTION('',(0.,0.,1.));
#10575 = DIRECTION('',(1.,0.,-0.));
#10576 = DEFINITIONAL_REPRESENTATION('',(#10577),#10581);
#10577 = CIRCLE('',#10578,1.9);
#10578 = AXIS2_PLACEMENT_2D('',#10579,#10580);
#10579 = CARTESIAN_POINT('',(2.249079165361E-16,-1.023653692829E-16));
#10580 = DIRECTION('',(1.,0.));
#10581 = ( GEOMETRIC_REPRESENTATION_CONTEXT(2) 
PARAMETRIC_REPRESENTATION_CONTEXT() REPRESENTATION_CONTEXT('2D SPACE',''
  ) );
#10582 = ORIENTED_EDGE('',*,*,#10583,.T.);
#10583 = EDGE_CURVE('',#10555,#10331,#10584,.T.);
#10584 = SEAM_CURVE('',#10585,(#10589,#10596),.PCURVE_S1.);
#10585 = LINE('',#10586,#10587);
#10586 = CARTESIAN_POINT('',(-26.1,58.,6.65));
#10587 = VECTOR('',#10588,1.);
#10588 = DIRECTION('',(0.,0.,1.));
#10589 = PCURVE('',#10351,#10590);
#10590 = DEFINITIONAL_REPRESENTATION('',(#10591),#10595);
#10591 = LINE('',#10592,#10593);
#10592 = CARTESIAN_POINT('',(-6.28318530718,0.));
#10593 = VECTOR('',#10594,1.);
#10594 = DIRECTION('',(-0.,-1.));
#10595 = ( GEOMETRIC_REPRESENTATION_CONTEXT(2) 
PARAMETRIC_REPRESENTATION_CONTEXT() REPRESENTATION_CONTEXT('2D SPACE',''
  ) );
#10596 = PCURVE('',#10351,#10597);
#10597 = DEFINITIONAL_REPRESENTATION('',(#10598),#10602);
#10598 = LINE('',#10599,#10600);
#10599 = CARTESIAN_POINT('',(-0.,0.));
#10600 = VECTOR('',#10601,1.);
#10601 = DIRECTION('',(-0.,-1.));
#10602 = ( GEOMETRIC_REPRESENTATION_CONTEXT(2) 
PARAMETRIC_REPRESENTATION_CONTEXT() REPRESENTATION_CONTEXT('2D SPACE',''
  ) );
#10603 = ORIENTED_EDGE('',*,*,#10330,.F.);
#10604 = ORIENTED_EDGE('',*,*,#10583,.F.);
#10605 = ADVANCED_FACE('',(#10606,#10609),#10571,.T.);
#10606 = FACE_BOUND('',#10607,.T.);
#10607 = EDGE_LOOP('',(#10608));
#10608 = ORIENTED_EDGE('',*,*,#10554,.T.);
#10609 = FACE_BOUND('',#10610,.T.);
#10610 = EDGE_LOOP('',(#10611));
#10611 = ORIENTED_EDGE('',*,*,#10612,.T.);
#10612 = EDGE_CURVE('',#10613,#10613,#10615,.T.);
#10613 = VERTEX_POINT('',#10614);
#10614 = CARTESIAN_POINT('',(-26.4,58.,6.65));
#10615 = SURFACE_CURVE('',#10616,(#10621,#10632),.PCURVE_S1.);
#10616 = CIRCLE('',#10617,1.6);
#10617 = AXIS2_PLACEMENT_3D('',#10618,#10619,#10620);
#10618 = CARTESIAN_POINT('',(-28.,58.,6.65));
#10619 = DIRECTION('',(0.,-0.,-1.));
#10620 = DIRECTION('',(1.,0.,-0.));
#10621 = PCURVE('',#10571,#10622);
#10622 = DEFINITIONAL_REPRESENTATION('',(#10623),#10631);
#10623 = ( BOUNDED_CURVE() B_SPLINE_CURVE(2,(#10624,#10625,#10626,#10627
    ,#10628,#10629,#10630),.UNSPECIFIED.,.T.,.F.) 
B_SPLINE_CURVE_WITH_KNOTS((1,2,2,2,2,1),(-2.094395102393,0.,
    2.094395102393,4.188790204786,6.28318530718,8.377580409573),
.UNSPECIFIED.) CURVE() GEOMETRIC_REPRESENTATION_ITEM() 
RATIONAL_B_SPLINE_CURVE((1.,0.5,1.,0.5,1.,0.5,1.)) REPRESENTATION_ITEM(
  '') );
#10624 = CARTESIAN_POINT('',(1.6,0.));
#10625 = CARTESIAN_POINT('',(1.6,-2.77128129211));
#10626 = CARTESIAN_POINT('',(-0.8,-1.385640646055));
#10627 = CARTESIAN_POINT('',(-3.2,-3.918869757272E-16));
#10628 = CARTESIAN_POINT('',(-0.8,1.385640646055));
#10629 = CARTESIAN_POINT('',(1.6,2.77128129211));
#10630 = CARTESIAN_POINT('',(1.6,0.));
#10631 = ( GEOMETRIC_REPRESENTATION_CONTEXT(2) 
PARAMETRIC_REPRESENTATION_CONTEXT() REPRESENTATION_CONTEXT('2D SPACE',''
  ) );
#10632 = PCURVE('',#10633,#10638);
#10633 = CYLINDRICAL_SURFACE('',#10634,1.6);
#10634 = AXIS2_PLACEMENT_3D('',#10635,#10636,#10637);
#10635 = CARTESIAN_POINT('',(-28.,58.,2.25));
#10636 = DIRECTION('',(-0.,-0.,-1.));
#10637 = DIRECTION('',(1.,0.,-0.));
#10638 = DEFINITIONAL_REPRESENTATION('',(#10639),#10643);
#10639 = LINE('',#10640,#10641);
#10640 = CARTESIAN_POINT('',(-6.28318530718,-4.4));
#10641 = VECTOR('',#10642,1.);
#10642 = DIRECTION('',(1.,-0.));
#10643 = ( GEOMETRIC_REPRESENTATION_CONTEXT(2) 
PARAMETRIC_REPRESENTATION_CONTEXT() REPRESENTATION_CONTEXT('2D SPACE',''
  ) );
#10644 = ADVANCED_FACE('',(#10645),#10633,.F.);
#10645 = FACE_BOUND('',#10646,.T.);
#10646 = EDGE_LOOP('',(#10647,#10670,#10697,#10698));
#10647 = ORIENTED_EDGE('',*,*,#10648,.F.);
#10648 = EDGE_CURVE('',#10649,#10613,#10651,.T.);
#10649 = VERTEX_POINT('',#10650);
#10650 = CARTESIAN_POINT('',(-26.4,58.,2.25));
#10651 = SEAM_CURVE('',#10652,(#10656,#10663),.PCURVE_S1.);
#10652 = LINE('',#10653,#10654);
#10653 = CARTESIAN_POINT('',(-26.4,58.,2.25));
#10654 = VECTOR('',#10655,1.);
#10655 = DIRECTION('',(0.,0.,1.));
#10656 = PCURVE('',#10633,#10657);
#10657 = DEFINITIONAL_REPRESENTATION('',(#10658),#10662);
#10658 = LINE('',#10659,#10660);
#10659 = CARTESIAN_POINT('',(-6.28318530718,0.));
#10660 = VECTOR('',#10661,1.);
#10661 = DIRECTION('',(-0.,-1.));
#10662 = ( GEOMETRIC_REPRESENTATION_CONTEXT(2) 
PARAMETRIC_REPRESENTATION_CONTEXT() REPRESENTATION_CONTEXT('2D SPACE',''
  ) );
#10663 = PCURVE('',#10633,#10664);
#10664 = DEFINITIONAL_REPRESENTATION('',(#10665),#10669);
#10665 = LINE('',#10666,#10667);
#10666 = CARTESIAN_POINT('',(-0.,0.));
#10667 = VECTOR('',#10668,1.);
#10668 = DIRECTION('',(-0.,-1.));
#10669 = ( GEOMETRIC_REPRESENTATION_CONTEXT(2) 
PARAMETRIC_REPRESENTATION_CONTEXT() REPRESENTATION_CONTEXT('2D SPACE',''
  ) );
#10670 = ORIENTED_EDGE('',*,*,#10671,.F.);
#10671 = EDGE_CURVE('',#10649,#10649,#10672,.T.);
#10672 = SURFACE_CURVE('',#10673,(#10678,#10685),.PCURVE_S1.);
#10673 = CIRCLE('',#10674,1.6);
#10674 = AXIS2_PLACEMENT_3D('',#10675,#10676,#10677);
#10675 = CARTESIAN_POINT('',(-28.,58.,2.25));
#10676 = DIRECTION('',(0.,0.,1.));
#10677 = DIRECTION('',(1.,0.,-0.));
#10678 = PCURVE('',#10633,#10679);
#10679 = DEFINITIONAL_REPRESENTATION('',(#10680),#10684);
#10680 = LINE('',#10681,#10682);
#10681 = CARTESIAN_POINT('',(-0.,0.));
#10682 = VECTOR('',#10683,1.);
#10683 = DIRECTION('',(-1.,0.));
#10684 = ( GEOMETRIC_REPRESENTATION_CONTEXT(2) 
PARAMETRIC_REPRESENTATION_CONTEXT() REPRESENTATION_CONTEXT('2D SPACE',''
  ) );
#10685 = PCURVE('',#10686,#10691);
#10686 = PLANE('',#10687);
#10687 = AXIS2_PLACEMENT_3D('',#10688,#10689,#10690);
#10688 = CARTESIAN_POINT('',(-28.,58.,2.25));
#10689 = DIRECTION('',(0.,0.,1.));
#10690 = DIRECTION('',(1.,0.,-0.));
#10691 = DEFINITIONAL_REPRESENTATION('',(#10692),#10696);
#10692 = CIRCLE('',#10693,1.6);
#10693 = AXIS2_PLACEMENT_2D('',#10694,#10695);
#10694 = CARTESIAN_POINT('',(1.068312603546E-16,-1.483480247548E-16));
#10695 = DIRECTION('',(1.,0.));
#10696 = ( GEOMETRIC_REPRESENTATION_CONTEXT(2) 
PARAMETRIC_REPRESENTATION_CONTEXT() REPRESENTATION_CONTEXT('2D SPACE',''
  ) );
#10697 = ORIENTED_EDGE('',*,*,#10648,.T.);
#10698 = ORIENTED_EDGE('',*,*,#10612,.F.);
#10699 = ADVANCED_FACE('',(#10700),#10686,.T.);
#10700 = FACE_BOUND('',#10701,.T.);
#10701 = EDGE_LOOP('',(#10702));
#10702 = ORIENTED_EDGE('',*,*,#10671,.T.);
#10703 = ADVANCED_FACE('',(#10704),#10316,.F.);
#10704 = FACE_BOUND('',#10705,.T.);
#10705 = EDGE_LOOP('',(#10706,#10735,#10756,#10757));
#10706 = ORIENTED_EDGE('',*,*,#10707,.F.);
#10707 = EDGE_CURVE('',#10708,#10708,#10710,.T.);
#10708 = VERTEX_POINT('',#10709);
#10709 = CARTESIAN_POINT('',(29.9,-58.,6.65));
#10710 = SURFACE_CURVE('',#10711,(#10716,#10723),.PCURVE_S1.);
#10711 = CIRCLE('',#10712,1.9);
#10712 = AXIS2_PLACEMENT_3D('',#10713,#10714,#10715);
#10713 = CARTESIAN_POINT('',(28.,-58.,6.65));
#10714 = DIRECTION('',(0.,0.,1.));
#10715 = DIRECTION('',(1.,0.,-0.));
#10716 = PCURVE('',#10316,#10717);
#10717 = DEFINITIONAL_REPRESENTATION('',(#10718),#10722);
#10718 = LINE('',#10719,#10720);
#10719 = CARTESIAN_POINT('',(-0.,0.));
#10720 = VECTOR('',#10721,1.);
#10721 = DIRECTION('',(-1.,0.));
#10722 = ( GEOMETRIC_REPRESENTATION_CONTEXT(2) 
PARAMETRIC_REPRESENTATION_CONTEXT() REPRESENTATION_CONTEXT('2D SPACE',''
  ) );
#10723 = PCURVE('',#10724,#10729);
#10724 = PLANE('',#10725);
#10725 = AXIS2_PLACEMENT_3D('',#10726,#10727,#10728);
#10726 = CARTESIAN_POINT('',(28.,-58.,6.65));
#10727 = DIRECTION('',(0.,0.,1.));
#10728 = DIRECTION('',(1.,0.,-0.));
#10729 = DEFINITIONAL_REPRESENTATION('',(#10730),#10734);
#10730 = CIRCLE('',#10731,1.9);
#10731 = AXIS2_PLACEMENT_2D('',#10732,#10733);
#10732 = CARTESIAN_POINT('',(2.249079165361E-16,-1.023653692829E-16));
#10733 = DIRECTION('',(1.,0.));
#10734 = ( GEOMETRIC_REPRESENTATION_CONTEXT(2) 
PARAMETRIC_REPRESENTATION_CONTEXT() REPRESENTATION_CONTEXT('2D SPACE',''
  ) );
#10735 = ORIENTED_EDGE('',*,*,#10736,.T.);
#10736 = EDGE_CURVE('',#10708,#10296,#10737,.T.);
#10737 = SEAM_CURVE('',#10738,(#10742,#10749),.PCURVE_S1.);
#10738 = LINE('',#10739,#10740);
#10739 = CARTESIAN_POINT('',(29.9,-58.,6.65));
#10740 = VECTOR('',#10741,1.);
#10741 = DIRECTION('',(0.,0.,1.));
#10742 = PCURVE('',#10316,#10743);
#10743 = DEFINITIONAL_REPRESENTATION('',(#10744),#10748);
#10744 = LINE('',#10745,#10746);
#10745 = CARTESIAN_POINT('',(-6.28318530718,0.));
#10746 = VECTOR('',#10747,1.);
#10747 = DIRECTION('',(-0.,-1.));
#10748 = ( GEOMETRIC_REPRESENTATION_CONTEXT(2) 
PARAMETRIC_REPRESENTATION_CONTEXT() REPRESENTATION_CONTEXT('2D SPACE',''
  ) );
#10749 = PCURVE('',#10316,#10750);
#10750 = DEFINITIONAL_REPRESENTATION('',(#10751),#10755);
#10751 = LINE('',#10752,#10753);
#10752 = CARTESIAN_POINT('',(-0.,0.));
#10753 = VECTOR('',#10754,1.);
#10754 = DIRECTION('',(-0.,-1.));
#10755 = ( GEOMETRIC_REPRESENTATION_CONTEXT(2) 
PARAMETRIC_REPRESENTATION_CONTEXT() REPRESENTATION_CONTEXT('2D SPACE',''
  ) );
#10756 = ORIENTED_EDGE('',*,*,#10295,.F.);
#10757 = ORIENTED_EDGE('',*,*,#10736,.F.);
#10758 = ADVANCED_FACE('',(#10759,#10762),#10724,.T.);
#10759 = FACE_BOUND('',#10760,.T.);
#10760 = EDGE_LOOP('',(#10761));
#10761 = ORIENTED_EDGE('',*,*,#10707,.T.);
#10762 = FACE_BOUND('',#10763,.T.);
#10763 = EDGE_LOOP('',(#10764));
#10764 = ORIENTED_EDGE('',*,*,#10765,.T.);
#10765 = EDGE_CURVE('',#10766,#10766,#10768,.T.);
#10766 = VERTEX_POINT('',#10767);
#10767 = CARTESIAN_POINT('',(29.6,-58.,6.65));
#10768 = SURFACE_CURVE('',#10769,(#10774,#10785),.PCURVE_S1.);
#10769 = CIRCLE('',#10770,1.6);
#10770 = AXIS2_PLACEMENT_3D('',#10771,#10772,#10773);
#10771 = CARTESIAN_POINT('',(28.,-58.,6.65));
#10772 = DIRECTION('',(0.,-0.,-1.));
#10773 = DIRECTION('',(1.,0.,-0.));
#10774 = PCURVE('',#10724,#10775);
#10775 = DEFINITIONAL_REPRESENTATION('',(#10776),#10784);
#10776 = ( BOUNDED_CURVE() B_SPLINE_CURVE(2,(#10777,#10778,#10779,#10780
    ,#10781,#10782,#10783),.UNSPECIFIED.,.T.,.F.) 
B_SPLINE_CURVE_WITH_KNOTS((1,2,2,2,2,1),(-2.094395102393,0.,
    2.094395102393,4.188790204786,6.28318530718,8.377580409573),
.UNSPECIFIED.) CURVE() GEOMETRIC_REPRESENTATION_ITEM() 
RATIONAL_B_SPLINE_CURVE((1.,0.5,1.,0.5,1.,0.5,1.)) REPRESENTATION_ITEM(
  '') );
#10777 = CARTESIAN_POINT('',(1.6,0.));
#10778 = CARTESIAN_POINT('',(1.6,-2.77128129211));
#10779 = CARTESIAN_POINT('',(-0.8,-1.385640646055));
#10780 = CARTESIAN_POINT('',(-3.2,-3.918869757272E-16));
#10781 = CARTESIAN_POINT('',(-0.8,1.385640646055));
#10782 = CARTESIAN_POINT('',(1.6,2.77128129211));
#10783 = CARTESIAN_POINT('',(1.6,0.));
#10784 = ( GEOMETRIC_REPRESENTATION_CONTEXT(2) 
PARAMETRIC_REPRESENTATION_CONTEXT() REPRESENTATION_CONTEXT('2D SPACE',''
  ) );
#10785 = PCURVE('',#10786,#10791);
#10786 = CYLINDRICAL_SURFACE('',#10787,1.6);
#10787 = AXIS2_PLACEMENT_3D('',#10788,#10789,#10790);
#10788 = CARTESIAN_POINT('',(28.,-58.,2.25));
#10789 = DIRECTION('',(-0.,-0.,-1.));
#10790 = DIRECTION('',(1.,0.,-0.));
#10791 = DEFINITIONAL_REPRESENTATION('',(#10792),#10796);
#10792 = LINE('',#10793,#10794);
#10793 = CARTESIAN_POINT('',(-6.28318530718,-4.4));
#10794 = VECTOR('',#10795,1.);
#10795 = DIRECTION('',(1.,-0.));
#10796 = ( GEOMETRIC_REPRESENTATION_CONTEXT(2) 
PARAMETRIC_REPRESENTATION_CONTEXT() REPRESENTATION_CONTEXT('2D SPACE',''
  ) );
#10797 = ADVANCED_FACE('',(#10798),#10786,.F.);
#10798 = FACE_BOUND('',#10799,.T.);
#10799 = EDGE_LOOP('',(#10800,#10823,#10850,#10851));
#10800 = ORIENTED_EDGE('',*,*,#10801,.F.);
#10801 = EDGE_CURVE('',#10802,#10766,#10804,.T.);
#10802 = VERTEX_POINT('',#10803);
#10803 = CARTESIAN_POINT('',(29.6,-58.,2.25));
#10804 = SEAM_CURVE('',#10805,(#10809,#10816),.PCURVE_S1.);
#10805 = LINE('',#10806,#10807);
#10806 = CARTESIAN_POINT('',(29.6,-58.,2.25));
#10807 = VECTOR('',#10808,1.);
#10808 = DIRECTION('',(0.,0.,1.));
#10809 = PCURVE('',#10786,#10810);
#10810 = DEFINITIONAL_REPRESENTATION('',(#10811),#10815);
#10811 = LINE('',#10812,#10813);
#10812 = CARTESIAN_POINT('',(-6.28318530718,0.));
#10813 = VECTOR('',#10814,1.);
#10814 = DIRECTION('',(-0.,-1.));
#10815 = ( GEOMETRIC_REPRESENTATION_CONTEXT(2) 
PARAMETRIC_REPRESENTATION_CONTEXT() REPRESENTATION_CONTEXT('2D SPACE',''
  ) );
#10816 = PCURVE('',#10786,#10817);
#10817 = DEFINITIONAL_REPRESENTATION('',(#10818),#10822);
#10818 = LINE('',#10819,#10820);
#10819 = CARTESIAN_POINT('',(-0.,0.));
#10820 = VECTOR('',#10821,1.);
#10821 = DIRECTION('',(-0.,-1.));
#10822 = ( GEOMETRIC_REPRESENTATION_CONTEXT(2) 
PARAMETRIC_REPRESENTATION_CONTEXT() REPRESENTATION_CONTEXT('2D SPACE',''
  ) );
#10823 = ORIENTED_EDGE('',*,*,#10824,.F.);
#10824 = EDGE_CURVE('',#10802,#10802,#10825,.T.);
#10825 = SURFACE_CURVE('',#10826,(#10831,#10838),.PCURVE_S1.);
#10826 = CIRCLE('',#10827,1.6);
#10827 = AXIS2_PLACEMENT_3D('',#10828,#10829,#10830);
#10828 = CARTESIAN_POINT('',(28.,-58.,2.25));
#10829 = DIRECTION('',(0.,0.,1.));
#10830 = DIRECTION('',(1.,0.,-0.));
#10831 = PCURVE('',#10786,#10832);
#10832 = DEFINITIONAL_REPRESENTATION('',(#10833),#10837);
#10833 = LINE('',#10834,#10835);
#10834 = CARTESIAN_POINT('',(-0.,0.));
#10835 = VECTOR('',#10836,1.);
#10836 = DIRECTION('',(-1.,0.));
#10837 = ( GEOMETRIC_REPRESENTATION_CONTEXT(2) 
PARAMETRIC_REPRESENTATION_CONTEXT() REPRESENTATION_CONTEXT('2D SPACE',''
  ) );
#10838 = PCURVE('',#10839,#10844);
#10839 = PLANE('',#10840);
#10840 = AXIS2_PLACEMENT_3D('',#10841,#10842,#10843);
#10841 = CARTESIAN_POINT('',(28.,-58.,2.25));
#10842 = DIRECTION('',(0.,0.,1.));
#10843 = DIRECTION('',(1.,0.,-0.));
#10844 = DEFINITIONAL_REPRESENTATION('',(#10845),#10849);
#10845 = CIRCLE('',#10846,1.6);
#10846 = AXIS2_PLACEMENT_2D('',#10847,#10848);
#10847 = CARTESIAN_POINT('',(1.068312603546E-16,-1.483480247548E-16));
#10848 = DIRECTION('',(1.,0.));
#10849 = ( GEOMETRIC_REPRESENTATION_CONTEXT(2) 
PARAMETRIC_REPRESENTATION_CONTEXT() REPRESENTATION_CONTEXT('2D SPACE',''
  ) );
#10850 = ORIENTED_EDGE('',*,*,#10801,.T.);
#10851 = ORIENTED_EDGE('',*,*,#10765,.F.);
#10852 = ADVANCED_FACE('',(#10853),#10839,.T.);
#10853 = FACE_BOUND('',#10854,.T.);
#10854 = EDGE_LOOP('',(#10855));
#10855 = ORIENTED_EDGE('',*,*,#10824,.T.);
#10856 = ADVANCED_FACE('',(#10857),#10281,.F.);
#10857 = FACE_BOUND('',#10858,.T.);
#10858 = EDGE_LOOP('',(#10859,#10888,#10909,#10910));
#10859 = ORIENTED_EDGE('',*,*,#10860,.F.);
#10860 = EDGE_CURVE('',#10861,#10861,#10863,.T.);
#10861 = VERTEX_POINT('',#10862);
#10862 = CARTESIAN_POINT('',(-26.1,-58.,6.65));
#10863 = SURFACE_CURVE('',#10864,(#10869,#10876),.PCURVE_S1.);
#10864 = CIRCLE('',#10865,1.9);
#10865 = AXIS2_PLACEMENT_3D('',#10866,#10867,#10868);
#10866 = CARTESIAN_POINT('',(-28.,-58.,6.65));
#10867 = DIRECTION('',(0.,0.,1.));
#10868 = DIRECTION('',(1.,0.,-0.));
#10869 = PCURVE('',#10281,#10870);
#10870 = DEFINITIONAL_REPRESENTATION('',(#10871),#10875);
#10871 = LINE('',#10872,#10873);
#10872 = CARTESIAN_POINT('',(-0.,0.));
#10873 = VECTOR('',#10874,1.);
#10874 = DIRECTION('',(-1.,0.));
#10875 = ( GEOMETRIC_REPRESENTATION_CONTEXT(2) 
PARAMETRIC_REPRESENTATION_CONTEXT() REPRESENTATION_CONTEXT('2D SPACE',''
  ) );
#10876 = PCURVE('',#10877,#10882);
#10877 = PLANE('',#10878);
#10878 = AXIS2_PLACEMENT_3D('',#10879,#10880,#10881);
#10879 = CARTESIAN_POINT('',(-28.,-58.,6.65));
#10880 = DIRECTION('',(0.,0.,1.));
#10881 = DIRECTION('',(1.,0.,-0.));
#10882 = DEFINITIONAL_REPRESENTATION('',(#10883),#10887);
#10883 = CIRCLE('',#10884,1.9);
#10884 = AXIS2_PLACEMENT_2D('',#10885,#10886);
#10885 = CARTESIAN_POINT('',(2.249079165361E-16,-1.023653692829E-16));
#10886 = DIRECTION('',(1.,0.));
#10887 = ( GEOMETRIC_REPRESENTATION_CONTEXT(2) 
PARAMETRIC_REPRESENTATION_CONTEXT() REPRESENTATION_CONTEXT('2D SPACE',''
  ) );
#10888 = ORIENTED_EDGE('',*,*,#10889,.T.);
#10889 = EDGE_CURVE('',#10861,#10261,#10890,.T.);
#10890 = SEAM_CURVE('',#10891,(#10895,#10902),.PCURVE_S1.);
#10891 = LINE('',#10892,#10893);
#10892 = CARTESIAN_POINT('',(-26.1,-58.,6.65));
#10893 = VECTOR('',#10894,1.);
#10894 = DIRECTION('',(0.,0.,1.));
#10895 = PCURVE('',#10281,#10896);
#10896 = DEFINITIONAL_REPRESENTATION('',(#10897),#10901);
#10897 = LINE('',#10898,#10899);
#10898 = CARTESIAN_POINT('',(-6.28318530718,0.));
#10899 = VECTOR('',#10900,1.);
#10900 = DIRECTION('',(-0.,-1.));
#10901 = ( GEOMETRIC_REPRESENTATION_CONTEXT(2) 
PARAMETRIC_REPRESENTATION_CONTEXT() REPRESENTATION_CONTEXT('2D SPACE',''
  ) );
#10902 = PCURVE('',#10281,#10903);
#10903 = DEFINITIONAL_REPRESENTATION('',(#10904),#10908);
#10904 = LINE('',#10905,#10906);
#10905 = CARTESIAN_POINT('',(-0.,0.));
#10906 = VECTOR('',#10907,1.);
#10907 = DIRECTION('',(-0.,-1.));
#10908 = ( GEOMETRIC_REPRESENTATION_CONTEXT(2) 
PARAMETRIC_REPRESENTATION_CONTEXT() REPRESENTATION_CONTEXT('2D SPACE',''
  ) );
#10909 = ORIENTED_EDGE('',*,*,#10260,.F.);
#10910 = ORIENTED_EDGE('',*,*,#10889,.F.);
#10911 = ADVANCED_FACE('',(#10912,#10915),#10877,.T.);
#10912 = FACE_BOUND('',#10913,.T.);
#10913 = EDGE_LOOP('',(#10914));
#10914 = ORIENTED_EDGE('',*,*,#10860,.T.);
#10915 = FACE_BOUND('',#10916,.T.);
#10916 = EDGE_LOOP('',(#10917));
#10917 = ORIENTED_EDGE('',*,*,#10918,.T.);
#10918 = EDGE_CURVE('',#10919,#10919,#10921,.T.);
#10919 = VERTEX_POINT('',#10920);
#10920 = CARTESIAN_POINT('',(-26.4,-58.,6.65));
#10921 = SURFACE_CURVE('',#10922,(#10927,#10938),.PCURVE_S1.);
#10922 = CIRCLE('',#10923,1.6);
#10923 = AXIS2_PLACEMENT_3D('',#10924,#10925,#10926);
#10924 = CARTESIAN_POINT('',(-28.,-58.,6.65));
#10925 = DIRECTION('',(0.,-0.,-1.));
#10926 = DIRECTION('',(1.,0.,-0.));
#10927 = PCURVE('',#10877,#10928);
#10928 = DEFINITIONAL_REPRESENTATION('',(#10929),#10937);
#10929 = ( BOUNDED_CURVE() B_SPLINE_CURVE(2,(#10930,#10931,#10932,#10933
    ,#10934,#10935,#10936),.UNSPECIFIED.,.T.,.F.) 
B_SPLINE_CURVE_WITH_KNOTS((1,2,2,2,2,1),(-2.094395102393,0.,
    2.094395102393,4.188790204786,6.28318530718,8.377580409573),
.UNSPECIFIED.) CURVE() GEOMETRIC_REPRESENTATION_ITEM() 
RATIONAL_B_SPLINE_CURVE((1.,0.5,1.,0.5,1.,0.5,1.)) REPRESENTATION_ITEM(
  '') );
#10930 = CARTESIAN_POINT('',(1.6,0.));
#10931 = CARTESIAN_POINT('',(1.6,-2.77128129211));
#10932 = CARTESIAN_POINT('',(-0.8,-1.385640646055));
#10933 = CARTESIAN_POINT('',(-3.2,-3.918869757272E-16));
#10934 = CARTESIAN_POINT('',(-0.8,1.385640646055));
#10935 = CARTESIAN_POINT('',(1.6,2.77128129211));
#10936 = CARTESIAN_POINT('',(1.6,0.));
#10937 = ( GEOMETRIC_REPRESENTATION_CONTEXT(2) 
PARAMETRIC_REPRESENTATION_CONTEXT() REPRESENTATION_CONTEXT('2D SPACE',''
  ) );
#10938 = PCURVE('',#10939,#10944);
#10939 = CYLINDRICAL_SURFACE('',#10940,1.6);
#10940 = AXIS2_PLACEMENT_3D('',#10941,#10942,#10943);
#10941 = CARTESIAN_POINT('',(-28.,-58.,2.25));
#10942 = DIRECTION('',(-0.,-0.,-1.));
#10943 = DIRECTION('',(1.,0.,-0.));
#10944 = DEFINITIONAL_REPRESENTATION('',(#10945),#10949);
#10945 = LINE('',#10946,#10947);
#10946 = CARTESIAN_POINT('',(-6.28318530718,-4.4));
#10947 = VECTOR('',#10948,1.);
#10948 = DIRECTION('',(1.,-0.));
#10949 = ( GEOMETRIC_REPRESENTATION_CONTEXT(2) 
PARAMETRIC_REPRESENTATION_CONTEXT() REPRESENTATION_CONTEXT('2D SPACE',''
  ) );
#10950 = ADVANCED_FACE('',(#10951),#10939,.F.);
#10951 = FACE_BOUND('',#10952,.T.);
#10952 = EDGE_LOOP('',(#10953,#10976,#11003,#11004));
#10953 = ORIENTED_EDGE('',*,*,#10954,.F.);
#10954 = EDGE_CURVE('',#10955,#10919,#10957,.T.);
#10955 = VERTEX_POINT('',#10956);
#10956 = CARTESIAN_POINT('',(-26.4,-58.,2.25));
#10957 = SEAM_CURVE('',#10958,(#10962,#10969),.PCURVE_S1.);
#10958 = LINE('',#10959,#10960);
#10959 = CARTESIAN_POINT('',(-26.4,-58.,2.25));
#10960 = VECTOR('',#10961,1.);
#10961 = DIRECTION('',(0.,0.,1.));
#10962 = PCURVE('',#10939,#10963);
#10963 = DEFINITIONAL_REPRESENTATION('',(#10964),#10968);
#10964 = LINE('',#10965,#10966);
#10965 = CARTESIAN_POINT('',(-6.28318530718,0.));
#10966 = VECTOR('',#10967,1.);
#10967 = DIRECTION('',(-0.,-1.));
#10968 = ( GEOMETRIC_REPRESENTATION_CONTEXT(2) 
PARAMETRIC_REPRESENTATION_CONTEXT() REPRESENTATION_CONTEXT('2D SPACE',''
  ) );
#10969 = PCURVE('',#10939,#10970);
#10970 = DEFINITIONAL_REPRESENTATION('',(#10971),#10975);
#10971 = LINE('',#10972,#10973);
#10972 = CARTESIAN_POINT('',(-0.,0.));
#10973 = VECTOR('',#10974,1.);
#10974 = DIRECTION('',(-0.,-1.));
#10975 = ( GEOMETRIC_REPRESENTATION_CONTEXT(2) 
PARAMETRIC_REPRESENTATION_CONTEXT() REPRESENTATION_CONTEXT('2D SPACE',''
  ) );
#10976 = ORIENTED_EDGE('',*,*,#10977,.F.);
#10977 = EDGE_CURVE('',#10955,#10955,#10978,.T.);
#10978 = SURFACE_CURVE('',#10979,(#10984,#10991),.PCURVE_S1.);
#10979 = CIRCLE('',#10980,1.6);
#10980 = AXIS2_PLACEMENT_3D('',#10981,#10982,#10983);
#10981 = CARTESIAN_POINT('',(-28.,-58.,2.25));
#10982 = DIRECTION('',(0.,0.,1.));
#10983 = DIRECTION('',(1.,0.,-0.));
#10984 = PCURVE('',#10939,#10985);
#10985 = DEFINITIONAL_REPRESENTATION('',(#10986),#10990);
#10986 = LINE('',#10987,#10988);
#10987 = CARTESIAN_POINT('',(-0.,0.));
#10988 = VECTOR('',#10989,1.);
#10989 = DIRECTION('',(-1.,0.));
#10990 = ( GEOMETRIC_REPRESENTATION_CONTEXT(2) 
PARAMETRIC_REPRESENTATION_CONTEXT() REPRESENTATION_CONTEXT('2D SPACE',''
  ) );
#10991 = PCURVE('',#10992,#10997);
#10992 = PLANE('',#10993);
#10993 = AXIS2_PLACEMENT_3D('',#10994,#10995,#10996);
#10994 = CARTESIAN_POINT('',(-28.,-58.,2.25));
#10995 = DIRECTION('',(0.,0.,1.));
#10996 = DIRECTION('',(1.,0.,-0.));
#10997 = DEFINITIONAL_REPRESENTATION('',(#10998),#11002);
#10998 = CIRCLE('',#10999,1.6);
#10999 = AXIS2_PLACEMENT_2D('',#11000,#11001);
#11000 = CARTESIAN_POINT('',(1.068312603546E-16,-1.483480247548E-16));
#11001 = DIRECTION('',(1.,0.));
#11002 = ( GEOMETRIC_REPRESENTATION_CONTEXT(2) 
PARAMETRIC_REPRESENTATION_CONTEXT() REPRESENTATION_CONTEXT('2D SPACE',''
  ) );
#11003 = ORIENTED_EDGE('',*,*,#10954,.T.);
#11004 = ORIENTED_EDGE('',*,*,#10918,.F.);
#11005 = ADVANCED_FACE('',(#11006),#10992,.T.);
#11006 = FACE_BOUND('',#11007,.T.);
#11007 = EDGE_LOOP('',(#11008));
#11008 = ORIENTED_EDGE('',*,*,#10977,.T.);
#11009 = ADVANCED_FACE('',(#11010),#9630,.T.);
#11010 = FACE_BOUND('',#11011,.T.);
#11011 = EDGE_LOOP('',(#11012,#11047,#11068,#11069));
#11012 = ORIENTED_EDGE('',*,*,#11013,.F.);
#11013 = EDGE_CURVE('',#11014,#11016,#11018,.T.);
#11014 = VERTEX_POINT('',#11015);
#11015 = CARTESIAN_POINT('',(30.2,-9.435595774163,1.8));
#11016 = VERTEX_POINT('',#11017);
#11017 = CARTESIAN_POINT('',(30.78,-6.907434386909,1.8));
#11018 = SURFACE_CURVE('',#11019,(#11024,#11031),.PCURVE_S1.);
#11019 = CIRCLE('',#11020,5.8);
#11020 = AXIS2_PLACEMENT_3D('',#11021,#11022,#11023);
#11021 = CARTESIAN_POINT('',(36.,-9.435595774163,1.8));
#11022 = DIRECTION('',(0.,0.,-1.));
#11023 = DIRECTION('',(-1.,0.,0.));
#11024 = PCURVE('',#9630,#11025);
#11025 = DEFINITIONAL_REPRESENTATION('',(#11026),#11030);
#11026 = LINE('',#11027,#11028);
#11027 = CARTESIAN_POINT('',(0.,0.));
#11028 = VECTOR('',#11029,1.);
#11029 = DIRECTION('',(1.,0.));
#11030 = ( GEOMETRIC_REPRESENTATION_CONTEXT(2) 
PARAMETRIC_REPRESENTATION_CONTEXT() REPRESENTATION_CONTEXT('2D SPACE',''
  ) );
#11031 = PCURVE('',#11032,#11037);
#11032 = PLANE('',#11033);
#11033 = AXIS2_PLACEMENT_3D('',#11034,#11035,#11036);
#11034 = CARTESIAN_POINT('',(1.12850119938E-11,4.680582154577E-02,1.8));
#11035 = DIRECTION('',(0.,0.,1.));
#11036 = DIRECTION('',(1.,0.,-0.));
#11037 = DEFINITIONAL_REPRESENTATION('',(#11038),#11046);
#11038 = ( BOUNDED_CURVE() B_SPLINE_CURVE(2,(#11039,#11040,#11041,#11042
    ,#11043,#11044,#11045),.UNSPECIFIED.,.T.,.F.) 
B_SPLINE_CURVE_WITH_KNOTS((1,2,2,2,2,1),(-2.094395102393,0.,
    2.094395102393,4.188790204786,6.28318530718,8.377580409573),
.UNSPECIFIED.) CURVE() GEOMETRIC_REPRESENTATION_ITEM() 
RATIONAL_B_SPLINE_CURVE((1.,0.5,1.,0.5,1.,0.5,1.)) REPRESENTATION_ITEM(
  '') );
#11039 = CARTESIAN_POINT('',(30.199999999989,-9.482401595709));
#11040 = CARTESIAN_POINT('',(30.199999999989,0.563493088191));
#11041 = CARTESIAN_POINT('',(38.899999999989,-4.459454253759));
#11042 = CARTESIAN_POINT('',(47.599999999989,-9.482401595709));
#11043 = CARTESIAN_POINT('',(38.899999999989,-14.50534893765));
#11044 = CARTESIAN_POINT('',(30.199999999989,-19.5282962796));
#11045 = CARTESIAN_POINT('',(30.199999999989,-9.482401595709));
#11046 = ( GEOMETRIC_REPRESENTATION_CONTEXT(2) 
PARAMETRIC_REPRESENTATION_CONTEXT() REPRESENTATION_CONTEXT('2D SPACE',''
  ) );
#11047 = ORIENTED_EDGE('',*,*,#11048,.T.);
#11048 = EDGE_CURVE('',#11014,#9610,#11049,.T.);
#11049 = SURFACE_CURVE('',#11050,(#11054,#11061),.PCURVE_S1.);
#11050 = LINE('',#11051,#11052);
#11051 = CARTESIAN_POINT('',(30.2,-9.435595774163,1.8));
#11052 = VECTOR('',#11053,1.);
#11053 = DIRECTION('',(0.,0.,1.));
#11054 = PCURVE('',#9630,#11055);
#11055 = DEFINITIONAL_REPRESENTATION('',(#11056),#11060);
#11056 = LINE('',#11057,#11058);
#11057 = CARTESIAN_POINT('',(6.28318530718,0.));
#11058 = VECTOR('',#11059,1.);
#11059 = DIRECTION('',(0.,-1.));
#11060 = ( GEOMETRIC_REPRESENTATION_CONTEXT(2) 
PARAMETRIC_REPRESENTATION_CONTEXT() REPRESENTATION_CONTEXT('2D SPACE',''
  ) );
#11061 = PCURVE('',#9658,#11062);
#11062 = DEFINITIONAL_REPRESENTATION('',(#11063),#11067);
#11063 = LINE('',#11064,#11065);
#11064 = CARTESIAN_POINT('',(48.564404225838,0.));
#11065 = VECTOR('',#11066,1.);
#11066 = DIRECTION('',(0.,-1.));
#11067 = ( GEOMETRIC_REPRESENTATION_CONTEXT(2) 
PARAMETRIC_REPRESENTATION_CONTEXT() REPRESENTATION_CONTEXT('2D SPACE',''
  ) );
#11068 = ORIENTED_EDGE('',*,*,#9609,.T.);
#11069 = ORIENTED_EDGE('',*,*,#11070,.F.);
#11070 = EDGE_CURVE('',#11016,#9577,#11071,.T.);
#11071 = SURFACE_CURVE('',#11072,(#11076,#11083),.PCURVE_S1.);
#11072 = LINE('',#11073,#11074);
#11073 = CARTESIAN_POINT('',(30.78,-6.907434386909,1.8));
#11074 = VECTOR('',#11075,1.);
#11075 = DIRECTION('',(0.,0.,1.));
#11076 = PCURVE('',#9630,#11077);
#11077 = DEFINITIONAL_REPRESENTATION('',(#11078),#11082);
#11078 = LINE('',#11079,#11080);
#11079 = CARTESIAN_POINT('',(6.734212118976,0.));
#11080 = VECTOR('',#11081,1.);
#11081 = DIRECTION('',(0.,-1.));
#11082 = ( GEOMETRIC_REPRESENTATION_CONTEXT(2) 
PARAMETRIC_REPRESENTATION_CONTEXT() REPRESENTATION_CONTEXT('2D SPACE',''
  ) );
#11083 = PCURVE('',#9597,#11084);
#11084 = DEFINITIONAL_REPRESENTATION('',(#11085),#11089);
#11085 = LINE('',#11086,#11087);
#11086 = CARTESIAN_POINT('',(-6.308040745044,0.));
#11087 = VECTOR('',#11088,1.);
#11088 = DIRECTION('',(-0.,-1.));
#11089 = ( GEOMETRIC_REPRESENTATION_CONTEXT(2) 
PARAMETRIC_REPRESENTATION_CONTEXT() REPRESENTATION_CONTEXT('2D SPACE',''
  ) );
#11090 = ADVANCED_FACE('',(#11091,#11772,#11886),#11032,.T.);
#11091 = FACE_BOUND('',#11092,.T.);
#11092 = EDGE_LOOP('',(#11093,#11118,#11146,#11169,#11193,#11214,#11215,
    #11239,#11267,#11290,#11314,#11337,#11360,#11383,#11411,#11439,
    #11467,#11490,#11518,#11546,#11574,#11597,#11620,#11643,#11671,
    #11694,#11722,#11746));
#11093 = ORIENTED_EDGE('',*,*,#11094,.F.);
#11094 = EDGE_CURVE('',#11095,#11097,#11099,.T.);
#11095 = VERTEX_POINT('',#11096);
#11096 = CARTESIAN_POINT('',(-30.2,-56.81256579129,1.8));
#11097 = VERTEX_POINT('',#11098);
#11098 = CARTESIAN_POINT('',(-30.2,-9.435595774163,1.8));
#11099 = SURFACE_CURVE('',#11100,(#11104,#11111),.PCURVE_S1.);
#11100 = LINE('',#11101,#11102);
#11101 = CARTESIAN_POINT('',(-30.2,0.,1.8));
#11102 = VECTOR('',#11103,1.);
#11103 = DIRECTION('',(0.,1.,0.));
#11104 = PCURVE('',#11032,#11105);
#11105 = DEFINITIONAL_REPRESENTATION('',(#11106),#11110);
#11106 = LINE('',#11107,#11108);
#11107 = CARTESIAN_POINT('',(-30.20000000001,-4.680582154577E-02));
#11108 = VECTOR('',#11109,1.);
#11109 = DIRECTION('',(0.,1.));
#11110 = ( GEOMETRIC_REPRESENTATION_CONTEXT(2) 
PARAMETRIC_REPRESENTATION_CONTEXT() REPRESENTATION_CONTEXT('2D SPACE',''
  ) );
#11111 = PCURVE('',#9186,#11112);
#11112 = DEFINITIONAL_REPRESENTATION('',(#11113),#11117);
#11113 = LINE('',#11114,#11115);
#11114 = CARTESIAN_POINT('',(58.000000000001,0.));
#11115 = VECTOR('',#11116,1.);
#11116 = DIRECTION('',(1.,0.));
#11117 = ( GEOMETRIC_REPRESENTATION_CONTEXT(2) 
PARAMETRIC_REPRESENTATION_CONTEXT() REPRESENTATION_CONTEXT('2D SPACE',''
  ) );
#11118 = ORIENTED_EDGE('',*,*,#11119,.T.);
#11119 = EDGE_CURVE('',#11095,#11120,#11122,.T.);
#11120 = VERTEX_POINT('',#11121);
#11121 = CARTESIAN_POINT('',(-26.81256579129,-60.2,1.8));
#11122 = SURFACE_CURVE('',#11123,(#11128,#11139),.PCURVE_S1.);
#11123 = CIRCLE('',#11124,2.5);
#11124 = AXIS2_PLACEMENT_3D('',#11125,#11126,#11127);
#11125 = CARTESIAN_POINT('',(-28.,-58.,1.8));
#11126 = DIRECTION('',(0.,0.,-1.));
#11127 = DIRECTION('',(-0.88,0.474973683482,0.));
#11128 = PCURVE('',#11032,#11129);
#11129 = DEFINITIONAL_REPRESENTATION('',(#11130),#11138);
#11130 = ( BOUNDED_CURVE() B_SPLINE_CURVE(2,(#11131,#11132,#11133,#11134
    ,#11135,#11136,#11137),.UNSPECIFIED.,.T.,.F.) 
B_SPLINE_CURVE_WITH_KNOTS((1,2,2,2,2,1),(-2.094395102393,0.,
    2.094395102393,4.188790204786,6.28318530718,8.377580409573),
.UNSPECIFIED.) CURVE() GEOMETRIC_REPRESENTATION_ITEM() 
RATIONAL_B_SPLINE_CURVE((1.,0.5,1.,0.5,1.,0.5,1.)) REPRESENTATION_ITEM(
  '') );
#11131 = CARTESIAN_POINT('',(-30.20000000001,-56.85937161284));
#11132 = CARTESIAN_POINT('',(-28.14330361989,-53.04885983619));
#11133 = CARTESIAN_POINT('',(-25.87165180995,-56.73526703757));
#11134 = CARTESIAN_POINT('',(-23.60000000001,-60.42167423895));
#11135 = CARTESIAN_POINT('',(-27.92834819007,-60.54577881422));
#11136 = CARTESIAN_POINT('',(-32.25669638013,-60.66988338949));
#11137 = CARTESIAN_POINT('',(-30.20000000001,-56.85937161284));
#11138 = ( GEOMETRIC_REPRESENTATION_CONTEXT(2) 
PARAMETRIC_REPRESENTATION_CONTEXT() REPRESENTATION_CONTEXT('2D SPACE',''
  ) );
#11139 = PCURVE('',#9742,#11140);
#11140 = DEFINITIONAL_REPRESENTATION('',(#11141),#11145);
#11141 = LINE('',#11142,#11143);
#11142 = CARTESIAN_POINT('',(-8.929843834428,0.));
#11143 = VECTOR('',#11144,1.);
#11144 = DIRECTION('',(1.,-0.));
#11145 = ( GEOMETRIC_REPRESENTATION_CONTEXT(2) 
PARAMETRIC_REPRESENTATION_CONTEXT() REPRESENTATION_CONTEXT('2D SPACE',''
  ) );
#11146 = ORIENTED_EDGE('',*,*,#11147,.T.);
#11147 = EDGE_CURVE('',#11120,#11148,#11150,.T.);
#11148 = VERTEX_POINT('',#11149);
#11149 = CARTESIAN_POINT('',(26.812565791296,-60.2,1.8));
#11150 = SURFACE_CURVE('',#11151,(#11155,#11162),.PCURVE_S1.);
#11151 = LINE('',#11152,#11153);
#11152 = CARTESIAN_POINT('',(0.,-60.2,1.8));
#11153 = VECTOR('',#11154,1.);
#11154 = DIRECTION('',(1.,0.,0.));
#11155 = PCURVE('',#11032,#11156);
#11156 = DEFINITIONAL_REPRESENTATION('',(#11157),#11161);
#11157 = LINE('',#11158,#11159);
#11158 = CARTESIAN_POINT('',(-1.12850119938E-11,-60.24680582154));
#11159 = VECTOR('',#11160,1.);
#11160 = DIRECTION('',(1.,0.));
#11161 = ( GEOMETRIC_REPRESENTATION_CONTEXT(2) 
PARAMETRIC_REPRESENTATION_CONTEXT() REPRESENTATION_CONTEXT('2D SPACE',''
  ) );
#11162 = PCURVE('',#9714,#11163);
#11163 = DEFINITIONAL_REPRESENTATION('',(#11164),#11168);
#11164 = LINE('',#11165,#11166);
#11165 = CARTESIAN_POINT('',(28.,0.));
#11166 = VECTOR('',#11167,1.);
#11167 = DIRECTION('',(1.,0.));
#11168 = ( GEOMETRIC_REPRESENTATION_CONTEXT(2) 
PARAMETRIC_REPRESENTATION_CONTEXT() REPRESENTATION_CONTEXT('2D SPACE',''
  ) );
#11169 = ORIENTED_EDGE('',*,*,#11170,.F.);
#11170 = EDGE_CURVE('',#11171,#11148,#11173,.T.);
#11171 = VERTEX_POINT('',#11172);
#11172 = CARTESIAN_POINT('',(30.2,-56.81256579129,1.8));
#11173 = SURFACE_CURVE('',#11174,(#11179,#11186),.PCURVE_S1.);
#11174 = CIRCLE('',#11175,2.5);
#11175 = AXIS2_PLACEMENT_3D('',#11176,#11177,#11178);
#11176 = CARTESIAN_POINT('',(28.,-58.,1.8));
#11177 = DIRECTION('',(0.,0.,1.));
#11178 = DIRECTION('',(1.,0.,-0.));
#11179 = PCURVE('',#11032,#11180);
#11180 = DEFINITIONAL_REPRESENTATION('',(#11181),#11185);
#11181 = CIRCLE('',#11182,2.5);
#11182 = AXIS2_PLACEMENT_2D('',#11183,#11184);
#11183 = CARTESIAN_POINT('',(27.999999999989,-58.04680582154));
#11184 = DIRECTION('',(1.,0.));
#11185 = ( GEOMETRIC_REPRESENTATION_CONTEXT(2) 
PARAMETRIC_REPRESENTATION_CONTEXT() REPRESENTATION_CONTEXT('2D SPACE',''
  ) );
#11186 = PCURVE('',#9686,#11187);
#11187 = DEFINITIONAL_REPRESENTATION('',(#11188),#11192);
#11188 = LINE('',#11189,#11190);
#11189 = CARTESIAN_POINT('',(-0.,0.));
#11190 = VECTOR('',#11191,1.);
#11191 = DIRECTION('',(-1.,0.));
#11192 = ( GEOMETRIC_REPRESENTATION_CONTEXT(2) 
PARAMETRIC_REPRESENTATION_CONTEXT() REPRESENTATION_CONTEXT('2D SPACE',''
  ) );
#11193 = ORIENTED_EDGE('',*,*,#11194,.T.);
#11194 = EDGE_CURVE('',#11171,#11014,#11195,.T.);
#11195 = SURFACE_CURVE('',#11196,(#11200,#11207),.PCURVE_S1.);
#11196 = LINE('',#11197,#11198);
#11197 = CARTESIAN_POINT('',(30.2,0.,1.8));
#11198 = VECTOR('',#11199,1.);
#11199 = DIRECTION('',(0.,1.,0.));
#11200 = PCURVE('',#11032,#11201);
#11201 = DEFINITIONAL_REPRESENTATION('',(#11202),#11206);
#11202 = LINE('',#11203,#11204);
#11203 = CARTESIAN_POINT('',(30.199999999989,-4.680582154577E-02));
#11204 = VECTOR('',#11205,1.);
#11205 = DIRECTION('',(0.,1.));
#11206 = ( GEOMETRIC_REPRESENTATION_CONTEXT(2) 
PARAMETRIC_REPRESENTATION_CONTEXT() REPRESENTATION_CONTEXT('2D SPACE',''
  ) );
#11207 = PCURVE('',#9658,#11208);
#11208 = DEFINITIONAL_REPRESENTATION('',(#11209),#11213);
#11209 = LINE('',#11210,#11211);
#11210 = CARTESIAN_POINT('',(58.000000000001,0.));
#11211 = VECTOR('',#11212,1.);
#11212 = DIRECTION('',(1.,0.));
#11213 = ( GEOMETRIC_REPRESENTATION_CONTEXT(2) 
PARAMETRIC_REPRESENTATION_CONTEXT() REPRESENTATION_CONTEXT('2D SPACE',''
  ) );
#11214 = ORIENTED_EDGE('',*,*,#11013,.T.);
#11215 = ORIENTED_EDGE('',*,*,#11216,.T.);
#11216 = EDGE_CURVE('',#11016,#11217,#11219,.T.);
#11217 = VERTEX_POINT('',#11218);
#11218 = CARTESIAN_POINT('',(30.78,22.907434386909,1.8));
#11219 = SURFACE_CURVE('',#11220,(#11225,#11232),.PCURVE_S1.);
#11220 = CIRCLE('',#11221,34.2);
#11221 = AXIS2_PLACEMENT_3D('',#11222,#11223,#11224);
#11222 = CARTESIAN_POINT('',(0.,8.,1.8));
#11223 = DIRECTION('',(0.,-0.,1.));
#11224 = DIRECTION('',(0.888888888889,-0.458122847291,-0.));
#11225 = PCURVE('',#11032,#11226);
#11226 = DEFINITIONAL_REPRESENTATION('',(#11227),#11231);
#11227 = CIRCLE('',#11228,34.2);
#11228 = AXIS2_PLACEMENT_2D('',#11229,#11230);
#11229 = CARTESIAN_POINT('',(-1.12850119938E-11,7.953194178454));
#11230 = DIRECTION('',(0.888888888889,-0.458122847291));
#11231 = ( GEOMETRIC_REPRESENTATION_CONTEXT(2) 
PARAMETRIC_REPRESENTATION_CONTEXT() REPRESENTATION_CONTEXT('2D SPACE',''
  ) );
#11232 = PCURVE('',#9597,#11233);
#11233 = DEFINITIONAL_REPRESENTATION('',(#11234),#11238);
#11234 = LINE('',#11235,#11236);
#11235 = CARTESIAN_POINT('',(-0.,0.));
#11236 = VECTOR('',#11237,1.);
#11237 = DIRECTION('',(-1.,0.));
#11238 = ( GEOMETRIC_REPRESENTATION_CONTEXT(2) 
PARAMETRIC_REPRESENTATION_CONTEXT() REPRESENTATION_CONTEXT('2D SPACE',''
  ) );
#11239 = ORIENTED_EDGE('',*,*,#11240,.T.);
#11240 = EDGE_CURVE('',#11217,#11241,#11243,.T.);
#11241 = VERTEX_POINT('',#11242);
#11242 = CARTESIAN_POINT('',(30.2,25.435595774163,1.8));
#11243 = SURFACE_CURVE('',#11244,(#11249,#11260),.PCURVE_S1.);
#11244 = CIRCLE('',#11245,5.8);
#11245 = AXIS2_PLACEMENT_3D('',#11246,#11247,#11248);
#11246 = CARTESIAN_POINT('',(36.,25.435595774163,1.8));
#11247 = DIRECTION('',(0.,0.,-1.));
#11248 = DIRECTION('',(-1.,0.,0.));
#11249 = PCURVE('',#11032,#11250);
#11250 = DEFINITIONAL_REPRESENTATION('',(#11251),#11259);
#11251 = ( BOUNDED_CURVE() B_SPLINE_CURVE(2,(#11252,#11253,#11254,#11255
    ,#11256,#11257,#11258),.UNSPECIFIED.,.T.,.F.) 
B_SPLINE_CURVE_WITH_KNOTS((1,2,2,2,2,1),(-2.094395102393,0.,
    2.094395102393,4.188790204786,6.28318530718,8.377580409573),
.UNSPECIFIED.) CURVE() GEOMETRIC_REPRESENTATION_ITEM() 
RATIONAL_B_SPLINE_CURVE((1.,0.5,1.,0.5,1.,0.5,1.)) REPRESENTATION_ITEM(
  '') );
#11252 = CARTESIAN_POINT('',(30.199999999989,25.388789952617));
#11253 = CARTESIAN_POINT('',(30.199999999989,35.434684636516));
#11254 = CARTESIAN_POINT('',(38.899999999989,30.411737294567));
#11255 = CARTESIAN_POINT('',(47.599999999989,25.388789952617));
#11256 = CARTESIAN_POINT('',(38.899999999989,20.365842610667));
#11257 = CARTESIAN_POINT('',(30.199999999989,15.342895268717));
#11258 = CARTESIAN_POINT('',(30.199999999989,25.388789952617));
#11259 = ( GEOMETRIC_REPRESENTATION_CONTEXT(2) 
PARAMETRIC_REPRESENTATION_CONTEXT() REPRESENTATION_CONTEXT('2D SPACE',''
  ) );
#11260 = PCURVE('',#9564,#11261);
#11261 = DEFINITIONAL_REPRESENTATION('',(#11262),#11266);
#11262 = LINE('',#11263,#11264);
#11263 = CARTESIAN_POINT('',(0.,0.));
#11264 = VECTOR('',#11265,1.);
#11265 = DIRECTION('',(1.,0.));
#11266 = ( GEOMETRIC_REPRESENTATION_CONTEXT(2) 
PARAMETRIC_REPRESENTATION_CONTEXT() REPRESENTATION_CONTEXT('2D SPACE',''
  ) );
#11267 = ORIENTED_EDGE('',*,*,#11268,.T.);
#11268 = EDGE_CURVE('',#11241,#11269,#11271,.T.);
#11269 = VERTEX_POINT('',#11270);
#11270 = CARTESIAN_POINT('',(30.2,56.812565791296,1.8));
#11271 = SURFACE_CURVE('',#11272,(#11276,#11283),.PCURVE_S1.);
#11272 = LINE('',#11273,#11274);
#11273 = CARTESIAN_POINT('',(30.2,0.,1.8));
#11274 = VECTOR('',#11275,1.);
#11275 = DIRECTION('',(0.,1.,0.));
#11276 = PCURVE('',#11032,#11277);
#11277 = DEFINITIONAL_REPRESENTATION('',(#11278),#11282);
#11278 = LINE('',#11279,#11280);
#11279 = CARTESIAN_POINT('',(30.199999999989,-4.680582154577E-02));
#11280 = VECTOR('',#11281,1.);
#11281 = DIRECTION('',(0.,1.));
#11282 = ( GEOMETRIC_REPRESENTATION_CONTEXT(2) 
PARAMETRIC_REPRESENTATION_CONTEXT() REPRESENTATION_CONTEXT('2D SPACE',''
  ) );
#11283 = PCURVE('',#9532,#11284);
#11284 = DEFINITIONAL_REPRESENTATION('',(#11285),#11289);
#11285 = LINE('',#11286,#11287);
#11286 = CARTESIAN_POINT('',(-25.43559577416,0.));
#11287 = VECTOR('',#11288,1.);
#11288 = DIRECTION('',(1.,0.));
#11289 = ( GEOMETRIC_REPRESENTATION_CONTEXT(2) 
PARAMETRIC_REPRESENTATION_CONTEXT() REPRESENTATION_CONTEXT('2D SPACE',''
  ) );
#11290 = ORIENTED_EDGE('',*,*,#11291,.F.);
#11291 = EDGE_CURVE('',#11292,#11269,#11294,.T.);
#11292 = VERTEX_POINT('',#11293);
#11293 = CARTESIAN_POINT('',(26.812565791296,60.2,1.8));
#11294 = SURFACE_CURVE('',#11295,(#11300,#11307),.PCURVE_S1.);
#11295 = CIRCLE('',#11296,2.5);
#11296 = AXIS2_PLACEMENT_3D('',#11297,#11298,#11299);
#11297 = CARTESIAN_POINT('',(28.,58.,1.8));
#11298 = DIRECTION('',(0.,0.,1.));
#11299 = DIRECTION('',(1.,0.,-0.));
#11300 = PCURVE('',#11032,#11301);
#11301 = DEFINITIONAL_REPRESENTATION('',(#11302),#11306);
#11302 = CIRCLE('',#11303,2.5);
#11303 = AXIS2_PLACEMENT_2D('',#11304,#11305);
#11304 = CARTESIAN_POINT('',(27.999999999989,57.953194178454));
#11305 = DIRECTION('',(1.,0.));
#11306 = ( GEOMETRIC_REPRESENTATION_CONTEXT(2) 
PARAMETRIC_REPRESENTATION_CONTEXT() REPRESENTATION_CONTEXT('2D SPACE',''
  ) );
#11307 = PCURVE('',#9504,#11308);
#11308 = DEFINITIONAL_REPRESENTATION('',(#11309),#11313);
#11309 = LINE('',#11310,#11311);
#11310 = CARTESIAN_POINT('',(-0.,0.));
#11311 = VECTOR('',#11312,1.);
#11312 = DIRECTION('',(-1.,0.));
#11313 = ( GEOMETRIC_REPRESENTATION_CONTEXT(2) 
PARAMETRIC_REPRESENTATION_CONTEXT() REPRESENTATION_CONTEXT('2D SPACE',''
  ) );
#11314 = ORIENTED_EDGE('',*,*,#11315,.F.);
#11315 = EDGE_CURVE('',#11316,#11292,#11318,.T.);
#11316 = VERTEX_POINT('',#11317);
#11317 = CARTESIAN_POINT('',(18.,60.2,1.8));
#11318 = SURFACE_CURVE('',#11319,(#11323,#11330),.PCURVE_S1.);
#11319 = LINE('',#11320,#11321);
#11320 = CARTESIAN_POINT('',(0.,60.2,1.8));
#11321 = VECTOR('',#11322,1.);
#11322 = DIRECTION('',(1.,0.,0.));
#11323 = PCURVE('',#11032,#11324);
#11324 = DEFINITIONAL_REPRESENTATION('',(#11325),#11329);
#11325 = LINE('',#11326,#11327);
#11326 = CARTESIAN_POINT('',(-1.12850119938E-11,60.153194178454));
#11327 = VECTOR('',#11328,1.);
#11328 = DIRECTION('',(1.,0.));
#11329 = ( GEOMETRIC_REPRESENTATION_CONTEXT(2) 
PARAMETRIC_REPRESENTATION_CONTEXT() REPRESENTATION_CONTEXT('2D SPACE',''
  ) );
#11330 = PCURVE('',#9476,#11331);
#11331 = DEFINITIONAL_REPRESENTATION('',(#11332),#11336);
#11332 = LINE('',#11333,#11334);
#11333 = CARTESIAN_POINT('',(-18.,0.));
#11334 = VECTOR('',#11335,1.);
#11335 = DIRECTION('',(1.,0.));
#11336 = ( GEOMETRIC_REPRESENTATION_CONTEXT(2) 
PARAMETRIC_REPRESENTATION_CONTEXT() REPRESENTATION_CONTEXT('2D SPACE',''
  ) );
#11337 = ORIENTED_EDGE('',*,*,#11338,.F.);
#11338 = EDGE_CURVE('',#11339,#11316,#11341,.T.);
#11339 = VERTEX_POINT('',#11340);
#11340 = CARTESIAN_POINT('',(18.,55.,1.8));
#11341 = SURFACE_CURVE('',#11342,(#11346,#11353),.PCURVE_S1.);
#11342 = LINE('',#11343,#11344);
#11343 = CARTESIAN_POINT('',(18.,117.,1.8));
#11344 = VECTOR('',#11345,1.);
#11345 = DIRECTION('',(-0.,1.,0.));
#11346 = PCURVE('',#11032,#11347);
#11347 = DEFINITIONAL_REPRESENTATION('',(#11348),#11352);
#11348 = LINE('',#11349,#11350);
#11349 = CARTESIAN_POINT('',(17.999999999989,116.95319417845));
#11350 = VECTOR('',#11351,1.);
#11351 = DIRECTION('',(0.,1.));
#11352 = ( GEOMETRIC_REPRESENTATION_CONTEXT(2) 
PARAMETRIC_REPRESENTATION_CONTEXT() REPRESENTATION_CONTEXT('2D SPACE',''
  ) );
#11353 = PCURVE('',#9449,#11354);
#11354 = DEFINITIONAL_REPRESENTATION('',(#11355),#11359);
#11355 = LINE('',#11356,#11357);
#11356 = CARTESIAN_POINT('',(62.,0.));
#11357 = VECTOR('',#11358,1.);
#11358 = DIRECTION('',(1.,0.));
#11359 = ( GEOMETRIC_REPRESENTATION_CONTEXT(2) 
PARAMETRIC_REPRESENTATION_CONTEXT() REPRESENTATION_CONTEXT('2D SPACE',''
  ) );
#11360 = ORIENTED_EDGE('',*,*,#11361,.F.);
#11361 = EDGE_CURVE('',#11362,#11339,#11364,.T.);
#11362 = VERTEX_POINT('',#11363);
#11363 = CARTESIAN_POINT('',(16.2,55.,1.8));
#11364 = SURFACE_CURVE('',#11365,(#11369,#11376),.PCURVE_S1.);
#11365 = LINE('',#11366,#11367);
#11366 = CARTESIAN_POINT('',(0.,55.,1.8));
#11367 = VECTOR('',#11368,1.);
#11368 = DIRECTION('',(1.,0.,-0.));
#11369 = PCURVE('',#11032,#11370);
#11370 = DEFINITIONAL_REPRESENTATION('',(#11371),#11375);
#11371 = LINE('',#11372,#11373);
#11372 = CARTESIAN_POINT('',(-1.12850119938E-11,54.953194178454));
#11373 = VECTOR('',#11374,1.);
#11374 = DIRECTION('',(1.,0.));
#11375 = ( GEOMETRIC_REPRESENTATION_CONTEXT(2) 
PARAMETRIC_REPRESENTATION_CONTEXT() REPRESENTATION_CONTEXT('2D SPACE',''
  ) );
#11376 = PCURVE('',#9422,#11377);
#11377 = DEFINITIONAL_REPRESENTATION('',(#11378),#11382);
#11378 = LINE('',#11379,#11380);
#11379 = CARTESIAN_POINT('',(18.,0.));
#11380 = VECTOR('',#11381,1.);
#11381 = DIRECTION('',(1.,0.));
#11382 = ( GEOMETRIC_REPRESENTATION_CONTEXT(2) 
PARAMETRIC_REPRESENTATION_CONTEXT() REPRESENTATION_CONTEXT('2D SPACE',''
  ) );
#11383 = ORIENTED_EDGE('',*,*,#11384,.F.);
#11384 = EDGE_CURVE('',#11385,#11362,#11387,.T.);
#11385 = VERTEX_POINT('',#11386);
#11386 = CARTESIAN_POINT('',(16.2,-10.4,1.8));
#11387 = SURFACE_CURVE('',#11388,(#11392,#11399),.PCURVE_S1.);
#11388 = LINE('',#11389,#11390);
#11389 = CARTESIAN_POINT('',(16.2,-12.,1.8));
#11390 = VECTOR('',#11391,1.);
#11391 = DIRECTION('',(-0.,1.,0.));
#11392 = PCURVE('',#11032,#11393);
#11393 = DEFINITIONAL_REPRESENTATION('',(#11394),#11398);
#11394 = LINE('',#11395,#11396);
#11395 = CARTESIAN_POINT('',(16.199999999989,-12.04680582154));
#11396 = VECTOR('',#11397,1.);
#11397 = DIRECTION('',(0.,1.));
#11398 = ( GEOMETRIC_REPRESENTATION_CONTEXT(2) 
PARAMETRIC_REPRESENTATION_CONTEXT() REPRESENTATION_CONTEXT('2D SPACE',''
  ) );
#11399 = PCURVE('',#11400,#11405);
#11400 = PLANE('',#11401);
#11401 = AXIS2_PLACEMENT_3D('',#11402,#11403,#11404);
#11402 = CARTESIAN_POINT('',(16.2,-12.,1.8));
#11403 = DIRECTION('',(1.,0.,-0.));
#11404 = DIRECTION('',(0.,0.,1.));
#11405 = DEFINITIONAL_REPRESENTATION('',(#11406),#11410);
#11406 = LINE('',#11407,#11408);
#11407 = CARTESIAN_POINT('',(0.,0.));
#11408 = VECTOR('',#11409,1.);
#11409 = DIRECTION('',(0.,-1.));
#11410 = ( GEOMETRIC_REPRESENTATION_CONTEXT(2) 
PARAMETRIC_REPRESENTATION_CONTEXT() REPRESENTATION_CONTEXT('2D SPACE',''
  ) );
#11411 = ORIENTED_EDGE('',*,*,#11412,.F.);
#11412 = EDGE_CURVE('',#11413,#11385,#11415,.T.);
#11413 = VERTEX_POINT('',#11414);
#11414 = CARTESIAN_POINT('',(14.6,-10.4,1.8));
#11415 = SURFACE_CURVE('',#11416,(#11420,#11427),.PCURVE_S1.);
#11416 = LINE('',#11417,#11418);
#11417 = CARTESIAN_POINT('',(-17.2,-10.4,1.8));
#11418 = VECTOR('',#11419,1.);
#11419 = DIRECTION('',(1.,0.,-0.));
#11420 = PCURVE('',#11032,#11421);
#11421 = DEFINITIONAL_REPRESENTATION('',(#11422),#11426);
#11422 = LINE('',#11423,#11424);
#11423 = CARTESIAN_POINT('',(-17.20000000001,-10.44680582154));
#11424 = VECTOR('',#11425,1.);
#11425 = DIRECTION('',(1.,0.));
#11426 = ( GEOMETRIC_REPRESENTATION_CONTEXT(2) 
PARAMETRIC_REPRESENTATION_CONTEXT() REPRESENTATION_CONTEXT('2D SPACE',''
  ) );
#11427 = PCURVE('',#11428,#11433);
#11428 = PLANE('',#11429);
#11429 = AXIS2_PLACEMENT_3D('',#11430,#11431,#11432);
#11430 = CARTESIAN_POINT('',(-17.2,-10.4,1.8));
#11431 = DIRECTION('',(-0.,1.,0.));
#11432 = DIRECTION('',(0.,0.,1.));
#11433 = DEFINITIONAL_REPRESENTATION('',(#11434),#11438);
#11434 = LINE('',#11435,#11436);
#11435 = CARTESIAN_POINT('',(0.,0.));
#11436 = VECTOR('',#11437,1.);
#11437 = DIRECTION('',(0.,1.));
#11438 = ( GEOMETRIC_REPRESENTATION_CONTEXT(2) 
PARAMETRIC_REPRESENTATION_CONTEXT() REPRESENTATION_CONTEXT('2D SPACE',''
  ) );
#11439 = ORIENTED_EDGE('',*,*,#11440,.T.);
#11440 = EDGE_CURVE('',#11413,#11441,#11443,.T.);
#11441 = VERTEX_POINT('',#11442);
#11442 = CARTESIAN_POINT('',(14.6,55.,1.8));
#11443 = SURFACE_CURVE('',#11444,(#11448,#11455),.PCURVE_S1.);
#11444 = LINE('',#11445,#11446);
#11445 = CARTESIAN_POINT('',(14.6,-12.,1.8));
#11446 = VECTOR('',#11447,1.);
#11447 = DIRECTION('',(-0.,1.,0.));
#11448 = PCURVE('',#11032,#11449);
#11449 = DEFINITIONAL_REPRESENTATION('',(#11450),#11454);
#11450 = LINE('',#11451,#11452);
#11451 = CARTESIAN_POINT('',(14.599999999989,-12.04680582154));
#11452 = VECTOR('',#11453,1.);
#11453 = DIRECTION('',(0.,1.));
#11454 = ( GEOMETRIC_REPRESENTATION_CONTEXT(2) 
PARAMETRIC_REPRESENTATION_CONTEXT() REPRESENTATION_CONTEXT('2D SPACE',''
  ) );
#11455 = PCURVE('',#11456,#11461);
#11456 = PLANE('',#11457);
#11457 = AXIS2_PLACEMENT_3D('',#11458,#11459,#11460);
#11458 = CARTESIAN_POINT('',(14.6,-12.,1.8));
#11459 = DIRECTION('',(1.,0.,-0.));
#11460 = DIRECTION('',(0.,0.,1.));
#11461 = DEFINITIONAL_REPRESENTATION('',(#11462),#11466);
#11462 = LINE('',#11463,#11464);
#11463 = CARTESIAN_POINT('',(0.,0.));
#11464 = VECTOR('',#11465,1.);
#11465 = DIRECTION('',(0.,-1.));
#11466 = ( GEOMETRIC_REPRESENTATION_CONTEXT(2) 
PARAMETRIC_REPRESENTATION_CONTEXT() REPRESENTATION_CONTEXT('2D SPACE',''
  ) );
#11467 = ORIENTED_EDGE('',*,*,#11468,.F.);
#11468 = EDGE_CURVE('',#11469,#11441,#11471,.T.);
#11469 = VERTEX_POINT('',#11470);
#11470 = CARTESIAN_POINT('',(-14.6,55.,1.8));
#11471 = SURFACE_CURVE('',#11472,(#11476,#11483),.PCURVE_S1.);
#11472 = LINE('',#11473,#11474);
#11473 = CARTESIAN_POINT('',(0.,55.,1.8));
#11474 = VECTOR('',#11475,1.);
#11475 = DIRECTION('',(1.,0.,-0.));
#11476 = PCURVE('',#11032,#11477);
#11477 = DEFINITIONAL_REPRESENTATION('',(#11478),#11482);
#11478 = LINE('',#11479,#11480);
#11479 = CARTESIAN_POINT('',(-1.12850119938E-11,54.953194178454));
#11480 = VECTOR('',#11481,1.);
#11481 = DIRECTION('',(1.,0.));
#11482 = ( GEOMETRIC_REPRESENTATION_CONTEXT(2) 
PARAMETRIC_REPRESENTATION_CONTEXT() REPRESENTATION_CONTEXT('2D SPACE',''
  ) );
#11483 = PCURVE('',#9422,#11484);
#11484 = DEFINITIONAL_REPRESENTATION('',(#11485),#11489);
#11485 = LINE('',#11486,#11487);
#11486 = CARTESIAN_POINT('',(18.,0.));
#11487 = VECTOR('',#11488,1.);
#11488 = DIRECTION('',(1.,0.));
#11489 = ( GEOMETRIC_REPRESENTATION_CONTEXT(2) 
PARAMETRIC_REPRESENTATION_CONTEXT() REPRESENTATION_CONTEXT('2D SPACE',''
  ) );
#11490 = ORIENTED_EDGE('',*,*,#11491,.F.);
#11491 = EDGE_CURVE('',#11492,#11469,#11494,.T.);
#11492 = VERTEX_POINT('',#11493);
#11493 = CARTESIAN_POINT('',(-14.6,-10.4,1.8));
#11494 = SURFACE_CURVE('',#11495,(#11499,#11506),.PCURVE_S1.);
#11495 = LINE('',#11496,#11497);
#11496 = CARTESIAN_POINT('',(-14.6,-12.,1.8));
#11497 = VECTOR('',#11498,1.);
#11498 = DIRECTION('',(-0.,1.,0.));
#11499 = PCURVE('',#11032,#11500);
#11500 = DEFINITIONAL_REPRESENTATION('',(#11501),#11505);
#11501 = LINE('',#11502,#11503);
#11502 = CARTESIAN_POINT('',(-14.60000000001,-12.04680582154));
#11503 = VECTOR('',#11504,1.);
#11504 = DIRECTION('',(0.,1.));
#11505 = ( GEOMETRIC_REPRESENTATION_CONTEXT(2) 
PARAMETRIC_REPRESENTATION_CONTEXT() REPRESENTATION_CONTEXT('2D SPACE',''
  ) );
#11506 = PCURVE('',#11507,#11512);
#11507 = PLANE('',#11508);
#11508 = AXIS2_PLACEMENT_3D('',#11509,#11510,#11511);
#11509 = CARTESIAN_POINT('',(-14.6,-12.,1.8));
#11510 = DIRECTION('',(1.,0.,-0.));
#11511 = DIRECTION('',(0.,0.,1.));
#11512 = DEFINITIONAL_REPRESENTATION('',(#11513),#11517);
#11513 = LINE('',#11514,#11515);
#11514 = CARTESIAN_POINT('',(0.,0.));
#11515 = VECTOR('',#11516,1.);
#11516 = DIRECTION('',(0.,-1.));
#11517 = ( GEOMETRIC_REPRESENTATION_CONTEXT(2) 
PARAMETRIC_REPRESENTATION_CONTEXT() REPRESENTATION_CONTEXT('2D SPACE',''
  ) );
#11518 = ORIENTED_EDGE('',*,*,#11519,.F.);
#11519 = EDGE_CURVE('',#11520,#11492,#11522,.T.);
#11520 = VERTEX_POINT('',#11521);
#11521 = CARTESIAN_POINT('',(-16.2,-10.4,1.8));
#11522 = SURFACE_CURVE('',#11523,(#11527,#11534),.PCURVE_S1.);
#11523 = LINE('',#11524,#11525);
#11524 = CARTESIAN_POINT('',(-17.2,-10.4,1.8));
#11525 = VECTOR('',#11526,1.);
#11526 = DIRECTION('',(1.,0.,-0.));
#11527 = PCURVE('',#11032,#11528);
#11528 = DEFINITIONAL_REPRESENTATION('',(#11529),#11533);
#11529 = LINE('',#11530,#11531);
#11530 = CARTESIAN_POINT('',(-17.20000000001,-10.44680582154));
#11531 = VECTOR('',#11532,1.);
#11532 = DIRECTION('',(1.,0.));
#11533 = ( GEOMETRIC_REPRESENTATION_CONTEXT(2) 
PARAMETRIC_REPRESENTATION_CONTEXT() REPRESENTATION_CONTEXT('2D SPACE',''
  ) );
#11534 = PCURVE('',#11535,#11540);
#11535 = PLANE('',#11536);
#11536 = AXIS2_PLACEMENT_3D('',#11537,#11538,#11539);
#11537 = CARTESIAN_POINT('',(-17.2,-10.4,1.8));
#11538 = DIRECTION('',(-0.,1.,0.));
#11539 = DIRECTION('',(0.,0.,1.));
#11540 = DEFINITIONAL_REPRESENTATION('',(#11541),#11545);
#11541 = LINE('',#11542,#11543);
#11542 = CARTESIAN_POINT('',(0.,0.));
#11543 = VECTOR('',#11544,1.);
#11544 = DIRECTION('',(0.,1.));
#11545 = ( GEOMETRIC_REPRESENTATION_CONTEXT(2) 
PARAMETRIC_REPRESENTATION_CONTEXT() REPRESENTATION_CONTEXT('2D SPACE',''
  ) );
#11546 = ORIENTED_EDGE('',*,*,#11547,.T.);
#11547 = EDGE_CURVE('',#11520,#11548,#11550,.T.);
#11548 = VERTEX_POINT('',#11549);
#11549 = CARTESIAN_POINT('',(-16.2,55.,1.8));
#11550 = SURFACE_CURVE('',#11551,(#11555,#11562),.PCURVE_S1.);
#11551 = LINE('',#11552,#11553);
#11552 = CARTESIAN_POINT('',(-16.2,-12.,1.8));
#11553 = VECTOR('',#11554,1.);
#11554 = DIRECTION('',(-0.,1.,0.));
#11555 = PCURVE('',#11032,#11556);
#11556 = DEFINITIONAL_REPRESENTATION('',(#11557),#11561);
#11557 = LINE('',#11558,#11559);
#11558 = CARTESIAN_POINT('',(-16.20000000001,-12.04680582154));
#11559 = VECTOR('',#11560,1.);
#11560 = DIRECTION('',(0.,1.));
#11561 = ( GEOMETRIC_REPRESENTATION_CONTEXT(2) 
PARAMETRIC_REPRESENTATION_CONTEXT() REPRESENTATION_CONTEXT('2D SPACE',''
  ) );
#11562 = PCURVE('',#11563,#11568);
#11563 = PLANE('',#11564);
#11564 = AXIS2_PLACEMENT_3D('',#11565,#11566,#11567);
#11565 = CARTESIAN_POINT('',(-16.2,-12.,1.8));
#11566 = DIRECTION('',(1.,0.,-0.));
#11567 = DIRECTION('',(0.,0.,1.));
#11568 = DEFINITIONAL_REPRESENTATION('',(#11569),#11573);
#11569 = LINE('',#11570,#11571);
#11570 = CARTESIAN_POINT('',(0.,0.));
#11571 = VECTOR('',#11572,1.);
#11572 = DIRECTION('',(0.,-1.));
#11573 = ( GEOMETRIC_REPRESENTATION_CONTEXT(2) 
PARAMETRIC_REPRESENTATION_CONTEXT() REPRESENTATION_CONTEXT('2D SPACE',''
  ) );
#11574 = ORIENTED_EDGE('',*,*,#11575,.F.);
#11575 = EDGE_CURVE('',#11576,#11548,#11578,.T.);
#11576 = VERTEX_POINT('',#11577);
#11577 = CARTESIAN_POINT('',(-18.,55.,1.8));
#11578 = SURFACE_CURVE('',#11579,(#11583,#11590),.PCURVE_S1.);
#11579 = LINE('',#11580,#11581);
#11580 = CARTESIAN_POINT('',(0.,55.,1.8));
#11581 = VECTOR('',#11582,1.);
#11582 = DIRECTION('',(1.,0.,-0.));
#11583 = PCURVE('',#11032,#11584);
#11584 = DEFINITIONAL_REPRESENTATION('',(#11585),#11589);
#11585 = LINE('',#11586,#11587);
#11586 = CARTESIAN_POINT('',(-1.12850119938E-11,54.953194178454));
#11587 = VECTOR('',#11588,1.);
#11588 = DIRECTION('',(1.,0.));
#11589 = ( GEOMETRIC_REPRESENTATION_CONTEXT(2) 
PARAMETRIC_REPRESENTATION_CONTEXT() REPRESENTATION_CONTEXT('2D SPACE',''
  ) );
#11590 = PCURVE('',#9422,#11591);
#11591 = DEFINITIONAL_REPRESENTATION('',(#11592),#11596);
#11592 = LINE('',#11593,#11594);
#11593 = CARTESIAN_POINT('',(18.,0.));
#11594 = VECTOR('',#11595,1.);
#11595 = DIRECTION('',(1.,0.));
#11596 = ( GEOMETRIC_REPRESENTATION_CONTEXT(2) 
PARAMETRIC_REPRESENTATION_CONTEXT() REPRESENTATION_CONTEXT('2D SPACE',''
  ) );
#11597 = ORIENTED_EDGE('',*,*,#11598,.T.);
#11598 = EDGE_CURVE('',#11576,#11599,#11601,.T.);
#11599 = VERTEX_POINT('',#11600);
#11600 = CARTESIAN_POINT('',(-18.,60.2,1.8));
#11601 = SURFACE_CURVE('',#11602,(#11606,#11613),.PCURVE_S1.);
#11602 = LINE('',#11603,#11604);
#11603 = CARTESIAN_POINT('',(-18.,117.,1.8));
#11604 = VECTOR('',#11605,1.);
#11605 = DIRECTION('',(-0.,1.,0.));
#11606 = PCURVE('',#11032,#11607);
#11607 = DEFINITIONAL_REPRESENTATION('',(#11608),#11612);
#11608 = LINE('',#11609,#11610);
#11609 = CARTESIAN_POINT('',(-18.00000000001,116.95319417845));
#11610 = VECTOR('',#11611,1.);
#11611 = DIRECTION('',(0.,1.));
#11612 = ( GEOMETRIC_REPRESENTATION_CONTEXT(2) 
PARAMETRIC_REPRESENTATION_CONTEXT() REPRESENTATION_CONTEXT('2D SPACE',''
  ) );
#11613 = PCURVE('',#9395,#11614);
#11614 = DEFINITIONAL_REPRESENTATION('',(#11615),#11619);
#11615 = LINE('',#11616,#11617);
#11616 = CARTESIAN_POINT('',(62.,0.));
#11617 = VECTOR('',#11618,1.);
#11618 = DIRECTION('',(1.,0.));
#11619 = ( GEOMETRIC_REPRESENTATION_CONTEXT(2) 
PARAMETRIC_REPRESENTATION_CONTEXT() REPRESENTATION_CONTEXT('2D SPACE',''
  ) );
#11620 = ORIENTED_EDGE('',*,*,#11621,.F.);
#11621 = EDGE_CURVE('',#11622,#11599,#11624,.T.);
#11622 = VERTEX_POINT('',#11623);
#11623 = CARTESIAN_POINT('',(-26.81256579129,60.2,1.8));
#11624 = SURFACE_CURVE('',#11625,(#11629,#11636),.PCURVE_S1.);
#11625 = LINE('',#11626,#11627);
#11626 = CARTESIAN_POINT('',(0.,60.2,1.8));
#11627 = VECTOR('',#11628,1.);
#11628 = DIRECTION('',(1.,0.,0.));
#11629 = PCURVE('',#11032,#11630);
#11630 = DEFINITIONAL_REPRESENTATION('',(#11631),#11635);
#11631 = LINE('',#11632,#11633);
#11632 = CARTESIAN_POINT('',(-1.12850119938E-11,60.153194178454));
#11633 = VECTOR('',#11634,1.);
#11634 = DIRECTION('',(1.,0.));
#11635 = ( GEOMETRIC_REPRESENTATION_CONTEXT(2) 
PARAMETRIC_REPRESENTATION_CONTEXT() REPRESENTATION_CONTEXT('2D SPACE',''
  ) );
#11636 = PCURVE('',#9368,#11637);
#11637 = DEFINITIONAL_REPRESENTATION('',(#11638),#11642);
#11638 = LINE('',#11639,#11640);
#11639 = CARTESIAN_POINT('',(28.,0.));
#11640 = VECTOR('',#11641,1.);
#11641 = DIRECTION('',(1.,0.));
#11642 = ( GEOMETRIC_REPRESENTATION_CONTEXT(2) 
PARAMETRIC_REPRESENTATION_CONTEXT() REPRESENTATION_CONTEXT('2D SPACE',''
  ) );
#11643 = ORIENTED_EDGE('',*,*,#11644,.T.);
#11644 = EDGE_CURVE('',#11622,#11645,#11647,.T.);
#11645 = VERTEX_POINT('',#11646);
#11646 = CARTESIAN_POINT('',(-30.2,56.812565791296,1.8));
#11647 = SURFACE_CURVE('',#11648,(#11653,#11664),.PCURVE_S1.);
#11648 = CIRCLE('',#11649,2.5);
#11649 = AXIS2_PLACEMENT_3D('',#11650,#11651,#11652);
#11650 = CARTESIAN_POINT('',(-28.,58.,1.8));
#11651 = DIRECTION('',(0.,0.,-1.));
#11652 = DIRECTION('',(0.474973683482,0.88,0.));
#11653 = PCURVE('',#11032,#11654);
#11654 = DEFINITIONAL_REPRESENTATION('',(#11655),#11663);
#11655 = ( BOUNDED_CURVE() B_SPLINE_CURVE(2,(#11656,#11657,#11658,#11659
    ,#11660,#11661,#11662),.UNSPECIFIED.,.T.,.F.) 
B_SPLINE_CURVE_WITH_KNOTS((1,2,2,2,2,1),(-2.094395102393,0.,
    2.094395102393,4.188790204786,6.28318530718,8.377580409573),
.UNSPECIFIED.) CURVE() GEOMETRIC_REPRESENTATION_ITEM() 
RATIONAL_B_SPLINE_CURVE((1.,0.5,1.,0.5,1.,0.5,1.)) REPRESENTATION_ITEM(
  '') );
#11656 = CARTESIAN_POINT('',(-26.8125657913,60.153194178454));
#11657 = CARTESIAN_POINT('',(-23.00205401465,58.096497798334));
#11658 = CARTESIAN_POINT('',(-26.68846121603,55.824845988394));
#11659 = CARTESIAN_POINT('',(-30.37486841741,53.553194178454));
#11660 = CARTESIAN_POINT('',(-30.49897299268,57.881542368514));
#11661 = CARTESIAN_POINT('',(-30.62307756795,62.209890558575));
#11662 = CARTESIAN_POINT('',(-26.8125657913,60.153194178454));
#11663 = ( GEOMETRIC_REPRESENTATION_CONTEXT(2) 
PARAMETRIC_REPRESENTATION_CONTEXT() REPRESENTATION_CONTEXT('2D SPACE',''
  ) );
#11664 = PCURVE('',#9340,#11665);
#11665 = DEFINITIONAL_REPRESENTATION('',(#11666),#11670);
#11666 = LINE('',#11667,#11668);
#11667 = CARTESIAN_POINT('',(-7.359047507634,0.));
#11668 = VECTOR('',#11669,1.);
#11669 = DIRECTION('',(1.,-0.));
#11670 = ( GEOMETRIC_REPRESENTATION_CONTEXT(2) 
PARAMETRIC_REPRESENTATION_CONTEXT() REPRESENTATION_CONTEXT('2D SPACE',''
  ) );
#11671 = ORIENTED_EDGE('',*,*,#11672,.F.);
#11672 = EDGE_CURVE('',#11673,#11645,#11675,.T.);
#11673 = VERTEX_POINT('',#11674);
#11674 = CARTESIAN_POINT('',(-30.2,25.435595774163,1.8));
#11675 = SURFACE_CURVE('',#11676,(#11680,#11687),.PCURVE_S1.);
#11676 = LINE('',#11677,#11678);
#11677 = CARTESIAN_POINT('',(-30.2,0.,1.8));
#11678 = VECTOR('',#11679,1.);
#11679 = DIRECTION('',(0.,1.,0.));
#11680 = PCURVE('',#11032,#11681);
#11681 = DEFINITIONAL_REPRESENTATION('',(#11682),#11686);
#11682 = LINE('',#11683,#11684);
#11683 = CARTESIAN_POINT('',(-30.20000000001,-4.680582154577E-02));
#11684 = VECTOR('',#11685,1.);
#11685 = DIRECTION('',(0.,1.));
#11686 = ( GEOMETRIC_REPRESENTATION_CONTEXT(2) 
PARAMETRIC_REPRESENTATION_CONTEXT() REPRESENTATION_CONTEXT('2D SPACE',''
  ) );
#11687 = PCURVE('',#9312,#11688);
#11688 = DEFINITIONAL_REPRESENTATION('',(#11689),#11693);
#11689 = LINE('',#11690,#11691);
#11690 = CARTESIAN_POINT('',(-25.43559577416,0.));
#11691 = VECTOR('',#11692,1.);
#11692 = DIRECTION('',(1.,0.));
#11693 = ( GEOMETRIC_REPRESENTATION_CONTEXT(2) 
PARAMETRIC_REPRESENTATION_CONTEXT() REPRESENTATION_CONTEXT('2D SPACE',''
  ) );
#11694 = ORIENTED_EDGE('',*,*,#11695,.T.);
#11695 = EDGE_CURVE('',#11673,#11696,#11698,.T.);
#11696 = VERTEX_POINT('',#11697);
#11697 = CARTESIAN_POINT('',(-30.78,22.907434386909,1.8));
#11698 = SURFACE_CURVE('',#11699,(#11704,#11715),.PCURVE_S1.);
#11699 = CIRCLE('',#11700,5.8);
#11700 = AXIS2_PLACEMENT_3D('',#11701,#11702,#11703);
#11701 = CARTESIAN_POINT('',(-36.,25.435595774163,1.8));
#11702 = DIRECTION('',(0.,0.,-1.));
#11703 = DIRECTION('',(-1.,0.,0.));
#11704 = PCURVE('',#11032,#11705);
#11705 = DEFINITIONAL_REPRESENTATION('',(#11706),#11714);
#11706 = ( BOUNDED_CURVE() B_SPLINE_CURVE(2,(#11707,#11708,#11709,#11710
    ,#11711,#11712,#11713),.UNSPECIFIED.,.T.,.F.) 
B_SPLINE_CURVE_WITH_KNOTS((1,2,2,2,2,1),(-2.094395102393,0.,
    2.094395102393,4.188790204786,6.28318530718,8.377580409573),
.UNSPECIFIED.) CURVE() GEOMETRIC_REPRESENTATION_ITEM() 
RATIONAL_B_SPLINE_CURVE((1.,0.5,1.,0.5,1.,0.5,1.)) REPRESENTATION_ITEM(
  '') );
#11707 = CARTESIAN_POINT('',(-41.80000000001,25.388789952617));
#11708 = CARTESIAN_POINT('',(-41.80000000001,35.434684636516));
#11709 = CARTESIAN_POINT('',(-33.10000000001,30.411737294567));
#11710 = CARTESIAN_POINT('',(-24.40000000001,25.388789952617));
#11711 = CARTESIAN_POINT('',(-33.10000000001,20.365842610667));
#11712 = CARTESIAN_POINT('',(-41.80000000001,15.342895268717));
#11713 = CARTESIAN_POINT('',(-41.80000000001,25.388789952617));
#11714 = ( GEOMETRIC_REPRESENTATION_CONTEXT(2) 
PARAMETRIC_REPRESENTATION_CONTEXT() REPRESENTATION_CONTEXT('2D SPACE',''
  ) );
#11715 = PCURVE('',#9284,#11716);
#11716 = DEFINITIONAL_REPRESENTATION('',(#11717),#11721);
#11717 = LINE('',#11718,#11719);
#11718 = CARTESIAN_POINT('',(0.,0.));
#11719 = VECTOR('',#11720,1.);
#11720 = DIRECTION('',(1.,0.));
#11721 = ( GEOMETRIC_REPRESENTATION_CONTEXT(2) 
PARAMETRIC_REPRESENTATION_CONTEXT() REPRESENTATION_CONTEXT('2D SPACE',''
  ) );
#11722 = ORIENTED_EDGE('',*,*,#11723,.T.);
#11723 = EDGE_CURVE('',#11696,#11724,#11726,.T.);
#11724 = VERTEX_POINT('',#11725);
#11725 = CARTESIAN_POINT('',(-30.78,-6.907434386909,1.8));
#11726 = SURFACE_CURVE('',#11727,(#11732,#11739),.PCURVE_S1.);
#11727 = CIRCLE('',#11728,34.2);
#11728 = AXIS2_PLACEMENT_3D('',#11729,#11730,#11731);
#11729 = CARTESIAN_POINT('',(0.,8.,1.8));
#11730 = DIRECTION('',(0.,-0.,1.));
#11731 = DIRECTION('',(1.,0.,0.));
#11732 = PCURVE('',#11032,#11733);
#11733 = DEFINITIONAL_REPRESENTATION('',(#11734),#11738);
#11734 = CIRCLE('',#11735,34.2);
#11735 = AXIS2_PLACEMENT_2D('',#11736,#11737);
#11736 = CARTESIAN_POINT('',(-1.12850119938E-11,7.953194178454));
#11737 = DIRECTION('',(1.,0.));
#11738 = ( GEOMETRIC_REPRESENTATION_CONTEXT(2) 
PARAMETRIC_REPRESENTATION_CONTEXT() REPRESENTATION_CONTEXT('2D SPACE',''
  ) );
#11739 = PCURVE('',#9251,#11740);
#11740 = DEFINITIONAL_REPRESENTATION('',(#11741),#11745);
#11741 = LINE('',#11742,#11743);
#11742 = CARTESIAN_POINT('',(-0.,0.));
#11743 = VECTOR('',#11744,1.);
#11744 = DIRECTION('',(-1.,0.));
#11745 = ( GEOMETRIC_REPRESENTATION_CONTEXT(2) 
PARAMETRIC_REPRESENTATION_CONTEXT() REPRESENTATION_CONTEXT('2D SPACE',''
  ) );
#11746 = ORIENTED_EDGE('',*,*,#11747,.T.);
#11747 = EDGE_CURVE('',#11724,#11097,#11748,.T.);
#11748 = SURFACE_CURVE('',#11749,(#11754,#11765),.PCURVE_S1.);
#11749 = CIRCLE('',#11750,5.8);
#11750 = AXIS2_PLACEMENT_3D('',#11751,#11752,#11753);
#11751 = CARTESIAN_POINT('',(-36.,-9.435595774163,1.8));
#11752 = DIRECTION('',(0.,0.,-1.));
#11753 = DIRECTION('',(-1.,0.,0.));
#11754 = PCURVE('',#11032,#11755);
#11755 = DEFINITIONAL_REPRESENTATION('',(#11756),#11764);
#11756 = ( BOUNDED_CURVE() B_SPLINE_CURVE(2,(#11757,#11758,#11759,#11760
    ,#11761,#11762,#11763),.UNSPECIFIED.,.T.,.F.) 
B_SPLINE_CURVE_WITH_KNOTS((1,2,2,2,2,1),(-2.094395102393,0.,
    2.094395102393,4.188790204786,6.28318530718,8.377580409573),
.UNSPECIFIED.) CURVE() GEOMETRIC_REPRESENTATION_ITEM() 
RATIONAL_B_SPLINE_CURVE((1.,0.5,1.,0.5,1.,0.5,1.)) REPRESENTATION_ITEM(
  '') );
#11757 = CARTESIAN_POINT('',(-41.80000000001,-9.482401595708));
#11758 = CARTESIAN_POINT('',(-41.80000000001,0.563493088191));
#11759 = CARTESIAN_POINT('',(-33.10000000001,-4.459454253759));
#11760 = CARTESIAN_POINT('',(-24.40000000001,-9.482401595708));
#11761 = CARTESIAN_POINT('',(-33.10000000001,-14.50534893765));
#11762 = CARTESIAN_POINT('',(-41.80000000001,-19.5282962796));
#11763 = CARTESIAN_POINT('',(-41.80000000001,-9.482401595708));
#11764 = ( GEOMETRIC_REPRESENTATION_CONTEXT(2) 
PARAMETRIC_REPRESENTATION_CONTEXT() REPRESENTATION_CONTEXT('2D SPACE',''
  ) );
#11765 = PCURVE('',#9218,#11766);
#11766 = DEFINITIONAL_REPRESENTATION('',(#11767),#11771);
#11767 = LINE('',#11768,#11769);
#11768 = CARTESIAN_POINT('',(0.,0.));
#11769 = VECTOR('',#11770,1.);
#11770 = DIRECTION('',(1.,0.));
#11771 = ( GEOMETRIC_REPRESENTATION_CONTEXT(2) 
PARAMETRIC_REPRESENTATION_CONTEXT() REPRESENTATION_CONTEXT('2D SPACE',''
  ) );
#11772 = FACE_BOUND('',#11773,.T.);
#11773 = EDGE_LOOP('',(#11774,#11804,#11832,#11860));
#11774 = ORIENTED_EDGE('',*,*,#11775,.T.);
#11775 = EDGE_CURVE('',#11776,#11778,#11780,.T.);
#11776 = VERTEX_POINT('',#11777);
#11777 = CARTESIAN_POINT('',(-22.1,-51.5,1.8));
#11778 = VERTEX_POINT('',#11779);
#11779 = CARTESIAN_POINT('',(-22.1,-28.1,1.8));
#11780 = SURFACE_CURVE('',#11781,(#11785,#11792),.PCURVE_S1.);
#11781 = LINE('',#11782,#11783);
#11782 = CARTESIAN_POINT('',(-22.1,-51.5,1.8));
#11783 = VECTOR('',#11784,1.);
#11784 = DIRECTION('',(-0.,1.,0.));
#11785 = PCURVE('',#11032,#11786);
#11786 = DEFINITIONAL_REPRESENTATION('',(#11787),#11791);
#11787 = LINE('',#11788,#11789);
#11788 = CARTESIAN_POINT('',(-22.10000000001,-51.54680582154));
#11789 = VECTOR('',#11790,1.);
#11790 = DIRECTION('',(0.,1.));
#11791 = ( GEOMETRIC_REPRESENTATION_CONTEXT(2) 
PARAMETRIC_REPRESENTATION_CONTEXT() REPRESENTATION_CONTEXT('2D SPACE',''
  ) );
#11792 = PCURVE('',#11793,#11798);
#11793 = PLANE('',#11794);
#11794 = AXIS2_PLACEMENT_3D('',#11795,#11796,#11797);
#11795 = CARTESIAN_POINT('',(-22.1,-51.5,1.8));
#11796 = DIRECTION('',(1.,0.,-0.));
#11797 = DIRECTION('',(0.,0.,1.));
#11798 = DEFINITIONAL_REPRESENTATION('',(#11799),#11803);
#11799 = LINE('',#11800,#11801);
#11800 = CARTESIAN_POINT('',(0.,0.));
#11801 = VECTOR('',#11802,1.);
#11802 = DIRECTION('',(0.,-1.));
#11803 = ( GEOMETRIC_REPRESENTATION_CONTEXT(2) 
PARAMETRIC_REPRESENTATION_CONTEXT() REPRESENTATION_CONTEXT('2D SPACE',''
  ) );
#11804 = ORIENTED_EDGE('',*,*,#11805,.T.);
#11805 = EDGE_CURVE('',#11778,#11806,#11808,.T.);
#11806 = VERTEX_POINT('',#11807);
#11807 = CARTESIAN_POINT('',(-20.5,-28.1,1.8));
#11808 = SURFACE_CURVE('',#11809,(#11813,#11820),.PCURVE_S1.);
#11809 = LINE('',#11810,#11811);
#11810 = CARTESIAN_POINT('',(-22.1,-28.1,1.8));
#11811 = VECTOR('',#11812,1.);
#11812 = DIRECTION('',(1.,0.,-0.));
#11813 = PCURVE('',#11032,#11814);
#11814 = DEFINITIONAL_REPRESENTATION('',(#11815),#11819);
#11815 = LINE('',#11816,#11817);
#11816 = CARTESIAN_POINT('',(-22.10000000001,-28.14680582154));
#11817 = VECTOR('',#11818,1.);
#11818 = DIRECTION('',(1.,0.));
#11819 = ( GEOMETRIC_REPRESENTATION_CONTEXT(2) 
PARAMETRIC_REPRESENTATION_CONTEXT() REPRESENTATION_CONTEXT('2D SPACE',''
  ) );
#11820 = PCURVE('',#11821,#11826);
#11821 = PLANE('',#11822);
#11822 = AXIS2_PLACEMENT_3D('',#11823,#11824,#11825);
#11823 = CARTESIAN_POINT('',(-22.1,-28.1,1.8));
#11824 = DIRECTION('',(-0.,1.,0.));
#11825 = DIRECTION('',(0.,0.,1.));
#11826 = DEFINITIONAL_REPRESENTATION('',(#11827),#11831);
#11827 = LINE('',#11828,#11829);
#11828 = CARTESIAN_POINT('',(0.,0.));
#11829 = VECTOR('',#11830,1.);
#11830 = DIRECTION('',(0.,1.));
#11831 = ( GEOMETRIC_REPRESENTATION_CONTEXT(2) 
PARAMETRIC_REPRESENTATION_CONTEXT() REPRESENTATION_CONTEXT('2D SPACE',''
  ) );
#11832 = ORIENTED_EDGE('',*,*,#11833,.F.);
#11833 = EDGE_CURVE('',#11834,#11806,#11836,.T.);
#11834 = VERTEX_POINT('',#11835);
#11835 = CARTESIAN_POINT('',(-20.5,-51.5,1.8));
#11836 = SURFACE_CURVE('',#11837,(#11841,#11848),.PCURVE_S1.);
#11837 = LINE('',#11838,#11839);
#11838 = CARTESIAN_POINT('',(-20.5,-51.5,1.8));
#11839 = VECTOR('',#11840,1.);
#11840 = DIRECTION('',(-0.,1.,0.));
#11841 = PCURVE('',#11032,#11842);
#11842 = DEFINITIONAL_REPRESENTATION('',(#11843),#11847);
#11843 = LINE('',#11844,#11845);
#11844 = CARTESIAN_POINT('',(-20.50000000001,-51.54680582154));
#11845 = VECTOR('',#11846,1.);
#11846 = DIRECTION('',(0.,1.));
#11847 = ( GEOMETRIC_REPRESENTATION_CONTEXT(2) 
PARAMETRIC_REPRESENTATION_CONTEXT() REPRESENTATION_CONTEXT('2D SPACE',''
  ) );
#11848 = PCURVE('',#11849,#11854);
#11849 = PLANE('',#11850);
#11850 = AXIS2_PLACEMENT_3D('',#11851,#11852,#11853);
#11851 = CARTESIAN_POINT('',(-20.5,-51.5,1.8));
#11852 = DIRECTION('',(1.,0.,-0.));
#11853 = DIRECTION('',(0.,0.,1.));
#11854 = DEFINITIONAL_REPRESENTATION('',(#11855),#11859);
#11855 = LINE('',#11856,#11857);
#11856 = CARTESIAN_POINT('',(0.,0.));
#11857 = VECTOR('',#11858,1.);
#11858 = DIRECTION('',(0.,-1.));
#11859 = ( GEOMETRIC_REPRESENTATION_CONTEXT(2) 
PARAMETRIC_REPRESENTATION_CONTEXT() REPRESENTATION_CONTEXT('2D SPACE',''
  ) );
#11860 = ORIENTED_EDGE('',*,*,#11861,.F.);
#11861 = EDGE_CURVE('',#11776,#11834,#11862,.T.);
#11862 = SURFACE_CURVE('',#11863,(#11867,#11874),.PCURVE_S1.);
#11863 = LINE('',#11864,#11865);
#11864 = CARTESIAN_POINT('',(-22.1,-51.5,1.8));
#11865 = VECTOR('',#11866,1.);
#11866 = DIRECTION('',(1.,0.,-0.));
#11867 = PCURVE('',#11032,#11868);
#11868 = DEFINITIONAL_REPRESENTATION('',(#11869),#11873);
#11869 = LINE('',#11870,#11871);
#11870 = CARTESIAN_POINT('',(-22.10000000001,-51.54680582154));
#11871 = VECTOR('',#11872,1.);
#11872 = DIRECTION('',(1.,0.));
#11873 = ( GEOMETRIC_REPRESENTATION_CONTEXT(2) 
PARAMETRIC_REPRESENTATION_CONTEXT() REPRESENTATION_CONTEXT('2D SPACE',''
  ) );
#11874 = PCURVE('',#11875,#11880);
#11875 = PLANE('',#11876);
#11876 = AXIS2_PLACEMENT_3D('',#11877,#11878,#11879);
#11877 = CARTESIAN_POINT('',(-22.1,-51.5,1.8));
#11878 = DIRECTION('',(-0.,1.,0.));
#11879 = DIRECTION('',(0.,0.,1.));
#11880 = DEFINITIONAL_REPRESENTATION('',(#11881),#11885);
#11881 = LINE('',#11882,#11883);
#11882 = CARTESIAN_POINT('',(0.,0.));
#11883 = VECTOR('',#11884,1.);
#11884 = DIRECTION('',(0.,1.));
#11885 = ( GEOMETRIC_REPRESENTATION_CONTEXT(2) 
PARAMETRIC_REPRESENTATION_CONTEXT() REPRESENTATION_CONTEXT('2D SPACE',''
  ) );
#11886 = FACE_BOUND('',#11887,.T.);
#11887 = EDGE_LOOP('',(#11888,#11918,#11946,#11974));
#11888 = ORIENTED_EDGE('',*,*,#11889,.T.);
#11889 = EDGE_CURVE('',#11890,#11892,#11894,.T.);
#11890 = VERTEX_POINT('',#11891);
#11891 = CARTESIAN_POINT('',(20.5,-51.5,1.8));
#11892 = VERTEX_POINT('',#11893);
#11893 = CARTESIAN_POINT('',(20.5,-28.1,1.8));
#11894 = SURFACE_CURVE('',#11895,(#11899,#11906),.PCURVE_S1.);
#11895 = LINE('',#11896,#11897);
#11896 = CARTESIAN_POINT('',(20.5,-51.5,1.8));
#11897 = VECTOR('',#11898,1.);
#11898 = DIRECTION('',(-0.,1.,0.));
#11899 = PCURVE('',#11032,#11900);
#11900 = DEFINITIONAL_REPRESENTATION('',(#11901),#11905);
#11901 = LINE('',#11902,#11903);
#11902 = CARTESIAN_POINT('',(20.499999999989,-51.54680582154));
#11903 = VECTOR('',#11904,1.);
#11904 = DIRECTION('',(0.,1.));
#11905 = ( GEOMETRIC_REPRESENTATION_CONTEXT(2) 
PARAMETRIC_REPRESENTATION_CONTEXT() REPRESENTATION_CONTEXT('2D SPACE',''
  ) );
#11906 = PCURVE('',#11907,#11912);
#11907 = PLANE('',#11908);
#11908 = AXIS2_PLACEMENT_3D('',#11909,#11910,#11911);
#11909 = CARTESIAN_POINT('',(20.5,-51.5,1.8));
#11910 = DIRECTION('',(1.,0.,-0.));
#11911 = DIRECTION('',(0.,0.,1.));
#11912 = DEFINITIONAL_REPRESENTATION('',(#11913),#11917);
#11913 = LINE('',#11914,#11915);
#11914 = CARTESIAN_POINT('',(0.,0.));
#11915 = VECTOR('',#11916,1.);
#11916 = DIRECTION('',(0.,-1.));
#11917 = ( GEOMETRIC_REPRESENTATION_CONTEXT(2) 
PARAMETRIC_REPRESENTATION_CONTEXT() REPRESENTATION_CONTEXT('2D SPACE',''
  ) );
#11918 = ORIENTED_EDGE('',*,*,#11919,.T.);
#11919 = EDGE_CURVE('',#11892,#11920,#11922,.T.);
#11920 = VERTEX_POINT('',#11921);
#11921 = CARTESIAN_POINT('',(22.1,-28.1,1.8));
#11922 = SURFACE_CURVE('',#11923,(#11927,#11934),.PCURVE_S1.);
#11923 = LINE('',#11924,#11925);
#11924 = CARTESIAN_POINT('',(20.5,-28.1,1.8));
#11925 = VECTOR('',#11926,1.);
#11926 = DIRECTION('',(1.,0.,-0.));
#11927 = PCURVE('',#11032,#11928);
#11928 = DEFINITIONAL_REPRESENTATION('',(#11929),#11933);
#11929 = LINE('',#11930,#11931);
#11930 = CARTESIAN_POINT('',(20.499999999989,-28.14680582154));
#11931 = VECTOR('',#11932,1.);
#11932 = DIRECTION('',(1.,0.));
#11933 = ( GEOMETRIC_REPRESENTATION_CONTEXT(2) 
PARAMETRIC_REPRESENTATION_CONTEXT() REPRESENTATION_CONTEXT('2D SPACE',''
  ) );
#11934 = PCURVE('',#11935,#11940);
#11935 = PLANE('',#11936);
#11936 = AXIS2_PLACEMENT_3D('',#11937,#11938,#11939);
#11937 = CARTESIAN_POINT('',(20.5,-28.1,1.8));
#11938 = DIRECTION('',(-0.,1.,0.));
#11939 = DIRECTION('',(0.,0.,1.));
#11940 = DEFINITIONAL_REPRESENTATION('',(#11941),#11945);
#11941 = LINE('',#11942,#11943);
#11942 = CARTESIAN_POINT('',(0.,0.));
#11943 = VECTOR('',#11944,1.);
#11944 = DIRECTION('',(0.,1.));
#11945 = ( GEOMETRIC_REPRESENTATION_CONTEXT(2) 
PARAMETRIC_REPRESENTATION_CONTEXT() REPRESENTATION_CONTEXT('2D SPACE',''
  ) );
#11946 = ORIENTED_EDGE('',*,*,#11947,.F.);
#11947 = EDGE_CURVE('',#11948,#11920,#11950,.T.);
#11948 = VERTEX_POINT('',#11949);
#11949 = CARTESIAN_POINT('',(22.1,-51.5,1.8));
#11950 = SURFACE_CURVE('',#11951,(#11955,#11962),.PCURVE_S1.);
#11951 = LINE('',#11952,#11953);
#11952 = CARTESIAN_POINT('',(22.1,-51.5,1.8));
#11953 = VECTOR('',#11954,1.);
#11954 = DIRECTION('',(-0.,1.,0.));
#11955 = PCURVE('',#11032,#11956);
#11956 = DEFINITIONAL_REPRESENTATION('',(#11957),#11961);
#11957 = LINE('',#11958,#11959);
#11958 = CARTESIAN_POINT('',(22.099999999989,-51.54680582154));
#11959 = VECTOR('',#11960,1.);
#11960 = DIRECTION('',(0.,1.));
#11961 = ( GEOMETRIC_REPRESENTATION_CONTEXT(2) 
PARAMETRIC_REPRESENTATION_CONTEXT() REPRESENTATION_CONTEXT('2D SPACE',''
  ) );
#11962 = PCURVE('',#11963,#11968);
#11963 = PLANE('',#11964);
#11964 = AXIS2_PLACEMENT_3D('',#11965,#11966,#11967);
#11965 = CARTESIAN_POINT('',(22.1,-51.5,1.8));
#11966 = DIRECTION('',(1.,0.,-0.));
#11967 = DIRECTION('',(0.,0.,1.));
#11968 = DEFINITIONAL_REPRESENTATION('',(#11969),#11973);
#11969 = LINE('',#11970,#11971);
#11970 = CARTESIAN_POINT('',(0.,0.));
#11971 = VECTOR('',#11972,1.);
#11972 = DIRECTION('',(0.,-1.));
#11973 = ( GEOMETRIC_REPRESENTATION_CONTEXT(2) 
PARAMETRIC_REPRESENTATION_CONTEXT() REPRESENTATION_CONTEXT('2D SPACE',''
  ) );
#11974 = ORIENTED_EDGE('',*,*,#11975,.F.);
#11975 = EDGE_CURVE('',#11890,#11948,#11976,.T.);
#11976 = SURFACE_CURVE('',#11977,(#11981,#11988),.PCURVE_S1.);
#11977 = LINE('',#11978,#11979);
#11978 = CARTESIAN_POINT('',(20.5,-51.5,1.8));
#11979 = VECTOR('',#11980,1.);
#11980 = DIRECTION('',(1.,0.,-0.));
#11981 = PCURVE('',#11032,#11982);
#11982 = DEFINITIONAL_REPRESENTATION('',(#11983),#11987);
#11983 = LINE('',#11984,#11985);
#11984 = CARTESIAN_POINT('',(20.499999999989,-51.54680582154));
#11985 = VECTOR('',#11986,1.);
#11986 = DIRECTION('',(1.,0.));
#11987 = ( GEOMETRIC_REPRESENTATION_CONTEXT(2) 
PARAMETRIC_REPRESENTATION_CONTEXT() REPRESENTATION_CONTEXT('2D SPACE',''
  ) );
#11988 = PCURVE('',#11989,#11994);
#11989 = PLANE('',#11990);
#11990 = AXIS2_PLACEMENT_3D('',#11991,#11992,#11993);
#11991 = CARTESIAN_POINT('',(20.5,-51.5,1.8));
#11992 = DIRECTION('',(-0.,1.,0.));
#11993 = DIRECTION('',(0.,0.,1.));
#11994 = DEFINITIONAL_REPRESENTATION('',(#11995),#11999);
#11995 = LINE('',#11996,#11997);
#11996 = CARTESIAN_POINT('',(0.,0.));
#11997 = VECTOR('',#11998,1.);
#11998 = DIRECTION('',(0.,1.));
#11999 = ( GEOMETRIC_REPRESENTATION_CONTEXT(2) 
PARAMETRIC_REPRESENTATION_CONTEXT() REPRESENTATION_CONTEXT('2D SPACE',''
  ) );
#12000 = ADVANCED_FACE('',(#12001),#11935,.T.);
#12001 = FACE_BOUND('',#12002,.T.);
#12002 = EDGE_LOOP('',(#12003,#12004,#12027,#12055));
#12003 = ORIENTED_EDGE('',*,*,#11919,.F.);
#12004 = ORIENTED_EDGE('',*,*,#12005,.T.);
#12005 = EDGE_CURVE('',#11892,#12006,#12008,.T.);
#12006 = VERTEX_POINT('',#12007);
#12007 = CARTESIAN_POINT('',(20.5,-28.1,6.45));
#12008 = SURFACE_CURVE('',#12009,(#12013,#12020),.PCURVE_S1.);
#12009 = LINE('',#12010,#12011);
#12010 = CARTESIAN_POINT('',(20.5,-28.1,1.8));
#12011 = VECTOR('',#12012,1.);
#12012 = DIRECTION('',(0.,0.,1.));
#12013 = PCURVE('',#11935,#12014);
#12014 = DEFINITIONAL_REPRESENTATION('',(#12015),#12019);
#12015 = LINE('',#12016,#12017);
#12016 = CARTESIAN_POINT('',(0.,0.));
#12017 = VECTOR('',#12018,1.);
#12018 = DIRECTION('',(1.,0.));
#12019 = ( GEOMETRIC_REPRESENTATION_CONTEXT(2) 
PARAMETRIC_REPRESENTATION_CONTEXT() REPRESENTATION_CONTEXT('2D SPACE',''
  ) );
#12020 = PCURVE('',#11907,#12021);
#12021 = DEFINITIONAL_REPRESENTATION('',(#12022),#12026);
#12022 = LINE('',#12023,#12024);
#12023 = CARTESIAN_POINT('',(0.,-23.4));
#12024 = VECTOR('',#12025,1.);
#12025 = DIRECTION('',(1.,0.));
#12026 = ( GEOMETRIC_REPRESENTATION_CONTEXT(2) 
PARAMETRIC_REPRESENTATION_CONTEXT() REPRESENTATION_CONTEXT('2D SPACE',''
  ) );
#12027 = ORIENTED_EDGE('',*,*,#12028,.T.);
#12028 = EDGE_CURVE('',#12006,#12029,#12031,.T.);
#12029 = VERTEX_POINT('',#12030);
#12030 = CARTESIAN_POINT('',(22.1,-28.1,6.45));
#12031 = SURFACE_CURVE('',#12032,(#12036,#12043),.PCURVE_S1.);
#12032 = LINE('',#12033,#12034);
#12033 = CARTESIAN_POINT('',(20.5,-28.1,6.45));
#12034 = VECTOR('',#12035,1.);
#12035 = DIRECTION('',(1.,0.,-0.));
#12036 = PCURVE('',#11935,#12037);
#12037 = DEFINITIONAL_REPRESENTATION('',(#12038),#12042);
#12038 = LINE('',#12039,#12040);
#12039 = CARTESIAN_POINT('',(4.65,0.));
#12040 = VECTOR('',#12041,1.);
#12041 = DIRECTION('',(0.,1.));
#12042 = ( GEOMETRIC_REPRESENTATION_CONTEXT(2) 
PARAMETRIC_REPRESENTATION_CONTEXT() REPRESENTATION_CONTEXT('2D SPACE',''
  ) );
#12043 = PCURVE('',#12044,#12049);
#12044 = PLANE('',#12045);
#12045 = AXIS2_PLACEMENT_3D('',#12046,#12047,#12048);
#12046 = CARTESIAN_POINT('',(20.5,-51.5,6.45));
#12047 = DIRECTION('',(0.,0.,1.));
#12048 = DIRECTION('',(1.,0.,-0.));
#12049 = DEFINITIONAL_REPRESENTATION('',(#12050),#12054);
#12050 = LINE('',#12051,#12052);
#12051 = CARTESIAN_POINT('',(0.,23.4));
#12052 = VECTOR('',#12053,1.);
#12053 = DIRECTION('',(1.,0.));
#12054 = ( GEOMETRIC_REPRESENTATION_CONTEXT(2) 
PARAMETRIC_REPRESENTATION_CONTEXT() REPRESENTATION_CONTEXT('2D SPACE',''
  ) );
#12055 = ORIENTED_EDGE('',*,*,#12056,.F.);
#12056 = EDGE_CURVE('',#11920,#12029,#12057,.T.);
#12057 = SURFACE_CURVE('',#12058,(#12062,#12069),.PCURVE_S1.);
#12058 = LINE('',#12059,#12060);
#12059 = CARTESIAN_POINT('',(22.1,-28.1,1.8));
#12060 = VECTOR('',#12061,1.);
#12061 = DIRECTION('',(0.,0.,1.));
#12062 = PCURVE('',#11935,#12063);
#12063 = DEFINITIONAL_REPRESENTATION('',(#12064),#12068);
#12064 = LINE('',#12065,#12066);
#12065 = CARTESIAN_POINT('',(0.,1.6));
#12066 = VECTOR('',#12067,1.);
#12067 = DIRECTION('',(1.,0.));
#12068 = ( GEOMETRIC_REPRESENTATION_CONTEXT(2) 
PARAMETRIC_REPRESENTATION_CONTEXT() REPRESENTATION_CONTEXT('2D SPACE',''
  ) );
#12069 = PCURVE('',#11963,#12070);
#12070 = DEFINITIONAL_REPRESENTATION('',(#12071),#12075);
#12071 = LINE('',#12072,#12073);
#12072 = CARTESIAN_POINT('',(0.,-23.4));
#12073 = VECTOR('',#12074,1.);
#12074 = DIRECTION('',(1.,0.));
#12075 = ( GEOMETRIC_REPRESENTATION_CONTEXT(2) 
PARAMETRIC_REPRESENTATION_CONTEXT() REPRESENTATION_CONTEXT('2D SPACE',''
  ) );
#12076 = ADVANCED_FACE('',(#12077),#12044,.T.);
#12077 = FACE_BOUND('',#12078,.T.);
#12078 = EDGE_LOOP('',(#12079,#12102,#12125,#12146));
#12079 = ORIENTED_EDGE('',*,*,#12080,.F.);
#12080 = EDGE_CURVE('',#12081,#12006,#12083,.T.);
#12081 = VERTEX_POINT('',#12082);
#12082 = CARTESIAN_POINT('',(20.5,-51.5,6.45));
#12083 = SURFACE_CURVE('',#12084,(#12088,#12095),.PCURVE_S1.);
#12084 = LINE('',#12085,#12086);
#12085 = CARTESIAN_POINT('',(20.5,-51.5,6.45));
#12086 = VECTOR('',#12087,1.);
#12087 = DIRECTION('',(-0.,1.,0.));
#12088 = PCURVE('',#12044,#12089);
#12089 = DEFINITIONAL_REPRESENTATION('',(#12090),#12094);
#12090 = LINE('',#12091,#12092);
#12091 = CARTESIAN_POINT('',(0.,0.));
#12092 = VECTOR('',#12093,1.);
#12093 = DIRECTION('',(0.,1.));
#12094 = ( GEOMETRIC_REPRESENTATION_CONTEXT(2) 
PARAMETRIC_REPRESENTATION_CONTEXT() REPRESENTATION_CONTEXT('2D SPACE',''
  ) );
#12095 = PCURVE('',#11907,#12096);
#12096 = DEFINITIONAL_REPRESENTATION('',(#12097),#12101);
#12097 = LINE('',#12098,#12099);
#12098 = CARTESIAN_POINT('',(4.65,0.));
#12099 = VECTOR('',#12100,1.);
#12100 = DIRECTION('',(0.,-1.));
#12101 = ( GEOMETRIC_REPRESENTATION_CONTEXT(2) 
PARAMETRIC_REPRESENTATION_CONTEXT() REPRESENTATION_CONTEXT('2D SPACE',''
  ) );
#12102 = ORIENTED_EDGE('',*,*,#12103,.T.);
#12103 = EDGE_CURVE('',#12081,#12104,#12106,.T.);
#12104 = VERTEX_POINT('',#12105);
#12105 = CARTESIAN_POINT('',(22.1,-51.5,6.45));
#12106 = SURFACE_CURVE('',#12107,(#12111,#12118),.PCURVE_S1.);
#12107 = LINE('',#12108,#12109);
#12108 = CARTESIAN_POINT('',(20.5,-51.5,6.45));
#12109 = VECTOR('',#12110,1.);
#12110 = DIRECTION('',(1.,0.,-0.));
#12111 = PCURVE('',#12044,#12112);
#12112 = DEFINITIONAL_REPRESENTATION('',(#12113),#12117);
#12113 = LINE('',#12114,#12115);
#12114 = CARTESIAN_POINT('',(0.,0.));
#12115 = VECTOR('',#12116,1.);
#12116 = DIRECTION('',(1.,0.));
#12117 = ( GEOMETRIC_REPRESENTATION_CONTEXT(2) 
PARAMETRIC_REPRESENTATION_CONTEXT() REPRESENTATION_CONTEXT('2D SPACE',''
  ) );
#12118 = PCURVE('',#11989,#12119);
#12119 = DEFINITIONAL_REPRESENTATION('',(#12120),#12124);
#12120 = LINE('',#12121,#12122);
#12121 = CARTESIAN_POINT('',(4.65,0.));
#12122 = VECTOR('',#12123,1.);
#12123 = DIRECTION('',(0.,1.));
#12124 = ( GEOMETRIC_REPRESENTATION_CONTEXT(2) 
PARAMETRIC_REPRESENTATION_CONTEXT() REPRESENTATION_CONTEXT('2D SPACE',''
  ) );
#12125 = ORIENTED_EDGE('',*,*,#12126,.T.);
#12126 = EDGE_CURVE('',#12104,#12029,#12127,.T.);
#12127 = SURFACE_CURVE('',#12128,(#12132,#12139),.PCURVE_S1.);
#12128 = LINE('',#12129,#12130);
#12129 = CARTESIAN_POINT('',(22.1,-51.5,6.45));
#12130 = VECTOR('',#12131,1.);
#12131 = DIRECTION('',(-0.,1.,0.));
#12132 = PCURVE('',#12044,#12133);
#12133 = DEFINITIONAL_REPRESENTATION('',(#12134),#12138);
#12134 = LINE('',#12135,#12136);
#12135 = CARTESIAN_POINT('',(1.6,0.));
#12136 = VECTOR('',#12137,1.);
#12137 = DIRECTION('',(0.,1.));
#12138 = ( GEOMETRIC_REPRESENTATION_CONTEXT(2) 
PARAMETRIC_REPRESENTATION_CONTEXT() REPRESENTATION_CONTEXT('2D SPACE',''
  ) );
#12139 = PCURVE('',#11963,#12140);
#12140 = DEFINITIONAL_REPRESENTATION('',(#12141),#12145);
#12141 = LINE('',#12142,#12143);
#12142 = CARTESIAN_POINT('',(4.65,0.));
#12143 = VECTOR('',#12144,1.);
#12144 = DIRECTION('',(0.,-1.));
#12145 = ( GEOMETRIC_REPRESENTATION_CONTEXT(2) 
PARAMETRIC_REPRESENTATION_CONTEXT() REPRESENTATION_CONTEXT('2D SPACE',''
  ) );
#12146 = ORIENTED_EDGE('',*,*,#12028,.F.);
#12147 = ADVANCED_FACE('',(#12148),#11963,.T.);
#12148 = FACE_BOUND('',#12149,.T.);
#12149 = EDGE_LOOP('',(#12150,#12171,#12172,#12173));
#12150 = ORIENTED_EDGE('',*,*,#12151,.F.);
#12151 = EDGE_CURVE('',#11948,#12104,#12152,.T.);
#12152 = SURFACE_CURVE('',#12153,(#12157,#12164),.PCURVE_S1.);
#12153 = LINE('',#12154,#12155);
#12154 = CARTESIAN_POINT('',(22.1,-51.5,1.8));
#12155 = VECTOR('',#12156,1.);
#12156 = DIRECTION('',(0.,0.,1.));
#12157 = PCURVE('',#11963,#12158);
#12158 = DEFINITIONAL_REPRESENTATION('',(#12159),#12163);
#12159 = LINE('',#12160,#12161);
#12160 = CARTESIAN_POINT('',(0.,0.));
#12161 = VECTOR('',#12162,1.);
#12162 = DIRECTION('',(1.,0.));
#12163 = ( GEOMETRIC_REPRESENTATION_CONTEXT(2) 
PARAMETRIC_REPRESENTATION_CONTEXT() REPRESENTATION_CONTEXT('2D SPACE',''
  ) );
#12164 = PCURVE('',#11989,#12165);
#12165 = DEFINITIONAL_REPRESENTATION('',(#12166),#12170);
#12166 = LINE('',#12167,#12168);
#12167 = CARTESIAN_POINT('',(0.,1.6));
#12168 = VECTOR('',#12169,1.);
#12169 = DIRECTION('',(1.,0.));
#12170 = ( GEOMETRIC_REPRESENTATION_CONTEXT(2) 
PARAMETRIC_REPRESENTATION_CONTEXT() REPRESENTATION_CONTEXT('2D SPACE',''
  ) );
#12171 = ORIENTED_EDGE('',*,*,#11947,.T.);
#12172 = ORIENTED_EDGE('',*,*,#12056,.T.);
#12173 = ORIENTED_EDGE('',*,*,#12126,.F.);
#12174 = ADVANCED_FACE('',(#12175),#11989,.F.);
#12175 = FACE_BOUND('',#12176,.F.);
#12176 = EDGE_LOOP('',(#12177,#12178,#12199,#12200));
#12177 = ORIENTED_EDGE('',*,*,#11975,.F.);
#12178 = ORIENTED_EDGE('',*,*,#12179,.T.);
#12179 = EDGE_CURVE('',#11890,#12081,#12180,.T.);
#12180 = SURFACE_CURVE('',#12181,(#12185,#12192),.PCURVE_S1.);
#12181 = LINE('',#12182,#12183);
#12182 = CARTESIAN_POINT('',(20.5,-51.5,1.8));
#12183 = VECTOR('',#12184,1.);
#12184 = DIRECTION('',(0.,0.,1.));
#12185 = PCURVE('',#11989,#12186);
#12186 = DEFINITIONAL_REPRESENTATION('',(#12187),#12191);
#12187 = LINE('',#12188,#12189);
#12188 = CARTESIAN_POINT('',(0.,0.));
#12189 = VECTOR('',#12190,1.);
#12190 = DIRECTION('',(1.,0.));
#12191 = ( GEOMETRIC_REPRESENTATION_CONTEXT(2) 
PARAMETRIC_REPRESENTATION_CONTEXT() REPRESENTATION_CONTEXT('2D SPACE',''
  ) );
#12192 = PCURVE('',#11907,#12193);
#12193 = DEFINITIONAL_REPRESENTATION('',(#12194),#12198);
#12194 = LINE('',#12195,#12196);
#12195 = CARTESIAN_POINT('',(0.,0.));
#12196 = VECTOR('',#12197,1.);
#12197 = DIRECTION('',(1.,0.));
#12198 = ( GEOMETRIC_REPRESENTATION_CONTEXT(2) 
PARAMETRIC_REPRESENTATION_CONTEXT() REPRESENTATION_CONTEXT('2D SPACE',''
  ) );
#12199 = ORIENTED_EDGE('',*,*,#12103,.T.);
#12200 = ORIENTED_EDGE('',*,*,#12151,.F.);
#12201 = ADVANCED_FACE('',(#12202),#11907,.F.);
#12202 = FACE_BOUND('',#12203,.F.);
#12203 = EDGE_LOOP('',(#12204,#12205,#12206,#12207));
#12204 = ORIENTED_EDGE('',*,*,#12179,.F.);
#12205 = ORIENTED_EDGE('',*,*,#11889,.T.);
#12206 = ORIENTED_EDGE('',*,*,#12005,.T.);
#12207 = ORIENTED_EDGE('',*,*,#12080,.F.);
#12208 = ADVANCED_FACE('',(#12209),#11849,.T.);
#12209 = FACE_BOUND('',#12210,.T.);
#12210 = EDGE_LOOP('',(#12211,#12234,#12235,#12258));
#12211 = ORIENTED_EDGE('',*,*,#12212,.F.);
#12212 = EDGE_CURVE('',#11834,#12213,#12215,.T.);
#12213 = VERTEX_POINT('',#12214);
#12214 = CARTESIAN_POINT('',(-20.5,-51.5,6.45));
#12215 = SURFACE_CURVE('',#12216,(#12220,#12227),.PCURVE_S1.);
#12216 = LINE('',#12217,#12218);
#12217 = CARTESIAN_POINT('',(-20.5,-51.5,1.8));
#12218 = VECTOR('',#12219,1.);
#12219 = DIRECTION('',(0.,0.,1.));
#12220 = PCURVE('',#11849,#12221);
#12221 = DEFINITIONAL_REPRESENTATION('',(#12222),#12226);
#12222 = LINE('',#12223,#12224);
#12223 = CARTESIAN_POINT('',(0.,0.));
#12224 = VECTOR('',#12225,1.);
#12225 = DIRECTION('',(1.,0.));
#12226 = ( GEOMETRIC_REPRESENTATION_CONTEXT(2) 
PARAMETRIC_REPRESENTATION_CONTEXT() REPRESENTATION_CONTEXT('2D SPACE',''
  ) );
#12227 = PCURVE('',#11875,#12228);
#12228 = DEFINITIONAL_REPRESENTATION('',(#12229),#12233);
#12229 = LINE('',#12230,#12231);
#12230 = CARTESIAN_POINT('',(0.,1.6));
#12231 = VECTOR('',#12232,1.);
#12232 = DIRECTION('',(1.,0.));
#12233 = ( GEOMETRIC_REPRESENTATION_CONTEXT(2) 
PARAMETRIC_REPRESENTATION_CONTEXT() REPRESENTATION_CONTEXT('2D SPACE',''
  ) );
#12234 = ORIENTED_EDGE('',*,*,#11833,.T.);
#12235 = ORIENTED_EDGE('',*,*,#12236,.T.);
#12236 = EDGE_CURVE('',#11806,#12237,#12239,.T.);
#12237 = VERTEX_POINT('',#12238);
#12238 = CARTESIAN_POINT('',(-20.5,-28.1,6.45));
#12239 = SURFACE_CURVE('',#12240,(#12244,#12251),.PCURVE_S1.);
#12240 = LINE('',#12241,#12242);
#12241 = CARTESIAN_POINT('',(-20.5,-28.1,1.8));
#12242 = VECTOR('',#12243,1.);
#12243 = DIRECTION('',(0.,0.,1.));
#12244 = PCURVE('',#11849,#12245);
#12245 = DEFINITIONAL_REPRESENTATION('',(#12246),#12250);
#12246 = LINE('',#12247,#12248);
#12247 = CARTESIAN_POINT('',(0.,-23.4));
#12248 = VECTOR('',#12249,1.);
#12249 = DIRECTION('',(1.,0.));
#12250 = ( GEOMETRIC_REPRESENTATION_CONTEXT(2) 
PARAMETRIC_REPRESENTATION_CONTEXT() REPRESENTATION_CONTEXT('2D SPACE',''
  ) );
#12251 = PCURVE('',#11821,#12252);
#12252 = DEFINITIONAL_REPRESENTATION('',(#12253),#12257);
#12253 = LINE('',#12254,#12255);
#12254 = CARTESIAN_POINT('',(0.,1.6));
#12255 = VECTOR('',#12256,1.);
#12256 = DIRECTION('',(1.,0.));
#12257 = ( GEOMETRIC_REPRESENTATION_CONTEXT(2) 
PARAMETRIC_REPRESENTATION_CONTEXT() REPRESENTATION_CONTEXT('2D SPACE',''
  ) );
#12258 = ORIENTED_EDGE('',*,*,#12259,.F.);
#12259 = EDGE_CURVE('',#12213,#12237,#12260,.T.);
#12260 = SURFACE_CURVE('',#12261,(#12265,#12272),.PCURVE_S1.);
#12261 = LINE('',#12262,#12263);
#12262 = CARTESIAN_POINT('',(-20.5,-51.5,6.45));
#12263 = VECTOR('',#12264,1.);
#12264 = DIRECTION('',(-0.,1.,0.));
#12265 = PCURVE('',#11849,#12266);
#12266 = DEFINITIONAL_REPRESENTATION('',(#12267),#12271);
#12267 = LINE('',#12268,#12269);
#12268 = CARTESIAN_POINT('',(4.65,0.));
#12269 = VECTOR('',#12270,1.);
#12270 = DIRECTION('',(0.,-1.));
#12271 = ( GEOMETRIC_REPRESENTATION_CONTEXT(2) 
PARAMETRIC_REPRESENTATION_CONTEXT() REPRESENTATION_CONTEXT('2D SPACE',''
  ) );
#12272 = PCURVE('',#12273,#12278);
#12273 = PLANE('',#12274);
#12274 = AXIS2_PLACEMENT_3D('',#12275,#12276,#12277);
#12275 = CARTESIAN_POINT('',(-22.1,-51.5,6.45));
#12276 = DIRECTION('',(0.,0.,1.));
#12277 = DIRECTION('',(1.,0.,-0.));
#12278 = DEFINITIONAL_REPRESENTATION('',(#12279),#12283);
#12279 = LINE('',#12280,#12281);
#12280 = CARTESIAN_POINT('',(1.6,0.));
#12281 = VECTOR('',#12282,1.);
#12282 = DIRECTION('',(0.,1.));
#12283 = ( GEOMETRIC_REPRESENTATION_CONTEXT(2) 
PARAMETRIC_REPRESENTATION_CONTEXT() REPRESENTATION_CONTEXT('2D SPACE',''
  ) );
#12284 = ADVANCED_FACE('',(#12285),#12273,.T.);
#12285 = FACE_BOUND('',#12286,.T.);
#12286 = EDGE_LOOP('',(#12287,#12312,#12333,#12334));
#12287 = ORIENTED_EDGE('',*,*,#12288,.F.);
#12288 = EDGE_CURVE('',#12289,#12291,#12293,.T.);
#12289 = VERTEX_POINT('',#12290);
#12290 = CARTESIAN_POINT('',(-22.1,-51.5,6.45));
#12291 = VERTEX_POINT('',#12292);
#12292 = CARTESIAN_POINT('',(-22.1,-28.1,6.45));
#12293 = SURFACE_CURVE('',#12294,(#12298,#12305),.PCURVE_S1.);
#12294 = LINE('',#12295,#12296);
#12295 = CARTESIAN_POINT('',(-22.1,-51.5,6.45));
#12296 = VECTOR('',#12297,1.);
#12297 = DIRECTION('',(-0.,1.,0.));
#12298 = PCURVE('',#12273,#12299);
#12299 = DEFINITIONAL_REPRESENTATION('',(#12300),#12304);
#12300 = LINE('',#12301,#12302);
#12301 = CARTESIAN_POINT('',(0.,0.));
#12302 = VECTOR('',#12303,1.);
#12303 = DIRECTION('',(0.,1.));
#12304 = ( GEOMETRIC_REPRESENTATION_CONTEXT(2) 
PARAMETRIC_REPRESENTATION_CONTEXT() REPRESENTATION_CONTEXT('2D SPACE',''
  ) );
#12305 = PCURVE('',#11793,#12306);
#12306 = DEFINITIONAL_REPRESENTATION('',(#12307),#12311);
#12307 = LINE('',#12308,#12309);
#12308 = CARTESIAN_POINT('',(4.65,0.));
#12309 = VECTOR('',#12310,1.);
#12310 = DIRECTION('',(0.,-1.));
#12311 = ( GEOMETRIC_REPRESENTATION_CONTEXT(2) 
PARAMETRIC_REPRESENTATION_CONTEXT() REPRESENTATION_CONTEXT('2D SPACE',''
  ) );
#12312 = ORIENTED_EDGE('',*,*,#12313,.T.);
#12313 = EDGE_CURVE('',#12289,#12213,#12314,.T.);
#12314 = SURFACE_CURVE('',#12315,(#12319,#12326),.PCURVE_S1.);
#12315 = LINE('',#12316,#12317);
#12316 = CARTESIAN_POINT('',(-22.1,-51.5,6.45));
#12317 = VECTOR('',#12318,1.);
#12318 = DIRECTION('',(1.,0.,-0.));
#12319 = PCURVE('',#12273,#12320);
#12320 = DEFINITIONAL_REPRESENTATION('',(#12321),#12325);
#12321 = LINE('',#12322,#12323);
#12322 = CARTESIAN_POINT('',(0.,0.));
#12323 = VECTOR('',#12324,1.);
#12324 = DIRECTION('',(1.,0.));
#12325 = ( GEOMETRIC_REPRESENTATION_CONTEXT(2) 
PARAMETRIC_REPRESENTATION_CONTEXT() REPRESENTATION_CONTEXT('2D SPACE',''
  ) );
#12326 = PCURVE('',#11875,#12327);
#12327 = DEFINITIONAL_REPRESENTATION('',(#12328),#12332);
#12328 = LINE('',#12329,#12330);
#12329 = CARTESIAN_POINT('',(4.65,0.));
#12330 = VECTOR('',#12331,1.);
#12331 = DIRECTION('',(0.,1.));
#12332 = ( GEOMETRIC_REPRESENTATION_CONTEXT(2) 
PARAMETRIC_REPRESENTATION_CONTEXT() REPRESENTATION_CONTEXT('2D SPACE',''
  ) );
#12333 = ORIENTED_EDGE('',*,*,#12259,.T.);
#12334 = ORIENTED_EDGE('',*,*,#12335,.F.);
#12335 = EDGE_CURVE('',#12291,#12237,#12336,.T.);
#12336 = SURFACE_CURVE('',#12337,(#12341,#12348),.PCURVE_S1.);
#12337 = LINE('',#12338,#12339);
#12338 = CARTESIAN_POINT('',(-22.1,-28.1,6.45));
#12339 = VECTOR('',#12340,1.);
#12340 = DIRECTION('',(1.,0.,-0.));
#12341 = PCURVE('',#12273,#12342);
#12342 = DEFINITIONAL_REPRESENTATION('',(#12343),#12347);
#12343 = LINE('',#12344,#12345);
#12344 = CARTESIAN_POINT('',(0.,23.4));
#12345 = VECTOR('',#12346,1.);
#12346 = DIRECTION('',(1.,0.));
#12347 = ( GEOMETRIC_REPRESENTATION_CONTEXT(2) 
PARAMETRIC_REPRESENTATION_CONTEXT() REPRESENTATION_CONTEXT('2D SPACE',''
  ) );
#12348 = PCURVE('',#11821,#12349);
#12349 = DEFINITIONAL_REPRESENTATION('',(#12350),#12354);
#12350 = LINE('',#12351,#12352);
#12351 = CARTESIAN_POINT('',(4.65,0.));
#12352 = VECTOR('',#12353,1.);
#12353 = DIRECTION('',(0.,1.));
#12354 = ( GEOMETRIC_REPRESENTATION_CONTEXT(2) 
PARAMETRIC_REPRESENTATION_CONTEXT() REPRESENTATION_CONTEXT('2D SPACE',''
  ) );
#12355 = ADVANCED_FACE('',(#12356),#11875,.F.);
#12356 = FACE_BOUND('',#12357,.F.);
#12357 = EDGE_LOOP('',(#12358,#12359,#12380,#12381));
#12358 = ORIENTED_EDGE('',*,*,#11861,.F.);
#12359 = ORIENTED_EDGE('',*,*,#12360,.T.);
#12360 = EDGE_CURVE('',#11776,#12289,#12361,.T.);
#12361 = SURFACE_CURVE('',#12362,(#12366,#12373),.PCURVE_S1.);
#12362 = LINE('',#12363,#12364);
#12363 = CARTESIAN_POINT('',(-22.1,-51.5,1.8));
#12364 = VECTOR('',#12365,1.);
#12365 = DIRECTION('',(0.,0.,1.));
#12366 = PCURVE('',#11875,#12367);
#12367 = DEFINITIONAL_REPRESENTATION('',(#12368),#12372);
#12368 = LINE('',#12369,#12370);
#12369 = CARTESIAN_POINT('',(0.,0.));
#12370 = VECTOR('',#12371,1.);
#12371 = DIRECTION('',(1.,0.));
#12372 = ( GEOMETRIC_REPRESENTATION_CONTEXT(2) 
PARAMETRIC_REPRESENTATION_CONTEXT() REPRESENTATION_CONTEXT('2D SPACE',''
  ) );
#12373 = PCURVE('',#11793,#12374);
#12374 = DEFINITIONAL_REPRESENTATION('',(#12375),#12379);
#12375 = LINE('',#12376,#12377);
#12376 = CARTESIAN_POINT('',(0.,0.));
#12377 = VECTOR('',#12378,1.);
#12378 = DIRECTION('',(1.,0.));
#12379 = ( GEOMETRIC_REPRESENTATION_CONTEXT(2) 
PARAMETRIC_REPRESENTATION_CONTEXT() REPRESENTATION_CONTEXT('2D SPACE',''
  ) );
#12380 = ORIENTED_EDGE('',*,*,#12313,.T.);
#12381 = ORIENTED_EDGE('',*,*,#12212,.F.);
#12382 = ADVANCED_FACE('',(#12383),#11821,.T.);
#12383 = FACE_BOUND('',#12384,.T.);
#12384 = EDGE_LOOP('',(#12385,#12386,#12407,#12408));
#12385 = ORIENTED_EDGE('',*,*,#11805,.F.);
#12386 = ORIENTED_EDGE('',*,*,#12387,.T.);
#12387 = EDGE_CURVE('',#11778,#12291,#12388,.T.);
#12388 = SURFACE_CURVE('',#12389,(#12393,#12400),.PCURVE_S1.);
#12389 = LINE('',#12390,#12391);
#12390 = CARTESIAN_POINT('',(-22.1,-28.1,1.8));
#12391 = VECTOR('',#12392,1.);
#12392 = DIRECTION('',(0.,0.,1.));
#12393 = PCURVE('',#11821,#12394);
#12394 = DEFINITIONAL_REPRESENTATION('',(#12395),#12399);
#12395 = LINE('',#12396,#12397);
#12396 = CARTESIAN_POINT('',(0.,0.));
#12397 = VECTOR('',#12398,1.);
#12398 = DIRECTION('',(1.,0.));
#12399 = ( GEOMETRIC_REPRESENTATION_CONTEXT(2) 
PARAMETRIC_REPRESENTATION_CONTEXT() REPRESENTATION_CONTEXT('2D SPACE',''
  ) );
#12400 = PCURVE('',#11793,#12401);
#12401 = DEFINITIONAL_REPRESENTATION('',(#12402),#12406);
#12402 = LINE('',#12403,#12404);
#12403 = CARTESIAN_POINT('',(0.,-23.4));
#12404 = VECTOR('',#12405,1.);
#12405 = DIRECTION('',(1.,0.));
#12406 = ( GEOMETRIC_REPRESENTATION_CONTEXT(2) 
PARAMETRIC_REPRESENTATION_CONTEXT() REPRESENTATION_CONTEXT('2D SPACE',''
  ) );
#12407 = ORIENTED_EDGE('',*,*,#12335,.T.);
#12408 = ORIENTED_EDGE('',*,*,#12236,.F.);
#12409 = ADVANCED_FACE('',(#12410),#11793,.F.);
#12410 = FACE_BOUND('',#12411,.F.);
#12411 = EDGE_LOOP('',(#12412,#12413,#12414,#12415));
#12412 = ORIENTED_EDGE('',*,*,#12360,.F.);
#12413 = ORIENTED_EDGE('',*,*,#11775,.T.);
#12414 = ORIENTED_EDGE('',*,*,#12387,.T.);
#12415 = ORIENTED_EDGE('',*,*,#12288,.F.);
#12416 = ADVANCED_FACE('',(#12417),#11428,.F.);
#12417 = FACE_BOUND('',#12418,.F.);
#12418 = EDGE_LOOP('',(#12419,#12420,#12441,#12469));
#12419 = ORIENTED_EDGE('',*,*,#11412,.F.);
#12420 = ORIENTED_EDGE('',*,*,#12421,.T.);
#12421 = EDGE_CURVE('',#11413,#12422,#12424,.T.);
#12422 = VERTEX_POINT('',#12423);
#12423 = CARTESIAN_POINT('',(14.6,-10.4,6.45));
#12424 = SURFACE_CURVE('',#12425,(#12429,#12435),.PCURVE_S1.);
#12425 = LINE('',#12426,#12427);
#12426 = CARTESIAN_POINT('',(14.6,-10.4,1.8));
#12427 = VECTOR('',#12428,1.);
#12428 = DIRECTION('',(0.,0.,1.));
#12429 = PCURVE('',#11428,#12430);
#12430 = DEFINITIONAL_REPRESENTATION('',(#12431),#12434);
#12431 = B_SPLINE_CURVE_WITH_KNOTS('',1,(#12432,#12433),.UNSPECIFIED.,
  .F.,.F.,(2,2),(0.,4.65),.PIECEWISE_BEZIER_KNOTS.);
#12432 = CARTESIAN_POINT('',(0.,31.8));
#12433 = CARTESIAN_POINT('',(4.65,31.8));
#12434 = ( GEOMETRIC_REPRESENTATION_CONTEXT(2) 
PARAMETRIC_REPRESENTATION_CONTEXT() REPRESENTATION_CONTEXT('2D SPACE',''
  ) );
#12435 = PCURVE('',#11456,#12436);
#12436 = DEFINITIONAL_REPRESENTATION('',(#12437),#12440);
#12437 = B_SPLINE_CURVE_WITH_KNOTS('',1,(#12438,#12439),.UNSPECIFIED.,
  .F.,.F.,(2,2),(0.,4.65),.PIECEWISE_BEZIER_KNOTS.);
#12438 = CARTESIAN_POINT('',(0.,-1.6));
#12439 = CARTESIAN_POINT('',(4.65,-1.6));
#12440 = ( GEOMETRIC_REPRESENTATION_CONTEXT(2) 
PARAMETRIC_REPRESENTATION_CONTEXT() REPRESENTATION_CONTEXT('2D SPACE',''
  ) );
#12441 = ORIENTED_EDGE('',*,*,#12442,.T.);
#12442 = EDGE_CURVE('',#12422,#12443,#12445,.T.);
#12443 = VERTEX_POINT('',#12444);
#12444 = CARTESIAN_POINT('',(16.2,-10.4,6.45));
#12445 = SURFACE_CURVE('',#12446,(#12450,#12457),.PCURVE_S1.);
#12446 = LINE('',#12447,#12448);
#12447 = CARTESIAN_POINT('',(-17.2,-10.4,6.45));
#12448 = VECTOR('',#12449,1.);
#12449 = DIRECTION('',(1.,0.,-0.));
#12450 = PCURVE('',#11428,#12451);
#12451 = DEFINITIONAL_REPRESENTATION('',(#12452),#12456);
#12452 = LINE('',#12453,#12454);
#12453 = CARTESIAN_POINT('',(4.65,0.));
#12454 = VECTOR('',#12455,1.);
#12455 = DIRECTION('',(0.,1.));
#12456 = ( GEOMETRIC_REPRESENTATION_CONTEXT(2) 
PARAMETRIC_REPRESENTATION_CONTEXT() REPRESENTATION_CONTEXT('2D SPACE',''
  ) );
#12457 = PCURVE('',#12458,#12463);
#12458 = PLANE('',#12459);
#12459 = AXIS2_PLACEMENT_3D('',#12460,#12461,#12462);
#12460 = CARTESIAN_POINT('',(14.6,-12.,6.45));
#12461 = DIRECTION('',(0.,0.,1.));
#12462 = DIRECTION('',(1.,0.,-0.));
#12463 = DEFINITIONAL_REPRESENTATION('',(#12464),#12468);
#12464 = LINE('',#12465,#12466);
#12465 = CARTESIAN_POINT('',(-31.8,1.6));
#12466 = VECTOR('',#12467,1.);
#12467 = DIRECTION('',(1.,0.));
#12468 = ( GEOMETRIC_REPRESENTATION_CONTEXT(2) 
PARAMETRIC_REPRESENTATION_CONTEXT() REPRESENTATION_CONTEXT('2D SPACE',''
  ) );
#12469 = ORIENTED_EDGE('',*,*,#12470,.F.);
#12470 = EDGE_CURVE('',#11385,#12443,#12471,.T.);
#12471 = SURFACE_CURVE('',#12472,(#12476,#12482),.PCURVE_S1.);
#12472 = LINE('',#12473,#12474);
#12473 = CARTESIAN_POINT('',(16.2,-10.4,1.8));
#12474 = VECTOR('',#12475,1.);
#12475 = DIRECTION('',(0.,0.,1.));
#12476 = PCURVE('',#11428,#12477);
#12477 = DEFINITIONAL_REPRESENTATION('',(#12478),#12481);
#12478 = B_SPLINE_CURVE_WITH_KNOTS('',1,(#12479,#12480),.UNSPECIFIED.,
  .F.,.F.,(2,2),(0.,4.65),.PIECEWISE_BEZIER_KNOTS.);
#12479 = CARTESIAN_POINT('',(0.,33.4));
#12480 = CARTESIAN_POINT('',(4.65,33.4));
#12481 = ( GEOMETRIC_REPRESENTATION_CONTEXT(2) 
PARAMETRIC_REPRESENTATION_CONTEXT() REPRESENTATION_CONTEXT('2D SPACE',''
  ) );
#12482 = PCURVE('',#11400,#12483);
#12483 = DEFINITIONAL_REPRESENTATION('',(#12484),#12487);
#12484 = B_SPLINE_CURVE_WITH_KNOTS('',1,(#12485,#12486),.UNSPECIFIED.,
  .F.,.F.,(2,2),(0.,4.65),.PIECEWISE_BEZIER_KNOTS.);
#12485 = CARTESIAN_POINT('',(0.,-1.6));
#12486 = CARTESIAN_POINT('',(4.65,-1.6));
#12487 = ( GEOMETRIC_REPRESENTATION_CONTEXT(2) 
PARAMETRIC_REPRESENTATION_CONTEXT() REPRESENTATION_CONTEXT('2D SPACE',''
  ) );
#12488 = ADVANCED_FACE('',(#12489),#12458,.T.);
#12489 = FACE_BOUND('',#12490,.T.);
#12490 = EDGE_LOOP('',(#12491,#12514,#12515,#12538,#12560,#12583,#12609,
    #12635));
#12491 = ORIENTED_EDGE('',*,*,#12492,.F.);
#12492 = EDGE_CURVE('',#12422,#12493,#12495,.T.);
#12493 = VERTEX_POINT('',#12494);
#12494 = CARTESIAN_POINT('',(14.6,47.8,6.45));
#12495 = SURFACE_CURVE('',#12496,(#12500,#12507),.PCURVE_S1.);
#12496 = LINE('',#12497,#12498);
#12497 = CARTESIAN_POINT('',(14.6,-12.,6.45));
#12498 = VECTOR('',#12499,1.);
#12499 = DIRECTION('',(-0.,1.,0.));
#12500 = PCURVE('',#12458,#12501);
#12501 = DEFINITIONAL_REPRESENTATION('',(#12502),#12506);
#12502 = LINE('',#12503,#12504);
#12503 = CARTESIAN_POINT('',(0.,0.));
#12504 = VECTOR('',#12505,1.);
#12505 = DIRECTION('',(0.,1.));
#12506 = ( GEOMETRIC_REPRESENTATION_CONTEXT(2) 
PARAMETRIC_REPRESENTATION_CONTEXT() REPRESENTATION_CONTEXT('2D SPACE',''
  ) );
#12507 = PCURVE('',#11456,#12508);
#12508 = DEFINITIONAL_REPRESENTATION('',(#12509),#12513);
#12509 = LINE('',#12510,#12511);
#12510 = CARTESIAN_POINT('',(4.65,0.));
#12511 = VECTOR('',#12512,1.);
#12512 = DIRECTION('',(0.,-1.));
#12513 = ( GEOMETRIC_REPRESENTATION_CONTEXT(2) 
PARAMETRIC_REPRESENTATION_CONTEXT() REPRESENTATION_CONTEXT('2D SPACE',''
  ) );
#12514 = ORIENTED_EDGE('',*,*,#12442,.T.);
#12515 = ORIENTED_EDGE('',*,*,#12516,.T.);
#12516 = EDGE_CURVE('',#12443,#12517,#12519,.T.);
#12517 = VERTEX_POINT('',#12518);
#12518 = CARTESIAN_POINT('',(16.2,55.,6.45));
#12519 = SURFACE_CURVE('',#12520,(#12524,#12531),.PCURVE_S1.);
#12520 = LINE('',#12521,#12522);
#12521 = CARTESIAN_POINT('',(16.2,-12.,6.45));
#12522 = VECTOR('',#12523,1.);
#12523 = DIRECTION('',(-0.,1.,0.));
#12524 = PCURVE('',#12458,#12525);
#12525 = DEFINITIONAL_REPRESENTATION('',(#12526),#12530);
#12526 = LINE('',#12527,#12528);
#12527 = CARTESIAN_POINT('',(1.6,0.));
#12528 = VECTOR('',#12529,1.);
#12529 = DIRECTION('',(0.,1.));
#12530 = ( GEOMETRIC_REPRESENTATION_CONTEXT(2) 
PARAMETRIC_REPRESENTATION_CONTEXT() REPRESENTATION_CONTEXT('2D SPACE',''
  ) );
#12531 = PCURVE('',#11400,#12532);
#12532 = DEFINITIONAL_REPRESENTATION('',(#12533),#12537);
#12533 = LINE('',#12534,#12535);
#12534 = CARTESIAN_POINT('',(4.65,0.));
#12535 = VECTOR('',#12536,1.);
#12536 = DIRECTION('',(0.,-1.));
#12537 = ( GEOMETRIC_REPRESENTATION_CONTEXT(2) 
PARAMETRIC_REPRESENTATION_CONTEXT() REPRESENTATION_CONTEXT('2D SPACE',''
  ) );
#12538 = ORIENTED_EDGE('',*,*,#12539,.T.);
#12539 = EDGE_CURVE('',#12517,#12540,#12542,.T.);
#12540 = VERTEX_POINT('',#12541);
#12541 = CARTESIAN_POINT('',(14.6,55.,6.45));
#12542 = SURFACE_CURVE('',#12543,(#12547,#12553),.PCURVE_S1.);
#12543 = LINE('',#12544,#12545);
#12544 = CARTESIAN_POINT('',(-1.7,55.,6.45));
#12545 = VECTOR('',#12546,1.);
#12546 = DIRECTION('',(-1.,-0.,0.));
#12547 = PCURVE('',#12458,#12548);
#12548 = DEFINITIONAL_REPRESENTATION('',(#12549),#12552);
#12549 = B_SPLINE_CURVE_WITH_KNOTS('',1,(#12550,#12551),.UNSPECIFIED.,
  .F.,.F.,(2,2),(-17.9,-16.3),.PIECEWISE_BEZIER_KNOTS.);
#12550 = CARTESIAN_POINT('',(1.6,67.));
#12551 = CARTESIAN_POINT('',(0.,67.));
#12552 = ( GEOMETRIC_REPRESENTATION_CONTEXT(2) 
PARAMETRIC_REPRESENTATION_CONTEXT() REPRESENTATION_CONTEXT('2D SPACE',''
  ) );
#12553 = PCURVE('',#9422,#12554);
#12554 = DEFINITIONAL_REPRESENTATION('',(#12555),#12559);
#12555 = LINE('',#12556,#12557);
#12556 = CARTESIAN_POINT('',(16.3,-4.65));
#12557 = VECTOR('',#12558,1.);
#12558 = DIRECTION('',(-1.,0.));
#12559 = ( GEOMETRIC_REPRESENTATION_CONTEXT(2) 
PARAMETRIC_REPRESENTATION_CONTEXT() REPRESENTATION_CONTEXT('2D SPACE',''
  ) );
#12560 = ORIENTED_EDGE('',*,*,#12561,.F.);
#12561 = EDGE_CURVE('',#12562,#12540,#12564,.T.);
#12562 = VERTEX_POINT('',#12563);
#12563 = CARTESIAN_POINT('',(14.6,50.8,6.45));
#12564 = SURFACE_CURVE('',#12565,(#12569,#12576),.PCURVE_S1.);
#12565 = LINE('',#12566,#12567);
#12566 = CARTESIAN_POINT('',(14.6,-12.,6.45));
#12567 = VECTOR('',#12568,1.);
#12568 = DIRECTION('',(-0.,1.,0.));
#12569 = PCURVE('',#12458,#12570);
#12570 = DEFINITIONAL_REPRESENTATION('',(#12571),#12575);
#12571 = LINE('',#12572,#12573);
#12572 = CARTESIAN_POINT('',(0.,0.));
#12573 = VECTOR('',#12574,1.);
#12574 = DIRECTION('',(0.,1.));
#12575 = ( GEOMETRIC_REPRESENTATION_CONTEXT(2) 
PARAMETRIC_REPRESENTATION_CONTEXT() REPRESENTATION_CONTEXT('2D SPACE',''
  ) );
#12576 = PCURVE('',#11456,#12577);
#12577 = DEFINITIONAL_REPRESENTATION('',(#12578),#12582);
#12578 = LINE('',#12579,#12580);
#12579 = CARTESIAN_POINT('',(4.65,0.));
#12580 = VECTOR('',#12581,1.);
#12581 = DIRECTION('',(0.,-1.));
#12582 = ( GEOMETRIC_REPRESENTATION_CONTEXT(2) 
PARAMETRIC_REPRESENTATION_CONTEXT() REPRESENTATION_CONTEXT('2D SPACE',''
  ) );
#12583 = ORIENTED_EDGE('',*,*,#12584,.T.);
#12584 = EDGE_CURVE('',#12562,#12585,#12587,.T.);
#12585 = VERTEX_POINT('',#12586);
#12586 = CARTESIAN_POINT('',(15.,50.8,6.45));
#12587 = SURFACE_CURVE('',#12588,(#12592,#12598),.PCURVE_S1.);
#12588 = LINE('',#12589,#12590);
#12589 = CARTESIAN_POINT('',(-15.,50.8,6.45));
#12590 = VECTOR('',#12591,1.);
#12591 = DIRECTION('',(1.,0.,2.22044604925E-16));
#12592 = PCURVE('',#12458,#12593);
#12593 = DEFINITIONAL_REPRESENTATION('',(#12594),#12597);
#12594 = B_SPLINE_CURVE_WITH_KNOTS('',1,(#12595,#12596),.UNSPECIFIED.,
  .F.,.F.,(2,2),(29.44,30.0000006),.PIECEWISE_BEZIER_KNOTS.);
#12595 = CARTESIAN_POINT('',(-0.16,62.8));
#12596 = CARTESIAN_POINT('',(0.4000006,62.8));
#12597 = ( GEOMETRIC_REPRESENTATION_CONTEXT(2) 
PARAMETRIC_REPRESENTATION_CONTEXT() REPRESENTATION_CONTEXT('2D SPACE',''
  ) );
#12598 = PCURVE('',#12599,#12604);
#12599 = CYLINDRICAL_SURFACE('',#12600,1.7);
#12600 = AXIS2_PLACEMENT_3D('',#12601,#12602,#12603);
#12601 = CARTESIAN_POINT('',(-15.,49.3,7.25));
#12602 = DIRECTION('',(1.,0.,2.22044604925E-16));
#12603 = DIRECTION('',(2.22044604925E-16,0.,-1.));
#12604 = DEFINITIONAL_REPRESENTATION('',(#12605),#12608);
#12605 = B_SPLINE_CURVE_WITH_KNOTS('',1,(#12606,#12607),.UNSPECIFIED.,
  .F.,.F.,(2,2),(29.6,30.),.PIECEWISE_BEZIER_KNOTS.);
#12606 = CARTESIAN_POINT('',(7.364024307721,29.6));
#12607 = CARTESIAN_POINT('',(7.364024307721,30.));
#12608 = ( GEOMETRIC_REPRESENTATION_CONTEXT(2) 
PARAMETRIC_REPRESENTATION_CONTEXT() REPRESENTATION_CONTEXT('2D SPACE',''
  ) );
#12609 = ORIENTED_EDGE('',*,*,#12610,.F.);
#12610 = EDGE_CURVE('',#12611,#12585,#12613,.T.);
#12611 = VERTEX_POINT('',#12612);
#12612 = CARTESIAN_POINT('',(15.,47.8,6.45));
#12613 = SURFACE_CURVE('',#12614,(#12618,#12624),.PCURVE_S1.);
#12614 = LINE('',#12615,#12616);
#12615 = CARTESIAN_POINT('',(15.,18.65,6.45));
#12616 = VECTOR('',#12617,1.);
#12617 = DIRECTION('',(0.,1.,0.));
#12618 = PCURVE('',#12458,#12619);
#12619 = DEFINITIONAL_REPRESENTATION('',(#12620),#12623);
#12620 = B_SPLINE_CURVE_WITH_KNOTS('',1,(#12621,#12622),.UNSPECIFIED.,
  .F.,.F.,(2,2),(28.95,32.35),.PIECEWISE_BEZIER_KNOTS.);
#12621 = CARTESIAN_POINT('',(0.4,59.6));
#12622 = CARTESIAN_POINT('',(0.4,63.));
#12623 = ( GEOMETRIC_REPRESENTATION_CONTEXT(2) 
PARAMETRIC_REPRESENTATION_CONTEXT() REPRESENTATION_CONTEXT('2D SPACE',''
  ) );
#12624 = PCURVE('',#12625,#12630);
#12625 = PLANE('',#12626);
#12626 = AXIS2_PLACEMENT_3D('',#12627,#12628,#12629);
#12627 = CARTESIAN_POINT('',(15.,49.3,7.25));
#12628 = DIRECTION('',(1.,0.,2.22044604925E-16));
#12629 = DIRECTION('',(2.22044604925E-16,0.,-1.));
#12630 = DEFINITIONAL_REPRESENTATION('',(#12631),#12634);
#12631 = B_SPLINE_CURVE_WITH_KNOTS('',1,(#12632,#12633),.UNSPECIFIED.,
  .F.,.F.,(2,2),(28.95,32.35),.PIECEWISE_BEZIER_KNOTS.);
#12632 = CARTESIAN_POINT('',(0.8,-1.7));
#12633 = CARTESIAN_POINT('',(0.8,1.7));
#12634 = ( GEOMETRIC_REPRESENTATION_CONTEXT(2) 
PARAMETRIC_REPRESENTATION_CONTEXT() REPRESENTATION_CONTEXT('2D SPACE',''
  ) );
#12635 = ORIENTED_EDGE('',*,*,#12636,.F.);
#12636 = EDGE_CURVE('',#12493,#12611,#12637,.T.);
#12637 = SURFACE_CURVE('',#12638,(#12642,#12648),.PCURVE_S1.);
#12638 = LINE('',#12639,#12640);
#12639 = CARTESIAN_POINT('',(-15.,47.8,6.45));
#12640 = VECTOR('',#12641,1.);
#12641 = DIRECTION('',(1.,0.,2.22044604925E-16));
#12642 = PCURVE('',#12458,#12643);
#12643 = DEFINITIONAL_REPRESENTATION('',(#12644),#12647);
#12644 = B_SPLINE_CURVE_WITH_KNOTS('',1,(#12645,#12646),.UNSPECIFIED.,
  .F.,.F.,(2,2),(29.44,30.0000006),.PIECEWISE_BEZIER_KNOTS.);
#12645 = CARTESIAN_POINT('',(-0.16,59.8));
#12646 = CARTESIAN_POINT('',(0.4000006,59.8));
#12647 = ( GEOMETRIC_REPRESENTATION_CONTEXT(2) 
PARAMETRIC_REPRESENTATION_CONTEXT() REPRESENTATION_CONTEXT('2D SPACE',''
  ) );
#12648 = PCURVE('',#12599,#12649);
#12649 = DEFINITIONAL_REPRESENTATION('',(#12650),#12653);
#12650 = B_SPLINE_CURVE_WITH_KNOTS('',1,(#12651,#12652),.UNSPECIFIED.,
  .F.,.F.,(2,2),(29.6,30.),.PIECEWISE_BEZIER_KNOTS.);
#12651 = CARTESIAN_POINT('',(5.202346306638,29.6));
#12652 = CARTESIAN_POINT('',(5.202346306638,30.));
#12653 = ( GEOMETRIC_REPRESENTATION_CONTEXT(2) 
PARAMETRIC_REPRESENTATION_CONTEXT() REPRESENTATION_CONTEXT('2D SPACE',''
  ) );
#12654 = ADVANCED_FACE('',(#12655),#12625,.F.);
#12655 = FACE_BOUND('',#12656,.F.);
#12656 = EDGE_LOOP('',(#12657,#12679));
#12657 = ORIENTED_EDGE('',*,*,#12658,.T.);
#12658 = EDGE_CURVE('',#12611,#12585,#12659,.T.);
#12659 = SURFACE_CURVE('',#12660,(#12665,#12672),.PCURVE_S1.);
#12660 = CIRCLE('',#12661,1.7);
#12661 = AXIS2_PLACEMENT_3D('',#12662,#12663,#12664);
#12662 = CARTESIAN_POINT('',(15.,49.3,7.25));
#12663 = DIRECTION('',(1.,0.,0.));
#12664 = DIRECTION('',(0.,-0.882352941176,-0.470588235294));
#12665 = PCURVE('',#12625,#12666);
#12666 = DEFINITIONAL_REPRESENTATION('',(#12667),#12671);
#12667 = CIRCLE('',#12668,1.7);
#12668 = AXIS2_PLACEMENT_2D('',#12669,#12670);
#12669 = CARTESIAN_POINT('',(0.,0.));
#12670 = DIRECTION('',(0.470588235294,-0.882352941176));
#12671 = ( GEOMETRIC_REPRESENTATION_CONTEXT(2) 
PARAMETRIC_REPRESENTATION_CONTEXT() REPRESENTATION_CONTEXT('2D SPACE',''
  ) );
#12672 = PCURVE('',#12599,#12673);
#12673 = DEFINITIONAL_REPRESENTATION('',(#12674),#12678);
#12674 = LINE('',#12675,#12676);
#12675 = CARTESIAN_POINT('',(5.202346306638,30.));
#12676 = VECTOR('',#12677,1.);
#12677 = DIRECTION('',(1.,0.));
#12678 = ( GEOMETRIC_REPRESENTATION_CONTEXT(2) 
PARAMETRIC_REPRESENTATION_CONTEXT() REPRESENTATION_CONTEXT('2D SPACE',''
  ) );
#12679 = ORIENTED_EDGE('',*,*,#12610,.F.);
#12680 = ADVANCED_FACE('',(#12681),#12599,.F.);
#12681 = FACE_BOUND('',#12682,.F.);
#12682 = EDGE_LOOP('',(#12683,#12705,#12706,#12707));
#12683 = ORIENTED_EDGE('',*,*,#12684,.T.);
#12684 = EDGE_CURVE('',#12493,#12562,#12685,.T.);
#12685 = SURFACE_CURVE('',#12686,(#12691,#12698),.PCURVE_S1.);
#12686 = CIRCLE('',#12687,1.7);
#12687 = AXIS2_PLACEMENT_3D('',#12688,#12689,#12690);
#12688 = CARTESIAN_POINT('',(14.6,49.3,7.25));
#12689 = DIRECTION('',(1.,-1.184237892934E-15,2.422539976883E-32));
#12690 = DIRECTION('',(-1.044915787883E-15,-0.882352941176,
    -0.470588235294));
#12691 = PCURVE('',#12599,#12692);
#12692 = DEFINITIONAL_REPRESENTATION('',(#12693),#12697);
#12693 = LINE('',#12694,#12695);
#12694 = CARTESIAN_POINT('',(5.202346306638,29.6));
#12695 = VECTOR('',#12696,1.);
#12696 = DIRECTION('',(1.,0.));
#12697 = ( GEOMETRIC_REPRESENTATION_CONTEXT(2) 
PARAMETRIC_REPRESENTATION_CONTEXT() REPRESENTATION_CONTEXT('2D SPACE',''
  ) );
#12698 = PCURVE('',#11456,#12699);
#12699 = DEFINITIONAL_REPRESENTATION('',(#12700),#12704);
#12700 = CIRCLE('',#12701,1.7);
#12701 = AXIS2_PLACEMENT_2D('',#12702,#12703);
#12702 = CARTESIAN_POINT('',(5.45,-61.3));
#12703 = DIRECTION('',(-0.470588235294,0.882352941176));
#12704 = ( GEOMETRIC_REPRESENTATION_CONTEXT(2) 
PARAMETRIC_REPRESENTATION_CONTEXT() REPRESENTATION_CONTEXT('2D SPACE',''
  ) );
#12705 = ORIENTED_EDGE('',*,*,#12584,.T.);
#12706 = ORIENTED_EDGE('',*,*,#12658,.F.);
#12707 = ORIENTED_EDGE('',*,*,#12636,.F.);
#12708 = ADVANCED_FACE('',(#12709),#11456,.F.);
#12709 = FACE_BOUND('',#12710,.F.);
#12710 = EDGE_LOOP('',(#12711,#12712,#12713,#12714,#12734,#12735));
#12711 = ORIENTED_EDGE('',*,*,#12492,.F.);
#12712 = ORIENTED_EDGE('',*,*,#12421,.F.);
#12713 = ORIENTED_EDGE('',*,*,#11440,.T.);
#12714 = ORIENTED_EDGE('',*,*,#12715,.T.);
#12715 = EDGE_CURVE('',#11441,#12540,#12716,.T.);
#12716 = SURFACE_CURVE('',#12717,(#12721,#12727),.PCURVE_S1.);
#12717 = LINE('',#12718,#12719);
#12718 = CARTESIAN_POINT('',(14.6,55.,1.8));
#12719 = VECTOR('',#12720,1.);
#12720 = DIRECTION('',(0.,0.,1.));
#12721 = PCURVE('',#11456,#12722);
#12722 = DEFINITIONAL_REPRESENTATION('',(#12723),#12726);
#12723 = B_SPLINE_CURVE_WITH_KNOTS('',1,(#12724,#12725),.UNSPECIFIED.,
  .F.,.F.,(2,2),(2.22044604925E-16,4.65),.PIECEWISE_BEZIER_KNOTS.);
#12724 = CARTESIAN_POINT('',(2.22044604925E-16,-67.));
#12725 = CARTESIAN_POINT('',(4.65,-67.));
#12726 = ( GEOMETRIC_REPRESENTATION_CONTEXT(2) 
PARAMETRIC_REPRESENTATION_CONTEXT() REPRESENTATION_CONTEXT('2D SPACE',''
  ) );
#12727 = PCURVE('',#9422,#12728);
#12728 = DEFINITIONAL_REPRESENTATION('',(#12729),#12733);
#12729 = LINE('',#12730,#12731);
#12730 = CARTESIAN_POINT('',(32.6,2.22044604925E-16));
#12731 = VECTOR('',#12732,1.);
#12732 = DIRECTION('',(0.,-1.));
#12733 = ( GEOMETRIC_REPRESENTATION_CONTEXT(2) 
PARAMETRIC_REPRESENTATION_CONTEXT() REPRESENTATION_CONTEXT('2D SPACE',''
  ) );
#12734 = ORIENTED_EDGE('',*,*,#12561,.F.);
#12735 = ORIENTED_EDGE('',*,*,#12684,.F.);
#12736 = ADVANCED_FACE('',(#12737),#11400,.T.);
#12737 = FACE_BOUND('',#12738,.T.);
#12738 = EDGE_LOOP('',(#12739,#12740,#12741,#12742));
#12739 = ORIENTED_EDGE('',*,*,#12516,.F.);
#12740 = ORIENTED_EDGE('',*,*,#12470,.F.);
#12741 = ORIENTED_EDGE('',*,*,#11384,.T.);
#12742 = ORIENTED_EDGE('',*,*,#12743,.T.);
#12743 = EDGE_CURVE('',#11362,#12517,#12744,.T.);
#12744 = SURFACE_CURVE('',#12745,(#12749,#12755),.PCURVE_S1.);
#12745 = LINE('',#12746,#12747);
#12746 = CARTESIAN_POINT('',(16.2,55.,1.8));
#12747 = VECTOR('',#12748,1.);
#12748 = DIRECTION('',(0.,0.,1.));
#12749 = PCURVE('',#11400,#12750);
#12750 = DEFINITIONAL_REPRESENTATION('',(#12751),#12754);
#12751 = B_SPLINE_CURVE_WITH_KNOTS('',1,(#12752,#12753),.UNSPECIFIED.,
  .F.,.F.,(2,2),(2.22044604925E-16,4.65),.PIECEWISE_BEZIER_KNOTS.);
#12752 = CARTESIAN_POINT('',(2.22044604925E-16,-67.));
#12753 = CARTESIAN_POINT('',(4.65,-67.));
#12754 = ( GEOMETRIC_REPRESENTATION_CONTEXT(2) 
PARAMETRIC_REPRESENTATION_CONTEXT() REPRESENTATION_CONTEXT('2D SPACE',''
  ) );
#12755 = PCURVE('',#9422,#12756);
#12756 = DEFINITIONAL_REPRESENTATION('',(#12757),#12761);
#12757 = LINE('',#12758,#12759);
#12758 = CARTESIAN_POINT('',(34.2,2.22044604925E-16));
#12759 = VECTOR('',#12760,1.);
#12760 = DIRECTION('',(0.,-1.));
#12761 = ( GEOMETRIC_REPRESENTATION_CONTEXT(2) 
PARAMETRIC_REPRESENTATION_CONTEXT() REPRESENTATION_CONTEXT('2D SPACE',''
  ) );
#12762 = ADVANCED_FACE('',(#12763),#11507,.T.);
#12763 = FACE_BOUND('',#12764,.T.);
#12764 = EDGE_LOOP('',(#12765,#12795,#12814,#12815,#12837,#12860));
#12765 = ORIENTED_EDGE('',*,*,#12766,.F.);
#12766 = EDGE_CURVE('',#12767,#12769,#12771,.T.);
#12767 = VERTEX_POINT('',#12768);
#12768 = CARTESIAN_POINT('',(-14.6,-10.4,6.45));
#12769 = VERTEX_POINT('',#12770);
#12770 = CARTESIAN_POINT('',(-14.6,47.8,6.45));
#12771 = SURFACE_CURVE('',#12772,(#12776,#12783),.PCURVE_S1.);
#12772 = LINE('',#12773,#12774);
#12773 = CARTESIAN_POINT('',(-14.6,-12.,6.45));
#12774 = VECTOR('',#12775,1.);
#12775 = DIRECTION('',(-0.,1.,0.));
#12776 = PCURVE('',#11507,#12777);
#12777 = DEFINITIONAL_REPRESENTATION('',(#12778),#12782);
#12778 = LINE('',#12779,#12780);
#12779 = CARTESIAN_POINT('',(4.65,0.));
#12780 = VECTOR('',#12781,1.);
#12781 = DIRECTION('',(0.,-1.));
#12782 = ( GEOMETRIC_REPRESENTATION_CONTEXT(2) 
PARAMETRIC_REPRESENTATION_CONTEXT() REPRESENTATION_CONTEXT('2D SPACE',''
  ) );
#12783 = PCURVE('',#12784,#12789);
#12784 = PLANE('',#12785);
#12785 = AXIS2_PLACEMENT_3D('',#12786,#12787,#12788);
#12786 = CARTESIAN_POINT('',(-16.2,-12.,6.45));
#12787 = DIRECTION('',(0.,0.,1.));
#12788 = DIRECTION('',(1.,0.,-0.));
#12789 = DEFINITIONAL_REPRESENTATION('',(#12790),#12794);
#12790 = LINE('',#12791,#12792);
#12791 = CARTESIAN_POINT('',(1.6,0.));
#12792 = VECTOR('',#12793,1.);
#12793 = DIRECTION('',(0.,1.));
#12794 = ( GEOMETRIC_REPRESENTATION_CONTEXT(2) 
PARAMETRIC_REPRESENTATION_CONTEXT() REPRESENTATION_CONTEXT('2D SPACE',''
  ) );
#12795 = ORIENTED_EDGE('',*,*,#12796,.F.);
#12796 = EDGE_CURVE('',#11492,#12767,#12797,.T.);
#12797 = SURFACE_CURVE('',#12798,(#12802,#12808),.PCURVE_S1.);
#12798 = LINE('',#12799,#12800);
#12799 = CARTESIAN_POINT('',(-14.6,-10.4,1.8));
#12800 = VECTOR('',#12801,1.);
#12801 = DIRECTION('',(0.,0.,1.));
#12802 = PCURVE('',#11507,#12803);
#12803 = DEFINITIONAL_REPRESENTATION('',(#12804),#12807);
#12804 = B_SPLINE_CURVE_WITH_KNOTS('',1,(#12805,#12806),.UNSPECIFIED.,
  .F.,.F.,(2,2),(0.,4.65),.PIECEWISE_BEZIER_KNOTS.);
#12805 = CARTESIAN_POINT('',(0.,-1.6));
#12806 = CARTESIAN_POINT('',(4.65,-1.6));
#12807 = ( GEOMETRIC_REPRESENTATION_CONTEXT(2) 
PARAMETRIC_REPRESENTATION_CONTEXT() REPRESENTATION_CONTEXT('2D SPACE',''
  ) );
#12808 = PCURVE('',#11535,#12809);
#12809 = DEFINITIONAL_REPRESENTATION('',(#12810),#12813);
#12810 = B_SPLINE_CURVE_WITH_KNOTS('',1,(#12811,#12812),.UNSPECIFIED.,
  .F.,.F.,(2,2),(0.,4.65),.PIECEWISE_BEZIER_KNOTS.);
#12811 = CARTESIAN_POINT('',(0.,2.6));
#12812 = CARTESIAN_POINT('',(4.65,2.6));
#12813 = ( GEOMETRIC_REPRESENTATION_CONTEXT(2) 
PARAMETRIC_REPRESENTATION_CONTEXT() REPRESENTATION_CONTEXT('2D SPACE',''
  ) );
#12814 = ORIENTED_EDGE('',*,*,#11491,.T.);
#12815 = ORIENTED_EDGE('',*,*,#12816,.T.);
#12816 = EDGE_CURVE('',#11469,#12817,#12819,.T.);
#12817 = VERTEX_POINT('',#12818);
#12818 = CARTESIAN_POINT('',(-14.6,55.,6.45));
#12819 = SURFACE_CURVE('',#12820,(#12824,#12830),.PCURVE_S1.);
#12820 = LINE('',#12821,#12822);
#12821 = CARTESIAN_POINT('',(-14.6,55.,1.8));
#12822 = VECTOR('',#12823,1.);
#12823 = DIRECTION('',(0.,0.,1.));
#12824 = PCURVE('',#11507,#12825);
#12825 = DEFINITIONAL_REPRESENTATION('',(#12826),#12829);
#12826 = B_SPLINE_CURVE_WITH_KNOTS('',1,(#12827,#12828),.UNSPECIFIED.,
  .F.,.F.,(2,2),(2.22044604925E-16,4.65),.PIECEWISE_BEZIER_KNOTS.);
#12827 = CARTESIAN_POINT('',(2.22044604925E-16,-67.));
#12828 = CARTESIAN_POINT('',(4.65,-67.));
#12829 = ( GEOMETRIC_REPRESENTATION_CONTEXT(2) 
PARAMETRIC_REPRESENTATION_CONTEXT() REPRESENTATION_CONTEXT('2D SPACE',''
  ) );
#12830 = PCURVE('',#9422,#12831);
#12831 = DEFINITIONAL_REPRESENTATION('',(#12832),#12836);
#12832 = LINE('',#12833,#12834);
#12833 = CARTESIAN_POINT('',(3.4,2.22044604925E-16));
#12834 = VECTOR('',#12835,1.);
#12835 = DIRECTION('',(0.,-1.));
#12836 = ( GEOMETRIC_REPRESENTATION_CONTEXT(2) 
PARAMETRIC_REPRESENTATION_CONTEXT() REPRESENTATION_CONTEXT('2D SPACE',''
  ) );
#12837 = ORIENTED_EDGE('',*,*,#12838,.F.);
#12838 = EDGE_CURVE('',#12839,#12817,#12841,.T.);
#12839 = VERTEX_POINT('',#12840);
#12840 = CARTESIAN_POINT('',(-14.6,50.8,6.45));
#12841 = SURFACE_CURVE('',#12842,(#12846,#12853),.PCURVE_S1.);
#12842 = LINE('',#12843,#12844);
#12843 = CARTESIAN_POINT('',(-14.6,-12.,6.45));
#12844 = VECTOR('',#12845,1.);
#12845 = DIRECTION('',(-0.,1.,0.));
#12846 = PCURVE('',#11507,#12847);
#12847 = DEFINITIONAL_REPRESENTATION('',(#12848),#12852);
#12848 = LINE('',#12849,#12850);
#12849 = CARTESIAN_POINT('',(4.65,0.));
#12850 = VECTOR('',#12851,1.);
#12851 = DIRECTION('',(0.,-1.));
#12852 = ( GEOMETRIC_REPRESENTATION_CONTEXT(2) 
PARAMETRIC_REPRESENTATION_CONTEXT() REPRESENTATION_CONTEXT('2D SPACE',''
  ) );
#12853 = PCURVE('',#12784,#12854);
#12854 = DEFINITIONAL_REPRESENTATION('',(#12855),#12859);
#12855 = LINE('',#12856,#12857);
#12856 = CARTESIAN_POINT('',(1.6,0.));
#12857 = VECTOR('',#12858,1.);
#12858 = DIRECTION('',(0.,1.));
#12859 = ( GEOMETRIC_REPRESENTATION_CONTEXT(2) 
PARAMETRIC_REPRESENTATION_CONTEXT() REPRESENTATION_CONTEXT('2D SPACE',''
  ) );
#12860 = ORIENTED_EDGE('',*,*,#12861,.T.);
#12861 = EDGE_CURVE('',#12839,#12769,#12862,.T.);
#12862 = SURFACE_CURVE('',#12863,(#12868,#12879),.PCURVE_S1.);
#12863 = CIRCLE('',#12864,1.7);
#12864 = AXIS2_PLACEMENT_3D('',#12865,#12866,#12867);
#12865 = CARTESIAN_POINT('',(-14.6,49.3,7.25));
#12866 = DIRECTION('',(-1.,0.,0.));
#12867 = DIRECTION('',(0.,0.882352941176,-0.470588235294));
#12868 = PCURVE('',#11507,#12869);
#12869 = DEFINITIONAL_REPRESENTATION('',(#12870),#12878);
#12870 = ( BOUNDED_CURVE() B_SPLINE_CURVE(2,(#12871,#12872,#12873,#12874
    ,#12875,#12876,#12877),.UNSPECIFIED.,.T.,.F.) 
B_SPLINE_CURVE_WITH_KNOTS((1,2,2,2,2,1),(-2.094395102393,0.,
    2.094395102393,4.188790204786,6.28318530718,8.377580409573),
.UNSPECIFIED.) CURVE() GEOMETRIC_REPRESENTATION_ITEM() 
RATIONAL_B_SPLINE_CURVE((1.,0.5,1.,0.5,1.,0.5,1.)) REPRESENTATION_ITEM(
  '') );
#12871 = CARTESIAN_POINT('',(4.65,-62.8));
#12872 = CARTESIAN_POINT('',(2.051923788647,-61.41435935394));
#12873 = CARTESIAN_POINT('',(4.550961894323,-59.85717967697));
#12874 = CARTESIAN_POINT('',(7.05,-58.3));
#12875 = CARTESIAN_POINT('',(7.149038105677,-61.24282032302));
#12876 = CARTESIAN_POINT('',(7.248076211353,-64.18564064605));
#12877 = CARTESIAN_POINT('',(4.65,-62.8));
#12878 = ( GEOMETRIC_REPRESENTATION_CONTEXT(2) 
PARAMETRIC_REPRESENTATION_CONTEXT() REPRESENTATION_CONTEXT('2D SPACE',''
  ) );
#12879 = PCURVE('',#12880,#12885);
#12880 = CYLINDRICAL_SURFACE('',#12881,1.7);
#12881 = AXIS2_PLACEMENT_3D('',#12882,#12883,#12884);
#12882 = CARTESIAN_POINT('',(-15.,49.3,7.25));
#12883 = DIRECTION('',(1.,0.,2.22044604925E-16));
#12884 = DIRECTION('',(2.22044604925E-16,0.,-1.));
#12885 = DEFINITIONAL_REPRESENTATION('',(#12886),#12890);
#12886 = LINE('',#12887,#12888);
#12887 = CARTESIAN_POINT('',(7.364024307721,0.4));
#12888 = VECTOR('',#12889,1.);
#12889 = DIRECTION('',(-1.,-0.));
#12890 = ( GEOMETRIC_REPRESENTATION_CONTEXT(2) 
PARAMETRIC_REPRESENTATION_CONTEXT() REPRESENTATION_CONTEXT('2D SPACE',''
  ) );
#12891 = ADVANCED_FACE('',(#12892),#12880,.F.);
#12892 = FACE_BOUND('',#12893,.F.);
#12893 = EDGE_LOOP('',(#12894,#12895,#12916,#12949));
#12894 = ORIENTED_EDGE('',*,*,#12861,.T.);
#12895 = ORIENTED_EDGE('',*,*,#12896,.F.);
#12896 = EDGE_CURVE('',#12897,#12769,#12899,.T.);
#12897 = VERTEX_POINT('',#12898);
#12898 = CARTESIAN_POINT('',(-15.,47.8,6.45));
#12899 = SURFACE_CURVE('',#12900,(#12904,#12910),.PCURVE_S1.);
#12900 = LINE('',#12901,#12902);
#12901 = CARTESIAN_POINT('',(-15.,47.8,6.45));
#12902 = VECTOR('',#12903,1.);
#12903 = DIRECTION('',(1.,0.,2.22044604925E-16));
#12904 = PCURVE('',#12880,#12905);
#12905 = DEFINITIONAL_REPRESENTATION('',(#12906),#12909);
#12906 = B_SPLINE_CURVE_WITH_KNOTS('',1,(#12907,#12908),.UNSPECIFIED.,
  .F.,.F.,(2,2),(0.,0.4),.PIECEWISE_BEZIER_KNOTS.);
#12907 = CARTESIAN_POINT('',(5.202346306638,-1.7763568394E-16));
#12908 = CARTESIAN_POINT('',(5.202346306638,0.4));
#12909 = ( GEOMETRIC_REPRESENTATION_CONTEXT(2) 
PARAMETRIC_REPRESENTATION_CONTEXT() REPRESENTATION_CONTEXT('2D SPACE',''
  ) );
#12910 = PCURVE('',#12784,#12911);
#12911 = DEFINITIONAL_REPRESENTATION('',(#12912),#12915);
#12912 = B_SPLINE_CURVE_WITH_KNOTS('',1,(#12913,#12914),.UNSPECIFIED.,
  .F.,.F.,(2,2),(-5.999999999062E-07,0.56),.PIECEWISE_BEZIER_KNOTS.);
#12913 = CARTESIAN_POINT('',(1.1999994,59.8));
#12914 = CARTESIAN_POINT('',(1.76,59.8));
#12915 = ( GEOMETRIC_REPRESENTATION_CONTEXT(2) 
PARAMETRIC_REPRESENTATION_CONTEXT() REPRESENTATION_CONTEXT('2D SPACE',''
  ) );
#12916 = ORIENTED_EDGE('',*,*,#12917,.F.);
#12917 = EDGE_CURVE('',#12918,#12897,#12920,.T.);
#12918 = VERTEX_POINT('',#12919);
#12919 = CARTESIAN_POINT('',(-15.,50.8,6.45));
#12920 = SURFACE_CURVE('',#12921,(#12926,#12933),.PCURVE_S1.);
#12921 = CIRCLE('',#12922,1.7);
#12922 = AXIS2_PLACEMENT_3D('',#12923,#12924,#12925);
#12923 = CARTESIAN_POINT('',(-15.,49.3,7.25));
#12924 = DIRECTION('',(-1.,0.,0.));
#12925 = DIRECTION('',(0.,0.882352941176,-0.470588235294));
#12926 = PCURVE('',#12880,#12927);
#12927 = DEFINITIONAL_REPRESENTATION('',(#12928),#12932);
#12928 = LINE('',#12929,#12930);
#12929 = CARTESIAN_POINT('',(7.364024307721,0.));
#12930 = VECTOR('',#12931,1.);
#12931 = DIRECTION('',(-1.,-0.));
#12932 = ( GEOMETRIC_REPRESENTATION_CONTEXT(2) 
PARAMETRIC_REPRESENTATION_CONTEXT() REPRESENTATION_CONTEXT('2D SPACE',''
  ) );
#12933 = PCURVE('',#12934,#12939);
#12934 = PLANE('',#12935);
#12935 = AXIS2_PLACEMENT_3D('',#12936,#12937,#12938);
#12936 = CARTESIAN_POINT('',(-15.,49.3,7.25));
#12937 = DIRECTION('',(1.,0.,2.22044604925E-16));
#12938 = DIRECTION('',(2.22044604925E-16,0.,-1.));
#12939 = DEFINITIONAL_REPRESENTATION('',(#12940),#12948);
#12940 = ( BOUNDED_CURVE() B_SPLINE_CURVE(2,(#12941,#12942,#12943,#12944
    ,#12945,#12946,#12947),.UNSPECIFIED.,.T.,.F.) 
B_SPLINE_CURVE_WITH_KNOTS((1,2,2,2,2,1),(-2.094395102393,0.,
    2.094395102393,4.188790204786,6.28318530718,8.377580409573),
.UNSPECIFIED.) CURVE() GEOMETRIC_REPRESENTATION_ITEM() 
RATIONAL_B_SPLINE_CURVE((1.,0.5,1.,0.5,1.,0.5,1.)) REPRESENTATION_ITEM(
  '') );
#12941 = CARTESIAN_POINT('',(0.8,1.5));
#12942 = CARTESIAN_POINT('',(3.398076211353,0.114359353945));
#12943 = CARTESIAN_POINT('',(0.899038105677,-1.442820323028));
#12944 = CARTESIAN_POINT('',(-1.6,-3.));
#12945 = CARTESIAN_POINT('',(-1.699038105677,-5.717967697245E-02));
#12946 = CARTESIAN_POINT('',(-1.798076211353,2.885640646055));
#12947 = CARTESIAN_POINT('',(0.8,1.5));
#12948 = ( GEOMETRIC_REPRESENTATION_CONTEXT(2) 
PARAMETRIC_REPRESENTATION_CONTEXT() REPRESENTATION_CONTEXT('2D SPACE',''
  ) );
#12949 = ORIENTED_EDGE('',*,*,#12950,.T.);
#12950 = EDGE_CURVE('',#12918,#12839,#12951,.T.);
#12951 = SURFACE_CURVE('',#12952,(#12956,#12962),.PCURVE_S1.);
#12952 = LINE('',#12953,#12954);
#12953 = CARTESIAN_POINT('',(-15.,50.8,6.45));
#12954 = VECTOR('',#12955,1.);
#12955 = DIRECTION('',(1.,0.,2.22044604925E-16));
#12956 = PCURVE('',#12880,#12957);
#12957 = DEFINITIONAL_REPRESENTATION('',(#12958),#12961);
#12958 = B_SPLINE_CURVE_WITH_KNOTS('',1,(#12959,#12960),.UNSPECIFIED.,
  .F.,.F.,(2,2),(0.,0.4),.PIECEWISE_BEZIER_KNOTS.);
#12959 = CARTESIAN_POINT('',(7.364024307721,-1.7763568394E-16));
#12960 = CARTESIAN_POINT('',(7.364024307721,0.4));
#12961 = ( GEOMETRIC_REPRESENTATION_CONTEXT(2) 
PARAMETRIC_REPRESENTATION_CONTEXT() REPRESENTATION_CONTEXT('2D SPACE',''
  ) );
#12962 = PCURVE('',#12784,#12963);
#12963 = DEFINITIONAL_REPRESENTATION('',(#12964),#12967);
#12964 = B_SPLINE_CURVE_WITH_KNOTS('',1,(#12965,#12966),.UNSPECIFIED.,
  .F.,.F.,(2,2),(-5.999999999062E-07,0.56),.PIECEWISE_BEZIER_KNOTS.);
#12965 = CARTESIAN_POINT('',(1.1999994,62.8));
#12966 = CARTESIAN_POINT('',(1.76,62.8));
#12967 = ( GEOMETRIC_REPRESENTATION_CONTEXT(2) 
PARAMETRIC_REPRESENTATION_CONTEXT() REPRESENTATION_CONTEXT('2D SPACE',''
  ) );
#12968 = ADVANCED_FACE('',(#12969),#12934,.T.);
#12969 = FACE_BOUND('',#12970,.T.);
#12970 = EDGE_LOOP('',(#12971,#12990));
#12971 = ORIENTED_EDGE('',*,*,#12972,.F.);
#12972 = EDGE_CURVE('',#12897,#12918,#12973,.T.);
#12973 = SURFACE_CURVE('',#12974,(#12978,#12984),.PCURVE_S1.);
#12974 = LINE('',#12975,#12976);
#12975 = CARTESIAN_POINT('',(-15.,18.65,6.45));
#12976 = VECTOR('',#12977,1.);
#12977 = DIRECTION('',(0.,1.,0.));
#12978 = PCURVE('',#12934,#12979);
#12979 = DEFINITIONAL_REPRESENTATION('',(#12980),#12983);
#12980 = B_SPLINE_CURVE_WITH_KNOTS('',1,(#12981,#12982),.UNSPECIFIED.,
  .F.,.F.,(2,2),(28.95,32.35),.PIECEWISE_BEZIER_KNOTS.);
#12981 = CARTESIAN_POINT('',(0.8,-1.7));
#12982 = CARTESIAN_POINT('',(0.8,1.7));
#12983 = ( GEOMETRIC_REPRESENTATION_CONTEXT(2) 
PARAMETRIC_REPRESENTATION_CONTEXT() REPRESENTATION_CONTEXT('2D SPACE',''
  ) );
#12984 = PCURVE('',#12784,#12985);
#12985 = DEFINITIONAL_REPRESENTATION('',(#12986),#12989);
#12986 = B_SPLINE_CURVE_WITH_KNOTS('',1,(#12987,#12988),.UNSPECIFIED.,
  .F.,.F.,(2,2),(28.95,32.35),.PIECEWISE_BEZIER_KNOTS.);
#12987 = CARTESIAN_POINT('',(1.2,59.6));
#12988 = CARTESIAN_POINT('',(1.2,63.));
#12989 = ( GEOMETRIC_REPRESENTATION_CONTEXT(2) 
PARAMETRIC_REPRESENTATION_CONTEXT() REPRESENTATION_CONTEXT('2D SPACE',''
  ) );
#12990 = ORIENTED_EDGE('',*,*,#12917,.F.);
#12991 = ADVANCED_FACE('',(#12992),#12784,.T.);
#12992 = FACE_BOUND('',#12993,.T.);
#12993 = EDGE_LOOP('',(#12994,#13019,#13040,#13041,#13042,#13043,#13044,
    #13045));
#12994 = ORIENTED_EDGE('',*,*,#12995,.F.);
#12995 = EDGE_CURVE('',#12996,#12998,#13000,.T.);
#12996 = VERTEX_POINT('',#12997);
#12997 = CARTESIAN_POINT('',(-16.2,-10.4,6.45));
#12998 = VERTEX_POINT('',#12999);
#12999 = CARTESIAN_POINT('',(-16.2,55.,6.45));
#13000 = SURFACE_CURVE('',#13001,(#13005,#13012),.PCURVE_S1.);
#13001 = LINE('',#13002,#13003);
#13002 = CARTESIAN_POINT('',(-16.2,-12.,6.45));
#13003 = VECTOR('',#13004,1.);
#13004 = DIRECTION('',(-0.,1.,0.));
#13005 = PCURVE('',#12784,#13006);
#13006 = DEFINITIONAL_REPRESENTATION('',(#13007),#13011);
#13007 = LINE('',#13008,#13009);
#13008 = CARTESIAN_POINT('',(0.,0.));
#13009 = VECTOR('',#13010,1.);
#13010 = DIRECTION('',(0.,1.));
#13011 = ( GEOMETRIC_REPRESENTATION_CONTEXT(2) 
PARAMETRIC_REPRESENTATION_CONTEXT() REPRESENTATION_CONTEXT('2D SPACE',''
  ) );
#13012 = PCURVE('',#11563,#13013);
#13013 = DEFINITIONAL_REPRESENTATION('',(#13014),#13018);
#13014 = LINE('',#13015,#13016);
#13015 = CARTESIAN_POINT('',(4.65,0.));
#13016 = VECTOR('',#13017,1.);
#13017 = DIRECTION('',(0.,-1.));
#13018 = ( GEOMETRIC_REPRESENTATION_CONTEXT(2) 
PARAMETRIC_REPRESENTATION_CONTEXT() REPRESENTATION_CONTEXT('2D SPACE',''
  ) );
#13019 = ORIENTED_EDGE('',*,*,#13020,.T.);
#13020 = EDGE_CURVE('',#12996,#12767,#13021,.T.);
#13021 = SURFACE_CURVE('',#13022,(#13026,#13033),.PCURVE_S1.);
#13022 = LINE('',#13023,#13024);
#13023 = CARTESIAN_POINT('',(-17.2,-10.4,6.45));
#13024 = VECTOR('',#13025,1.);
#13025 = DIRECTION('',(1.,0.,-0.));
#13026 = PCURVE('',#12784,#13027);
#13027 = DEFINITIONAL_REPRESENTATION('',(#13028),#13032);
#13028 = LINE('',#13029,#13030);
#13029 = CARTESIAN_POINT('',(-1.,1.6));
#13030 = VECTOR('',#13031,1.);
#13031 = DIRECTION('',(1.,0.));
#13032 = ( GEOMETRIC_REPRESENTATION_CONTEXT(2) 
PARAMETRIC_REPRESENTATION_CONTEXT() REPRESENTATION_CONTEXT('2D SPACE',''
  ) );
#13033 = PCURVE('',#11535,#13034);
#13034 = DEFINITIONAL_REPRESENTATION('',(#13035),#13039);
#13035 = LINE('',#13036,#13037);
#13036 = CARTESIAN_POINT('',(4.65,0.));
#13037 = VECTOR('',#13038,1.);
#13038 = DIRECTION('',(0.,1.));
#13039 = ( GEOMETRIC_REPRESENTATION_CONTEXT(2) 
PARAMETRIC_REPRESENTATION_CONTEXT() REPRESENTATION_CONTEXT('2D SPACE',''
  ) );
#13040 = ORIENTED_EDGE('',*,*,#12766,.T.);
#13041 = ORIENTED_EDGE('',*,*,#12896,.F.);
#13042 = ORIENTED_EDGE('',*,*,#12972,.T.);
#13043 = ORIENTED_EDGE('',*,*,#12950,.T.);
#13044 = ORIENTED_EDGE('',*,*,#12838,.T.);
#13045 = ORIENTED_EDGE('',*,*,#13046,.T.);
#13046 = EDGE_CURVE('',#12817,#12998,#13047,.T.);
#13047 = SURFACE_CURVE('',#13048,(#13052,#13058),.PCURVE_S1.);
#13048 = LINE('',#13049,#13050);
#13049 = CARTESIAN_POINT('',(-17.1,55.,6.45));
#13050 = VECTOR('',#13051,1.);
#13051 = DIRECTION('',(-1.,-0.,0.));
#13052 = PCURVE('',#12784,#13053);
#13053 = DEFINITIONAL_REPRESENTATION('',(#13054),#13057);
#13054 = B_SPLINE_CURVE_WITH_KNOTS('',1,(#13055,#13056),.UNSPECIFIED.,
  .F.,.F.,(2,2),(-2.5,-0.9),.PIECEWISE_BEZIER_KNOTS.);
#13055 = CARTESIAN_POINT('',(1.6,67.));
#13056 = CARTESIAN_POINT('',(0.,67.));
#13057 = ( GEOMETRIC_REPRESENTATION_CONTEXT(2) 
PARAMETRIC_REPRESENTATION_CONTEXT() REPRESENTATION_CONTEXT('2D SPACE',''
  ) );
#13058 = PCURVE('',#9422,#13059);
#13059 = DEFINITIONAL_REPRESENTATION('',(#13060),#13064);
#13060 = LINE('',#13061,#13062);
#13061 = CARTESIAN_POINT('',(0.9,-4.65));
#13062 = VECTOR('',#13063,1.);
#13063 = DIRECTION('',(-1.,0.));
#13064 = ( GEOMETRIC_REPRESENTATION_CONTEXT(2) 
PARAMETRIC_REPRESENTATION_CONTEXT() REPRESENTATION_CONTEXT('2D SPACE',''
  ) );
#13065 = ADVANCED_FACE('',(#13066),#11535,.F.);
#13066 = FACE_BOUND('',#13067,.F.);
#13067 = EDGE_LOOP('',(#13068,#13069,#13088,#13089));
#13068 = ORIENTED_EDGE('',*,*,#11519,.F.);
#13069 = ORIENTED_EDGE('',*,*,#13070,.T.);
#13070 = EDGE_CURVE('',#11520,#12996,#13071,.T.);
#13071 = SURFACE_CURVE('',#13072,(#13076,#13082),.PCURVE_S1.);
#13072 = LINE('',#13073,#13074);
#13073 = CARTESIAN_POINT('',(-16.2,-10.4,1.8));
#13074 = VECTOR('',#13075,1.);
#13075 = DIRECTION('',(0.,0.,1.));
#13076 = PCURVE('',#11535,#13077);
#13077 = DEFINITIONAL_REPRESENTATION('',(#13078),#13081);
#13078 = B_SPLINE_CURVE_WITH_KNOTS('',1,(#13079,#13080),.UNSPECIFIED.,
  .F.,.F.,(2,2),(0.,4.65),.PIECEWISE_BEZIER_KNOTS.);
#13079 = CARTESIAN_POINT('',(0.,1.));
#13080 = CARTESIAN_POINT('',(4.65,1.));
#13081 = ( GEOMETRIC_REPRESENTATION_CONTEXT(2) 
PARAMETRIC_REPRESENTATION_CONTEXT() REPRESENTATION_CONTEXT('2D SPACE',''
  ) );
#13082 = PCURVE('',#11563,#13083);
#13083 = DEFINITIONAL_REPRESENTATION('',(#13084),#13087);
#13084 = B_SPLINE_CURVE_WITH_KNOTS('',1,(#13085,#13086),.UNSPECIFIED.,
  .F.,.F.,(2,2),(0.,4.65),.PIECEWISE_BEZIER_KNOTS.);
#13085 = CARTESIAN_POINT('',(0.,-1.6));
#13086 = CARTESIAN_POINT('',(4.65,-1.6));
#13087 = ( GEOMETRIC_REPRESENTATION_CONTEXT(2) 
PARAMETRIC_REPRESENTATION_CONTEXT() REPRESENTATION_CONTEXT('2D SPACE',''
  ) );
#13088 = ORIENTED_EDGE('',*,*,#13020,.T.);
#13089 = ORIENTED_EDGE('',*,*,#12796,.F.);
#13090 = ADVANCED_FACE('',(#13091),#11563,.F.);
#13091 = FACE_BOUND('',#13092,.F.);
#13092 = EDGE_LOOP('',(#13093,#13094,#13095,#13096));
#13093 = ORIENTED_EDGE('',*,*,#12995,.F.);
#13094 = ORIENTED_EDGE('',*,*,#13070,.F.);
#13095 = ORIENTED_EDGE('',*,*,#11547,.T.);
#13096 = ORIENTED_EDGE('',*,*,#13097,.T.);
#13097 = EDGE_CURVE('',#11548,#12998,#13098,.T.);
#13098 = SURFACE_CURVE('',#13099,(#13103,#13109),.PCURVE_S1.);
#13099 = LINE('',#13100,#13101);
#13100 = CARTESIAN_POINT('',(-16.2,55.,1.8));
#13101 = VECTOR('',#13102,1.);
#13102 = DIRECTION('',(0.,0.,1.));
#13103 = PCURVE('',#11563,#13104);
#13104 = DEFINITIONAL_REPRESENTATION('',(#13105),#13108);
#13105 = B_SPLINE_CURVE_WITH_KNOTS('',1,(#13106,#13107),.UNSPECIFIED.,
  .F.,.F.,(2,2),(2.22044604925E-16,4.65),.PIECEWISE_BEZIER_KNOTS.);
#13106 = CARTESIAN_POINT('',(2.22044604925E-16,-67.));
#13107 = CARTESIAN_POINT('',(4.65,-67.));
#13108 = ( GEOMETRIC_REPRESENTATION_CONTEXT(2) 
PARAMETRIC_REPRESENTATION_CONTEXT() REPRESENTATION_CONTEXT('2D SPACE',''
  ) );
#13109 = PCURVE('',#9422,#13110);
#13110 = DEFINITIONAL_REPRESENTATION('',(#13111),#13115);
#13111 = LINE('',#13112,#13113);
#13112 = CARTESIAN_POINT('',(1.8,2.22044604925E-16));
#13113 = VECTOR('',#13114,1.);
#13114 = DIRECTION('',(0.,-1.));
#13115 = ( GEOMETRIC_REPRESENTATION_CONTEXT(2) 
PARAMETRIC_REPRESENTATION_CONTEXT() REPRESENTATION_CONTEXT('2D SPACE',''
  ) );
#13116 = ADVANCED_FACE('',(#13117),#9597,.F.);
#13117 = FACE_BOUND('',#13118,.T.);
#13118 = EDGE_LOOP('',(#13119,#13120,#13121,#13122));
#13119 = ORIENTED_EDGE('',*,*,#11216,.F.);
#13120 = ORIENTED_EDGE('',*,*,#11070,.T.);
#13121 = ORIENTED_EDGE('',*,*,#9576,.F.);
#13122 = ORIENTED_EDGE('',*,*,#13123,.F.);
#13123 = EDGE_CURVE('',#11217,#9544,#13124,.T.);
#13124 = SURFACE_CURVE('',#13125,(#13129,#13136),.PCURVE_S1.);
#13125 = LINE('',#13126,#13127);
#13126 = CARTESIAN_POINT('',(30.78,22.907434386909,1.8));
#13127 = VECTOR('',#13128,1.);
#13128 = DIRECTION('',(0.,0.,1.));
#13129 = PCURVE('',#9597,#13130);
#13130 = DEFINITIONAL_REPRESENTATION('',(#13131),#13135);
#13131 = LINE('',#13132,#13133);
#13132 = CARTESIAN_POINT('',(-7.210094368636,0.));
#13133 = VECTOR('',#13134,1.);
#13134 = DIRECTION('',(-0.,-1.));
#13135 = ( GEOMETRIC_REPRESENTATION_CONTEXT(2) 
PARAMETRIC_REPRESENTATION_CONTEXT() REPRESENTATION_CONTEXT('2D SPACE',''
  ) );
#13136 = PCURVE('',#9564,#13137);
#13137 = DEFINITIONAL_REPRESENTATION('',(#13138),#13142);
#13138 = LINE('',#13139,#13140);
#13139 = CARTESIAN_POINT('',(5.832158495383,0.));
#13140 = VECTOR('',#13141,1.);
#13141 = DIRECTION('',(0.,-1.));
#13142 = ( GEOMETRIC_REPRESENTATION_CONTEXT(2) 
PARAMETRIC_REPRESENTATION_CONTEXT() REPRESENTATION_CONTEXT('2D SPACE',''
  ) );
#13143 = ADVANCED_FACE('',(#13144),#9658,.T.);
#13144 = FACE_BOUND('',#13145,.T.);
#13145 = EDGE_LOOP('',(#13146,#13147,#13166,#13167));
#13146 = ORIENTED_EDGE('',*,*,#11194,.F.);
#13147 = ORIENTED_EDGE('',*,*,#13148,.F.);
#13148 = EDGE_CURVE('',#9643,#11171,#13149,.T.);
#13149 = SURFACE_CURVE('',#13150,(#13154,#13160),.PCURVE_S1.);
#13150 = LINE('',#13151,#13152);
#13151 = CARTESIAN_POINT('',(30.2,-56.81256579129,1.8));
#13152 = VECTOR('',#13153,1.);
#13153 = DIRECTION('',(-0.,-0.,-1.));
#13154 = PCURVE('',#9658,#13155);
#13155 = DEFINITIONAL_REPRESENTATION('',(#13156),#13159);
#13156 = B_SPLINE_CURVE_WITH_KNOTS('',1,(#13157,#13158),.UNSPECIFIED.,
  .F.,.F.,(2,2),(-5.4500024,2.400000000069E-06),
  .PIECEWISE_BEZIER_KNOTS.);
#13157 = CARTESIAN_POINT('',(1.187434208705,-5.4500024));
#13158 = CARTESIAN_POINT('',(1.187434208705,2.400000000069E-06));
#13159 = ( GEOMETRIC_REPRESENTATION_CONTEXT(2) 
PARAMETRIC_REPRESENTATION_CONTEXT() REPRESENTATION_CONTEXT('2D SPACE',''
  ) );
#13160 = PCURVE('',#9686,#13161);
#13161 = DEFINITIONAL_REPRESENTATION('',(#13162),#13165);
#13162 = B_SPLINE_CURVE_WITH_KNOTS('',1,(#13163,#13164),.UNSPECIFIED.,
  .F.,.F.,(2,2),(-5.4500024,2.400000000069E-06),
  .PIECEWISE_BEZIER_KNOTS.);
#13163 = CARTESIAN_POINT('',(-0.494934126341,-5.4500024));
#13164 = CARTESIAN_POINT('',(-0.494934126341,2.400000000069E-06));
#13165 = ( GEOMETRIC_REPRESENTATION_CONTEXT(2) 
PARAMETRIC_REPRESENTATION_CONTEXT() REPRESENTATION_CONTEXT('2D SPACE',''
  ) );
#13166 = ORIENTED_EDGE('',*,*,#9642,.F.);
#13167 = ORIENTED_EDGE('',*,*,#11048,.F.);
#13168 = ADVANCED_FACE('',(#13169),#9564,.T.);
#13169 = FACE_BOUND('',#13170,.T.);
#13170 = EDGE_LOOP('',(#13171,#13172,#13173,#13174));
#13171 = ORIENTED_EDGE('',*,*,#11240,.F.);
#13172 = ORIENTED_EDGE('',*,*,#13123,.T.);
#13173 = ORIENTED_EDGE('',*,*,#9543,.T.);
#13174 = ORIENTED_EDGE('',*,*,#13175,.F.);
#13175 = EDGE_CURVE('',#11241,#9517,#13176,.T.);
#13176 = SURFACE_CURVE('',#13177,(#13181,#13188),.PCURVE_S1.);
#13177 = LINE('',#13178,#13179);
#13178 = CARTESIAN_POINT('',(30.2,25.435595774163,1.8));
#13179 = VECTOR('',#13180,1.);
#13180 = DIRECTION('',(0.,0.,1.));
#13181 = PCURVE('',#9564,#13182);
#13182 = DEFINITIONAL_REPRESENTATION('',(#13183),#13187);
#13183 = LINE('',#13184,#13185);
#13184 = CARTESIAN_POINT('',(6.28318530718,0.));
#13185 = VECTOR('',#13186,1.);
#13186 = DIRECTION('',(0.,-1.));
#13187 = ( GEOMETRIC_REPRESENTATION_CONTEXT(2) 
PARAMETRIC_REPRESENTATION_CONTEXT() REPRESENTATION_CONTEXT('2D SPACE',''
  ) );
#13188 = PCURVE('',#9532,#13189);
#13189 = DEFINITIONAL_REPRESENTATION('',(#13190),#13194);
#13190 = LINE('',#13191,#13192);
#13191 = CARTESIAN_POINT('',(0.,0.));
#13192 = VECTOR('',#13193,1.);
#13193 = DIRECTION('',(0.,-1.));
#13194 = ( GEOMETRIC_REPRESENTATION_CONTEXT(2) 
PARAMETRIC_REPRESENTATION_CONTEXT() REPRESENTATION_CONTEXT('2D SPACE',''
  ) );
#13195 = ADVANCED_FACE('',(#13196),#9686,.T.);
#13196 = FACE_BOUND('',#13197,.F.);
#13197 = EDGE_LOOP('',(#13198,#13199,#13200,#13201));
#13198 = ORIENTED_EDGE('',*,*,#11170,.F.);
#13199 = ORIENTED_EDGE('',*,*,#13148,.F.);
#13200 = ORIENTED_EDGE('',*,*,#9669,.T.);
#13201 = ORIENTED_EDGE('',*,*,#13202,.T.);
#13202 = EDGE_CURVE('',#9670,#11148,#13203,.T.);
#13203 = SURFACE_CURVE('',#13204,(#13208,#13214),.PCURVE_S1.);
#13204 = LINE('',#13205,#13206);
#13205 = CARTESIAN_POINT('',(26.812565791296,-60.2,1.8));
#13206 = VECTOR('',#13207,1.);
#13207 = DIRECTION('',(-0.,-0.,-1.));
#13208 = PCURVE('',#9686,#13209);
#13209 = DEFINITIONAL_REPRESENTATION('',(#13210),#13213);
#13210 = B_SPLINE_CURVE_WITH_KNOTS('',1,(#13211,#13212),.UNSPECIFIED.,
  .F.,.F.,(2,2),(-5.4500024,2.400000000069E-06),
  .PIECEWISE_BEZIER_KNOTS.);
#13211 = CARTESIAN_POINT('',(-4.217454854044,-5.4500024));
#13212 = CARTESIAN_POINT('',(-4.217454854044,2.400000000069E-06));
#13213 = ( GEOMETRIC_REPRESENTATION_CONTEXT(2) 
PARAMETRIC_REPRESENTATION_CONTEXT() REPRESENTATION_CONTEXT('2D SPACE',''
  ) );
#13214 = PCURVE('',#9714,#13215);
#13215 = DEFINITIONAL_REPRESENTATION('',(#13216),#13219);
#13216 = B_SPLINE_CURVE_WITH_KNOTS('',1,(#13217,#13218),.UNSPECIFIED.,
  .F.,.F.,(2,2),(-5.4500024,2.400000000069E-06),
  .PIECEWISE_BEZIER_KNOTS.);
#13217 = CARTESIAN_POINT('',(54.812565791296,-5.4500024));
#13218 = CARTESIAN_POINT('',(54.812565791296,2.400000000069E-06));
#13219 = ( GEOMETRIC_REPRESENTATION_CONTEXT(2) 
PARAMETRIC_REPRESENTATION_CONTEXT() REPRESENTATION_CONTEXT('2D SPACE',''
  ) );
#13220 = ADVANCED_FACE('',(#13221),#9532,.T.);
#13221 = FACE_BOUND('',#13222,.T.);
#13222 = EDGE_LOOP('',(#13223,#13224,#13225,#13226));
#13223 = ORIENTED_EDGE('',*,*,#11268,.F.);
#13224 = ORIENTED_EDGE('',*,*,#13175,.T.);
#13225 = ORIENTED_EDGE('',*,*,#9516,.F.);
#13226 = ORIENTED_EDGE('',*,*,#13227,.T.);
#13227 = EDGE_CURVE('',#9488,#11269,#13228,.T.);
#13228 = SURFACE_CURVE('',#13229,(#13233,#13239),.PCURVE_S1.);
#13229 = LINE('',#13230,#13231);
#13230 = CARTESIAN_POINT('',(30.2,56.812565791296,1.8));
#13231 = VECTOR('',#13232,1.);
#13232 = DIRECTION('',(-0.,-0.,-1.));
#13233 = PCURVE('',#9532,#13234);
#13234 = DEFINITIONAL_REPRESENTATION('',(#13235),#13238);
#13235 = B_SPLINE_CURVE_WITH_KNOTS('',1,(#13236,#13237),.UNSPECIFIED.,
  .F.,.F.,(2,2),(-5.4500024,2.400000000069E-06),
  .PIECEWISE_BEZIER_KNOTS.);
#13236 = CARTESIAN_POINT('',(31.376970017134,-5.4500024));
#13237 = CARTESIAN_POINT('',(31.376970017134,2.400000000069E-06));
#13238 = ( GEOMETRIC_REPRESENTATION_CONTEXT(2) 
PARAMETRIC_REPRESENTATION_CONTEXT() REPRESENTATION_CONTEXT('2D SPACE',''
  ) );
#13239 = PCURVE('',#9504,#13240);
#13240 = DEFINITIONAL_REPRESENTATION('',(#13241),#13244);
#13241 = B_SPLINE_CURVE_WITH_KNOTS('',1,(#13242,#13243),.UNSPECIFIED.,
  .F.,.F.,(2,2),(-5.4500024,2.400000000069E-06),
  .PIECEWISE_BEZIER_KNOTS.);
#13242 = CARTESIAN_POINT('',(-5.788251180839,-5.4500024));
#13243 = CARTESIAN_POINT('',(-5.788251180839,2.400000000069E-06));
#13244 = ( GEOMETRIC_REPRESENTATION_CONTEXT(2) 
PARAMETRIC_REPRESENTATION_CONTEXT() REPRESENTATION_CONTEXT('2D SPACE',''
  ) );
#13245 = ADVANCED_FACE('',(#13246),#9714,.T.);
#13246 = FACE_BOUND('',#13247,.T.);
#13247 = EDGE_LOOP('',(#13248,#13249,#13268,#13269));
#13248 = ORIENTED_EDGE('',*,*,#11147,.F.);
#13249 = ORIENTED_EDGE('',*,*,#13250,.F.);
#13250 = EDGE_CURVE('',#9699,#11120,#13251,.T.);
#13251 = SURFACE_CURVE('',#13252,(#13256,#13262),.PCURVE_S1.);
#13252 = LINE('',#13253,#13254);
#13253 = CARTESIAN_POINT('',(-26.81256579129,-60.2,1.8));
#13254 = VECTOR('',#13255,1.);
#13255 = DIRECTION('',(-0.,-0.,-1.));
#13256 = PCURVE('',#9714,#13257);
#13257 = DEFINITIONAL_REPRESENTATION('',(#13258),#13261);
#13258 = B_SPLINE_CURVE_WITH_KNOTS('',1,(#13259,#13260),.UNSPECIFIED.,
  .F.,.F.,(2,2),(-5.4500024,2.400000000069E-06),
  .PIECEWISE_BEZIER_KNOTS.);
#13259 = CARTESIAN_POINT('',(1.187434208704,-5.4500024));
#13260 = CARTESIAN_POINT('',(1.187434208704,2.400000000069E-06));
#13261 = ( GEOMETRIC_REPRESENTATION_CONTEXT(2) 
PARAMETRIC_REPRESENTATION_CONTEXT() REPRESENTATION_CONTEXT('2D SPACE',''
  ) );
#13262 = PCURVE('',#9742,#13263);
#13263 = DEFINITIONAL_REPRESENTATION('',(#13264),#13267);
#13264 = B_SPLINE_CURVE_WITH_KNOTS('',1,(#13265,#13266),.UNSPECIFIED.,
  .F.,.F.,(2,2),(-5.45,0.),.PIECEWISE_BEZIER_KNOTS.);
#13265 = CARTESIAN_POINT('',(-5.207323106726,-5.45));
#13266 = CARTESIAN_POINT('',(-5.207323106726,0.));
#13267 = ( GEOMETRIC_REPRESENTATION_CONTEXT(2) 
PARAMETRIC_REPRESENTATION_CONTEXT() REPRESENTATION_CONTEXT('2D SPACE',''
  ) );
#13268 = ORIENTED_EDGE('',*,*,#9698,.F.);
#13269 = ORIENTED_EDGE('',*,*,#13202,.T.);
#13270 = ADVANCED_FACE('',(#13271),#9504,.T.);
#13271 = FACE_BOUND('',#13272,.F.);
#13272 = EDGE_LOOP('',(#13273,#13274,#13293,#13294));
#13273 = ORIENTED_EDGE('',*,*,#11291,.F.);
#13274 = ORIENTED_EDGE('',*,*,#13275,.F.);
#13275 = EDGE_CURVE('',#9461,#11292,#13276,.T.);
#13276 = SURFACE_CURVE('',#13277,(#13281,#13287),.PCURVE_S1.);
#13277 = LINE('',#13278,#13279);
#13278 = CARTESIAN_POINT('',(26.812565791296,60.2,1.8));
#13279 = VECTOR('',#13280,1.);
#13280 = DIRECTION('',(-0.,-0.,-1.));
#13281 = PCURVE('',#9504,#13282);
#13282 = DEFINITIONAL_REPRESENTATION('',(#13283),#13286);
#13283 = B_SPLINE_CURVE_WITH_KNOTS('',1,(#13284,#13285),.UNSPECIFIED.,
  .F.,.F.,(2,2),(-5.4500024,2.400000000069E-06),
  .PIECEWISE_BEZIER_KNOTS.);
#13284 = CARTESIAN_POINT('',(-2.065730453136,-5.4500024));
#13285 = CARTESIAN_POINT('',(-2.065730453136,2.400000000069E-06));
#13286 = ( GEOMETRIC_REPRESENTATION_CONTEXT(2) 
PARAMETRIC_REPRESENTATION_CONTEXT() REPRESENTATION_CONTEXT('2D SPACE',''
  ) );
#13287 = PCURVE('',#9476,#13288);
#13288 = DEFINITIONAL_REPRESENTATION('',(#13289),#13292);
#13289 = B_SPLINE_CURVE_WITH_KNOTS('',1,(#13290,#13291),.UNSPECIFIED.,
  .F.,.F.,(2,2),(-5.4500024,2.400000000069E-06),
  .PIECEWISE_BEZIER_KNOTS.);
#13290 = CARTESIAN_POINT('',(8.812565791296,-5.4500024));
#13291 = CARTESIAN_POINT('',(8.812565791296,2.400000000069E-06));
#13292 = ( GEOMETRIC_REPRESENTATION_CONTEXT(2) 
PARAMETRIC_REPRESENTATION_CONTEXT() REPRESENTATION_CONTEXT('2D SPACE',''
  ) );
#13293 = ORIENTED_EDGE('',*,*,#9487,.T.);
#13294 = ORIENTED_EDGE('',*,*,#13227,.T.);
#13295 = ADVANCED_FACE('',(#13296),#9742,.T.);
#13296 = FACE_BOUND('',#13297,.F.);
#13297 = EDGE_LOOP('',(#13298,#13299,#13300,#13301));
#13298 = ORIENTED_EDGE('',*,*,#11119,.T.);
#13299 = ORIENTED_EDGE('',*,*,#13250,.F.);
#13300 = ORIENTED_EDGE('',*,*,#9725,.T.);
#13301 = ORIENTED_EDGE('',*,*,#13302,.T.);
#13302 = EDGE_CURVE('',#9726,#11095,#13303,.T.);
#13303 = SURFACE_CURVE('',#13304,(#13308,#13314),.PCURVE_S1.);
#13304 = LINE('',#13305,#13306);
#13305 = CARTESIAN_POINT('',(-30.2,-56.81256579129,1.8));
#13306 = VECTOR('',#13307,1.);
#13307 = DIRECTION('',(-0.,-0.,-1.));
#13308 = PCURVE('',#9742,#13309);
#13309 = DEFINITIONAL_REPRESENTATION('',(#13310),#13313);
#13310 = B_SPLINE_CURVE_WITH_KNOTS('',1,(#13311,#13312),.UNSPECIFIED.,
  .F.,.F.,(2,2),(-5.45,-0.),.PIECEWISE_BEZIER_KNOTS.);
#13311 = CARTESIAN_POINT('',(-8.929843834428,-5.45));
#13312 = CARTESIAN_POINT('',(-8.929843834428,0.));
#13313 = ( GEOMETRIC_REPRESENTATION_CONTEXT(2) 
PARAMETRIC_REPRESENTATION_CONTEXT() REPRESENTATION_CONTEXT('2D SPACE',''
  ) );
#13314 = PCURVE('',#9186,#13315);
#13315 = DEFINITIONAL_REPRESENTATION('',(#13316),#13319);
#13316 = B_SPLINE_CURVE_WITH_KNOTS('',1,(#13317,#13318),.UNSPECIFIED.,
  .F.,.F.,(2,2),(-5.4500024,2.400000000069E-06),
  .PIECEWISE_BEZIER_KNOTS.);
#13317 = CARTESIAN_POINT('',(1.187434208705,-5.4500024));
#13318 = CARTESIAN_POINT('',(1.187434208705,2.400000000069E-06));
#13319 = ( GEOMETRIC_REPRESENTATION_CONTEXT(2) 
PARAMETRIC_REPRESENTATION_CONTEXT() REPRESENTATION_CONTEXT('2D SPACE',''
  ) );
#13320 = ADVANCED_FACE('',(#13321),#9476,.F.);
#13321 = FACE_BOUND('',#13322,.F.);
#13322 = EDGE_LOOP('',(#13323,#13324,#13345,#13346));
#13323 = ORIENTED_EDGE('',*,*,#11315,.F.);
#13324 = ORIENTED_EDGE('',*,*,#13325,.T.);
#13325 = EDGE_CURVE('',#11316,#9434,#13326,.T.);
#13326 = SURFACE_CURVE('',#13327,(#13331,#13338),.PCURVE_S1.);
#13327 = LINE('',#13328,#13329);
#13328 = CARTESIAN_POINT('',(18.,60.2,1.8));
#13329 = VECTOR('',#13330,1.);
#13330 = DIRECTION('',(0.,0.,1.));
#13331 = PCURVE('',#9476,#13332);
#13332 = DEFINITIONAL_REPRESENTATION('',(#13333),#13337);
#13333 = LINE('',#13334,#13335);
#13334 = CARTESIAN_POINT('',(0.,0.));
#13335 = VECTOR('',#13336,1.);
#13336 = DIRECTION('',(0.,-1.));
#13337 = ( GEOMETRIC_REPRESENTATION_CONTEXT(2) 
PARAMETRIC_REPRESENTATION_CONTEXT() REPRESENTATION_CONTEXT('2D SPACE',''
  ) );
#13338 = PCURVE('',#9449,#13339);
#13339 = DEFINITIONAL_REPRESENTATION('',(#13340),#13344);
#13340 = LINE('',#13341,#13342);
#13341 = CARTESIAN_POINT('',(5.2,0.));
#13342 = VECTOR('',#13343,1.);
#13343 = DIRECTION('',(0.,-1.));
#13344 = ( GEOMETRIC_REPRESENTATION_CONTEXT(2) 
PARAMETRIC_REPRESENTATION_CONTEXT() REPRESENTATION_CONTEXT('2D SPACE',''
  ) );
#13345 = ORIENTED_EDGE('',*,*,#9460,.F.);
#13346 = ORIENTED_EDGE('',*,*,#13275,.T.);
#13347 = ADVANCED_FACE('',(#13348),#9449,.F.);
#13348 = FACE_BOUND('',#13349,.F.);
#13349 = EDGE_LOOP('',(#13350,#13351,#13372,#13373));
#13350 = ORIENTED_EDGE('',*,*,#11338,.F.);
#13351 = ORIENTED_EDGE('',*,*,#13352,.T.);
#13352 = EDGE_CURVE('',#11339,#9407,#13353,.T.);
#13353 = SURFACE_CURVE('',#13354,(#13358,#13365),.PCURVE_S1.);
#13354 = LINE('',#13355,#13356);
#13355 = CARTESIAN_POINT('',(18.,55.,1.8));
#13356 = VECTOR('',#13357,1.);
#13357 = DIRECTION('',(0.,0.,1.));
#13358 = PCURVE('',#9449,#13359);
#13359 = DEFINITIONAL_REPRESENTATION('',(#13360),#13364);
#13360 = LINE('',#13361,#13362);
#13361 = CARTESIAN_POINT('',(0.,0.));
#13362 = VECTOR('',#13363,1.);
#13363 = DIRECTION('',(0.,-1.));
#13364 = ( GEOMETRIC_REPRESENTATION_CONTEXT(2) 
PARAMETRIC_REPRESENTATION_CONTEXT() REPRESENTATION_CONTEXT('2D SPACE',''
  ) );
#13365 = PCURVE('',#9422,#13366);
#13366 = DEFINITIONAL_REPRESENTATION('',(#13367),#13371);
#13367 = LINE('',#13368,#13369);
#13368 = CARTESIAN_POINT('',(36.,0.));
#13369 = VECTOR('',#13370,1.);
#13370 = DIRECTION('',(0.,-1.));
#13371 = ( GEOMETRIC_REPRESENTATION_CONTEXT(2) 
PARAMETRIC_REPRESENTATION_CONTEXT() REPRESENTATION_CONTEXT('2D SPACE',''
  ) );
#13372 = ORIENTED_EDGE('',*,*,#9433,.F.);
#13373 = ORIENTED_EDGE('',*,*,#13325,.F.);
#13374 = ADVANCED_FACE('',(#13375),#9791,.T.);
#13375 = FACE_BOUND('',#13376,.F.);
#13376 = EDGE_LOOP('',(#13377,#13407,#13426,#13427));
#13377 = ORIENTED_EDGE('',*,*,#13378,.F.);
#13378 = EDGE_CURVE('',#13379,#13381,#13383,.T.);
#13379 = VERTEX_POINT('',#13380);
#13380 = CARTESIAN_POINT('',(-30.2,-47.,5.));
#13381 = VERTEX_POINT('',#13382);
#13382 = CARTESIAN_POINT('',(-32.,-47.,5.));
#13383 = SURFACE_CURVE('',#13384,(#13388,#13395),.PCURVE_S1.);
#13384 = LINE('',#13385,#13386);
#13385 = CARTESIAN_POINT('',(-28.4,-47.,5.));
#13386 = VECTOR('',#13387,1.);
#13387 = DIRECTION('',(-1.,-0.,-0.));
#13388 = PCURVE('',#9791,#13389);
#13389 = DEFINITIONAL_REPRESENTATION('',(#13390),#13394);
#13390 = LINE('',#13391,#13392);
#13391 = CARTESIAN_POINT('',(-0.,-3.6));
#13392 = VECTOR('',#13393,1.);
#13393 = DIRECTION('',(-0.,1.));
#13394 = ( GEOMETRIC_REPRESENTATION_CONTEXT(2) 
PARAMETRIC_REPRESENTATION_CONTEXT() REPRESENTATION_CONTEXT('2D SPACE',''
  ) );
#13395 = PCURVE('',#13396,#13401);
#13396 = CYLINDRICAL_SURFACE('',#13397,1.);
#13397 = AXIS2_PLACEMENT_3D('',#13398,#13399,#13400);
#13398 = CARTESIAN_POINT('',(-32.,-46.,5.));
#13399 = DIRECTION('',(-1.,-0.,-0.));
#13400 = DIRECTION('',(-0.,1.,-0.));
#13401 = DEFINITIONAL_REPRESENTATION('',(#13402),#13406);
#13402 = LINE('',#13403,#13404);
#13403 = CARTESIAN_POINT('',(-3.14159265359,-3.6));
#13404 = VECTOR('',#13405,1.);
#13405 = DIRECTION('',(0.,1.));
#13406 = ( GEOMETRIC_REPRESENTATION_CONTEXT(2) 
PARAMETRIC_REPRESENTATION_CONTEXT() REPRESENTATION_CONTEXT('2D SPACE',''
  ) );
#13407 = ORIENTED_EDGE('',*,*,#13408,.T.);
#13408 = EDGE_CURVE('',#13379,#9755,#13409,.T.);
#13409 = SURFACE_CURVE('',#13410,(#13414,#13420),.PCURVE_S1.);
#13410 = LINE('',#13411,#13412);
#13411 = CARTESIAN_POINT('',(-30.2,-47.,3.4));
#13412 = VECTOR('',#13413,1.);
#13413 = DIRECTION('',(0.,0.,1.));
#13414 = PCURVE('',#9791,#13415);
#13415 = DEFINITIONAL_REPRESENTATION('',(#13416),#13419);
#13416 = B_SPLINE_CURVE_WITH_KNOTS('',1,(#13417,#13418),.UNSPECIFIED.,
  .F.,.F.,(2,2),(1.6,3.85),.PIECEWISE_BEZIER_KNOTS.);
#13417 = CARTESIAN_POINT('',(0.,-1.8));
#13418 = CARTESIAN_POINT('',(-2.25,-1.8));
#13419 = ( GEOMETRIC_REPRESENTATION_CONTEXT(2) 
PARAMETRIC_REPRESENTATION_CONTEXT() REPRESENTATION_CONTEXT('2D SPACE',''
  ) );
#13420 = PCURVE('',#9186,#13421);
#13421 = DEFINITIONAL_REPRESENTATION('',(#13422),#13425);
#13422 = B_SPLINE_CURVE_WITH_KNOTS('',1,(#13423,#13424),.UNSPECIFIED.,
  .F.,.F.,(2,2),(1.6,3.85),.PIECEWISE_BEZIER_KNOTS.);
#13423 = CARTESIAN_POINT('',(11.000000000001,-3.2));
#13424 = CARTESIAN_POINT('',(11.000000000001,-5.45));
#13425 = ( GEOMETRIC_REPRESENTATION_CONTEXT(2) 
PARAMETRIC_REPRESENTATION_CONTEXT() REPRESENTATION_CONTEXT('2D SPACE',''
  ) );
#13426 = ORIENTED_EDGE('',*,*,#9776,.F.);
#13427 = ORIENTED_EDGE('',*,*,#13428,.F.);
#13428 = EDGE_CURVE('',#13381,#9777,#13429,.T.);
#13429 = SURFACE_CURVE('',#13430,(#13434,#13440),.PCURVE_S1.);
#13430 = LINE('',#13431,#13432);
#13431 = CARTESIAN_POINT('',(-32.,-47.,2.5));
#13432 = VECTOR('',#13433,1.);
#13433 = DIRECTION('',(0.,0.,1.));
#13434 = PCURVE('',#9791,#13435);
#13435 = DEFINITIONAL_REPRESENTATION('',(#13436),#13439);
#13436 = B_SPLINE_CURVE_WITH_KNOTS('',1,(#13437,#13438),.UNSPECIFIED.,
  .F.,.F.,(2,2),(2.5,4.75),.PIECEWISE_BEZIER_KNOTS.);
#13437 = CARTESIAN_POINT('',(0.,7.105427357601E-15));
#13438 = CARTESIAN_POINT('',(-2.25,7.105427357601E-15));
#13439 = ( GEOMETRIC_REPRESENTATION_CONTEXT(2) 
PARAMETRIC_REPRESENTATION_CONTEXT() REPRESENTATION_CONTEXT('2D SPACE',''
  ) );
#13440 = PCURVE('',#9132,#13441);
#13441 = DEFINITIONAL_REPRESENTATION('',(#13442),#13445);
#13442 = B_SPLINE_CURVE_WITH_KNOTS('',1,(#13443,#13444),.UNSPECIFIED.,
  .F.,.F.,(2,2),(2.5,4.75),.PIECEWISE_BEZIER_KNOTS.);
#13443 = CARTESIAN_POINT('',(11.000000000001,-5.));
#13444 = CARTESIAN_POINT('',(11.000000000001,-7.25));
#13445 = ( GEOMETRIC_REPRESENTATION_CONTEXT(2) 
PARAMETRIC_REPRESENTATION_CONTEXT() REPRESENTATION_CONTEXT('2D SPACE',''
  ) );
#13446 = ADVANCED_FACE('',(#13447),#13396,.F.);
#13447 = FACE_BOUND('',#13448,.T.);
#13448 = EDGE_LOOP('',(#13449,#13450,#13474,#13502));
#13449 = ORIENTED_EDGE('',*,*,#13378,.F.);
#13450 = ORIENTED_EDGE('',*,*,#13451,.F.);
#13451 = EDGE_CURVE('',#13452,#13379,#13454,.T.);
#13452 = VERTEX_POINT('',#13453);
#13453 = CARTESIAN_POINT('',(-30.2,-46.,4.));
#13454 = SURFACE_CURVE('',#13455,(#13460,#13467),.PCURVE_S1.);
#13455 = CIRCLE('',#13456,1.);
#13456 = AXIS2_PLACEMENT_3D('',#13457,#13458,#13459);
#13457 = CARTESIAN_POINT('',(-30.2,-46.,5.));
#13458 = DIRECTION('',(-1.,0.,-0.));
#13459 = DIRECTION('',(0.,1.,-0.));
#13460 = PCURVE('',#13396,#13461);
#13461 = DEFINITIONAL_REPRESENTATION('',(#13462),#13466);
#13462 = LINE('',#13463,#13464);
#13463 = CARTESIAN_POINT('',(-6.28318530718,-1.8));
#13464 = VECTOR('',#13465,1.);
#13465 = DIRECTION('',(1.,-0.));
#13466 = ( GEOMETRIC_REPRESENTATION_CONTEXT(2) 
PARAMETRIC_REPRESENTATION_CONTEXT() REPRESENTATION_CONTEXT('2D SPACE',''
  ) );
#13467 = PCURVE('',#9186,#13468);
#13468 = DEFINITIONAL_REPRESENTATION('',(#13469),#13473);
#13469 = CIRCLE('',#13470,1.);
#13470 = AXIS2_PLACEMENT_2D('',#13471,#13472);
#13471 = CARTESIAN_POINT('',(12.000000000001,-3.2));
#13472 = DIRECTION('',(1.,0.));
#13473 = ( GEOMETRIC_REPRESENTATION_CONTEXT(2) 
PARAMETRIC_REPRESENTATION_CONTEXT() REPRESENTATION_CONTEXT('2D SPACE',''
  ) );
#13474 = ORIENTED_EDGE('',*,*,#13475,.T.);
#13475 = EDGE_CURVE('',#13452,#13476,#13478,.T.);
#13476 = VERTEX_POINT('',#13477);
#13477 = CARTESIAN_POINT('',(-32.,-46.,4.));
#13478 = SURFACE_CURVE('',#13479,(#13483,#13490),.PCURVE_S1.);
#13479 = LINE('',#13480,#13481);
#13480 = CARTESIAN_POINT('',(-28.4,-46.,4.));
#13481 = VECTOR('',#13482,1.);
#13482 = DIRECTION('',(-1.,-0.,-0.));
#13483 = PCURVE('',#13396,#13484);
#13484 = DEFINITIONAL_REPRESENTATION('',(#13485),#13489);
#13485 = LINE('',#13486,#13487);
#13486 = CARTESIAN_POINT('',(-4.712388980385,-3.6));
#13487 = VECTOR('',#13488,1.);
#13488 = DIRECTION('',(0.,1.));
#13489 = ( GEOMETRIC_REPRESENTATION_CONTEXT(2) 
PARAMETRIC_REPRESENTATION_CONTEXT() REPRESENTATION_CONTEXT('2D SPACE',''
  ) );
#13490 = PCURVE('',#13491,#13496);
#13491 = PLANE('',#13492);
#13492 = AXIS2_PLACEMENT_3D('',#13493,#13494,#13495);
#13493 = CARTESIAN_POINT('',(-32.,-46.,4.));
#13494 = DIRECTION('',(-0.,-0.,-1.));
#13495 = DIRECTION('',(0.,-1.,0.));
#13496 = DEFINITIONAL_REPRESENTATION('',(#13497),#13501);
#13497 = LINE('',#13498,#13499);
#13498 = CARTESIAN_POINT('',(-0.,-3.6));
#13499 = VECTOR('',#13500,1.);
#13500 = DIRECTION('',(-0.,1.));
#13501 = ( GEOMETRIC_REPRESENTATION_CONTEXT(2) 
PARAMETRIC_REPRESENTATION_CONTEXT() REPRESENTATION_CONTEXT('2D SPACE',''
  ) );
#13502 = ORIENTED_EDGE('',*,*,#13503,.T.);
#13503 = EDGE_CURVE('',#13476,#13381,#13504,.T.);
#13504 = SURFACE_CURVE('',#13505,(#13510,#13517),.PCURVE_S1.);
#13505 = CIRCLE('',#13506,1.);
#13506 = AXIS2_PLACEMENT_3D('',#13507,#13508,#13509);
#13507 = CARTESIAN_POINT('',(-32.,-46.,5.));
#13508 = DIRECTION('',(-1.,0.,-0.));
#13509 = DIRECTION('',(0.,1.,-0.));
#13510 = PCURVE('',#13396,#13511);
#13511 = DEFINITIONAL_REPRESENTATION('',(#13512),#13516);
#13512 = LINE('',#13513,#13514);
#13513 = CARTESIAN_POINT('',(-6.28318530718,7.105427357601E-15));
#13514 = VECTOR('',#13515,1.);
#13515 = DIRECTION('',(1.,-0.));
#13516 = ( GEOMETRIC_REPRESENTATION_CONTEXT(2) 
PARAMETRIC_REPRESENTATION_CONTEXT() REPRESENTATION_CONTEXT('2D SPACE',''
  ) );
#13517 = PCURVE('',#9132,#13518);
#13518 = DEFINITIONAL_REPRESENTATION('',(#13519),#13523);
#13519 = CIRCLE('',#13520,1.);
#13520 = AXIS2_PLACEMENT_2D('',#13521,#13522);
#13521 = CARTESIAN_POINT('',(12.000000000001,-5.));
#13522 = DIRECTION('',(1.,0.));
#13523 = ( GEOMETRIC_REPRESENTATION_CONTEXT(2) 
PARAMETRIC_REPRESENTATION_CONTEXT() REPRESENTATION_CONTEXT('2D SPACE',''
  ) );
#13524 = ADVANCED_FACE('',(#13525),#13491,.F.);
#13525 = FACE_BOUND('',#13526,.T.);
#13526 = EDGE_LOOP('',(#13527,#13528,#13549,#13577));
#13527 = ORIENTED_EDGE('',*,*,#13475,.F.);
#13528 = ORIENTED_EDGE('',*,*,#13529,.T.);
#13529 = EDGE_CURVE('',#13452,#13530,#13532,.T.);
#13530 = VERTEX_POINT('',#13531);
#13531 = CARTESIAN_POINT('',(-30.2,-37.,4.));
#13532 = SURFACE_CURVE('',#13533,(#13537,#13543),.PCURVE_S1.);
#13533 = LINE('',#13534,#13535);
#13534 = CARTESIAN_POINT('',(-30.2,-52.,4.));
#13535 = VECTOR('',#13536,1.);
#13536 = DIRECTION('',(0.,1.,-0.));
#13537 = PCURVE('',#13491,#13538);
#13538 = DEFINITIONAL_REPRESENTATION('',(#13539),#13542);
#13539 = B_SPLINE_CURVE_WITH_KNOTS('',1,(#13540,#13541),.UNSPECIFIED.,
  .F.,.F.,(2,2),(6.,15.),.PIECEWISE_BEZIER_KNOTS.);
#13540 = CARTESIAN_POINT('',(0.,-1.8));
#13541 = CARTESIAN_POINT('',(-9.,-1.8));
#13542 = ( GEOMETRIC_REPRESENTATION_CONTEXT(2) 
PARAMETRIC_REPRESENTATION_CONTEXT() REPRESENTATION_CONTEXT('2D SPACE',''
  ) );
#13543 = PCURVE('',#9186,#13544);
#13544 = DEFINITIONAL_REPRESENTATION('',(#13545),#13548);
#13545 = B_SPLINE_CURVE_WITH_KNOTS('',1,(#13546,#13547),.UNSPECIFIED.,
  .F.,.F.,(2,2),(6.,15.),.PIECEWISE_BEZIER_KNOTS.);
#13546 = CARTESIAN_POINT('',(12.000000000001,-2.2));
#13547 = CARTESIAN_POINT('',(21.000000000001,-2.2));
#13548 = ( GEOMETRIC_REPRESENTATION_CONTEXT(2) 
PARAMETRIC_REPRESENTATION_CONTEXT() REPRESENTATION_CONTEXT('2D SPACE',''
  ) );
#13549 = ORIENTED_EDGE('',*,*,#13550,.T.);
#13550 = EDGE_CURVE('',#13530,#13551,#13553,.T.);
#13551 = VERTEX_POINT('',#13552);
#13552 = CARTESIAN_POINT('',(-32.,-37.,4.));
#13553 = SURFACE_CURVE('',#13554,(#13558,#13565),.PCURVE_S1.);
#13554 = LINE('',#13555,#13556);
#13555 = CARTESIAN_POINT('',(-28.4,-37.,4.));
#13556 = VECTOR('',#13557,1.);
#13557 = DIRECTION('',(-1.,-0.,-0.));
#13558 = PCURVE('',#13491,#13559);
#13559 = DEFINITIONAL_REPRESENTATION('',(#13560),#13564);
#13560 = LINE('',#13561,#13562);
#13561 = CARTESIAN_POINT('',(-9.,-3.6));
#13562 = VECTOR('',#13563,1.);
#13563 = DIRECTION('',(-0.,1.));
#13564 = ( GEOMETRIC_REPRESENTATION_CONTEXT(2) 
PARAMETRIC_REPRESENTATION_CONTEXT() REPRESENTATION_CONTEXT('2D SPACE',''
  ) );
#13565 = PCURVE('',#13566,#13571);
#13566 = CYLINDRICAL_SURFACE('',#13567,1.);
#13567 = AXIS2_PLACEMENT_3D('',#13568,#13569,#13570);
#13568 = CARTESIAN_POINT('',(-32.,-37.,5.));
#13569 = DIRECTION('',(-1.,-0.,-0.));
#13570 = DIRECTION('',(-0.,1.,-0.));
#13571 = DEFINITIONAL_REPRESENTATION('',(#13572),#13576);
#13572 = LINE('',#13573,#13574);
#13573 = CARTESIAN_POINT('',(-4.712388980385,-3.6));
#13574 = VECTOR('',#13575,1.);
#13575 = DIRECTION('',(0.,1.));
#13576 = ( GEOMETRIC_REPRESENTATION_CONTEXT(2) 
PARAMETRIC_REPRESENTATION_CONTEXT() REPRESENTATION_CONTEXT('2D SPACE',''
  ) );
#13577 = ORIENTED_EDGE('',*,*,#13578,.F.);
#13578 = EDGE_CURVE('',#13476,#13551,#13579,.T.);
#13579 = SURFACE_CURVE('',#13580,(#13584,#13590),.PCURVE_S1.);
#13580 = LINE('',#13581,#13582);
#13581 = CARTESIAN_POINT('',(-32.,-52.,4.));
#13582 = VECTOR('',#13583,1.);
#13583 = DIRECTION('',(0.,1.,-0.));
#13584 = PCURVE('',#13491,#13585);
#13585 = DEFINITIONAL_REPRESENTATION('',(#13586),#13589);
#13586 = B_SPLINE_CURVE_WITH_KNOTS('',1,(#13587,#13588),.UNSPECIFIED.,
  .F.,.F.,(2,2),(6.,15.),.PIECEWISE_BEZIER_KNOTS.);
#13587 = CARTESIAN_POINT('',(0.,7.105427357601E-15));
#13588 = CARTESIAN_POINT('',(-9.,7.105427357601E-15));
#13589 = ( GEOMETRIC_REPRESENTATION_CONTEXT(2) 
PARAMETRIC_REPRESENTATION_CONTEXT() REPRESENTATION_CONTEXT('2D SPACE',''
  ) );
#13590 = PCURVE('',#9132,#13591);
#13591 = DEFINITIONAL_REPRESENTATION('',(#13592),#13595);
#13592 = B_SPLINE_CURVE_WITH_KNOTS('',1,(#13593,#13594),.UNSPECIFIED.,
  .F.,.F.,(2,2),(6.,15.),.PIECEWISE_BEZIER_KNOTS.);
#13593 = CARTESIAN_POINT('',(12.000000000001,-4.));
#13594 = CARTESIAN_POINT('',(21.000000000001,-4.));
#13595 = ( GEOMETRIC_REPRESENTATION_CONTEXT(2) 
PARAMETRIC_REPRESENTATION_CONTEXT() REPRESENTATION_CONTEXT('2D SPACE',''
  ) );
#13596 = ADVANCED_FACE('',(#13597),#13566,.F.);
#13597 = FACE_BOUND('',#13598,.T.);
#13598 = EDGE_LOOP('',(#13599,#13600,#13624,#13647));
#13599 = ORIENTED_EDGE('',*,*,#13550,.F.);
#13600 = ORIENTED_EDGE('',*,*,#13601,.F.);
#13601 = EDGE_CURVE('',#13602,#13530,#13604,.T.);
#13602 = VERTEX_POINT('',#13603);
#13603 = CARTESIAN_POINT('',(-30.2,-36.,5.));
#13604 = SURFACE_CURVE('',#13605,(#13610,#13617),.PCURVE_S1.);
#13605 = CIRCLE('',#13606,1.);
#13606 = AXIS2_PLACEMENT_3D('',#13607,#13608,#13609);
#13607 = CARTESIAN_POINT('',(-30.2,-37.,5.));
#13608 = DIRECTION('',(-1.,0.,-0.));
#13609 = DIRECTION('',(0.,1.,-0.));
#13610 = PCURVE('',#13566,#13611);
#13611 = DEFINITIONAL_REPRESENTATION('',(#13612),#13616);
#13612 = LINE('',#13613,#13614);
#13613 = CARTESIAN_POINT('',(-6.28318530718,-1.8));
#13614 = VECTOR('',#13615,1.);
#13615 = DIRECTION('',(1.,-0.));
#13616 = ( GEOMETRIC_REPRESENTATION_CONTEXT(2) 
PARAMETRIC_REPRESENTATION_CONTEXT() REPRESENTATION_CONTEXT('2D SPACE',''
  ) );
#13617 = PCURVE('',#9186,#13618);
#13618 = DEFINITIONAL_REPRESENTATION('',(#13619),#13623);
#13619 = CIRCLE('',#13620,1.);
#13620 = AXIS2_PLACEMENT_2D('',#13621,#13622);
#13621 = CARTESIAN_POINT('',(21.000000000001,-3.2));
#13622 = DIRECTION('',(1.,0.));
#13623 = ( GEOMETRIC_REPRESENTATION_CONTEXT(2) 
PARAMETRIC_REPRESENTATION_CONTEXT() REPRESENTATION_CONTEXT('2D SPACE',''
  ) );
#13624 = ORIENTED_EDGE('',*,*,#13625,.T.);
#13625 = EDGE_CURVE('',#13602,#13626,#13628,.T.);
#13626 = VERTEX_POINT('',#13627);
#13627 = CARTESIAN_POINT('',(-32.,-36.,5.));
#13628 = SURFACE_CURVE('',#13629,(#13633,#13640),.PCURVE_S1.);
#13629 = LINE('',#13630,#13631);
#13630 = CARTESIAN_POINT('',(-28.4,-36.,5.));
#13631 = VECTOR('',#13632,1.);
#13632 = DIRECTION('',(-1.,-0.,-0.));
#13633 = PCURVE('',#13566,#13634);
#13634 = DEFINITIONAL_REPRESENTATION('',(#13635),#13639);
#13635 = LINE('',#13636,#13637);
#13636 = CARTESIAN_POINT('',(-6.28318530718,-3.6));
#13637 = VECTOR('',#13638,1.);
#13638 = DIRECTION('',(0.,1.));
#13639 = ( GEOMETRIC_REPRESENTATION_CONTEXT(2) 
PARAMETRIC_REPRESENTATION_CONTEXT() REPRESENTATION_CONTEXT('2D SPACE',''
  ) );
#13640 = PCURVE('',#9159,#13641);
#13641 = DEFINITIONAL_REPRESENTATION('',(#13642),#13646);
#13642 = LINE('',#13643,#13644);
#13643 = CARTESIAN_POINT('',(-0.,-3.6));
#13644 = VECTOR('',#13645,1.);
#13645 = DIRECTION('',(-0.,1.));
#13646 = ( GEOMETRIC_REPRESENTATION_CONTEXT(2) 
PARAMETRIC_REPRESENTATION_CONTEXT() REPRESENTATION_CONTEXT('2D SPACE',''
  ) );
#13647 = ORIENTED_EDGE('',*,*,#13648,.T.);
#13648 = EDGE_CURVE('',#13626,#13551,#13649,.T.);
#13649 = SURFACE_CURVE('',#13650,(#13655,#13662),.PCURVE_S1.);
#13650 = CIRCLE('',#13651,1.);
#13651 = AXIS2_PLACEMENT_3D('',#13652,#13653,#13654);
#13652 = CARTESIAN_POINT('',(-32.,-37.,5.));
#13653 = DIRECTION('',(-1.,0.,-0.));
#13654 = DIRECTION('',(0.,1.,-0.));
#13655 = PCURVE('',#13566,#13656);
#13656 = DEFINITIONAL_REPRESENTATION('',(#13657),#13661);
#13657 = LINE('',#13658,#13659);
#13658 = CARTESIAN_POINT('',(-6.28318530718,7.105427357601E-15));
#13659 = VECTOR('',#13660,1.);
#13660 = DIRECTION('',(1.,-0.));
#13661 = ( GEOMETRIC_REPRESENTATION_CONTEXT(2) 
PARAMETRIC_REPRESENTATION_CONTEXT() REPRESENTATION_CONTEXT('2D SPACE',''
  ) );
#13662 = PCURVE('',#9132,#13663);
#13663 = DEFINITIONAL_REPRESENTATION('',(#13664),#13668);
#13664 = CIRCLE('',#13665,1.);
#13665 = AXIS2_PLACEMENT_2D('',#13666,#13667);
#13666 = CARTESIAN_POINT('',(21.000000000001,-5.));
#13667 = DIRECTION('',(1.,0.));
#13668 = ( GEOMETRIC_REPRESENTATION_CONTEXT(2) 
PARAMETRIC_REPRESENTATION_CONTEXT() REPRESENTATION_CONTEXT('2D SPACE',''
  ) );
#13669 = ADVANCED_FACE('',(#13670),#9422,.F.);
#13670 = FACE_BOUND('',#13671,.F.);
#13671 = EDGE_LOOP('',(#13672,#13673,#13694,#13695,#13696,#13697,#13698,
    #13699,#13700,#13701,#13702,#13703));
#13672 = ORIENTED_EDGE('',*,*,#11575,.F.);
#13673 = ORIENTED_EDGE('',*,*,#13674,.T.);
#13674 = EDGE_CURVE('',#11576,#9380,#13675,.T.);
#13675 = SURFACE_CURVE('',#13676,(#13680,#13687),.PCURVE_S1.);
#13676 = LINE('',#13677,#13678);
#13677 = CARTESIAN_POINT('',(-18.,55.,1.8));
#13678 = VECTOR('',#13679,1.);
#13679 = DIRECTION('',(0.,0.,1.));
#13680 = PCURVE('',#9422,#13681);
#13681 = DEFINITIONAL_REPRESENTATION('',(#13682),#13686);
#13682 = LINE('',#13683,#13684);
#13683 = CARTESIAN_POINT('',(0.,0.));
#13684 = VECTOR('',#13685,1.);
#13685 = DIRECTION('',(0.,-1.));
#13686 = ( GEOMETRIC_REPRESENTATION_CONTEXT(2) 
PARAMETRIC_REPRESENTATION_CONTEXT() REPRESENTATION_CONTEXT('2D SPACE',''
  ) );
#13687 = PCURVE('',#9395,#13688);
#13688 = DEFINITIONAL_REPRESENTATION('',(#13689),#13693);
#13689 = LINE('',#13690,#13691);
#13690 = CARTESIAN_POINT('',(0.,0.));
#13691 = VECTOR('',#13692,1.);
#13692 = DIRECTION('',(0.,-1.));
#13693 = ( GEOMETRIC_REPRESENTATION_CONTEXT(2) 
PARAMETRIC_REPRESENTATION_CONTEXT() REPRESENTATION_CONTEXT('2D SPACE',''
  ) );
#13694 = ORIENTED_EDGE('',*,*,#9406,.F.);
#13695 = ORIENTED_EDGE('',*,*,#13352,.F.);
#13696 = ORIENTED_EDGE('',*,*,#11361,.F.);
#13697 = ORIENTED_EDGE('',*,*,#12743,.T.);
#13698 = ORIENTED_EDGE('',*,*,#12539,.T.);
#13699 = ORIENTED_EDGE('',*,*,#12715,.F.);
#13700 = ORIENTED_EDGE('',*,*,#11468,.F.);
#13701 = ORIENTED_EDGE('',*,*,#12816,.T.);
#13702 = ORIENTED_EDGE('',*,*,#13046,.T.);
#13703 = ORIENTED_EDGE('',*,*,#13097,.F.);
#13704 = ADVANCED_FACE('',(#13705),#9395,.T.);
#13705 = FACE_BOUND('',#13706,.T.);
#13706 = EDGE_LOOP('',(#13707,#13708,#13709,#13710));
#13707 = ORIENTED_EDGE('',*,*,#11598,.F.);
#13708 = ORIENTED_EDGE('',*,*,#13674,.T.);
#13709 = ORIENTED_EDGE('',*,*,#9379,.F.);
#13710 = ORIENTED_EDGE('',*,*,#13711,.F.);
#13711 = EDGE_CURVE('',#11599,#9353,#13712,.T.);
#13712 = SURFACE_CURVE('',#13713,(#13717,#13724),.PCURVE_S1.);
#13713 = LINE('',#13714,#13715);
#13714 = CARTESIAN_POINT('',(-18.,60.2,1.8));
#13715 = VECTOR('',#13716,1.);
#13716 = DIRECTION('',(0.,0.,1.));
#13717 = PCURVE('',#9395,#13718);
#13718 = DEFINITIONAL_REPRESENTATION('',(#13719),#13723);
#13719 = LINE('',#13720,#13721);
#13720 = CARTESIAN_POINT('',(5.2,0.));
#13721 = VECTOR('',#13722,1.);
#13722 = DIRECTION('',(0.,-1.));
#13723 = ( GEOMETRIC_REPRESENTATION_CONTEXT(2) 
PARAMETRIC_REPRESENTATION_CONTEXT() REPRESENTATION_CONTEXT('2D SPACE',''
  ) );
#13724 = PCURVE('',#9368,#13725);
#13725 = DEFINITIONAL_REPRESENTATION('',(#13726),#13730);
#13726 = LINE('',#13727,#13728);
#13727 = CARTESIAN_POINT('',(10.,0.));
#13728 = VECTOR('',#13729,1.);
#13729 = DIRECTION('',(0.,-1.));
#13730 = ( GEOMETRIC_REPRESENTATION_CONTEXT(2) 
PARAMETRIC_REPRESENTATION_CONTEXT() REPRESENTATION_CONTEXT('2D SPACE',''
  ) );
#13731 = ADVANCED_FACE('',(#13732),#9846,.T.);
#13732 = FACE_BOUND('',#13733,.T.);
#13733 = EDGE_LOOP('',(#13734,#13757,#13758,#13781));
#13734 = ORIENTED_EDGE('',*,*,#13735,.T.);
#13735 = EDGE_CURVE('',#13736,#9826,#13738,.T.);
#13736 = VERTEX_POINT('',#13737);
#13737 = CARTESIAN_POINT('',(-28.,-62.,1.5));
#13738 = SURFACE_CURVE('',#13739,(#13743,#13750),.PCURVE_S1.);
#13739 = LINE('',#13740,#13741);
#13740 = CARTESIAN_POINT('',(-28.,-62.,0.));
#13741 = VECTOR('',#13742,1.);
#13742 = DIRECTION('',(0.,0.,1.));
#13743 = PCURVE('',#9846,#13744);
#13744 = DEFINITIONAL_REPRESENTATION('',(#13745),#13749);
#13745 = LINE('',#13746,#13747);
#13746 = CARTESIAN_POINT('',(4.712388980385,0.));
#13747 = VECTOR('',#13748,1.);
#13748 = DIRECTION('',(0.,-1.));
#13749 = ( GEOMETRIC_REPRESENTATION_CONTEXT(2) 
PARAMETRIC_REPRESENTATION_CONTEXT() REPRESENTATION_CONTEXT('2D SPACE',''
  ) );
#13750 = PCURVE('',#9874,#13751);
#13751 = DEFINITIONAL_REPRESENTATION('',(#13752),#13756);
#13752 = LINE('',#13753,#13754);
#13753 = CARTESIAN_POINT('',(0.,0.));
#13754 = VECTOR('',#13755,1.);
#13755 = DIRECTION('',(0.,-1.));
#13756 = ( GEOMETRIC_REPRESENTATION_CONTEXT(2) 
PARAMETRIC_REPRESENTATION_CONTEXT() REPRESENTATION_CONTEXT('2D SPACE',''
  ) );
#13757 = ORIENTED_EDGE('',*,*,#9825,.T.);
#13758 = ORIENTED_EDGE('',*,*,#13759,.F.);
#13759 = EDGE_CURVE('',#13760,#9803,#13762,.T.);
#13760 = VERTEX_POINT('',#13761);
#13761 = CARTESIAN_POINT('',(-32.,-58.,1.5));
#13762 = SURFACE_CURVE('',#13763,(#13767,#13774),.PCURVE_S1.);
#13763 = LINE('',#13764,#13765);
#13764 = CARTESIAN_POINT('',(-32.,-58.,0.));
#13765 = VECTOR('',#13766,1.);
#13766 = DIRECTION('',(0.,0.,1.));
#13767 = PCURVE('',#9846,#13768);
#13768 = DEFINITIONAL_REPRESENTATION('',(#13769),#13773);
#13769 = LINE('',#13770,#13771);
#13770 = CARTESIAN_POINT('',(6.28318530718,0.));
#13771 = VECTOR('',#13772,1.);
#13772 = DIRECTION('',(0.,-1.));
#13773 = ( GEOMETRIC_REPRESENTATION_CONTEXT(2) 
PARAMETRIC_REPRESENTATION_CONTEXT() REPRESENTATION_CONTEXT('2D SPACE',''
  ) );
#13774 = PCURVE('',#9132,#13775);
#13775 = DEFINITIONAL_REPRESENTATION('',(#13776),#13780);
#13776 = LINE('',#13777,#13778);
#13777 = CARTESIAN_POINT('',(-7.105427357601E-15,0.));
#13778 = VECTOR('',#13779,1.);
#13779 = DIRECTION('',(0.,-1.));
#13780 = ( GEOMETRIC_REPRESENTATION_CONTEXT(2) 
PARAMETRIC_REPRESENTATION_CONTEXT() REPRESENTATION_CONTEXT('2D SPACE',''
  ) );
#13781 = ORIENTED_EDGE('',*,*,#13782,.F.);
#13782 = EDGE_CURVE('',#13736,#13760,#13783,.T.);
#13783 = SURFACE_CURVE('',#13784,(#13789,#13796),.PCURVE_S1.);
#13784 = CIRCLE('',#13785,4.);
#13785 = AXIS2_PLACEMENT_3D('',#13786,#13787,#13788);
#13786 = CARTESIAN_POINT('',(-28.,-58.,1.5));
#13787 = DIRECTION('',(-0.,-0.,-1.));
#13788 = DIRECTION('',(0.,-1.,0.));
#13789 = PCURVE('',#9846,#13790);
#13790 = DEFINITIONAL_REPRESENTATION('',(#13791),#13795);
#13791 = LINE('',#13792,#13793);
#13792 = CARTESIAN_POINT('',(4.712388980385,-1.5));
#13793 = VECTOR('',#13794,1.);
#13794 = DIRECTION('',(1.,0.));
#13795 = ( GEOMETRIC_REPRESENTATION_CONTEXT(2) 
PARAMETRIC_REPRESENTATION_CONTEXT() REPRESENTATION_CONTEXT('2D SPACE',''
  ) );
#13796 = PCURVE('',#13797,#13802);
#13797 = TOROIDAL_SURFACE('',#13798,2.5,1.5);
#13798 = AXIS2_PLACEMENT_3D('',#13799,#13800,#13801);
#13799 = CARTESIAN_POINT('',(-28.,-58.,1.5));
#13800 = DIRECTION('',(-0.,-0.,-1.));
#13801 = DIRECTION('',(0.,-1.,0.));
#13802 = DEFINITIONAL_REPRESENTATION('',(#13803),#13807);
#13803 = LINE('',#13804,#13805);
#13804 = CARTESIAN_POINT('',(0.,0.));
#13805 = VECTOR('',#13806,1.);
#13806 = DIRECTION('',(1.,0.));
#13807 = ( GEOMETRIC_REPRESENTATION_CONTEXT(2) 
PARAMETRIC_REPRESENTATION_CONTEXT() REPRESENTATION_CONTEXT('2D SPACE',''
  ) );
#13808 = ADVANCED_FACE('',(#13809),#13797,.T.);
#13809 = FACE_BOUND('',#13810,.T.);
#13810 = EDGE_LOOP('',(#13811,#13838,#13839,#13866));
#13811 = ORIENTED_EDGE('',*,*,#13812,.F.);
#13812 = EDGE_CURVE('',#13736,#13813,#13815,.T.);
#13813 = VERTEX_POINT('',#13814);
#13814 = CARTESIAN_POINT('',(-28.,-60.5,-2.22044604925E-16));
#13815 = SURFACE_CURVE('',#13816,(#13821,#13827),.PCURVE_S1.);
#13816 = CIRCLE('',#13817,1.5);
#13817 = AXIS2_PLACEMENT_3D('',#13818,#13819,#13820);
#13818 = CARTESIAN_POINT('',(-28.,-60.5,1.5));
#13819 = DIRECTION('',(1.,0.,0.));
#13820 = DIRECTION('',(0.,-1.,0.));
#13821 = PCURVE('',#13797,#13822);
#13822 = DEFINITIONAL_REPRESENTATION('',(#13823),#13826);
#13823 = B_SPLINE_CURVE_WITH_KNOTS('',1,(#13824,#13825),.UNSPECIFIED.,
  .F.,.F.,(2,2),(0.,1.570796326795),.PIECEWISE_BEZIER_KNOTS.);
#13824 = CARTESIAN_POINT('',(0.,0.));
#13825 = CARTESIAN_POINT('',(0.,1.570796326795));
#13826 = ( GEOMETRIC_REPRESENTATION_CONTEXT(2) 
PARAMETRIC_REPRESENTATION_CONTEXT() REPRESENTATION_CONTEXT('2D SPACE',''
  ) );
#13827 = PCURVE('',#13828,#13833);
#13828 = CYLINDRICAL_SURFACE('',#13829,1.5);
#13829 = AXIS2_PLACEMENT_3D('',#13830,#13831,#13832);
#13830 = CARTESIAN_POINT('',(28.,-60.5,1.5));
#13831 = DIRECTION('',(-1.,-0.,-0.));
#13832 = DIRECTION('',(0.,-1.,0.));
#13833 = DEFINITIONAL_REPRESENTATION('',(#13834),#13837);
#13834 = B_SPLINE_CURVE_WITH_KNOTS('',1,(#13835,#13836),.UNSPECIFIED.,
  .F.,.F.,(2,2),(0.,1.570796326795),.PIECEWISE_BEZIER_KNOTS.);
#13835 = CARTESIAN_POINT('',(0.,56.));
#13836 = CARTESIAN_POINT('',(-1.570796326795,56.));
#13837 = ( GEOMETRIC_REPRESENTATION_CONTEXT(2) 
PARAMETRIC_REPRESENTATION_CONTEXT() REPRESENTATION_CONTEXT('2D SPACE',''
  ) );
#13838 = ORIENTED_EDGE('',*,*,#13782,.T.);
#13839 = ORIENTED_EDGE('',*,*,#13840,.T.);
#13840 = EDGE_CURVE('',#13760,#13841,#13843,.T.);
#13841 = VERTEX_POINT('',#13842);
#13842 = CARTESIAN_POINT('',(-30.5,-58.,-2.22044604925E-16));
#13843 = SURFACE_CURVE('',#13844,(#13849,#13855),.PCURVE_S1.);
#13844 = CIRCLE('',#13845,1.5);
#13845 = AXIS2_PLACEMENT_3D('',#13846,#13847,#13848);
#13846 = CARTESIAN_POINT('',(-30.5,-58.,1.5));
#13847 = DIRECTION('',(-0.,-1.,-0.));
#13848 = DIRECTION('',(-1.,0.,0.));
#13849 = PCURVE('',#13797,#13850);
#13850 = DEFINITIONAL_REPRESENTATION('',(#13851),#13854);
#13851 = B_SPLINE_CURVE_WITH_KNOTS('',1,(#13852,#13853),.UNSPECIFIED.,
  .F.,.F.,(2,2),(0.,1.570796326795),.PIECEWISE_BEZIER_KNOTS.);
#13852 = CARTESIAN_POINT('',(1.570796326795,0.));
#13853 = CARTESIAN_POINT('',(1.570796326795,1.570796326795));
#13854 = ( GEOMETRIC_REPRESENTATION_CONTEXT(2) 
PARAMETRIC_REPRESENTATION_CONTEXT() REPRESENTATION_CONTEXT('2D SPACE',''
  ) );
#13855 = PCURVE('',#13856,#13861);
#13856 = CYLINDRICAL_SURFACE('',#13857,1.5);
#13857 = AXIS2_PLACEMENT_3D('',#13858,#13859,#13860);
#13858 = CARTESIAN_POINT('',(-30.5,-58.,1.5));
#13859 = DIRECTION('',(0.,1.,0.));
#13860 = DIRECTION('',(-1.,0.,0.));
#13861 = DEFINITIONAL_REPRESENTATION('',(#13862),#13865);
#13862 = B_SPLINE_CURVE_WITH_KNOTS('',1,(#13863,#13864),.UNSPECIFIED.,
  .F.,.F.,(2,2),(0.,1.570796326795),.PIECEWISE_BEZIER_KNOTS.);
#13863 = CARTESIAN_POINT('',(0.,-7.105427357601E-15));
#13864 = CARTESIAN_POINT('',(-1.570796326795,-7.105427357601E-15));
#13865 = ( GEOMETRIC_REPRESENTATION_CONTEXT(2) 
PARAMETRIC_REPRESENTATION_CONTEXT() REPRESENTATION_CONTEXT('2D SPACE',''
  ) );
#13866 = ORIENTED_EDGE('',*,*,#13867,.F.);
#13867 = EDGE_CURVE('',#13813,#13841,#13868,.T.);
#13868 = SURFACE_CURVE('',#13869,(#13874,#13881),.PCURVE_S1.);
#13869 = CIRCLE('',#13870,2.5);
#13870 = AXIS2_PLACEMENT_3D('',#13871,#13872,#13873);
#13871 = CARTESIAN_POINT('',(-28.,-58.,0.));
#13872 = DIRECTION('',(-0.,-0.,-1.));
#13873 = DIRECTION('',(0.,-1.,0.));
#13874 = PCURVE('',#13797,#13875);
#13875 = DEFINITIONAL_REPRESENTATION('',(#13876),#13880);
#13876 = LINE('',#13877,#13878);
#13877 = CARTESIAN_POINT('',(0.,1.570796326795));
#13878 = VECTOR('',#13879,1.);
#13879 = DIRECTION('',(1.,0.));
#13880 = ( GEOMETRIC_REPRESENTATION_CONTEXT(2) 
PARAMETRIC_REPRESENTATION_CONTEXT() REPRESENTATION_CONTEXT('2D SPACE',''
  ) );
#13881 = PCURVE('',#13882,#13887);
#13882 = PLANE('',#13883);
#13883 = AXIS2_PLACEMENT_3D('',#13884,#13885,#13886);
#13884 = CARTESIAN_POINT('',(1.12850119938E-11,4.680582154577E-02,0.));
#13885 = DIRECTION('',(0.,0.,1.));
#13886 = DIRECTION('',(1.,0.,-0.));
#13887 = DEFINITIONAL_REPRESENTATION('',(#13888),#13896);
#13888 = ( BOUNDED_CURVE() B_SPLINE_CURVE(2,(#13889,#13890,#13891,#13892
    ,#13893,#13894,#13895),.UNSPECIFIED.,.T.,.F.) 
B_SPLINE_CURVE_WITH_KNOTS((1,2,2,2,2,1),(-2.094395102393,0.,
    2.094395102393,4.188790204786,6.28318530718,8.377580409573),
.UNSPECIFIED.) CURVE() GEOMETRIC_REPRESENTATION_ITEM() 
RATIONAL_B_SPLINE_CURVE((1.,0.5,1.,0.5,1.,0.5,1.)) REPRESENTATION_ITEM(
  '') );
#13889 = CARTESIAN_POINT('',(-28.00000000001,-60.54680582154));
#13890 = CARTESIAN_POINT('',(-32.33012701893,-60.54680582154));
#13891 = CARTESIAN_POINT('',(-30.16506350947,-56.79680582154));
#13892 = CARTESIAN_POINT('',(-28.00000000001,-53.04680582154));
#13893 = CARTESIAN_POINT('',(-25.83493649055,-56.79680582154));
#13894 = CARTESIAN_POINT('',(-23.66987298108,-60.54680582154));
#13895 = CARTESIAN_POINT('',(-28.00000000001,-60.54680582154));
#13896 = ( GEOMETRIC_REPRESENTATION_CONTEXT(2) 
PARAMETRIC_REPRESENTATION_CONTEXT() REPRESENTATION_CONTEXT('2D SPACE',''
  ) );
#13897 = ADVANCED_FACE('',(#13898),#13856,.T.);
#13898 = FACE_BOUND('',#13899,.F.);
#13899 = EDGE_LOOP('',(#13900,#13901,#13924,#13951));
#13900 = ORIENTED_EDGE('',*,*,#13840,.T.);
#13901 = ORIENTED_EDGE('',*,*,#13902,.T.);
#13902 = EDGE_CURVE('',#13841,#13903,#13905,.T.);
#13903 = VERTEX_POINT('',#13904);
#13904 = CARTESIAN_POINT('',(-30.5,-9.435595774163,-2.22044604925E-16));
#13905 = SURFACE_CURVE('',#13906,(#13910,#13917),.PCURVE_S1.);
#13906 = LINE('',#13907,#13908);
#13907 = CARTESIAN_POINT('',(-30.5,-58.,-2.22044604925E-16));
#13908 = VECTOR('',#13909,1.);
#13909 = DIRECTION('',(0.,1.,0.));
#13910 = PCURVE('',#13856,#13911);
#13911 = DEFINITIONAL_REPRESENTATION('',(#13912),#13916);
#13912 = LINE('',#13913,#13914);
#13913 = CARTESIAN_POINT('',(-1.570796326795,0.));
#13914 = VECTOR('',#13915,1.);
#13915 = DIRECTION('',(-0.,1.));
#13916 = ( GEOMETRIC_REPRESENTATION_CONTEXT(2) 
PARAMETRIC_REPRESENTATION_CONTEXT() REPRESENTATION_CONTEXT('2D SPACE',''
  ) );
#13917 = PCURVE('',#13882,#13918);
#13918 = DEFINITIONAL_REPRESENTATION('',(#13919),#13923);
#13919 = LINE('',#13920,#13921);
#13920 = CARTESIAN_POINT('',(-30.50000000001,-58.04680582154));
#13921 = VECTOR('',#13922,1.);
#13922 = DIRECTION('',(0.,1.));
#13923 = ( GEOMETRIC_REPRESENTATION_CONTEXT(2) 
PARAMETRIC_REPRESENTATION_CONTEXT() REPRESENTATION_CONTEXT('2D SPACE',''
  ) );
#13924 = ORIENTED_EDGE('',*,*,#13925,.F.);
#13925 = EDGE_CURVE('',#13926,#13903,#13928,.T.);
#13926 = VERTEX_POINT('',#13927);
#13927 = CARTESIAN_POINT('',(-32.,-9.435595774163,1.5));
#13928 = SURFACE_CURVE('',#13929,(#13934,#13940),.PCURVE_S1.);
#13929 = CIRCLE('',#13930,1.5);
#13930 = AXIS2_PLACEMENT_3D('',#13931,#13932,#13933);
#13931 = CARTESIAN_POINT('',(-30.5,-9.435595774163,1.5));
#13932 = DIRECTION('',(-0.,-1.,-0.));
#13933 = DIRECTION('',(-1.,0.,0.));
#13934 = PCURVE('',#13856,#13935);
#13935 = DEFINITIONAL_REPRESENTATION('',(#13936),#13939);
#13936 = B_SPLINE_CURVE_WITH_KNOTS('',1,(#13937,#13938),.UNSPECIFIED.,
  .F.,.F.,(2,2),(0.,1.570796326795),.PIECEWISE_BEZIER_KNOTS.);
#13937 = CARTESIAN_POINT('',(0.,48.564404225838));
#13938 = CARTESIAN_POINT('',(-1.570796326795,48.564404225838));
#13939 = ( GEOMETRIC_REPRESENTATION_CONTEXT(2) 
PARAMETRIC_REPRESENTATION_CONTEXT() REPRESENTATION_CONTEXT('2D SPACE',''
  ) );
#13940 = PCURVE('',#13941,#13946);
#13941 = TOROIDAL_SURFACE('',#13942,5.5,1.5);
#13942 = AXIS2_PLACEMENT_3D('',#13943,#13944,#13945);
#13943 = CARTESIAN_POINT('',(-36.,-9.435595774163,1.5));
#13944 = DIRECTION('',(0.,0.,1.));
#13945 = DIRECTION('',(1.,0.,-0.));
#13946 = DEFINITIONAL_REPRESENTATION('',(#13947),#13950);
#13947 = B_SPLINE_CURVE_WITH_KNOTS('',1,(#13948,#13949),.UNSPECIFIED.,
  .F.,.F.,(2,2),(0.,1.570796326795),.PIECEWISE_BEZIER_KNOTS.);
#13948 = CARTESIAN_POINT('',(0.,3.14159265359));
#13949 = CARTESIAN_POINT('',(0.,4.712388980385));
#13950 = ( GEOMETRIC_REPRESENTATION_CONTEXT(2) 
PARAMETRIC_REPRESENTATION_CONTEXT() REPRESENTATION_CONTEXT('2D SPACE',''
  ) );
#13951 = ORIENTED_EDGE('',*,*,#13952,.F.);
#13952 = EDGE_CURVE('',#13760,#13926,#13953,.T.);
#13953 = SURFACE_CURVE('',#13954,(#13958,#13965),.PCURVE_S1.);
#13954 = LINE('',#13955,#13956);
#13955 = CARTESIAN_POINT('',(-32.,-58.,1.5));
#13956 = VECTOR('',#13957,1.);
#13957 = DIRECTION('',(0.,1.,0.));
#13958 = PCURVE('',#13856,#13959);
#13959 = DEFINITIONAL_REPRESENTATION('',(#13960),#13964);
#13960 = LINE('',#13961,#13962);
#13961 = CARTESIAN_POINT('',(-0.,0.));
#13962 = VECTOR('',#13963,1.);
#13963 = DIRECTION('',(-0.,1.));
#13964 = ( GEOMETRIC_REPRESENTATION_CONTEXT(2) 
PARAMETRIC_REPRESENTATION_CONTEXT() REPRESENTATION_CONTEXT('2D SPACE',''
  ) );
#13965 = PCURVE('',#9132,#13966);
#13966 = DEFINITIONAL_REPRESENTATION('',(#13967),#13971);
#13967 = LINE('',#13968,#13969);
#13968 = CARTESIAN_POINT('',(0.,-1.5));
#13969 = VECTOR('',#13970,1.);
#13970 = DIRECTION('',(1.,0.));
#13971 = ( GEOMETRIC_REPRESENTATION_CONTEXT(2) 
PARAMETRIC_REPRESENTATION_CONTEXT() REPRESENTATION_CONTEXT('2D SPACE',''
  ) );
#13972 = ADVANCED_FACE('',(#13973),#13941,.T.);
#13973 = FACE_BOUND('',#13974,.T.);
#13974 = EDGE_LOOP('',(#13975,#13976,#14000,#14027));
#13975 = ORIENTED_EDGE('',*,*,#13925,.F.);
#13976 = ORIENTED_EDGE('',*,*,#13977,.T.);
#13977 = EDGE_CURVE('',#13926,#13978,#13980,.T.);
#13978 = VERTEX_POINT('',#13979);
#13979 = CARTESIAN_POINT('',(-32.4,-7.692036196746,1.5));
#13980 = SURFACE_CURVE('',#13981,(#13986,#13993),.PCURVE_S1.);
#13981 = CIRCLE('',#13982,4.);
#13982 = AXIS2_PLACEMENT_3D('',#13983,#13984,#13985);
#13983 = CARTESIAN_POINT('',(-36.,-9.435595774163,1.5));
#13984 = DIRECTION('',(0.,0.,1.));
#13985 = DIRECTION('',(1.,0.,-0.));
#13986 = PCURVE('',#13941,#13987);
#13987 = DEFINITIONAL_REPRESENTATION('',(#13988),#13992);
#13988 = LINE('',#13989,#13990);
#13989 = CARTESIAN_POINT('',(0.,3.14159265359));
#13990 = VECTOR('',#13991,1.);
#13991 = DIRECTION('',(1.,0.));
#13992 = ( GEOMETRIC_REPRESENTATION_CONTEXT(2) 
PARAMETRIC_REPRESENTATION_CONTEXT() REPRESENTATION_CONTEXT('2D SPACE',''
  ) );
#13993 = PCURVE('',#9104,#13994);
#13994 = DEFINITIONAL_REPRESENTATION('',(#13995),#13999);
#13995 = LINE('',#13996,#13997);
#13996 = CARTESIAN_POINT('',(3.14159265359,-1.5));
#13997 = VECTOR('',#13998,1.);
#13998 = DIRECTION('',(-1.,-0.));
#13999 = ( GEOMETRIC_REPRESENTATION_CONTEXT(2) 
PARAMETRIC_REPRESENTATION_CONTEXT() REPRESENTATION_CONTEXT('2D SPACE',''
  ) );
#14000 = ORIENTED_EDGE('',*,*,#14001,.T.);
#14001 = EDGE_CURVE('',#13978,#14002,#14004,.T.);
#14002 = VERTEX_POINT('',#14003);
#14003 = CARTESIAN_POINT('',(-31.05,-7.038201355215,0.));
#14004 = SURFACE_CURVE('',#14005,(#14010,#14016),.PCURVE_S1.);
#14005 = CIRCLE('',#14006,1.5);
#14006 = AXIS2_PLACEMENT_3D('',#14007,#14008,#14009);
#14007 = CARTESIAN_POINT('',(-31.05,-7.038201355215,1.5));
#14008 = DIRECTION('',(0.435889894354,-0.9,0.));
#14009 = DIRECTION('',(0.9,0.435889894354,0.));
#14010 = PCURVE('',#13941,#14011);
#14011 = DEFINITIONAL_REPRESENTATION('',(#14012),#14015);
#14012 = B_SPLINE_CURVE_WITH_KNOTS('',1,(#14013,#14014),.UNSPECIFIED.,
  .F.,.F.,(2,2),(3.14159265359,4.712388980385),
  .PIECEWISE_BEZIER_KNOTS.);
#14013 = CARTESIAN_POINT('',(0.451026811796,3.14159265359));
#14014 = CARTESIAN_POINT('',(0.451026811796,4.712388980385));
#14015 = ( GEOMETRIC_REPRESENTATION_CONTEXT(2) 
PARAMETRIC_REPRESENTATION_CONTEXT() REPRESENTATION_CONTEXT('2D SPACE',''
  ) );
#14016 = PCURVE('',#14017,#14022);
#14017 = TOROIDAL_SURFACE('',#14018,34.5,1.5);
#14018 = AXIS2_PLACEMENT_3D('',#14019,#14020,#14021);
#14019 = CARTESIAN_POINT('',(0.,8.,1.5));
#14020 = DIRECTION('',(-0.,-0.,-1.));
#14021 = DIRECTION('',(-0.9,-0.435889894354,0.));
#14022 = DEFINITIONAL_REPRESENTATION('',(#14023),#14026);
#14023 = B_SPLINE_CURVE_WITH_KNOTS('',1,(#14024,#14025),.UNSPECIFIED.,
  .F.,.F.,(2,2),(3.14159265359,4.712388980385),
  .PIECEWISE_BEZIER_KNOTS.);
#14024 = CARTESIAN_POINT('',(-4.440892098501E-16,0.));
#14025 = CARTESIAN_POINT('',(-4.440892098501E-16,1.570796326795));
#14026 = ( GEOMETRIC_REPRESENTATION_CONTEXT(2) 
PARAMETRIC_REPRESENTATION_CONTEXT() REPRESENTATION_CONTEXT('2D SPACE',''
  ) );
#14027 = ORIENTED_EDGE('',*,*,#14028,.F.);
#14028 = EDGE_CURVE('',#13903,#14002,#14029,.T.);
#14029 = SURFACE_CURVE('',#14030,(#14035,#14042),.PCURVE_S1.);
#14030 = CIRCLE('',#14031,5.5);
#14031 = AXIS2_PLACEMENT_3D('',#14032,#14033,#14034);
#14032 = CARTESIAN_POINT('',(-36.,-9.435595774163,0.));
#14033 = DIRECTION('',(0.,0.,1.));
#14034 = DIRECTION('',(1.,0.,-0.));
#14035 = PCURVE('',#13941,#14036);
#14036 = DEFINITIONAL_REPRESENTATION('',(#14037),#14041);
#14037 = LINE('',#14038,#14039);
#14038 = CARTESIAN_POINT('',(0.,4.712388980385));
#14039 = VECTOR('',#14040,1.);
#14040 = DIRECTION('',(1.,0.));
#14041 = ( GEOMETRIC_REPRESENTATION_CONTEXT(2) 
PARAMETRIC_REPRESENTATION_CONTEXT() REPRESENTATION_CONTEXT('2D SPACE',''
  ) );
#14042 = PCURVE('',#13882,#14043);
#14043 = DEFINITIONAL_REPRESENTATION('',(#14044),#14048);
#14044 = CIRCLE('',#14045,5.5);
#14045 = AXIS2_PLACEMENT_2D('',#14046,#14047);
#14046 = CARTESIAN_POINT('',(-36.00000000001,-9.482401595708));
#14047 = DIRECTION('',(1.,0.));
#14048 = ( GEOMETRIC_REPRESENTATION_CONTEXT(2) 
PARAMETRIC_REPRESENTATION_CONTEXT() REPRESENTATION_CONTEXT('2D SPACE',''
  ) );
#14049 = ADVANCED_FACE('',(#14050),#14017,.T.);
#14050 = FACE_BOUND('',#14051,.T.);
#14051 = EDGE_LOOP('',(#14052,#14053,#14077,#14104));
#14052 = ORIENTED_EDGE('',*,*,#14001,.F.);
#14053 = ORIENTED_EDGE('',*,*,#14054,.T.);
#14054 = EDGE_CURVE('',#13978,#14055,#14057,.T.);
#14055 = VERTEX_POINT('',#14056);
#14056 = CARTESIAN_POINT('',(-32.4,23.692036196746,1.5));
#14057 = SURFACE_CURVE('',#14058,(#14063,#14070),.PCURVE_S1.);
#14058 = CIRCLE('',#14059,36.);
#14059 = AXIS2_PLACEMENT_3D('',#14060,#14061,#14062);
#14060 = CARTESIAN_POINT('',(0.,8.,1.5));
#14061 = DIRECTION('',(-0.,0.,-1.));
#14062 = DIRECTION('',(-0.9,-0.435889894354,0.));
#14063 = PCURVE('',#14017,#14064);
#14064 = DEFINITIONAL_REPRESENTATION('',(#14065),#14069);
#14065 = LINE('',#14066,#14067);
#14066 = CARTESIAN_POINT('',(0.,0.));
#14067 = VECTOR('',#14068,1.);
#14068 = DIRECTION('',(1.,0.));
#14069 = ( GEOMETRIC_REPRESENTATION_CONTEXT(2) 
PARAMETRIC_REPRESENTATION_CONTEXT() REPRESENTATION_CONTEXT('2D SPACE',''
  ) );
#14070 = PCURVE('',#9071,#14071);
#14071 = DEFINITIONAL_REPRESENTATION('',(#14072),#14076);
#14072 = LINE('',#14073,#14074);
#14073 = CARTESIAN_POINT('',(-3.592619465386,-1.5));
#14074 = VECTOR('',#14075,1.);
#14075 = DIRECTION('',(1.,-0.));
#14076 = ( GEOMETRIC_REPRESENTATION_CONTEXT(2) 
PARAMETRIC_REPRESENTATION_CONTEXT() REPRESENTATION_CONTEXT('2D SPACE',''
  ) );
#14077 = ORIENTED_EDGE('',*,*,#14078,.T.);
#14078 = EDGE_CURVE('',#14055,#14079,#14081,.T.);
#14079 = VERTEX_POINT('',#14080);
#14080 = CARTESIAN_POINT('',(-31.05,23.038201355215,0.));
#14081 = SURFACE_CURVE('',#14082,(#14087,#14093),.PCURVE_S1.);
#14082 = CIRCLE('',#14083,1.5);
#14083 = AXIS2_PLACEMENT_3D('',#14084,#14085,#14086);
#14084 = CARTESIAN_POINT('',(-31.05,23.038201355215,1.5));
#14085 = DIRECTION('',(-0.435889894354,-0.9,0.));
#14086 = DIRECTION('',(-0.9,0.435889894354,0.));
#14087 = PCURVE('',#14017,#14088);
#14088 = DEFINITIONAL_REPRESENTATION('',(#14089),#14092);
#14089 = B_SPLINE_CURVE_WITH_KNOTS('',1,(#14090,#14091),.UNSPECIFIED.,
  .F.,.F.,(2,2),(0.,1.570796326795),.PIECEWISE_BEZIER_KNOTS.);
#14090 = CARTESIAN_POINT('',(0.902053623593,0.));
#14091 = CARTESIAN_POINT('',(0.902053623593,1.570796326795));
#14092 = ( GEOMETRIC_REPRESENTATION_CONTEXT(2) 
PARAMETRIC_REPRESENTATION_CONTEXT() REPRESENTATION_CONTEXT('2D SPACE',''
  ) );
#14093 = PCURVE('',#14094,#14099);
#14094 = TOROIDAL_SURFACE('',#14095,5.5,1.5);
#14095 = AXIS2_PLACEMENT_3D('',#14096,#14097,#14098);
#14096 = CARTESIAN_POINT('',(-36.,25.435595774163,1.5));
#14097 = DIRECTION('',(0.,0.,1.));
#14098 = DIRECTION('',(0.9,-0.435889894354,0.));
#14099 = DEFINITIONAL_REPRESENTATION('',(#14100),#14103);
#14100 = B_SPLINE_CURVE_WITH_KNOTS('',1,(#14101,#14102),.UNSPECIFIED.,
  .F.,.F.,(2,2),(0.,1.570796326795),.PIECEWISE_BEZIER_KNOTS.);
#14101 = CARTESIAN_POINT('',(-8.881784197001E-16,3.14159265359));
#14102 = CARTESIAN_POINT('',(-8.881784197001E-16,4.712388980385));
#14103 = ( GEOMETRIC_REPRESENTATION_CONTEXT(2) 
PARAMETRIC_REPRESENTATION_CONTEXT() REPRESENTATION_CONTEXT('2D SPACE',''
  ) );
#14104 = ORIENTED_EDGE('',*,*,#14105,.F.);
#14105 = EDGE_CURVE('',#14002,#14079,#14106,.T.);
#14106 = SURFACE_CURVE('',#14107,(#14112,#14119),.PCURVE_S1.);
#14107 = CIRCLE('',#14108,34.5);
#14108 = AXIS2_PLACEMENT_3D('',#14109,#14110,#14111);
#14109 = CARTESIAN_POINT('',(0.,8.,0.));
#14110 = DIRECTION('',(-0.,0.,-1.));
#14111 = DIRECTION('',(-0.9,-0.435889894354,0.));
#14112 = PCURVE('',#14017,#14113);
#14113 = DEFINITIONAL_REPRESENTATION('',(#14114),#14118);
#14114 = LINE('',#14115,#14116);
#14115 = CARTESIAN_POINT('',(0.,1.570796326795));
#14116 = VECTOR('',#14117,1.);
#14117 = DIRECTION('',(1.,0.));
#14118 = ( GEOMETRIC_REPRESENTATION_CONTEXT(2) 
PARAMETRIC_REPRESENTATION_CONTEXT() REPRESENTATION_CONTEXT('2D SPACE',''
  ) );
#14119 = PCURVE('',#13882,#14120);
#14120 = DEFINITIONAL_REPRESENTATION('',(#14121),#14129);
#14121 = ( BOUNDED_CURVE() B_SPLINE_CURVE(2,(#14122,#14123,#14124,#14125
    ,#14126,#14127,#14128),.UNSPECIFIED.,.T.,.F.) 
B_SPLINE_CURVE_WITH_KNOTS((1,2,2,2,2,1),(-2.094395102393,0.,
    2.094395102393,4.188790204786,6.28318530718,8.377580409573),
.UNSPECIFIED.) CURVE() GEOMETRIC_REPRESENTATION_ITEM() 
RATIONAL_B_SPLINE_CURVE((1.,0.5,1.,0.5,1.,0.5,1.)) REPRESENTATION_ITEM(
  '') );
#14122 = CARTESIAN_POINT('',(-31.05000000001,-7.085007176761));
#14123 = CARTESIAN_POINT('',(-57.09692880169,46.695170398253));
#14124 = CARTESIAN_POINT('',(2.501535599147,42.362383643569));
#14125 = CARTESIAN_POINT('',(62.099999999989,38.029596888885));
#14126 = CARTESIAN_POINT('',(28.548464400831,-11.41779393144));
#14127 = CARTESIAN_POINT('',(-5.003071198327,-60.86518475177));
#14128 = CARTESIAN_POINT('',(-31.05000000001,-7.085007176761));
#14129 = ( GEOMETRIC_REPRESENTATION_CONTEXT(2) 
PARAMETRIC_REPRESENTATION_CONTEXT() REPRESENTATION_CONTEXT('2D SPACE',''
  ) );
#14130 = ADVANCED_FACE('',(#14131),#14094,.T.);
#14131 = FACE_BOUND('',#14132,.T.);
#14132 = EDGE_LOOP('',(#14133,#14134,#14158,#14185));
#14133 = ORIENTED_EDGE('',*,*,#14078,.F.);
#14134 = ORIENTED_EDGE('',*,*,#14135,.T.);
#14135 = EDGE_CURVE('',#14055,#14136,#14138,.T.);
#14136 = VERTEX_POINT('',#14137);
#14137 = CARTESIAN_POINT('',(-32.,25.435595774163,1.5));
#14138 = SURFACE_CURVE('',#14139,(#14144,#14151),.PCURVE_S1.);
#14139 = CIRCLE('',#14140,4.);
#14140 = AXIS2_PLACEMENT_3D('',#14141,#14142,#14143);
#14141 = CARTESIAN_POINT('',(-36.,25.435595774163,1.5));
#14142 = DIRECTION('',(0.,0.,1.));
#14143 = DIRECTION('',(0.9,-0.435889894354,0.));
#14144 = PCURVE('',#14094,#14145);
#14145 = DEFINITIONAL_REPRESENTATION('',(#14146),#14150);
#14146 = LINE('',#14147,#14148);
#14147 = CARTESIAN_POINT('',(0.,3.14159265359));
#14148 = VECTOR('',#14149,1.);
#14149 = DIRECTION('',(1.,0.));
#14150 = ( GEOMETRIC_REPRESENTATION_CONTEXT(2) 
PARAMETRIC_REPRESENTATION_CONTEXT() REPRESENTATION_CONTEXT('2D SPACE',''
  ) );
#14151 = PCURVE('',#9042,#14152);
#14152 = DEFINITIONAL_REPRESENTATION('',(#14153),#14157);
#14153 = LINE('',#14154,#14155);
#14154 = CARTESIAN_POINT('',(3.592619465386,-1.5));
#14155 = VECTOR('',#14156,1.);
#14156 = DIRECTION('',(-1.,-0.));
#14157 = ( GEOMETRIC_REPRESENTATION_CONTEXT(2) 
PARAMETRIC_REPRESENTATION_CONTEXT() REPRESENTATION_CONTEXT('2D SPACE',''
  ) );
#14158 = ORIENTED_EDGE('',*,*,#14159,.T.);
#14159 = EDGE_CURVE('',#14136,#14160,#14162,.T.);
#14160 = VERTEX_POINT('',#14161);
#14161 = CARTESIAN_POINT('',(-30.5,25.435595774163,0.));
#14162 = SURFACE_CURVE('',#14163,(#14168,#14174),.PCURVE_S1.);
#14163 = CIRCLE('',#14164,1.5);
#14164 = AXIS2_PLACEMENT_3D('',#14165,#14166,#14167);
#14165 = CARTESIAN_POINT('',(-30.5,25.435595774163,1.5));
#14166 = DIRECTION('',(-2.22044604925E-16,-1.,0.));
#14167 = DIRECTION('',(1.,-2.22044604925E-16,0.));
#14168 = PCURVE('',#14094,#14169);
#14169 = DEFINITIONAL_REPRESENTATION('',(#14170),#14173);
#14170 = B_SPLINE_CURVE_WITH_KNOTS('',1,(#14171,#14172),.UNSPECIFIED.,
  .F.,.F.,(2,2),(3.14159265359,4.712388980385),
  .PIECEWISE_BEZIER_KNOTS.);
#14171 = CARTESIAN_POINT('',(0.451026811796,3.14159265359));
#14172 = CARTESIAN_POINT('',(0.451026811796,4.712388980385));
#14173 = ( GEOMETRIC_REPRESENTATION_CONTEXT(2) 
PARAMETRIC_REPRESENTATION_CONTEXT() REPRESENTATION_CONTEXT('2D SPACE',''
  ) );
#14174 = PCURVE('',#14175,#14180);
#14175 = CYLINDRICAL_SURFACE('',#14176,1.5);
#14176 = AXIS2_PLACEMENT_3D('',#14177,#14178,#14179);
#14177 = CARTESIAN_POINT('',(-30.5,25.435595774163,1.5));
#14178 = DIRECTION('',(0.,1.,0.));
#14179 = DIRECTION('',(-1.,0.,0.));
#14180 = DEFINITIONAL_REPRESENTATION('',(#14181),#14184);
#14181 = B_SPLINE_CURVE_WITH_KNOTS('',1,(#14182,#14183),.UNSPECIFIED.,
  .F.,.F.,(2,2),(3.14159265359,4.712388980385),
  .PIECEWISE_BEZIER_KNOTS.);
#14182 = CARTESIAN_POINT('',(0.,0.));
#14183 = CARTESIAN_POINT('',(-1.570796326795,0.));
#14184 = ( GEOMETRIC_REPRESENTATION_CONTEXT(2) 
PARAMETRIC_REPRESENTATION_CONTEXT() REPRESENTATION_CONTEXT('2D SPACE',''
  ) );
#14185 = ORIENTED_EDGE('',*,*,#14186,.F.);
#14186 = EDGE_CURVE('',#14079,#14160,#14187,.T.);
#14187 = SURFACE_CURVE('',#14188,(#14193,#14200),.PCURVE_S1.);
#14188 = CIRCLE('',#14189,5.5);
#14189 = AXIS2_PLACEMENT_3D('',#14190,#14191,#14192);
#14190 = CARTESIAN_POINT('',(-36.,25.435595774163,0.));
#14191 = DIRECTION('',(0.,0.,1.));
#14192 = DIRECTION('',(0.9,-0.435889894354,0.));
#14193 = PCURVE('',#14094,#14194);
#14194 = DEFINITIONAL_REPRESENTATION('',(#14195),#14199);
#14195 = LINE('',#14196,#14197);
#14196 = CARTESIAN_POINT('',(0.,4.712388980385));
#14197 = VECTOR('',#14198,1.);
#14198 = DIRECTION('',(1.,0.));
#14199 = ( GEOMETRIC_REPRESENTATION_CONTEXT(2) 
PARAMETRIC_REPRESENTATION_CONTEXT() REPRESENTATION_CONTEXT('2D SPACE',''
  ) );
#14200 = PCURVE('',#13882,#14201);
#14201 = DEFINITIONAL_REPRESENTATION('',(#14202),#14206);
#14202 = CIRCLE('',#14203,5.5);
#14203 = AXIS2_PLACEMENT_2D('',#14204,#14205);
#14204 = CARTESIAN_POINT('',(-36.00000000001,25.388789952617));
#14205 = DIRECTION('',(0.9,-0.435889894354));
#14206 = ( GEOMETRIC_REPRESENTATION_CONTEXT(2) 
PARAMETRIC_REPRESENTATION_CONTEXT() REPRESENTATION_CONTEXT('2D SPACE',''
  ) );
#14207 = ADVANCED_FACE('',(#14208),#14175,.T.);
#14208 = FACE_BOUND('',#14209,.F.);
#14209 = EDGE_LOOP('',(#14210,#14211,#14234,#14261));
#14210 = ORIENTED_EDGE('',*,*,#14159,.T.);
#14211 = ORIENTED_EDGE('',*,*,#14212,.T.);
#14212 = EDGE_CURVE('',#14160,#14213,#14215,.T.);
#14213 = VERTEX_POINT('',#14214);
#14214 = CARTESIAN_POINT('',(-30.5,57.999999997379,-2.22044604925E-16));
#14215 = SURFACE_CURVE('',#14216,(#14220,#14227),.PCURVE_S1.);
#14216 = LINE('',#14217,#14218);
#14217 = CARTESIAN_POINT('',(-30.5,25.435595774163,-2.22044604925E-16));
#14218 = VECTOR('',#14219,1.);
#14219 = DIRECTION('',(0.,1.,0.));
#14220 = PCURVE('',#14175,#14221);
#14221 = DEFINITIONAL_REPRESENTATION('',(#14222),#14226);
#14222 = LINE('',#14223,#14224);
#14223 = CARTESIAN_POINT('',(-1.570796326795,0.));
#14224 = VECTOR('',#14225,1.);
#14225 = DIRECTION('',(-0.,1.));
#14226 = ( GEOMETRIC_REPRESENTATION_CONTEXT(2) 
PARAMETRIC_REPRESENTATION_CONTEXT() REPRESENTATION_CONTEXT('2D SPACE',''
  ) );
#14227 = PCURVE('',#13882,#14228);
#14228 = DEFINITIONAL_REPRESENTATION('',(#14229),#14233);
#14229 = LINE('',#14230,#14231);
#14230 = CARTESIAN_POINT('',(-30.50000000001,25.388789952617));
#14231 = VECTOR('',#14232,1.);
#14232 = DIRECTION('',(0.,1.));
#14233 = ( GEOMETRIC_REPRESENTATION_CONTEXT(2) 
PARAMETRIC_REPRESENTATION_CONTEXT() REPRESENTATION_CONTEXT('2D SPACE',''
  ) );
#14234 = ORIENTED_EDGE('',*,*,#14235,.F.);
#14235 = EDGE_CURVE('',#14236,#14213,#14238,.T.);
#14236 = VERTEX_POINT('',#14237);
#14237 = CARTESIAN_POINT('',(-32.,57.999999997379,1.5));
#14238 = SURFACE_CURVE('',#14239,(#14244,#14250),.PCURVE_S1.);
#14239 = CIRCLE('',#14240,1.5);
#14240 = AXIS2_PLACEMENT_3D('',#14241,#14242,#14243);
#14241 = CARTESIAN_POINT('',(-30.5,57.999999997379,1.5));
#14242 = DIRECTION('',(-0.,-1.,-0.));
#14243 = DIRECTION('',(-1.,0.,0.));
#14244 = PCURVE('',#14175,#14245);
#14245 = DEFINITIONAL_REPRESENTATION('',(#14246),#14249);
#14246 = B_SPLINE_CURVE_WITH_KNOTS('',1,(#14247,#14248),.UNSPECIFIED.,
  .F.,.F.,(2,2),(0.,1.570796326795),.PIECEWISE_BEZIER_KNOTS.);
#14247 = CARTESIAN_POINT('',(0.,32.564404223217));
#14248 = CARTESIAN_POINT('',(-1.570796326795,32.564404223217));
#14249 = ( GEOMETRIC_REPRESENTATION_CONTEXT(2) 
PARAMETRIC_REPRESENTATION_CONTEXT() REPRESENTATION_CONTEXT('2D SPACE',''
  ) );
#14250 = PCURVE('',#14251,#14256);
#14251 = TOROIDAL_SURFACE('',#14252,2.5,1.5);
#14252 = AXIS2_PLACEMENT_3D('',#14253,#14254,#14255);
#14253 = CARTESIAN_POINT('',(-28.,57.999999997379,1.5));
#14254 = DIRECTION('',(-0.,-0.,-1.));
#14255 = DIRECTION('',(-1.,0.,0.));
#14256 = DEFINITIONAL_REPRESENTATION('',(#14257),#14260);
#14257 = B_SPLINE_CURVE_WITH_KNOTS('',1,(#14258,#14259),.UNSPECIFIED.,
  .F.,.F.,(2,2),(0.,1.570796326795),.PIECEWISE_BEZIER_KNOTS.);
#14258 = CARTESIAN_POINT('',(0.,0.));
#14259 = CARTESIAN_POINT('',(0.,1.570796326795));
#14260 = ( GEOMETRIC_REPRESENTATION_CONTEXT(2) 
PARAMETRIC_REPRESENTATION_CONTEXT() REPRESENTATION_CONTEXT('2D SPACE',''
  ) );
#14261 = ORIENTED_EDGE('',*,*,#14262,.F.);
#14262 = EDGE_CURVE('',#14136,#14236,#14263,.T.);
#14263 = SURFACE_CURVE('',#14264,(#14268,#14275),.PCURVE_S1.);
#14264 = LINE('',#14265,#14266);
#14265 = CARTESIAN_POINT('',(-32.,25.435595774163,1.5));
#14266 = VECTOR('',#14267,1.);
#14267 = DIRECTION('',(0.,1.,0.));
#14268 = PCURVE('',#14175,#14269);
#14269 = DEFINITIONAL_REPRESENTATION('',(#14270),#14274);
#14270 = LINE('',#14271,#14272);
#14271 = CARTESIAN_POINT('',(-0.,0.));
#14272 = VECTOR('',#14273,1.);
#14273 = DIRECTION('',(-0.,1.));
#14274 = ( GEOMETRIC_REPRESENTATION_CONTEXT(2) 
PARAMETRIC_REPRESENTATION_CONTEXT() REPRESENTATION_CONTEXT('2D SPACE',''
  ) );
#14275 = PCURVE('',#9009,#14276);
#14276 = DEFINITIONAL_REPRESENTATION('',(#14277),#14281);
#14277 = LINE('',#14278,#14279);
#14278 = CARTESIAN_POINT('',(0.,-1.5));
#14279 = VECTOR('',#14280,1.);
#14280 = DIRECTION('',(1.,0.));
#14281 = ( GEOMETRIC_REPRESENTATION_CONTEXT(2) 
PARAMETRIC_REPRESENTATION_CONTEXT() REPRESENTATION_CONTEXT('2D SPACE',''
  ) );
#14282 = ADVANCED_FACE('',(#14283),#14251,.T.);
#14283 = FACE_BOUND('',#14284,.T.);
#14284 = EDGE_LOOP('',(#14285,#14286,#14310,#14337));
#14285 = ORIENTED_EDGE('',*,*,#14235,.F.);
#14286 = ORIENTED_EDGE('',*,*,#14287,.T.);
#14287 = EDGE_CURVE('',#14236,#14288,#14290,.T.);
#14288 = VERTEX_POINT('',#14289);
#14289 = CARTESIAN_POINT('',(-28.,61.999999997379,1.5));
#14290 = SURFACE_CURVE('',#14291,(#14296,#14303),.PCURVE_S1.);
#14291 = CIRCLE('',#14292,4.);
#14292 = AXIS2_PLACEMENT_3D('',#14293,#14294,#14295);
#14293 = CARTESIAN_POINT('',(-28.,57.999999997379,1.5));
#14294 = DIRECTION('',(-0.,0.,-1.));
#14295 = DIRECTION('',(-1.,0.,0.));
#14296 = PCURVE('',#14251,#14297);
#14297 = DEFINITIONAL_REPRESENTATION('',(#14298),#14302);
#14298 = LINE('',#14299,#14300);
#14299 = CARTESIAN_POINT('',(0.,0.));
#14300 = VECTOR('',#14301,1.);
#14301 = DIRECTION('',(1.,0.));
#14302 = ( GEOMETRIC_REPRESENTATION_CONTEXT(2) 
PARAMETRIC_REPRESENTATION_CONTEXT() REPRESENTATION_CONTEXT('2D SPACE',''
  ) );
#14303 = PCURVE('',#8981,#14304);
#14304 = DEFINITIONAL_REPRESENTATION('',(#14305),#14309);
#14305 = LINE('',#14306,#14307);
#14306 = CARTESIAN_POINT('',(0.,-1.5));
#14307 = VECTOR('',#14308,1.);
#14308 = DIRECTION('',(1.,0.));
#14309 = ( GEOMETRIC_REPRESENTATION_CONTEXT(2) 
PARAMETRIC_REPRESENTATION_CONTEXT() REPRESENTATION_CONTEXT('2D SPACE',''
  ) );
#14310 = ORIENTED_EDGE('',*,*,#14311,.T.);
#14311 = EDGE_CURVE('',#14288,#14312,#14314,.T.);
#14312 = VERTEX_POINT('',#14313);
#14313 = CARTESIAN_POINT('',(-28.,60.499999997379,0.));
#14314 = SURFACE_CURVE('',#14315,(#14320,#14326),.PCURVE_S1.);
#14315 = CIRCLE('',#14316,1.5);
#14316 = AXIS2_PLACEMENT_3D('',#14317,#14318,#14319);
#14317 = CARTESIAN_POINT('',(-28.,60.499999997379,1.5));
#14318 = DIRECTION('',(-1.,-6.123233995737E-17,0.));
#14319 = DIRECTION('',(-6.123233995737E-17,1.,0.));
#14320 = PCURVE('',#14251,#14321);
#14321 = DEFINITIONAL_REPRESENTATION('',(#14322),#14325);
#14322 = B_SPLINE_CURVE_WITH_KNOTS('',1,(#14323,#14324),.UNSPECIFIED.,
  .F.,.F.,(2,2),(0.,1.570796326795),.PIECEWISE_BEZIER_KNOTS.);
#14323 = CARTESIAN_POINT('',(1.570796326795,0.));
#14324 = CARTESIAN_POINT('',(1.570796326795,1.570796326795));
#14325 = ( GEOMETRIC_REPRESENTATION_CONTEXT(2) 
PARAMETRIC_REPRESENTATION_CONTEXT() REPRESENTATION_CONTEXT('2D SPACE',''
  ) );
#14326 = PCURVE('',#14327,#14332);
#14327 = CYLINDRICAL_SURFACE('',#14328,1.5);
#14328 = AXIS2_PLACEMENT_3D('',#14329,#14330,#14331);
#14329 = CARTESIAN_POINT('',(-28.,60.5,1.5));
#14330 = DIRECTION('',(1.,0.,0.));
#14331 = DIRECTION('',(-0.,1.,0.));
#14332 = DEFINITIONAL_REPRESENTATION('',(#14333),#14336);
#14333 = B_SPLINE_CURVE_WITH_KNOTS('',1,(#14334,#14335),.UNSPECIFIED.,
  .F.,.F.,(2,2),(0.,1.570796326795),.PIECEWISE_BEZIER_KNOTS.);
#14334 = CARTESIAN_POINT('',(0.,0.));
#14335 = CARTESIAN_POINT('',(-1.570796326795,0.));
#14336 = ( GEOMETRIC_REPRESENTATION_CONTEXT(2) 
PARAMETRIC_REPRESENTATION_CONTEXT() REPRESENTATION_CONTEXT('2D SPACE',''
  ) );
#14337 = ORIENTED_EDGE('',*,*,#14338,.F.);
#14338 = EDGE_CURVE('',#14213,#14312,#14339,.T.);
#14339 = SURFACE_CURVE('',#14340,(#14345,#14352),.PCURVE_S1.);
#14340 = CIRCLE('',#14341,2.5);
#14341 = AXIS2_PLACEMENT_3D('',#14342,#14343,#14344);
#14342 = CARTESIAN_POINT('',(-28.,57.999999997379,0.));
#14343 = DIRECTION('',(-0.,0.,-1.));
#14344 = DIRECTION('',(-1.,0.,0.));
#14345 = PCURVE('',#14251,#14346);
#14346 = DEFINITIONAL_REPRESENTATION('',(#14347),#14351);
#14347 = LINE('',#14348,#14349);
#14348 = CARTESIAN_POINT('',(0.,1.570796326795));
#14349 = VECTOR('',#14350,1.);
#14350 = DIRECTION('',(1.,0.));
#14351 = ( GEOMETRIC_REPRESENTATION_CONTEXT(2) 
PARAMETRIC_REPRESENTATION_CONTEXT() REPRESENTATION_CONTEXT('2D SPACE',''
  ) );
#14352 = PCURVE('',#13882,#14353);
#14353 = DEFINITIONAL_REPRESENTATION('',(#14354),#14362);
#14354 = ( BOUNDED_CURVE() B_SPLINE_CURVE(2,(#14355,#14356,#14357,#14358
    ,#14359,#14360,#14361),.UNSPECIFIED.,.T.,.F.) 
B_SPLINE_CURVE_WITH_KNOTS((1,2,2,2,2,1),(-2.094395102393,0.,
    2.094395102393,4.188790204786,6.28318530718,8.377580409573),
.UNSPECIFIED.) CURVE() GEOMETRIC_REPRESENTATION_ITEM() 
RATIONAL_B_SPLINE_CURVE((1.,0.5,1.,0.5,1.,0.5,1.)) REPRESENTATION_ITEM(
  '') );
#14355 = CARTESIAN_POINT('',(-30.50000000001,57.953194175833));
#14356 = CARTESIAN_POINT('',(-30.50000000001,62.283321194756));
#14357 = CARTESIAN_POINT('',(-26.75000000001,60.118257685295));
#14358 = CARTESIAN_POINT('',(-23.00000000001,57.953194175833));
#14359 = CARTESIAN_POINT('',(-26.75000000001,55.788130666372));
#14360 = CARTESIAN_POINT('',(-30.50000000001,53.623067156911));
#14361 = CARTESIAN_POINT('',(-30.50000000001,57.953194175833));
#14362 = ( GEOMETRIC_REPRESENTATION_CONTEXT(2) 
PARAMETRIC_REPRESENTATION_CONTEXT() REPRESENTATION_CONTEXT('2D SPACE',''
  ) );
#14363 = ADVANCED_FACE('',(#14364),#14327,.T.);
#14364 = FACE_BOUND('',#14365,.F.);
#14365 = EDGE_LOOP('',(#14366,#14367,#14390,#14417));
#14366 = ORIENTED_EDGE('',*,*,#14311,.T.);
#14367 = ORIENTED_EDGE('',*,*,#14368,.T.);
#14368 = EDGE_CURVE('',#14312,#14369,#14371,.T.);
#14369 = VERTEX_POINT('',#14370);
#14370 = CARTESIAN_POINT('',(28.,60.5,-2.22044604925E-16));
#14371 = SURFACE_CURVE('',#14372,(#14376,#14383),.PCURVE_S1.);
#14372 = LINE('',#14373,#14374);
#14373 = CARTESIAN_POINT('',(-28.,60.5,-2.22044604925E-16));
#14374 = VECTOR('',#14375,1.);
#14375 = DIRECTION('',(1.,0.,0.));
#14376 = PCURVE('',#14327,#14377);
#14377 = DEFINITIONAL_REPRESENTATION('',(#14378),#14382);
#14378 = LINE('',#14379,#14380);
#14379 = CARTESIAN_POINT('',(-1.570796326795,0.));
#14380 = VECTOR('',#14381,1.);
#14381 = DIRECTION('',(-0.,1.));
#14382 = ( GEOMETRIC_REPRESENTATION_CONTEXT(2) 
PARAMETRIC_REPRESENTATION_CONTEXT() REPRESENTATION_CONTEXT('2D SPACE',''
  ) );
#14383 = PCURVE('',#13882,#14384);
#14384 = DEFINITIONAL_REPRESENTATION('',(#14385),#14389);
#14385 = LINE('',#14386,#14387);
#14386 = CARTESIAN_POINT('',(-28.00000000001,60.453194178454));
#14387 = VECTOR('',#14388,1.);
#14388 = DIRECTION('',(1.,0.));
#14389 = ( GEOMETRIC_REPRESENTATION_CONTEXT(2) 
PARAMETRIC_REPRESENTATION_CONTEXT() REPRESENTATION_CONTEXT('2D SPACE',''
  ) );
#14390 = ORIENTED_EDGE('',*,*,#14391,.F.);
#14391 = EDGE_CURVE('',#14392,#14369,#14394,.T.);
#14392 = VERTEX_POINT('',#14393);
#14393 = CARTESIAN_POINT('',(28.,62.,1.5));
#14394 = SURFACE_CURVE('',#14395,(#14400,#14406),.PCURVE_S1.);
#14395 = CIRCLE('',#14396,1.5);
#14396 = AXIS2_PLACEMENT_3D('',#14397,#14398,#14399);
#14397 = CARTESIAN_POINT('',(28.,60.5,1.5));
#14398 = DIRECTION('',(-1.,0.,-0.));
#14399 = DIRECTION('',(-0.,1.,0.));
#14400 = PCURVE('',#14327,#14401);
#14401 = DEFINITIONAL_REPRESENTATION('',(#14402),#14405);
#14402 = B_SPLINE_CURVE_WITH_KNOTS('',1,(#14403,#14404),.UNSPECIFIED.,
  .F.,.F.,(2,2),(0.,1.570796326795),.PIECEWISE_BEZIER_KNOTS.);
#14403 = CARTESIAN_POINT('',(0.,56.));
#14404 = CARTESIAN_POINT('',(-1.570796326795,56.));
#14405 = ( GEOMETRIC_REPRESENTATION_CONTEXT(2) 
PARAMETRIC_REPRESENTATION_CONTEXT() REPRESENTATION_CONTEXT('2D SPACE',''
  ) );
#14406 = PCURVE('',#14407,#14412);
#14407 = TOROIDAL_SURFACE('',#14408,2.5,1.5);
#14408 = AXIS2_PLACEMENT_3D('',#14409,#14410,#14411);
#14409 = CARTESIAN_POINT('',(28.,57.99999999751,1.5));
#14410 = DIRECTION('',(-0.,-0.,-1.));
#14411 = DIRECTION('',(0.,1.,-0.));
#14412 = DEFINITIONAL_REPRESENTATION('',(#14413),#14416);
#14413 = B_SPLINE_CURVE_WITH_KNOTS('',1,(#14414,#14415),.UNSPECIFIED.,
  .F.,.F.,(2,2),(0.,1.570796326795),.PIECEWISE_BEZIER_KNOTS.);
#14414 = CARTESIAN_POINT('',(0.,0.));
#14415 = CARTESIAN_POINT('',(0.,1.570796326795));
#14416 = ( GEOMETRIC_REPRESENTATION_CONTEXT(2) 
PARAMETRIC_REPRESENTATION_CONTEXT() REPRESENTATION_CONTEXT('2D SPACE',''
  ) );
#14417 = ORIENTED_EDGE('',*,*,#14418,.F.);
#14418 = EDGE_CURVE('',#14288,#14392,#14419,.T.);
#14419 = SURFACE_CURVE('',#14420,(#14424,#14431),.PCURVE_S1.);
#14420 = LINE('',#14421,#14422);
#14421 = CARTESIAN_POINT('',(-28.,62.,1.5));
#14422 = VECTOR('',#14423,1.);
#14423 = DIRECTION('',(1.,0.,0.));
#14424 = PCURVE('',#14327,#14425);
#14425 = DEFINITIONAL_REPRESENTATION('',(#14426),#14430);
#14426 = LINE('',#14427,#14428);
#14427 = CARTESIAN_POINT('',(-0.,0.));
#14428 = VECTOR('',#14429,1.);
#14429 = DIRECTION('',(-0.,1.));
#14430 = ( GEOMETRIC_REPRESENTATION_CONTEXT(2) 
PARAMETRIC_REPRESENTATION_CONTEXT() REPRESENTATION_CONTEXT('2D SPACE',''
  ) );
#14431 = PCURVE('',#8948,#14432);
#14432 = DEFINITIONAL_REPRESENTATION('',(#14433),#14437);
#14433 = LINE('',#14434,#14435);
#14434 = CARTESIAN_POINT('',(0.,-1.5));
#14435 = VECTOR('',#14436,1.);
#14436 = DIRECTION('',(1.,0.));
#14437 = ( GEOMETRIC_REPRESENTATION_CONTEXT(2) 
PARAMETRIC_REPRESENTATION_CONTEXT() REPRESENTATION_CONTEXT('2D SPACE',''
  ) );
#14438 = ADVANCED_FACE('',(#14439),#14407,.T.);
#14439 = FACE_BOUND('',#14440,.T.);
#14440 = EDGE_LOOP('',(#14441,#14442,#14466,#14493));
#14441 = ORIENTED_EDGE('',*,*,#14391,.F.);
#14442 = ORIENTED_EDGE('',*,*,#14443,.T.);
#14443 = EDGE_CURVE('',#14392,#14444,#14446,.T.);
#14444 = VERTEX_POINT('',#14445);
#14445 = CARTESIAN_POINT('',(32.,57.99999999751,1.5));
#14446 = SURFACE_CURVE('',#14447,(#14452,#14459),.PCURVE_S1.);
#14447 = CIRCLE('',#14448,4.);
#14448 = AXIS2_PLACEMENT_3D('',#14449,#14450,#14451);
#14449 = CARTESIAN_POINT('',(28.,57.99999999751,1.5));
#14450 = DIRECTION('',(0.,-0.,-1.));
#14451 = DIRECTION('',(0.,1.,-0.));
#14452 = PCURVE('',#14407,#14453);
#14453 = DEFINITIONAL_REPRESENTATION('',(#14454),#14458);
#14454 = LINE('',#14455,#14456);
#14455 = CARTESIAN_POINT('',(0.,0.));
#14456 = VECTOR('',#14457,1.);
#14457 = DIRECTION('',(1.,0.));
#14458 = ( GEOMETRIC_REPRESENTATION_CONTEXT(2) 
PARAMETRIC_REPRESENTATION_CONTEXT() REPRESENTATION_CONTEXT('2D SPACE',''
  ) );
#14459 = PCURVE('',#10091,#14460);
#14460 = DEFINITIONAL_REPRESENTATION('',(#14461),#14465);
#14461 = LINE('',#14462,#14463);
#14462 = CARTESIAN_POINT('',(1.570796326795,-1.5));
#14463 = VECTOR('',#14464,1.);
#14464 = DIRECTION('',(1.,0.));
#14465 = ( GEOMETRIC_REPRESENTATION_CONTEXT(2) 
PARAMETRIC_REPRESENTATION_CONTEXT() REPRESENTATION_CONTEXT('2D SPACE',''
  ) );
#14466 = ORIENTED_EDGE('',*,*,#14467,.T.);
#14467 = EDGE_CURVE('',#14444,#14468,#14470,.T.);
#14468 = VERTEX_POINT('',#14469);
#14469 = CARTESIAN_POINT('',(30.5,57.99999999751,0.));
#14470 = SURFACE_CURVE('',#14471,(#14476,#14482),.PCURVE_S1.);
#14471 = CIRCLE('',#14472,1.5);
#14472 = AXIS2_PLACEMENT_3D('',#14473,#14474,#14475);
#14473 = CARTESIAN_POINT('',(30.5,57.99999999751,1.5));
#14474 = DIRECTION('',(-6.123233995737E-17,1.,0.));
#14475 = DIRECTION('',(1.,6.123233995737E-17,0.));
#14476 = PCURVE('',#14407,#14477);
#14477 = DEFINITIONAL_REPRESENTATION('',(#14478),#14481);
#14478 = B_SPLINE_CURVE_WITH_KNOTS('',1,(#14479,#14480),.UNSPECIFIED.,
  .F.,.F.,(2,2),(0.,1.570796326795),.PIECEWISE_BEZIER_KNOTS.);
#14479 = CARTESIAN_POINT('',(1.570796326795,0.));
#14480 = CARTESIAN_POINT('',(1.570796326795,1.570796326795));
#14481 = ( GEOMETRIC_REPRESENTATION_CONTEXT(2) 
PARAMETRIC_REPRESENTATION_CONTEXT() REPRESENTATION_CONTEXT('2D SPACE',''
  ) );
#14482 = PCURVE('',#14483,#14488);
#14483 = CYLINDRICAL_SURFACE('',#14484,1.5);
#14484 = AXIS2_PLACEMENT_3D('',#14485,#14486,#14487);
#14485 = CARTESIAN_POINT('',(30.5,57.99999999751,1.5));
#14486 = DIRECTION('',(-0.,-1.,-0.));
#14487 = DIRECTION('',(1.,-0.,0.));
#14488 = DEFINITIONAL_REPRESENTATION('',(#14489),#14492);
#14489 = B_SPLINE_CURVE_WITH_KNOTS('',1,(#14490,#14491),.UNSPECIFIED.,
  .F.,.F.,(2,2),(0.,1.570796326795),.PIECEWISE_BEZIER_KNOTS.);
#14490 = CARTESIAN_POINT('',(0.,0.));
#14491 = CARTESIAN_POINT('',(-1.570796326795,0.));
#14492 = ( GEOMETRIC_REPRESENTATION_CONTEXT(2) 
PARAMETRIC_REPRESENTATION_CONTEXT() REPRESENTATION_CONTEXT('2D SPACE',''
  ) );
#14493 = ORIENTED_EDGE('',*,*,#14494,.F.);
#14494 = EDGE_CURVE('',#14369,#14468,#14495,.T.);
#14495 = SURFACE_CURVE('',#14496,(#14501,#14508),.PCURVE_S1.);
#14496 = CIRCLE('',#14497,2.5);
#14497 = AXIS2_PLACEMENT_3D('',#14498,#14499,#14500);
#14498 = CARTESIAN_POINT('',(28.,57.99999999751,0.));
#14499 = DIRECTION('',(0.,-0.,-1.));
#14500 = DIRECTION('',(0.,1.,-0.));
#14501 = PCURVE('',#14407,#14502);
#14502 = DEFINITIONAL_REPRESENTATION('',(#14503),#14507);
#14503 = LINE('',#14504,#14505);
#14504 = CARTESIAN_POINT('',(0.,1.570796326795));
#14505 = VECTOR('',#14506,1.);
#14506 = DIRECTION('',(1.,0.));
#14507 = ( GEOMETRIC_REPRESENTATION_CONTEXT(2) 
PARAMETRIC_REPRESENTATION_CONTEXT() REPRESENTATION_CONTEXT('2D SPACE',''
  ) );
#14508 = PCURVE('',#13882,#14509);
#14509 = DEFINITIONAL_REPRESENTATION('',(#14510),#14518);
#14510 = ( BOUNDED_CURVE() B_SPLINE_CURVE(2,(#14511,#14512,#14513,#14514
    ,#14515,#14516,#14517),.UNSPECIFIED.,.T.,.F.) 
B_SPLINE_CURVE_WITH_KNOTS((1,2,2,2,2,1),(-2.094395102393,0.,
    2.094395102393,4.188790204786,6.28318530718,8.377580409573),
.UNSPECIFIED.) CURVE() GEOMETRIC_REPRESENTATION_ITEM() 
RATIONAL_B_SPLINE_CURVE((1.,0.5,1.,0.5,1.,0.5,1.)) REPRESENTATION_ITEM(
  '') );
#14511 = CARTESIAN_POINT('',(27.999999999989,60.453194175964));
#14512 = CARTESIAN_POINT('',(32.330127018911,60.453194175964));
#14513 = CARTESIAN_POINT('',(30.16506350945,56.703194175964));
#14514 = CARTESIAN_POINT('',(27.999999999989,52.953194175964));
#14515 = CARTESIAN_POINT('',(25.834936490528,56.703194175964));
#14516 = CARTESIAN_POINT('',(23.669872981067,60.453194175964));
#14517 = CARTESIAN_POINT('',(27.999999999989,60.453194175964));
#14518 = ( GEOMETRIC_REPRESENTATION_CONTEXT(2) 
PARAMETRIC_REPRESENTATION_CONTEXT() REPRESENTATION_CONTEXT('2D SPACE',''
  ) );
#14519 = ADVANCED_FACE('',(#14520),#14483,.T.);
#14520 = FACE_BOUND('',#14521,.F.);
#14521 = EDGE_LOOP('',(#14522,#14523,#14546,#14573));
#14522 = ORIENTED_EDGE('',*,*,#14467,.T.);
#14523 = ORIENTED_EDGE('',*,*,#14524,.T.);
#14524 = EDGE_CURVE('',#14468,#14525,#14527,.T.);
#14525 = VERTEX_POINT('',#14526);
#14526 = CARTESIAN_POINT('',(30.5,25.435595774163,-2.22044604925E-16));
#14527 = SURFACE_CURVE('',#14528,(#14532,#14539),.PCURVE_S1.);
#14528 = LINE('',#14529,#14530);
#14529 = CARTESIAN_POINT('',(30.5,57.99999999751,-2.22044604925E-16));
#14530 = VECTOR('',#14531,1.);
#14531 = DIRECTION('',(-0.,-1.,-0.));
#14532 = PCURVE('',#14483,#14533);
#14533 = DEFINITIONAL_REPRESENTATION('',(#14534),#14538);
#14534 = LINE('',#14535,#14536);
#14535 = CARTESIAN_POINT('',(-1.570796326795,0.));
#14536 = VECTOR('',#14537,1.);
#14537 = DIRECTION('',(-0.,1.));
#14538 = ( GEOMETRIC_REPRESENTATION_CONTEXT(2) 
PARAMETRIC_REPRESENTATION_CONTEXT() REPRESENTATION_CONTEXT('2D SPACE',''
  ) );
#14539 = PCURVE('',#13882,#14540);
#14540 = DEFINITIONAL_REPRESENTATION('',(#14541),#14545);
#14541 = LINE('',#14542,#14543);
#14542 = CARTESIAN_POINT('',(30.499999999989,57.953194175964));
#14543 = VECTOR('',#14544,1.);
#14544 = DIRECTION('',(0.,-1.));
#14545 = ( GEOMETRIC_REPRESENTATION_CONTEXT(2) 
PARAMETRIC_REPRESENTATION_CONTEXT() REPRESENTATION_CONTEXT('2D SPACE',''
  ) );
#14546 = ORIENTED_EDGE('',*,*,#14547,.F.);
#14547 = EDGE_CURVE('',#14548,#14525,#14550,.T.);
#14548 = VERTEX_POINT('',#14549);
#14549 = CARTESIAN_POINT('',(32.,25.435595774163,1.5));
#14550 = SURFACE_CURVE('',#14551,(#14556,#14562),.PCURVE_S1.);
#14551 = CIRCLE('',#14552,1.5);
#14552 = AXIS2_PLACEMENT_3D('',#14553,#14554,#14555);
#14553 = CARTESIAN_POINT('',(30.5,25.435595774163,1.5));
#14554 = DIRECTION('',(0.,1.,0.));
#14555 = DIRECTION('',(1.,-0.,0.));
#14556 = PCURVE('',#14483,#14557);
#14557 = DEFINITIONAL_REPRESENTATION('',(#14558),#14561);
#14558 = B_SPLINE_CURVE_WITH_KNOTS('',1,(#14559,#14560),.UNSPECIFIED.,
  .F.,.F.,(2,2),(0.,1.570796326795),.PIECEWISE_BEZIER_KNOTS.);
#14559 = CARTESIAN_POINT('',(0.,32.564404223347));
#14560 = CARTESIAN_POINT('',(-1.570796326795,32.564404223347));
#14561 = ( GEOMETRIC_REPRESENTATION_CONTEXT(2) 
PARAMETRIC_REPRESENTATION_CONTEXT() REPRESENTATION_CONTEXT('2D SPACE',''
  ) );
#14562 = PCURVE('',#14563,#14568);
#14563 = TOROIDAL_SURFACE('',#14564,5.5,1.5);
#14564 = AXIS2_PLACEMENT_3D('',#14565,#14566,#14567);
#14565 = CARTESIAN_POINT('',(36.,25.435595774163,1.5));
#14566 = DIRECTION('',(0.,0.,1.));
#14567 = DIRECTION('',(-1.,0.,0.));
#14568 = DEFINITIONAL_REPRESENTATION('',(#14569),#14572);
#14569 = B_SPLINE_CURVE_WITH_KNOTS('',1,(#14570,#14571),.UNSPECIFIED.,
  .F.,.F.,(2,2),(0.,1.570796326795),.PIECEWISE_BEZIER_KNOTS.);
#14570 = CARTESIAN_POINT('',(8.881784197001E-16,3.14159265359));
#14571 = CARTESIAN_POINT('',(8.881784197001E-16,4.712388980385));
#14572 = ( GEOMETRIC_REPRESENTATION_CONTEXT(2) 
PARAMETRIC_REPRESENTATION_CONTEXT() REPRESENTATION_CONTEXT('2D SPACE',''
  ) );
#14573 = ORIENTED_EDGE('',*,*,#14574,.F.);
#14574 = EDGE_CURVE('',#14444,#14548,#14575,.T.);
#14575 = SURFACE_CURVE('',#14576,(#14580,#14587),.PCURVE_S1.);
#14576 = LINE('',#14577,#14578);
#14577 = CARTESIAN_POINT('',(32.,57.99999999751,1.5));
#14578 = VECTOR('',#14579,1.);
#14579 = DIRECTION('',(-0.,-1.,-0.));
#14580 = PCURVE('',#14483,#14581);
#14581 = DEFINITIONAL_REPRESENTATION('',(#14582),#14586);
#14582 = LINE('',#14583,#14584);
#14583 = CARTESIAN_POINT('',(-0.,0.));
#14584 = VECTOR('',#14585,1.);
#14585 = DIRECTION('',(-0.,1.));
#14586 = ( GEOMETRIC_REPRESENTATION_CONTEXT(2) 
PARAMETRIC_REPRESENTATION_CONTEXT() REPRESENTATION_CONTEXT('2D SPACE',''
  ) );
#14587 = PCURVE('',#10058,#14588);
#14588 = DEFINITIONAL_REPRESENTATION('',(#14589),#14593);
#14589 = LINE('',#14590,#14591);
#14590 = CARTESIAN_POINT('',(32.564404223347,-1.5));
#14591 = VECTOR('',#14592,1.);
#14592 = DIRECTION('',(-1.,0.));
#14593 = ( GEOMETRIC_REPRESENTATION_CONTEXT(2) 
PARAMETRIC_REPRESENTATION_CONTEXT() REPRESENTATION_CONTEXT('2D SPACE',''
  ) );
#14594 = ADVANCED_FACE('',(#14595),#14563,.T.);
#14595 = FACE_BOUND('',#14596,.T.);
#14596 = EDGE_LOOP('',(#14597,#14598,#14622,#14649));
#14597 = ORIENTED_EDGE('',*,*,#14547,.F.);
#14598 = ORIENTED_EDGE('',*,*,#14599,.T.);
#14599 = EDGE_CURVE('',#14548,#14600,#14602,.T.);
#14600 = VERTEX_POINT('',#14601);
#14601 = CARTESIAN_POINT('',(32.4,23.692036196746,1.5));
#14602 = SURFACE_CURVE('',#14603,(#14608,#14615),.PCURVE_S1.);
#14603 = CIRCLE('',#14604,4.);
#14604 = AXIS2_PLACEMENT_3D('',#14605,#14606,#14607);
#14605 = CARTESIAN_POINT('',(36.,25.435595774163,1.5));
#14606 = DIRECTION('',(0.,0.,1.));
#14607 = DIRECTION('',(-1.,0.,0.));
#14608 = PCURVE('',#14563,#14609);
#14609 = DEFINITIONAL_REPRESENTATION('',(#14610),#14614);
#14610 = LINE('',#14611,#14612);
#14611 = CARTESIAN_POINT('',(0.,3.14159265359));
#14612 = VECTOR('',#14613,1.);
#14613 = DIRECTION('',(1.,0.));
#14614 = ( GEOMETRIC_REPRESENTATION_CONTEXT(2) 
PARAMETRIC_REPRESENTATION_CONTEXT() REPRESENTATION_CONTEXT('2D SPACE',''
  ) );
#14615 = PCURVE('',#10030,#14616);
#14616 = DEFINITIONAL_REPRESENTATION('',(#14617),#14621);
#14617 = LINE('',#14618,#14619);
#14618 = CARTESIAN_POINT('',(6.28318530718,-1.5));
#14619 = VECTOR('',#14620,1.);
#14620 = DIRECTION('',(-1.,-0.));
#14621 = ( GEOMETRIC_REPRESENTATION_CONTEXT(2) 
PARAMETRIC_REPRESENTATION_CONTEXT() REPRESENTATION_CONTEXT('2D SPACE',''
  ) );
#14622 = ORIENTED_EDGE('',*,*,#14623,.T.);
#14623 = EDGE_CURVE('',#14600,#14624,#14626,.T.);
#14624 = VERTEX_POINT('',#14625);
#14625 = CARTESIAN_POINT('',(31.05,23.038201355215,0.));
#14626 = SURFACE_CURVE('',#14627,(#14632,#14638),.PCURVE_S1.);
#14627 = CIRCLE('',#14628,1.5);
#14628 = AXIS2_PLACEMENT_3D('',#14629,#14630,#14631);
#14629 = CARTESIAN_POINT('',(31.05,23.038201355215,1.5));
#14630 = DIRECTION('',(-0.435889894354,0.9,0.));
#14631 = DIRECTION('',(-0.9,-0.435889894354,0.));
#14632 = PCURVE('',#14563,#14633);
#14633 = DEFINITIONAL_REPRESENTATION('',(#14634),#14637);
#14634 = B_SPLINE_CURVE_WITH_KNOTS('',1,(#14635,#14636),.UNSPECIFIED.,
  .F.,.F.,(2,2),(3.14159265359,4.712388980385),
  .PIECEWISE_BEZIER_KNOTS.);
#14635 = CARTESIAN_POINT('',(0.451026811796,3.14159265359));
#14636 = CARTESIAN_POINT('',(0.451026811796,4.712388980385));
#14637 = ( GEOMETRIC_REPRESENTATION_CONTEXT(2) 
PARAMETRIC_REPRESENTATION_CONTEXT() REPRESENTATION_CONTEXT('2D SPACE',''
  ) );
#14638 = PCURVE('',#14639,#14644);
#14639 = TOROIDAL_SURFACE('',#14640,34.5,1.5);
#14640 = AXIS2_PLACEMENT_3D('',#14641,#14642,#14643);
#14641 = CARTESIAN_POINT('',(0.,8.,1.5));
#14642 = DIRECTION('',(-0.,-0.,-1.));
#14643 = DIRECTION('',(0.9,0.435889894354,-0.));
#14644 = DEFINITIONAL_REPRESENTATION('',(#14645),#14648);
#14645 = B_SPLINE_CURVE_WITH_KNOTS('',1,(#14646,#14647),.UNSPECIFIED.,
  .F.,.F.,(2,2),(3.14159265359,4.712388980385),
  .PIECEWISE_BEZIER_KNOTS.);
#14646 = CARTESIAN_POINT('',(0.,0.));
#14647 = CARTESIAN_POINT('',(0.,1.570796326795));
#14648 = ( GEOMETRIC_REPRESENTATION_CONTEXT(2) 
PARAMETRIC_REPRESENTATION_CONTEXT() REPRESENTATION_CONTEXT('2D SPACE',''
  ) );
#14649 = ORIENTED_EDGE('',*,*,#14650,.F.);
#14650 = EDGE_CURVE('',#14525,#14624,#14651,.T.);
#14651 = SURFACE_CURVE('',#14652,(#14657,#14664),.PCURVE_S1.);
#14652 = CIRCLE('',#14653,5.5);
#14653 = AXIS2_PLACEMENT_3D('',#14654,#14655,#14656);
#14654 = CARTESIAN_POINT('',(36.,25.435595774163,0.));
#14655 = DIRECTION('',(0.,0.,1.));
#14656 = DIRECTION('',(-1.,0.,0.));
#14657 = PCURVE('',#14563,#14658);
#14658 = DEFINITIONAL_REPRESENTATION('',(#14659),#14663);
#14659 = LINE('',#14660,#14661);
#14660 = CARTESIAN_POINT('',(0.,4.712388980385));
#14661 = VECTOR('',#14662,1.);
#14662 = DIRECTION('',(1.,0.));
#14663 = ( GEOMETRIC_REPRESENTATION_CONTEXT(2) 
PARAMETRIC_REPRESENTATION_CONTEXT() REPRESENTATION_CONTEXT('2D SPACE',''
  ) );
#14664 = PCURVE('',#13882,#14665);
#14665 = DEFINITIONAL_REPRESENTATION('',(#14666),#14670);
#14666 = CIRCLE('',#14667,5.5);
#14667 = AXIS2_PLACEMENT_2D('',#14668,#14669);
#14668 = CARTESIAN_POINT('',(35.999999999989,25.388789952617));
#14669 = DIRECTION('',(-1.,0.));
#14670 = ( GEOMETRIC_REPRESENTATION_CONTEXT(2) 
PARAMETRIC_REPRESENTATION_CONTEXT() REPRESENTATION_CONTEXT('2D SPACE',''
  ) );
#14671 = ADVANCED_FACE('',(#14672),#14639,.T.);
#14672 = FACE_BOUND('',#14673,.T.);
#14673 = EDGE_LOOP('',(#14674,#14675,#14699,#14726));
#14674 = ORIENTED_EDGE('',*,*,#14623,.F.);
#14675 = ORIENTED_EDGE('',*,*,#14676,.T.);
#14676 = EDGE_CURVE('',#14600,#14677,#14679,.T.);
#14677 = VERTEX_POINT('',#14678);
#14678 = CARTESIAN_POINT('',(32.4,-7.692036196746,1.5));
#14679 = SURFACE_CURVE('',#14680,(#14685,#14692),.PCURVE_S1.);
#14680 = CIRCLE('',#14681,36.);
#14681 = AXIS2_PLACEMENT_3D('',#14682,#14683,#14684);
#14682 = CARTESIAN_POINT('',(0.,8.,1.5));
#14683 = DIRECTION('',(0.,-0.,-1.));
#14684 = DIRECTION('',(0.9,0.435889894354,-0.));
#14685 = PCURVE('',#14639,#14686);
#14686 = DEFINITIONAL_REPRESENTATION('',(#14687),#14691);
#14687 = LINE('',#14688,#14689);
#14688 = CARTESIAN_POINT('',(0.,0.));
#14689 = VECTOR('',#14690,1.);
#14690 = DIRECTION('',(1.,0.));
#14691 = ( GEOMETRIC_REPRESENTATION_CONTEXT(2) 
PARAMETRIC_REPRESENTATION_CONTEXT() REPRESENTATION_CONTEXT('2D SPACE',''
  ) );
#14692 = PCURVE('',#9997,#14693);
#14693 = DEFINITIONAL_REPRESENTATION('',(#14694),#14698);
#14694 = LINE('',#14695,#14696);
#14695 = CARTESIAN_POINT('',(-0.926909061457,-1.5));
#14696 = VECTOR('',#14697,1.);
#14697 = DIRECTION('',(1.,-0.));
#14698 = ( GEOMETRIC_REPRESENTATION_CONTEXT(2) 
PARAMETRIC_REPRESENTATION_CONTEXT() REPRESENTATION_CONTEXT('2D SPACE',''
  ) );
#14699 = ORIENTED_EDGE('',*,*,#14700,.T.);
#14700 = EDGE_CURVE('',#14677,#14701,#14703,.T.);
#14701 = VERTEX_POINT('',#14702);
#14702 = CARTESIAN_POINT('',(31.05,-7.038201355215,0.));
#14703 = SURFACE_CURVE('',#14704,(#14709,#14715),.PCURVE_S1.);
#14704 = CIRCLE('',#14705,1.5);
#14705 = AXIS2_PLACEMENT_3D('',#14706,#14707,#14708);
#14706 = CARTESIAN_POINT('',(31.05,-7.038201355215,1.5));
#14707 = DIRECTION('',(0.435889894354,0.9,0.));
#14708 = DIRECTION('',(0.9,-0.435889894354,0.));
#14709 = PCURVE('',#14639,#14710);
#14710 = DEFINITIONAL_REPRESENTATION('',(#14711),#14714);
#14711 = B_SPLINE_CURVE_WITH_KNOTS('',1,(#14712,#14713),.UNSPECIFIED.,
  .F.,.F.,(2,2),(0.,1.570796326795),.PIECEWISE_BEZIER_KNOTS.);
#14712 = CARTESIAN_POINT('',(0.902053623593,0.));
#14713 = CARTESIAN_POINT('',(0.902053623593,1.570796326795));
#14714 = ( GEOMETRIC_REPRESENTATION_CONTEXT(2) 
PARAMETRIC_REPRESENTATION_CONTEXT() REPRESENTATION_CONTEXT('2D SPACE',''
  ) );
#14715 = PCURVE('',#14716,#14721);
#14716 = TOROIDAL_SURFACE('',#14717,5.5,1.5);
#14717 = AXIS2_PLACEMENT_3D('',#14718,#14719,#14720);
#14718 = CARTESIAN_POINT('',(36.,-9.435595774163,1.5));
#14719 = DIRECTION('',(0.,0.,1.));
#14720 = DIRECTION('',(-0.9,0.435889894354,0.));
#14721 = DEFINITIONAL_REPRESENTATION('',(#14722),#14725);
#14722 = B_SPLINE_CURVE_WITH_KNOTS('',1,(#14723,#14724),.UNSPECIFIED.,
  .F.,.F.,(2,2),(0.,1.570796326795),.PIECEWISE_BEZIER_KNOTS.);
#14723 = CARTESIAN_POINT('',(0.,3.14159265359));
#14724 = CARTESIAN_POINT('',(0.,4.712388980385));
#14725 = ( GEOMETRIC_REPRESENTATION_CONTEXT(2) 
PARAMETRIC_REPRESENTATION_CONTEXT() REPRESENTATION_CONTEXT('2D SPACE',''
  ) );
#14726 = ORIENTED_EDGE('',*,*,#14727,.F.);
#14727 = EDGE_CURVE('',#14624,#14701,#14728,.T.);
#14728 = SURFACE_CURVE('',#14729,(#14734,#14741),.PCURVE_S1.);
#14729 = CIRCLE('',#14730,34.5);
#14730 = AXIS2_PLACEMENT_3D('',#14731,#14732,#14733);
#14731 = CARTESIAN_POINT('',(0.,8.,0.));
#14732 = DIRECTION('',(0.,-0.,-1.));
#14733 = DIRECTION('',(0.9,0.435889894354,-0.));
#14734 = PCURVE('',#14639,#14735);
#14735 = DEFINITIONAL_REPRESENTATION('',(#14736),#14740);
#14736 = LINE('',#14737,#14738);
#14737 = CARTESIAN_POINT('',(0.,1.570796326795));
#14738 = VECTOR('',#14739,1.);
#14739 = DIRECTION('',(1.,0.));
#14740 = ( GEOMETRIC_REPRESENTATION_CONTEXT(2) 
PARAMETRIC_REPRESENTATION_CONTEXT() REPRESENTATION_CONTEXT('2D SPACE',''
  ) );
#14741 = PCURVE('',#13882,#14742);
#14742 = DEFINITIONAL_REPRESENTATION('',(#14743),#14751);
#14743 = ( BOUNDED_CURVE() B_SPLINE_CURVE(2,(#14744,#14745,#14746,#14747
    ,#14748,#14749,#14750),.UNSPECIFIED.,.T.,.F.) 
B_SPLINE_CURVE_WITH_KNOTS((1,2,2,2,2,1),(-2.094395102393,0.,
    2.094395102393,4.188790204786,6.28318530718,8.377580409573),
.UNSPECIFIED.) CURVE() GEOMETRIC_REPRESENTATION_ITEM() 
RATIONAL_B_SPLINE_CURVE((1.,0.5,1.,0.5,1.,0.5,1.)) REPRESENTATION_ITEM(
  '') );
#14744 = CARTESIAN_POINT('',(31.049999999989,22.99139553367));
#14745 = CARTESIAN_POINT('',(57.096928801673,-30.78878204134));
#14746 = CARTESIAN_POINT('',(-2.501535599169,-26.45599528666));
#14747 = CARTESIAN_POINT('',(-62.10000000001,-22.12320853197));
#14748 = CARTESIAN_POINT('',(-28.54846440085,27.324182288353));
#14749 = CARTESIAN_POINT('',(5.003071198305,76.771573108683));
#14750 = CARTESIAN_POINT('',(31.049999999989,22.99139553367));
#14751 = ( GEOMETRIC_REPRESENTATION_CONTEXT(2) 
PARAMETRIC_REPRESENTATION_CONTEXT() REPRESENTATION_CONTEXT('2D SPACE',''
  ) );
#14752 = ADVANCED_FACE('',(#14753),#14716,.T.);
#14753 = FACE_BOUND('',#14754,.T.);
#14754 = EDGE_LOOP('',(#14755,#14756,#14780,#14807));
#14755 = ORIENTED_EDGE('',*,*,#14700,.F.);
#14756 = ORIENTED_EDGE('',*,*,#14757,.T.);
#14757 = EDGE_CURVE('',#14677,#14758,#14760,.T.);
#14758 = VERTEX_POINT('',#14759);
#14759 = CARTESIAN_POINT('',(32.,-9.435595774163,1.5));
#14760 = SURFACE_CURVE('',#14761,(#14766,#14773),.PCURVE_S1.);
#14761 = CIRCLE('',#14762,4.);
#14762 = AXIS2_PLACEMENT_3D('',#14763,#14764,#14765);
#14763 = CARTESIAN_POINT('',(36.,-9.435595774163,1.5));
#14764 = DIRECTION('',(0.,0.,1.));
#14765 = DIRECTION('',(-0.9,0.435889894354,0.));
#14766 = PCURVE('',#14716,#14767);
#14767 = DEFINITIONAL_REPRESENTATION('',(#14768),#14772);
#14768 = LINE('',#14769,#14770);
#14769 = CARTESIAN_POINT('',(0.,3.14159265359));
#14770 = VECTOR('',#14771,1.);
#14771 = DIRECTION('',(1.,0.));
#14772 = ( GEOMETRIC_REPRESENTATION_CONTEXT(2) 
PARAMETRIC_REPRESENTATION_CONTEXT() REPRESENTATION_CONTEXT('2D SPACE',''
  ) );
#14773 = PCURVE('',#9968,#14774);
#14774 = DEFINITIONAL_REPRESENTATION('',(#14775),#14779);
#14775 = LINE('',#14776,#14777);
#14776 = CARTESIAN_POINT('',(0.451026811796,-1.5));
#14777 = VECTOR('',#14778,1.);
#14778 = DIRECTION('',(-1.,-0.));
#14779 = ( GEOMETRIC_REPRESENTATION_CONTEXT(2) 
PARAMETRIC_REPRESENTATION_CONTEXT() REPRESENTATION_CONTEXT('2D SPACE',''
  ) );
#14780 = ORIENTED_EDGE('',*,*,#14781,.T.);
#14781 = EDGE_CURVE('',#14758,#14782,#14784,.T.);
#14782 = VERTEX_POINT('',#14783);
#14783 = CARTESIAN_POINT('',(30.5,-9.435595774163,0.));
#14784 = SURFACE_CURVE('',#14785,(#14790,#14796),.PCURVE_S1.);
#14785 = CIRCLE('',#14786,1.5);
#14786 = AXIS2_PLACEMENT_3D('',#14787,#14788,#14789);
#14787 = CARTESIAN_POINT('',(30.5,-9.435595774163,1.5));
#14788 = DIRECTION('',(3.330669073875E-16,1.,-0.));
#14789 = DIRECTION('',(-1.,3.330669073875E-16,0.));
#14790 = PCURVE('',#14716,#14791);
#14791 = DEFINITIONAL_REPRESENTATION('',(#14792),#14795);
#14792 = B_SPLINE_CURVE_WITH_KNOTS('',1,(#14793,#14794),.UNSPECIFIED.,
  .F.,.F.,(2,2),(3.14159265359,4.712388980385),
  .PIECEWISE_BEZIER_KNOTS.);
#14793 = CARTESIAN_POINT('',(0.451026811796,3.14159265359));
#14794 = CARTESIAN_POINT('',(0.451026811796,4.712388980385));
#14795 = ( GEOMETRIC_REPRESENTATION_CONTEXT(2) 
PARAMETRIC_REPRESENTATION_CONTEXT() REPRESENTATION_CONTEXT('2D SPACE',''
  ) );
#14796 = PCURVE('',#14797,#14802);
#14797 = CYLINDRICAL_SURFACE('',#14798,1.5);
#14798 = AXIS2_PLACEMENT_3D('',#14799,#14800,#14801);
#14799 = CARTESIAN_POINT('',(30.5,-9.435595774163,1.5));
#14800 = DIRECTION('',(-0.,-1.,-0.));
#14801 = DIRECTION('',(1.,-0.,0.));
#14802 = DEFINITIONAL_REPRESENTATION('',(#14803),#14806);
#14803 = B_SPLINE_CURVE_WITH_KNOTS('',1,(#14804,#14805),.UNSPECIFIED.,
  .F.,.F.,(2,2),(3.14159265359,4.712388980385),
  .PIECEWISE_BEZIER_KNOTS.);
#14804 = CARTESIAN_POINT('',(0.,0.));
#14805 = CARTESIAN_POINT('',(-1.570796326795,0.));
#14806 = ( GEOMETRIC_REPRESENTATION_CONTEXT(2) 
PARAMETRIC_REPRESENTATION_CONTEXT() REPRESENTATION_CONTEXT('2D SPACE',''
  ) );
#14807 = ORIENTED_EDGE('',*,*,#14808,.F.);
#14808 = EDGE_CURVE('',#14701,#14782,#14809,.T.);
#14809 = SURFACE_CURVE('',#14810,(#14815,#14822),.PCURVE_S1.);
#14810 = CIRCLE('',#14811,5.5);
#14811 = AXIS2_PLACEMENT_3D('',#14812,#14813,#14814);
#14812 = CARTESIAN_POINT('',(36.,-9.435595774163,0.));
#14813 = DIRECTION('',(0.,0.,1.));
#14814 = DIRECTION('',(-0.9,0.435889894354,0.));
#14815 = PCURVE('',#14716,#14816);
#14816 = DEFINITIONAL_REPRESENTATION('',(#14817),#14821);
#14817 = LINE('',#14818,#14819);
#14818 = CARTESIAN_POINT('',(0.,4.712388980385));
#14819 = VECTOR('',#14820,1.);
#14820 = DIRECTION('',(1.,0.));
#14821 = ( GEOMETRIC_REPRESENTATION_CONTEXT(2) 
PARAMETRIC_REPRESENTATION_CONTEXT() REPRESENTATION_CONTEXT('2D SPACE',''
  ) );
#14822 = PCURVE('',#13882,#14823);
#14823 = DEFINITIONAL_REPRESENTATION('',(#14824),#14828);
#14824 = CIRCLE('',#14825,5.5);
#14825 = AXIS2_PLACEMENT_2D('',#14826,#14827);
#14826 = CARTESIAN_POINT('',(35.999999999989,-9.482401595709));
#14827 = DIRECTION('',(-0.9,0.435889894354));
#14828 = ( GEOMETRIC_REPRESENTATION_CONTEXT(2) 
PARAMETRIC_REPRESENTATION_CONTEXT() REPRESENTATION_CONTEXT('2D SPACE',''
  ) );
#14829 = ADVANCED_FACE('',(#14830),#14797,.T.);
#14830 = FACE_BOUND('',#14831,.F.);
#14831 = EDGE_LOOP('',(#14832,#14833,#14856,#14883));
#14832 = ORIENTED_EDGE('',*,*,#14781,.T.);
#14833 = ORIENTED_EDGE('',*,*,#14834,.T.);
#14834 = EDGE_CURVE('',#14782,#14835,#14837,.T.);
#14835 = VERTEX_POINT('',#14836);
#14836 = CARTESIAN_POINT('',(30.5,-58.,-2.22044604925E-16));
#14837 = SURFACE_CURVE('',#14838,(#14842,#14849),.PCURVE_S1.);
#14838 = LINE('',#14839,#14840);
#14839 = CARTESIAN_POINT('',(30.5,-9.435595774163,-2.22044604925E-16));
#14840 = VECTOR('',#14841,1.);
#14841 = DIRECTION('',(-0.,-1.,-0.));
#14842 = PCURVE('',#14797,#14843);
#14843 = DEFINITIONAL_REPRESENTATION('',(#14844),#14848);
#14844 = LINE('',#14845,#14846);
#14845 = CARTESIAN_POINT('',(-1.570796326795,0.));
#14846 = VECTOR('',#14847,1.);
#14847 = DIRECTION('',(-0.,1.));
#14848 = ( GEOMETRIC_REPRESENTATION_CONTEXT(2) 
PARAMETRIC_REPRESENTATION_CONTEXT() REPRESENTATION_CONTEXT('2D SPACE',''
  ) );
#14849 = PCURVE('',#13882,#14850);
#14850 = DEFINITIONAL_REPRESENTATION('',(#14851),#14855);
#14851 = LINE('',#14852,#14853);
#14852 = CARTESIAN_POINT('',(30.499999999989,-9.482401595709));
#14853 = VECTOR('',#14854,1.);
#14854 = DIRECTION('',(0.,-1.));
#14855 = ( GEOMETRIC_REPRESENTATION_CONTEXT(2) 
PARAMETRIC_REPRESENTATION_CONTEXT() REPRESENTATION_CONTEXT('2D SPACE',''
  ) );
#14856 = ORIENTED_EDGE('',*,*,#14857,.F.);
#14857 = EDGE_CURVE('',#14858,#14835,#14860,.T.);
#14858 = VERTEX_POINT('',#14859);
#14859 = CARTESIAN_POINT('',(32.,-58.,1.5));
#14860 = SURFACE_CURVE('',#14861,(#14866,#14872),.PCURVE_S1.);
#14861 = CIRCLE('',#14862,1.5);
#14862 = AXIS2_PLACEMENT_3D('',#14863,#14864,#14865);
#14863 = CARTESIAN_POINT('',(30.5,-58.,1.5));
#14864 = DIRECTION('',(0.,1.,0.));
#14865 = DIRECTION('',(1.,-0.,0.));
#14866 = PCURVE('',#14797,#14867);
#14867 = DEFINITIONAL_REPRESENTATION('',(#14868),#14871);
#14868 = B_SPLINE_CURVE_WITH_KNOTS('',1,(#14869,#14870),.UNSPECIFIED.,
  .F.,.F.,(2,2),(0.,1.570796326795),.PIECEWISE_BEZIER_KNOTS.);
#14869 = CARTESIAN_POINT('',(0.,48.564404225838));
#14870 = CARTESIAN_POINT('',(-1.570796326795,48.564404225838));
#14871 = ( GEOMETRIC_REPRESENTATION_CONTEXT(2) 
PARAMETRIC_REPRESENTATION_CONTEXT() REPRESENTATION_CONTEXT('2D SPACE',''
  ) );
#14872 = PCURVE('',#14873,#14878);
#14873 = TOROIDAL_SURFACE('',#14874,2.5,1.5);
#14874 = AXIS2_PLACEMENT_3D('',#14875,#14876,#14877);
#14875 = CARTESIAN_POINT('',(28.,-58.,1.5));
#14876 = DIRECTION('',(-0.,-0.,-1.));
#14877 = DIRECTION('',(1.,0.,-0.));
#14878 = DEFINITIONAL_REPRESENTATION('',(#14879),#14882);
#14879 = B_SPLINE_CURVE_WITH_KNOTS('',1,(#14880,#14881),.UNSPECIFIED.,
  .F.,.F.,(2,2),(0.,1.570796326795),.PIECEWISE_BEZIER_KNOTS.);
#14880 = CARTESIAN_POINT('',(0.,0.));
#14881 = CARTESIAN_POINT('',(0.,1.570796326795));
#14882 = ( GEOMETRIC_REPRESENTATION_CONTEXT(2) 
PARAMETRIC_REPRESENTATION_CONTEXT() REPRESENTATION_CONTEXT('2D SPACE',''
  ) );
#14883 = ORIENTED_EDGE('',*,*,#14884,.F.);
#14884 = EDGE_CURVE('',#14758,#14858,#14885,.T.);
#14885 = SURFACE_CURVE('',#14886,(#14890,#14897),.PCURVE_S1.);
#14886 = LINE('',#14887,#14888);
#14887 = CARTESIAN_POINT('',(32.,-9.435595774163,1.5));
#14888 = VECTOR('',#14889,1.);
#14889 = DIRECTION('',(-0.,-1.,-0.));
#14890 = PCURVE('',#14797,#14891);
#14891 = DEFINITIONAL_REPRESENTATION('',(#14892),#14896);
#14892 = LINE('',#14893,#14894);
#14893 = CARTESIAN_POINT('',(-0.,0.));
#14894 = VECTOR('',#14895,1.);
#14895 = DIRECTION('',(-0.,1.));
#14896 = ( GEOMETRIC_REPRESENTATION_CONTEXT(2) 
PARAMETRIC_REPRESENTATION_CONTEXT() REPRESENTATION_CONTEXT('2D SPACE',''
  ) );
#14897 = PCURVE('',#9935,#14898);
#14898 = DEFINITIONAL_REPRESENTATION('',(#14899),#14903);
#14899 = LINE('',#14900,#14901);
#14900 = CARTESIAN_POINT('',(48.564404225838,-1.5));
#14901 = VECTOR('',#14902,1.);
#14902 = DIRECTION('',(-1.,0.));
#14903 = ( GEOMETRIC_REPRESENTATION_CONTEXT(2) 
PARAMETRIC_REPRESENTATION_CONTEXT() REPRESENTATION_CONTEXT('2D SPACE',''
  ) );
#14904 = ADVANCED_FACE('',(#14905),#14873,.T.);
#14905 = FACE_BOUND('',#14906,.T.);
#14906 = EDGE_LOOP('',(#14907,#14908,#14932,#14954));
#14907 = ORIENTED_EDGE('',*,*,#14857,.F.);
#14908 = ORIENTED_EDGE('',*,*,#14909,.T.);
#14909 = EDGE_CURVE('',#14858,#14910,#14912,.T.);
#14910 = VERTEX_POINT('',#14911);
#14911 = CARTESIAN_POINT('',(28.,-62.,1.5));
#14912 = SURFACE_CURVE('',#14913,(#14918,#14925),.PCURVE_S1.);
#14913 = CIRCLE('',#14914,4.);
#14914 = AXIS2_PLACEMENT_3D('',#14915,#14916,#14917);
#14915 = CARTESIAN_POINT('',(28.,-58.,1.5));
#14916 = DIRECTION('',(0.,-0.,-1.));
#14917 = DIRECTION('',(1.,0.,-0.));
#14918 = PCURVE('',#14873,#14919);
#14919 = DEFINITIONAL_REPRESENTATION('',(#14920),#14924);
#14920 = LINE('',#14921,#14922);
#14921 = CARTESIAN_POINT('',(0.,0.));
#14922 = VECTOR('',#14923,1.);
#14923 = DIRECTION('',(1.,0.));
#14924 = ( GEOMETRIC_REPRESENTATION_CONTEXT(2) 
PARAMETRIC_REPRESENTATION_CONTEXT() REPRESENTATION_CONTEXT('2D SPACE',''
  ) );
#14925 = PCURVE('',#9907,#14926);
#14926 = DEFINITIONAL_REPRESENTATION('',(#14927),#14931);
#14927 = LINE('',#14928,#14929);
#14928 = CARTESIAN_POINT('',(3.14159265359,-1.5));
#14929 = VECTOR('',#14930,1.);
#14930 = DIRECTION('',(1.,0.));
#14931 = ( GEOMETRIC_REPRESENTATION_CONTEXT(2) 
PARAMETRIC_REPRESENTATION_CONTEXT() REPRESENTATION_CONTEXT('2D SPACE',''
  ) );
#14932 = ORIENTED_EDGE('',*,*,#14933,.T.);
#14933 = EDGE_CURVE('',#14910,#14934,#14936,.T.);
#14934 = VERTEX_POINT('',#14935);
#14935 = CARTESIAN_POINT('',(28.,-60.5,0.));
#14936 = SURFACE_CURVE('',#14937,(#14942,#14948),.PCURVE_S1.);
#14937 = CIRCLE('',#14938,1.5);
#14938 = AXIS2_PLACEMENT_3D('',#14939,#14940,#14941);
#14939 = CARTESIAN_POINT('',(28.,-60.5,1.5));
#14940 = DIRECTION('',(1.,6.123233995737E-17,0.));
#14941 = DIRECTION('',(6.123233995737E-17,-1.,0.));
#14942 = PCURVE('',#14873,#14943);
#14943 = DEFINITIONAL_REPRESENTATION('',(#14944),#14947);
#14944 = B_SPLINE_CURVE_WITH_KNOTS('',1,(#14945,#14946),.UNSPECIFIED.,
  .F.,.F.,(2,2),(0.,1.570796326795),.PIECEWISE_BEZIER_KNOTS.);
#14945 = CARTESIAN_POINT('',(1.570796326795,0.));
#14946 = CARTESIAN_POINT('',(1.570796326795,1.570796326795));
#14947 = ( GEOMETRIC_REPRESENTATION_CONTEXT(2) 
PARAMETRIC_REPRESENTATION_CONTEXT() REPRESENTATION_CONTEXT('2D SPACE',''
  ) );
#14948 = PCURVE('',#13828,#14949);
#14949 = DEFINITIONAL_REPRESENTATION('',(#14950),#14953);
#14950 = B_SPLINE_CURVE_WITH_KNOTS('',1,(#14951,#14952),.UNSPECIFIED.,
  .F.,.F.,(2,2),(0.,1.570796326795),.PIECEWISE_BEZIER_KNOTS.);
#14951 = CARTESIAN_POINT('',(0.,-7.105427357601E-15));
#14952 = CARTESIAN_POINT('',(-1.570796326795,-7.105427357601E-15));
#14953 = ( GEOMETRIC_REPRESENTATION_CONTEXT(2) 
PARAMETRIC_REPRESENTATION_CONTEXT() REPRESENTATION_CONTEXT('2D SPACE',''
  ) );
#14954 = ORIENTED_EDGE('',*,*,#14955,.F.);
#14955 = EDGE_CURVE('',#14835,#14934,#14956,.T.);
#14956 = SURFACE_CURVE('',#14957,(#14962,#14969),.PCURVE_S1.);
#14957 = CIRCLE('',#14958,2.5);
#14958 = AXIS2_PLACEMENT_3D('',#14959,#14960,#14961);
#14959 = CARTESIAN_POINT('',(28.,-58.,0.));
#14960 = DIRECTION('',(0.,-0.,-1.));
#14961 = DIRECTION('',(1.,0.,-0.));
#14962 = PCURVE('',#14873,#14963);
#14963 = DEFINITIONAL_REPRESENTATION('',(#14964),#14968);
#14964 = LINE('',#14965,#14966);
#14965 = CARTESIAN_POINT('',(0.,1.570796326795));
#14966 = VECTOR('',#14967,1.);
#14967 = DIRECTION('',(1.,0.));
#14968 = ( GEOMETRIC_REPRESENTATION_CONTEXT(2) 
PARAMETRIC_REPRESENTATION_CONTEXT() REPRESENTATION_CONTEXT('2D SPACE',''
  ) );
#14969 = PCURVE('',#13882,#14970);
#14970 = DEFINITIONAL_REPRESENTATION('',(#14971),#14979);
#14971 = ( BOUNDED_CURVE() B_SPLINE_CURVE(2,(#14972,#14973,#14974,#14975
    ,#14976,#14977,#14978),.UNSPECIFIED.,.T.,.F.) 
B_SPLINE_CURVE_WITH_KNOTS((1,2,2,2,2,1),(-2.094395102393,0.,
    2.094395102393,4.188790204786,6.28318530718,8.377580409573),
.UNSPECIFIED.) CURVE() GEOMETRIC_REPRESENTATION_ITEM() 
RATIONAL_B_SPLINE_CURVE((1.,0.5,1.,0.5,1.,0.5,1.)) REPRESENTATION_ITEM(
  '') );
#14972 = CARTESIAN_POINT('',(30.499999999989,-58.04680582154));
#14973 = CARTESIAN_POINT('',(30.499999999989,-62.37693284046));
#14974 = CARTESIAN_POINT('',(26.749999999989,-60.211869331));
#14975 = CARTESIAN_POINT('',(22.999999999989,-58.04680582154));
#14976 = CARTESIAN_POINT('',(26.749999999989,-55.88174231208));
#14977 = CARTESIAN_POINT('',(30.499999999989,-53.71667880262));
#14978 = CARTESIAN_POINT('',(30.499999999989,-58.04680582154));
#14979 = ( GEOMETRIC_REPRESENTATION_CONTEXT(2) 
PARAMETRIC_REPRESENTATION_CONTEXT() REPRESENTATION_CONTEXT('2D SPACE',''
  ) );
#14980 = ADVANCED_FACE('',(#14981),#13882,.F.);
#14981 = FACE_BOUND('',#14982,.F.);
#14982 = EDGE_LOOP('',(#14983,#14984,#14985,#15006,#15007,#15008,#15009,
    #15010,#15011,#15012,#15013,#15014,#15015,#15016,#15017,#15018));
#14983 = ORIENTED_EDGE('',*,*,#13902,.F.);
#14984 = ORIENTED_EDGE('',*,*,#13867,.F.);
#14985 = ORIENTED_EDGE('',*,*,#14986,.F.);
#14986 = EDGE_CURVE('',#14934,#13813,#14987,.T.);
#14987 = SURFACE_CURVE('',#14988,(#14992,#14999),.PCURVE_S1.);
#14988 = LINE('',#14989,#14990);
#14989 = CARTESIAN_POINT('',(28.,-60.5,-2.22044604925E-16));
#14990 = VECTOR('',#14991,1.);
#14991 = DIRECTION('',(-1.,-0.,-0.));
#14992 = PCURVE('',#13882,#14993);
#14993 = DEFINITIONAL_REPRESENTATION('',(#14994),#14998);
#14994 = LINE('',#14995,#14996);
#14995 = CARTESIAN_POINT('',(27.999999999989,-60.54680582154));
#14996 = VECTOR('',#14997,1.);
#14997 = DIRECTION('',(-1.,0.));
#14998 = ( GEOMETRIC_REPRESENTATION_CONTEXT(2) 
PARAMETRIC_REPRESENTATION_CONTEXT() REPRESENTATION_CONTEXT('2D SPACE',''
  ) );
#14999 = PCURVE('',#13828,#15000);
#15000 = DEFINITIONAL_REPRESENTATION('',(#15001),#15005);
#15001 = LINE('',#15002,#15003);
#15002 = CARTESIAN_POINT('',(-1.570796326795,0.));
#15003 = VECTOR('',#15004,1.);
#15004 = DIRECTION('',(-0.,1.));
#15005 = ( GEOMETRIC_REPRESENTATION_CONTEXT(2) 
PARAMETRIC_REPRESENTATION_CONTEXT() REPRESENTATION_CONTEXT('2D SPACE',''
  ) );
#15006 = ORIENTED_EDGE('',*,*,#14955,.F.);
#15007 = ORIENTED_EDGE('',*,*,#14834,.F.);
#15008 = ORIENTED_EDGE('',*,*,#14808,.F.);
#15009 = ORIENTED_EDGE('',*,*,#14727,.F.);
#15010 = ORIENTED_EDGE('',*,*,#14650,.F.);
#15011 = ORIENTED_EDGE('',*,*,#14524,.F.);
#15012 = ORIENTED_EDGE('',*,*,#14494,.F.);
#15013 = ORIENTED_EDGE('',*,*,#14368,.F.);
#15014 = ORIENTED_EDGE('',*,*,#14338,.F.);
#15015 = ORIENTED_EDGE('',*,*,#14212,.F.);
#15016 = ORIENTED_EDGE('',*,*,#14186,.F.);
#15017 = ORIENTED_EDGE('',*,*,#14105,.F.);
#15018 = ORIENTED_EDGE('',*,*,#14028,.F.);
#15019 = ADVANCED_FACE('',(#15020),#13828,.T.);
#15020 = FACE_BOUND('',#15021,.F.);
#15021 = EDGE_LOOP('',(#15022,#15023,#15024,#15025));
#15022 = ORIENTED_EDGE('',*,*,#14933,.T.);
#15023 = ORIENTED_EDGE('',*,*,#14986,.T.);
#15024 = ORIENTED_EDGE('',*,*,#13812,.F.);
#15025 = ORIENTED_EDGE('',*,*,#15026,.F.);
#15026 = EDGE_CURVE('',#14910,#13736,#15027,.T.);
#15027 = SURFACE_CURVE('',#15028,(#15032,#15039),.PCURVE_S1.);
#15028 = LINE('',#15029,#15030);
#15029 = CARTESIAN_POINT('',(28.,-62.,1.5));
#15030 = VECTOR('',#15031,1.);
#15031 = DIRECTION('',(-1.,-0.,-0.));
#15032 = PCURVE('',#13828,#15033);
#15033 = DEFINITIONAL_REPRESENTATION('',(#15034),#15038);
#15034 = LINE('',#15035,#15036);
#15035 = CARTESIAN_POINT('',(-0.,0.));
#15036 = VECTOR('',#15037,1.);
#15037 = DIRECTION('',(-0.,1.));
#15038 = ( GEOMETRIC_REPRESENTATION_CONTEXT(2) 
PARAMETRIC_REPRESENTATION_CONTEXT() REPRESENTATION_CONTEXT('2D SPACE',''
  ) );
#15039 = PCURVE('',#9874,#15040);
#15040 = DEFINITIONAL_REPRESENTATION('',(#15041),#15045);
#15041 = LINE('',#15042,#15043);
#15042 = CARTESIAN_POINT('',(56.,-1.5));
#15043 = VECTOR('',#15044,1.);
#15044 = DIRECTION('',(-1.,0.));
#15045 = ( GEOMETRIC_REPRESENTATION_CONTEXT(2) 
PARAMETRIC_REPRESENTATION_CONTEXT() REPRESENTATION_CONTEXT('2D SPACE',''
  ) );
#15046 = ADVANCED_FACE('',(#15047),#9368,.F.);
#15047 = FACE_BOUND('',#15048,.F.);
#15048 = EDGE_LOOP('',(#15049,#15050,#15069,#15070));
#15049 = ORIENTED_EDGE('',*,*,#11621,.F.);
#15050 = ORIENTED_EDGE('',*,*,#15051,.F.);
#15051 = EDGE_CURVE('',#9324,#11622,#15052,.T.);
#15052 = SURFACE_CURVE('',#15053,(#15057,#15063),.PCURVE_S1.);
#15053 = LINE('',#15054,#15055);
#15054 = CARTESIAN_POINT('',(-26.81256579129,60.2,1.8));
#15055 = VECTOR('',#15056,1.);
#15056 = DIRECTION('',(-0.,-0.,-1.));
#15057 = PCURVE('',#9368,#15058);
#15058 = DEFINITIONAL_REPRESENTATION('',(#15059),#15062);
#15059 = B_SPLINE_CURVE_WITH_KNOTS('',1,(#15060,#15061),.UNSPECIFIED.,
  .F.,.F.,(2,2),(-5.4500024,2.400000000069E-06),
  .PIECEWISE_BEZIER_KNOTS.);
#15060 = CARTESIAN_POINT('',(1.187434208704,-5.4500024));
#15061 = CARTESIAN_POINT('',(1.187434208704,2.400000000069E-06));
#15062 = ( GEOMETRIC_REPRESENTATION_CONTEXT(2) 
PARAMETRIC_REPRESENTATION_CONTEXT() REPRESENTATION_CONTEXT('2D SPACE',''
  ) );
#15063 = PCURVE('',#9340,#15064);
#15064 = DEFINITIONAL_REPRESENTATION('',(#15065),#15068);
#15065 = B_SPLINE_CURVE_WITH_KNOTS('',1,(#15066,#15067),.UNSPECIFIED.,
  .F.,.F.,(2,2),(-5.45,0.),.PIECEWISE_BEZIER_KNOTS.);
#15066 = CARTESIAN_POINT('',(-7.359047507634,-5.45));
#15067 = CARTESIAN_POINT('',(-7.359047507634,0.));
#15068 = ( GEOMETRIC_REPRESENTATION_CONTEXT(2) 
PARAMETRIC_REPRESENTATION_CONTEXT() REPRESENTATION_CONTEXT('2D SPACE',''
  ) );
#15069 = ORIENTED_EDGE('',*,*,#9352,.F.);
#15070 = ORIENTED_EDGE('',*,*,#13711,.F.);
#15071 = ADVANCED_FACE('',(#15072),#9874,.F.);
#15072 = FACE_BOUND('',#15073,.F.);
#15073 = EDGE_LOOP('',(#15074,#15075,#15076,#15097));
#15074 = ORIENTED_EDGE('',*,*,#13735,.T.);
#15075 = ORIENTED_EDGE('',*,*,#9858,.T.);
#15076 = ORIENTED_EDGE('',*,*,#15077,.F.);
#15077 = EDGE_CURVE('',#14910,#9859,#15078,.T.);
#15078 = SURFACE_CURVE('',#15079,(#15083,#15090),.PCURVE_S1.);
#15079 = LINE('',#15080,#15081);
#15080 = CARTESIAN_POINT('',(28.,-62.,0.));
#15081 = VECTOR('',#15082,1.);
#15082 = DIRECTION('',(0.,0.,1.));
#15083 = PCURVE('',#9874,#15084);
#15084 = DEFINITIONAL_REPRESENTATION('',(#15085),#15089);
#15085 = LINE('',#15086,#15087);
#15086 = CARTESIAN_POINT('',(56.,0.));
#15087 = VECTOR('',#15088,1.);
#15088 = DIRECTION('',(0.,-1.));
#15089 = ( GEOMETRIC_REPRESENTATION_CONTEXT(2) 
PARAMETRIC_REPRESENTATION_CONTEXT() REPRESENTATION_CONTEXT('2D SPACE',''
  ) );
#15090 = PCURVE('',#9907,#15091);
#15091 = DEFINITIONAL_REPRESENTATION('',(#15092),#15096);
#15092 = LINE('',#15093,#15094);
#15093 = CARTESIAN_POINT('',(4.712388980385,0.));
#15094 = VECTOR('',#15095,1.);
#15095 = DIRECTION('',(0.,-1.));
#15096 = ( GEOMETRIC_REPRESENTATION_CONTEXT(2) 
PARAMETRIC_REPRESENTATION_CONTEXT() REPRESENTATION_CONTEXT('2D SPACE',''
  ) );
#15097 = ORIENTED_EDGE('',*,*,#15026,.T.);
#15098 = ADVANCED_FACE('',(#15099),#9340,.T.);
#15099 = FACE_BOUND('',#15100,.F.);
#15100 = EDGE_LOOP('',(#15101,#15102,#15121,#15122));
#15101 = ORIENTED_EDGE('',*,*,#11644,.T.);
#15102 = ORIENTED_EDGE('',*,*,#15103,.F.);
#15103 = EDGE_CURVE('',#9297,#11645,#15104,.T.);
#15104 = SURFACE_CURVE('',#15105,(#15109,#15115),.PCURVE_S1.);
#15105 = LINE('',#15106,#15107);
#15106 = CARTESIAN_POINT('',(-30.2,56.812565791296,1.8));
#15107 = VECTOR('',#15108,1.);
#15108 = DIRECTION('',(-0.,-0.,-1.));
#15109 = PCURVE('',#9340,#15110);
#15110 = DEFINITIONAL_REPRESENTATION('',(#15111),#15114);
#15111 = B_SPLINE_CURVE_WITH_KNOTS('',1,(#15112,#15113),.UNSPECIFIED.,
  .F.,.F.,(2,2),(-5.45,0.),.PIECEWISE_BEZIER_KNOTS.);
#15112 = CARTESIAN_POINT('',(-3.636526779931,-5.45));
#15113 = CARTESIAN_POINT('',(-3.636526779931,0.));
#15114 = ( GEOMETRIC_REPRESENTATION_CONTEXT(2) 
PARAMETRIC_REPRESENTATION_CONTEXT() REPRESENTATION_CONTEXT('2D SPACE',''
  ) );
#15115 = PCURVE('',#9312,#15116);
#15116 = DEFINITIONAL_REPRESENTATION('',(#15117),#15120);
#15117 = B_SPLINE_CURVE_WITH_KNOTS('',1,(#15118,#15119),.UNSPECIFIED.,
  .F.,.F.,(2,2),(-5.4500024,2.400000000069E-06),
  .PIECEWISE_BEZIER_KNOTS.);
#15118 = CARTESIAN_POINT('',(31.376970017134,-5.4500024));
#15119 = CARTESIAN_POINT('',(31.376970017134,2.400000000069E-06));
#15120 = ( GEOMETRIC_REPRESENTATION_CONTEXT(2) 
PARAMETRIC_REPRESENTATION_CONTEXT() REPRESENTATION_CONTEXT('2D SPACE',''
  ) );
#15121 = ORIENTED_EDGE('',*,*,#9323,.T.);
#15122 = ORIENTED_EDGE('',*,*,#15051,.T.);
#15123 = ADVANCED_FACE('',(#15124),#9907,.T.);
#15124 = FACE_BOUND('',#15125,.T.);
#15125 = EDGE_LOOP('',(#15126,#15147,#15148,#15149));
#15126 = ORIENTED_EDGE('',*,*,#15127,.T.);
#15127 = EDGE_CURVE('',#14858,#9887,#15128,.T.);
#15128 = SURFACE_CURVE('',#15129,(#15133,#15140),.PCURVE_S1.);
#15129 = LINE('',#15130,#15131);
#15130 = CARTESIAN_POINT('',(32.,-58.,0.));
#15131 = VECTOR('',#15132,1.);
#15132 = DIRECTION('',(0.,0.,1.));
#15133 = PCURVE('',#9907,#15134);
#15134 = DEFINITIONAL_REPRESENTATION('',(#15135),#15139);
#15135 = LINE('',#15136,#15137);
#15136 = CARTESIAN_POINT('',(3.14159265359,0.));
#15137 = VECTOR('',#15138,1.);
#15138 = DIRECTION('',(0.,-1.));
#15139 = ( GEOMETRIC_REPRESENTATION_CONTEXT(2) 
PARAMETRIC_REPRESENTATION_CONTEXT() REPRESENTATION_CONTEXT('2D SPACE',''
  ) );
#15140 = PCURVE('',#9935,#15141);
#15141 = DEFINITIONAL_REPRESENTATION('',(#15142),#15146);
#15142 = LINE('',#15143,#15144);
#15143 = CARTESIAN_POINT('',(0.,0.));
#15144 = VECTOR('',#15145,1.);
#15145 = DIRECTION('',(0.,-1.));
#15146 = ( GEOMETRIC_REPRESENTATION_CONTEXT(2) 
PARAMETRIC_REPRESENTATION_CONTEXT() REPRESENTATION_CONTEXT('2D SPACE',''
  ) );
#15147 = ORIENTED_EDGE('',*,*,#9886,.T.);
#15148 = ORIENTED_EDGE('',*,*,#15077,.F.);
#15149 = ORIENTED_EDGE('',*,*,#14909,.F.);
#15150 = ADVANCED_FACE('',(#15151),#9312,.F.);
#15151 = FACE_BOUND('',#15152,.F.);
#15152 = EDGE_LOOP('',(#15153,#15154,#15175,#15176));
#15153 = ORIENTED_EDGE('',*,*,#11672,.F.);
#15154 = ORIENTED_EDGE('',*,*,#15155,.T.);
#15155 = EDGE_CURVE('',#11673,#9264,#15156,.T.);
#15156 = SURFACE_CURVE('',#15157,(#15161,#15168),.PCURVE_S1.);
#15157 = LINE('',#15158,#15159);
#15158 = CARTESIAN_POINT('',(-30.2,25.435595774163,1.8));
#15159 = VECTOR('',#15160,1.);
#15160 = DIRECTION('',(0.,0.,1.));
#15161 = PCURVE('',#9312,#15162);
#15162 = DEFINITIONAL_REPRESENTATION('',(#15163),#15167);
#15163 = LINE('',#15164,#15165);
#15164 = CARTESIAN_POINT('',(0.,0.));
#15165 = VECTOR('',#15166,1.);
#15166 = DIRECTION('',(0.,-1.));
#15167 = ( GEOMETRIC_REPRESENTATION_CONTEXT(2) 
PARAMETRIC_REPRESENTATION_CONTEXT() REPRESENTATION_CONTEXT('2D SPACE',''
  ) );
#15168 = PCURVE('',#9284,#15169);
#15169 = DEFINITIONAL_REPRESENTATION('',(#15170),#15174);
#15170 = LINE('',#15171,#15172);
#15171 = CARTESIAN_POINT('',(3.14159265359,0.));
#15172 = VECTOR('',#15173,1.);
#15173 = DIRECTION('',(0.,-1.));
#15174 = ( GEOMETRIC_REPRESENTATION_CONTEXT(2) 
PARAMETRIC_REPRESENTATION_CONTEXT() REPRESENTATION_CONTEXT('2D SPACE',''
  ) );
#15175 = ORIENTED_EDGE('',*,*,#9296,.F.);
#15176 = ORIENTED_EDGE('',*,*,#15103,.T.);
#15177 = ADVANCED_FACE('',(#15178),#9935,.F.);
#15178 = FACE_BOUND('',#15179,.F.);
#15179 = EDGE_LOOP('',(#15180,#15181,#15182,#15203));
#15180 = ORIENTED_EDGE('',*,*,#15127,.T.);
#15181 = ORIENTED_EDGE('',*,*,#9919,.T.);
#15182 = ORIENTED_EDGE('',*,*,#15183,.F.);
#15183 = EDGE_CURVE('',#14758,#9920,#15184,.T.);
#15184 = SURFACE_CURVE('',#15185,(#15189,#15196),.PCURVE_S1.);
#15185 = LINE('',#15186,#15187);
#15186 = CARTESIAN_POINT('',(32.,-9.435595774163,0.));
#15187 = VECTOR('',#15188,1.);
#15188 = DIRECTION('',(0.,0.,1.));
#15189 = PCURVE('',#9935,#15190);
#15190 = DEFINITIONAL_REPRESENTATION('',(#15191),#15195);
#15191 = LINE('',#15192,#15193);
#15192 = CARTESIAN_POINT('',(48.564404225838,0.));
#15193 = VECTOR('',#15194,1.);
#15194 = DIRECTION('',(0.,-1.));
#15195 = ( GEOMETRIC_REPRESENTATION_CONTEXT(2) 
PARAMETRIC_REPRESENTATION_CONTEXT() REPRESENTATION_CONTEXT('2D SPACE',''
  ) );
#15196 = PCURVE('',#9968,#15197);
#15197 = DEFINITIONAL_REPRESENTATION('',(#15198),#15202);
#15198 = LINE('',#15199,#15200);
#15199 = CARTESIAN_POINT('',(0.,0.));
#15200 = VECTOR('',#15201,1.);
#15201 = DIRECTION('',(0.,-1.));
#15202 = ( GEOMETRIC_REPRESENTATION_CONTEXT(2) 
PARAMETRIC_REPRESENTATION_CONTEXT() REPRESENTATION_CONTEXT('2D SPACE',''
  ) );
#15203 = ORIENTED_EDGE('',*,*,#14884,.T.);
#15204 = ADVANCED_FACE('',(#15205),#9284,.T.);
#15205 = FACE_BOUND('',#15206,.T.);
#15206 = EDGE_LOOP('',(#15207,#15208,#15209,#15210));
#15207 = ORIENTED_EDGE('',*,*,#11695,.F.);
#15208 = ORIENTED_EDGE('',*,*,#15155,.T.);
#15209 = ORIENTED_EDGE('',*,*,#9263,.T.);
#15210 = ORIENTED_EDGE('',*,*,#15211,.F.);
#15211 = EDGE_CURVE('',#11696,#9231,#15212,.T.);
#15212 = SURFACE_CURVE('',#15213,(#15217,#15224),.PCURVE_S1.);
#15213 = LINE('',#15214,#15215);
#15214 = CARTESIAN_POINT('',(-30.78,22.907434386909,1.8));
#15215 = VECTOR('',#15216,1.);
#15216 = DIRECTION('',(0.,0.,1.));
#15217 = PCURVE('',#9284,#15218);
#15218 = DEFINITIONAL_REPRESENTATION('',(#15219),#15223);
#15219 = LINE('',#15220,#15221);
#15220 = CARTESIAN_POINT('',(3.592619465386,0.));
#15221 = VECTOR('',#15222,1.);
#15222 = DIRECTION('',(0.,-1.));
#15223 = ( GEOMETRIC_REPRESENTATION_CONTEXT(2) 
PARAMETRIC_REPRESENTATION_CONTEXT() REPRESENTATION_CONTEXT('2D SPACE',''
  ) );
#15224 = PCURVE('',#9251,#15225);
#15225 = DEFINITIONAL_REPRESENTATION('',(#15226),#15230);
#15226 = LINE('',#15227,#15228);
#15227 = CARTESIAN_POINT('',(-2.690565841794,0.));
#15228 = VECTOR('',#15229,1.);
#15229 = DIRECTION('',(-0.,-1.));
#15230 = ( GEOMETRIC_REPRESENTATION_CONTEXT(2) 
PARAMETRIC_REPRESENTATION_CONTEXT() REPRESENTATION_CONTEXT('2D SPACE',''
  ) );
#15231 = ADVANCED_FACE('',(#15232),#9968,.F.);
#15232 = FACE_BOUND('',#15233,.F.);
#15233 = EDGE_LOOP('',(#15234,#15235,#15236,#15257));
#15234 = ORIENTED_EDGE('',*,*,#15183,.T.);
#15235 = ORIENTED_EDGE('',*,*,#9947,.T.);
#15236 = ORIENTED_EDGE('',*,*,#15237,.F.);
#15237 = EDGE_CURVE('',#14677,#9948,#15238,.T.);
#15238 = SURFACE_CURVE('',#15239,(#15243,#15250),.PCURVE_S1.);
#15239 = LINE('',#15240,#15241);
#15240 = CARTESIAN_POINT('',(32.4,-7.692036196746,0.));
#15241 = VECTOR('',#15242,1.);
#15242 = DIRECTION('',(0.,0.,1.));
#15243 = PCURVE('',#9968,#15244);
#15244 = DEFINITIONAL_REPRESENTATION('',(#15245),#15249);
#15245 = LINE('',#15246,#15247);
#15246 = CARTESIAN_POINT('',(0.451026811796,0.));
#15247 = VECTOR('',#15248,1.);
#15248 = DIRECTION('',(0.,-1.));
#15249 = ( GEOMETRIC_REPRESENTATION_CONTEXT(2) 
PARAMETRIC_REPRESENTATION_CONTEXT() REPRESENTATION_CONTEXT('2D SPACE',''
  ) );
#15250 = PCURVE('',#9997,#15251);
#15251 = DEFINITIONAL_REPRESENTATION('',(#15252),#15256);
#15252 = LINE('',#15253,#15254);
#15253 = CARTESIAN_POINT('',(-2.485543786412E-02,0.));
#15254 = VECTOR('',#15255,1.);
#15255 = DIRECTION('',(-0.,-1.));
#15256 = ( GEOMETRIC_REPRESENTATION_CONTEXT(2) 
PARAMETRIC_REPRESENTATION_CONTEXT() REPRESENTATION_CONTEXT('2D SPACE',''
  ) );
#15257 = ORIENTED_EDGE('',*,*,#14757,.T.);
#15258 = ADVANCED_FACE('',(#15259),#9251,.F.);
#15259 = FACE_BOUND('',#15260,.T.);
#15260 = EDGE_LOOP('',(#15261,#15262,#15263,#15264));
#15261 = ORIENTED_EDGE('',*,*,#11723,.F.);
#15262 = ORIENTED_EDGE('',*,*,#15211,.T.);
#15263 = ORIENTED_EDGE('',*,*,#9230,.F.);
#15264 = ORIENTED_EDGE('',*,*,#15265,.F.);
#15265 = EDGE_CURVE('',#11724,#9198,#15266,.T.);
#15266 = SURFACE_CURVE('',#15267,(#15271,#15278),.PCURVE_S1.);
#15267 = LINE('',#15268,#15269);
#15268 = CARTESIAN_POINT('',(-30.78,-6.907434386909,1.8));
#15269 = VECTOR('',#15270,1.);
#15270 = DIRECTION('',(0.,0.,1.));
#15271 = PCURVE('',#9251,#15272);
#15272 = DEFINITIONAL_REPRESENTATION('',(#15273),#15277);
#15273 = LINE('',#15274,#15275);
#15274 = CARTESIAN_POINT('',(-3.592619465386,0.));
#15275 = VECTOR('',#15276,1.);
#15276 = DIRECTION('',(-0.,-1.));
#15277 = ( GEOMETRIC_REPRESENTATION_CONTEXT(2) 
PARAMETRIC_REPRESENTATION_CONTEXT() REPRESENTATION_CONTEXT('2D SPACE',''
  ) );
#15278 = PCURVE('',#9218,#15279);
#15279 = DEFINITIONAL_REPRESENTATION('',(#15280),#15284);
#15280 = LINE('',#15281,#15282);
#15281 = CARTESIAN_POINT('',(2.690565841794,0.));
#15282 = VECTOR('',#15283,1.);
#15283 = DIRECTION('',(0.,-1.));
#15284 = ( GEOMETRIC_REPRESENTATION_CONTEXT(2) 
PARAMETRIC_REPRESENTATION_CONTEXT() REPRESENTATION_CONTEXT('2D SPACE',''
  ) );
#15285 = ADVANCED_FACE('',(#15286),#9997,.T.);
#15286 = FACE_BOUND('',#15287,.F.);
#15287 = EDGE_LOOP('',(#15288,#15289,#15290,#15311));
#15288 = ORIENTED_EDGE('',*,*,#15237,.T.);
#15289 = ORIENTED_EDGE('',*,*,#9980,.T.);
#15290 = ORIENTED_EDGE('',*,*,#15291,.F.);
#15291 = EDGE_CURVE('',#14600,#9981,#15292,.T.);
#15292 = SURFACE_CURVE('',#15293,(#15297,#15304),.PCURVE_S1.);
#15293 = LINE('',#15294,#15295);
#15294 = CARTESIAN_POINT('',(32.4,23.692036196746,0.));
#15295 = VECTOR('',#15296,1.);
#15296 = DIRECTION('',(0.,0.,1.));
#15297 = PCURVE('',#9997,#15298);
#15298 = DEFINITIONAL_REPRESENTATION('',(#15299),#15303);
#15299 = LINE('',#15300,#15301);
#15300 = CARTESIAN_POINT('',(-0.926909061457,0.));
#15301 = VECTOR('',#15302,1.);
#15302 = DIRECTION('',(-0.,-1.));
#15303 = ( GEOMETRIC_REPRESENTATION_CONTEXT(2) 
PARAMETRIC_REPRESENTATION_CONTEXT() REPRESENTATION_CONTEXT('2D SPACE',''
  ) );
#15304 = PCURVE('',#10030,#15305);
#15305 = DEFINITIONAL_REPRESENTATION('',(#15306),#15310);
#15306 = LINE('',#15307,#15308);
#15307 = CARTESIAN_POINT('',(5.832158495383,0.));
#15308 = VECTOR('',#15309,1.);
#15309 = DIRECTION('',(0.,-1.));
#15310 = ( GEOMETRIC_REPRESENTATION_CONTEXT(2) 
PARAMETRIC_REPRESENTATION_CONTEXT() REPRESENTATION_CONTEXT('2D SPACE',''
  ) );
#15311 = ORIENTED_EDGE('',*,*,#14676,.T.);
#15312 = ADVANCED_FACE('',(#15313),#9218,.T.);
#15313 = FACE_BOUND('',#15314,.T.);
#15314 = EDGE_LOOP('',(#15315,#15316,#15317,#15318));
#15315 = ORIENTED_EDGE('',*,*,#11747,.F.);
#15316 = ORIENTED_EDGE('',*,*,#15265,.T.);
#15317 = ORIENTED_EDGE('',*,*,#9197,.T.);
#15318 = ORIENTED_EDGE('',*,*,#15319,.F.);
#15319 = EDGE_CURVE('',#11097,#9171,#15320,.T.);
#15320 = SURFACE_CURVE('',#15321,(#15325,#15332),.PCURVE_S1.);
#15321 = LINE('',#15322,#15323);
#15322 = CARTESIAN_POINT('',(-30.2,-9.435595774163,1.8));
#15323 = VECTOR('',#15324,1.);
#15324 = DIRECTION('',(0.,0.,1.));
#15325 = PCURVE('',#9218,#15326);
#15326 = DEFINITIONAL_REPRESENTATION('',(#15327),#15331);
#15327 = LINE('',#15328,#15329);
#15328 = CARTESIAN_POINT('',(3.14159265359,0.));
#15329 = VECTOR('',#15330,1.);
#15330 = DIRECTION('',(0.,-1.));
#15331 = ( GEOMETRIC_REPRESENTATION_CONTEXT(2) 
PARAMETRIC_REPRESENTATION_CONTEXT() REPRESENTATION_CONTEXT('2D SPACE',''
  ) );
#15332 = PCURVE('',#9186,#15333);
#15333 = DEFINITIONAL_REPRESENTATION('',(#15334),#15338);
#15334 = LINE('',#15335,#15336);
#15335 = CARTESIAN_POINT('',(48.564404225838,0.));
#15336 = VECTOR('',#15337,1.);
#15337 = DIRECTION('',(0.,-1.));
#15338 = ( GEOMETRIC_REPRESENTATION_CONTEXT(2) 
PARAMETRIC_REPRESENTATION_CONTEXT() REPRESENTATION_CONTEXT('2D SPACE',''
  ) );
#15339 = ADVANCED_FACE('',(#15340),#10030,.F.);
#15340 = FACE_BOUND('',#15341,.F.);
#15341 = EDGE_LOOP('',(#15342,#15343,#15344,#15365));
#15342 = ORIENTED_EDGE('',*,*,#15291,.T.);
#15343 = ORIENTED_EDGE('',*,*,#10009,.T.);
#15344 = ORIENTED_EDGE('',*,*,#15345,.F.);
#15345 = EDGE_CURVE('',#14548,#10010,#15346,.T.);
#15346 = SURFACE_CURVE('',#15347,(#15351,#15358),.PCURVE_S1.);
#15347 = LINE('',#15348,#15349);
#15348 = CARTESIAN_POINT('',(32.,25.435595774163,0.));
#15349 = VECTOR('',#15350,1.);
#15350 = DIRECTION('',(0.,0.,1.));
#15351 = PCURVE('',#10030,#15352);
#15352 = DEFINITIONAL_REPRESENTATION('',(#15353),#15357);
#15353 = LINE('',#15354,#15355);
#15354 = CARTESIAN_POINT('',(6.28318530718,0.));
#15355 = VECTOR('',#15356,1.);
#15356 = DIRECTION('',(0.,-1.));
#15357 = ( GEOMETRIC_REPRESENTATION_CONTEXT(2) 
PARAMETRIC_REPRESENTATION_CONTEXT() REPRESENTATION_CONTEXT('2D SPACE',''
  ) );
#15358 = PCURVE('',#10058,#15359);
#15359 = DEFINITIONAL_REPRESENTATION('',(#15360),#15364);
#15360 = LINE('',#15361,#15362);
#15361 = CARTESIAN_POINT('',(0.,0.));
#15362 = VECTOR('',#15363,1.);
#15363 = DIRECTION('',(0.,-1.));
#15364 = ( GEOMETRIC_REPRESENTATION_CONTEXT(2) 
PARAMETRIC_REPRESENTATION_CONTEXT() REPRESENTATION_CONTEXT('2D SPACE',''
  ) );
#15365 = ORIENTED_EDGE('',*,*,#14599,.T.);
#15366 = ADVANCED_FACE('',(#15367),#9186,.F.);
#15367 = FACE_BOUND('',#15368,.F.);
#15368 = EDGE_LOOP('',(#15369,#15370,#15371,#15372,#15373,#15374,#15375,
    #15376,#15395,#15396));
#15369 = ORIENTED_EDGE('',*,*,#11094,.F.);
#15370 = ORIENTED_EDGE('',*,*,#13302,.F.);
#15371 = ORIENTED_EDGE('',*,*,#9754,.F.);
#15372 = ORIENTED_EDGE('',*,*,#13408,.F.);
#15373 = ORIENTED_EDGE('',*,*,#13451,.F.);
#15374 = ORIENTED_EDGE('',*,*,#13529,.T.);
#15375 = ORIENTED_EDGE('',*,*,#13601,.F.);
#15376 = ORIENTED_EDGE('',*,*,#15377,.T.);
#15377 = EDGE_CURVE('',#13602,#9145,#15378,.T.);
#15378 = SURFACE_CURVE('',#15379,(#15383,#15389),.PCURVE_S1.);
#15379 = LINE('',#15380,#15381);
#15380 = CARTESIAN_POINT('',(-30.2,-36.,3.4));
#15381 = VECTOR('',#15382,1.);
#15382 = DIRECTION('',(0.,0.,1.));
#15383 = PCURVE('',#9186,#15384);
#15384 = DEFINITIONAL_REPRESENTATION('',(#15385),#15388);
#15385 = B_SPLINE_CURVE_WITH_KNOTS('',1,(#15386,#15387),.UNSPECIFIED.,
  .F.,.F.,(2,2),(1.6,3.85),.PIECEWISE_BEZIER_KNOTS.);
#15386 = CARTESIAN_POINT('',(22.000000000001,-3.2));
#15387 = CARTESIAN_POINT('',(22.000000000001,-5.45));
#15388 = ( GEOMETRIC_REPRESENTATION_CONTEXT(2) 
PARAMETRIC_REPRESENTATION_CONTEXT() REPRESENTATION_CONTEXT('2D SPACE',''
  ) );
#15389 = PCURVE('',#9159,#15390);
#15390 = DEFINITIONAL_REPRESENTATION('',(#15391),#15394);
#15391 = B_SPLINE_CURVE_WITH_KNOTS('',1,(#15392,#15393),.UNSPECIFIED.,
  .F.,.F.,(2,2),(1.6,3.85),.PIECEWISE_BEZIER_KNOTS.);
#15392 = CARTESIAN_POINT('',(0.,-1.8));
#15393 = CARTESIAN_POINT('',(-2.25,-1.8));
#15394 = ( GEOMETRIC_REPRESENTATION_CONTEXT(2) 
PARAMETRIC_REPRESENTATION_CONTEXT() REPRESENTATION_CONTEXT('2D SPACE',''
  ) );
#15395 = ORIENTED_EDGE('',*,*,#9170,.F.);
#15396 = ORIENTED_EDGE('',*,*,#15319,.F.);
#15397 = ADVANCED_FACE('',(#15398),#10058,.F.);
#15398 = FACE_BOUND('',#15399,.F.);
#15399 = EDGE_LOOP('',(#15400,#15401,#15402,#15423));
#15400 = ORIENTED_EDGE('',*,*,#15345,.T.);
#15401 = ORIENTED_EDGE('',*,*,#10042,.T.);
#15402 = ORIENTED_EDGE('',*,*,#15403,.F.);
#15403 = EDGE_CURVE('',#14444,#10043,#15404,.T.);
#15404 = SURFACE_CURVE('',#15405,(#15409,#15416),.PCURVE_S1.);
#15405 = LINE('',#15406,#15407);
#15406 = CARTESIAN_POINT('',(32.,57.99999999751,0.));
#15407 = VECTOR('',#15408,1.);
#15408 = DIRECTION('',(0.,0.,1.));
#15409 = PCURVE('',#10058,#15410);
#15410 = DEFINITIONAL_REPRESENTATION('',(#15411),#15415);
#15411 = LINE('',#15412,#15413);
#15412 = CARTESIAN_POINT('',(32.564404223347,0.));
#15413 = VECTOR('',#15414,1.);
#15414 = DIRECTION('',(0.,-1.));
#15415 = ( GEOMETRIC_REPRESENTATION_CONTEXT(2) 
PARAMETRIC_REPRESENTATION_CONTEXT() REPRESENTATION_CONTEXT('2D SPACE',''
  ) );
#15416 = PCURVE('',#10091,#15417);
#15417 = DEFINITIONAL_REPRESENTATION('',(#15418),#15422);
#15418 = LINE('',#15419,#15420);
#15419 = CARTESIAN_POINT('',(3.14159265359,0.));
#15420 = VECTOR('',#15421,1.);
#15421 = DIRECTION('',(0.,-1.));
#15422 = ( GEOMETRIC_REPRESENTATION_CONTEXT(2) 
PARAMETRIC_REPRESENTATION_CONTEXT() REPRESENTATION_CONTEXT('2D SPACE',''
  ) );
#15423 = ORIENTED_EDGE('',*,*,#14574,.T.);
#15424 = ADVANCED_FACE('',(#15425),#9159,.F.);
#15425 = FACE_BOUND('',#15426,.T.);
#15426 = EDGE_LOOP('',(#15427,#15428,#15429,#15430));
#15427 = ORIENTED_EDGE('',*,*,#13625,.F.);
#15428 = ORIENTED_EDGE('',*,*,#15377,.T.);
#15429 = ORIENTED_EDGE('',*,*,#9144,.F.);
#15430 = ORIENTED_EDGE('',*,*,#15431,.F.);
#15431 = EDGE_CURVE('',#13626,#9117,#15432,.T.);
#15432 = SURFACE_CURVE('',#15433,(#15437,#15443),.PCURVE_S1.);
#15433 = LINE('',#15434,#15435);
#15434 = CARTESIAN_POINT('',(-32.,-36.,2.5));
#15435 = VECTOR('',#15436,1.);
#15436 = DIRECTION('',(0.,0.,1.));
#15437 = PCURVE('',#9159,#15438);
#15438 = DEFINITIONAL_REPRESENTATION('',(#15439),#15442);
#15439 = B_SPLINE_CURVE_WITH_KNOTS('',1,(#15440,#15441),.UNSPECIFIED.,
  .F.,.F.,(2,2),(2.5,4.75),.PIECEWISE_BEZIER_KNOTS.);
#15440 = CARTESIAN_POINT('',(0.,7.105427357601E-15));
#15441 = CARTESIAN_POINT('',(-2.25,7.105427357601E-15));
#15442 = ( GEOMETRIC_REPRESENTATION_CONTEXT(2) 
PARAMETRIC_REPRESENTATION_CONTEXT() REPRESENTATION_CONTEXT('2D SPACE',''
  ) );
#15443 = PCURVE('',#9132,#15444);
#15444 = DEFINITIONAL_REPRESENTATION('',(#15445),#15448);
#15445 = B_SPLINE_CURVE_WITH_KNOTS('',1,(#15446,#15447),.UNSPECIFIED.,
  .F.,.F.,(2,2),(2.5,4.75),.PIECEWISE_BEZIER_KNOTS.);
#15446 = CARTESIAN_POINT('',(22.000000000001,-5.));
#15447 = CARTESIAN_POINT('',(22.000000000001,-7.25));
#15448 = ( GEOMETRIC_REPRESENTATION_CONTEXT(2) 
PARAMETRIC_REPRESENTATION_CONTEXT() REPRESENTATION_CONTEXT('2D SPACE',''
  ) );
#15449 = ADVANCED_FACE('',(#15450),#10091,.T.);
#15450 = FACE_BOUND('',#15451,.T.);
#15451 = EDGE_LOOP('',(#15452,#15473,#15474,#15475));
#15452 = ORIENTED_EDGE('',*,*,#15453,.T.);
#15453 = EDGE_CURVE('',#14392,#10071,#15454,.T.);
#15454 = SURFACE_CURVE('',#15455,(#15459,#15466),.PCURVE_S1.);
#15455 = LINE('',#15456,#15457);
#15456 = CARTESIAN_POINT('',(28.,61.999999998755,0.));
#15457 = VECTOR('',#15458,1.);
#15458 = DIRECTION('',(0.,0.,1.));
#15459 = PCURVE('',#10091,#15460);
#15460 = DEFINITIONAL_REPRESENTATION('',(#15461),#15465);
#15461 = LINE('',#15462,#15463);
#15462 = CARTESIAN_POINT('',(1.570796326795,0.));
#15463 = VECTOR('',#15464,1.);
#15464 = DIRECTION('',(0.,-1.));
#15465 = ( GEOMETRIC_REPRESENTATION_CONTEXT(2) 
PARAMETRIC_REPRESENTATION_CONTEXT() REPRESENTATION_CONTEXT('2D SPACE',''
  ) );
#15466 = PCURVE('',#8948,#15467);
#15467 = DEFINITIONAL_REPRESENTATION('',(#15468),#15472);
#15468 = LINE('',#15469,#15470);
#15469 = CARTESIAN_POINT('',(56.,0.));
#15470 = VECTOR('',#15471,1.);
#15471 = DIRECTION('',(0.,-1.));
#15472 = ( GEOMETRIC_REPRESENTATION_CONTEXT(2) 
PARAMETRIC_REPRESENTATION_CONTEXT() REPRESENTATION_CONTEXT('2D SPACE',''
  ) );
#15473 = ORIENTED_EDGE('',*,*,#10070,.T.);
#15474 = ORIENTED_EDGE('',*,*,#15403,.F.);
#15475 = ORIENTED_EDGE('',*,*,#14443,.F.);
#15476 = ADVANCED_FACE('',(#15477),#9132,.T.);
#15477 = FACE_BOUND('',#15478,.T.);
#15478 = EDGE_LOOP('',(#15479,#15480,#15481,#15482,#15483,#15484,#15485,
    #15486,#15487,#15488));
#15479 = ORIENTED_EDGE('',*,*,#13952,.F.);
#15480 = ORIENTED_EDGE('',*,*,#13759,.T.);
#15481 = ORIENTED_EDGE('',*,*,#9802,.T.);
#15482 = ORIENTED_EDGE('',*,*,#13428,.F.);
#15483 = ORIENTED_EDGE('',*,*,#13503,.F.);
#15484 = ORIENTED_EDGE('',*,*,#13578,.T.);
#15485 = ORIENTED_EDGE('',*,*,#13648,.F.);
#15486 = ORIENTED_EDGE('',*,*,#15431,.T.);
#15487 = ORIENTED_EDGE('',*,*,#9116,.T.);
#15488 = ORIENTED_EDGE('',*,*,#15489,.F.);
#15489 = EDGE_CURVE('',#13926,#9084,#15490,.T.);
#15490 = SURFACE_CURVE('',#15491,(#15495,#15502),.PCURVE_S1.);
#15491 = LINE('',#15492,#15493);
#15492 = CARTESIAN_POINT('',(-32.,-9.435595774163,0.));
#15493 = VECTOR('',#15494,1.);
#15494 = DIRECTION('',(0.,0.,1.));
#15495 = PCURVE('',#9132,#15496);
#15496 = DEFINITIONAL_REPRESENTATION('',(#15497),#15501);
#15497 = LINE('',#15498,#15499);
#15498 = CARTESIAN_POINT('',(48.564404225838,0.));
#15499 = VECTOR('',#15500,1.);
#15500 = DIRECTION('',(0.,-1.));
#15501 = ( GEOMETRIC_REPRESENTATION_CONTEXT(2) 
PARAMETRIC_REPRESENTATION_CONTEXT() REPRESENTATION_CONTEXT('2D SPACE',''
  ) );
#15502 = PCURVE('',#9104,#15503);
#15503 = DEFINITIONAL_REPRESENTATION('',(#15504),#15508);
#15504 = LINE('',#15505,#15506);
#15505 = CARTESIAN_POINT('',(3.14159265359,0.));
#15506 = VECTOR('',#15507,1.);
#15507 = DIRECTION('',(0.,-1.));
#15508 = ( GEOMETRIC_REPRESENTATION_CONTEXT(2) 
PARAMETRIC_REPRESENTATION_CONTEXT() REPRESENTATION_CONTEXT('2D SPACE',''
  ) );
#15509 = ADVANCED_FACE('',(#15510),#9104,.F.);
#15510 = FACE_BOUND('',#15511,.F.);
#15511 = EDGE_LOOP('',(#15512,#15533,#15534,#15535));
#15512 = ORIENTED_EDGE('',*,*,#15513,.T.);
#15513 = EDGE_CURVE('',#13978,#9055,#15514,.T.);
#15514 = SURFACE_CURVE('',#15515,(#15519,#15526),.PCURVE_S1.);
#15515 = LINE('',#15516,#15517);
#15516 = CARTESIAN_POINT('',(-32.4,-7.692036196746,0.));
#15517 = VECTOR('',#15518,1.);
#15518 = DIRECTION('',(0.,0.,1.));
#15519 = PCURVE('',#9104,#15520);
#15520 = DEFINITIONAL_REPRESENTATION('',(#15521),#15525);
#15521 = LINE('',#15522,#15523);
#15522 = CARTESIAN_POINT('',(2.690565841794,0.));
#15523 = VECTOR('',#15524,1.);
#15524 = DIRECTION('',(0.,-1.));
#15525 = ( GEOMETRIC_REPRESENTATION_CONTEXT(2) 
PARAMETRIC_REPRESENTATION_CONTEXT() REPRESENTATION_CONTEXT('2D SPACE',''
  ) );
#15526 = PCURVE('',#9071,#15527);
#15527 = DEFINITIONAL_REPRESENTATION('',(#15528),#15532);
#15528 = LINE('',#15529,#15530);
#15529 = CARTESIAN_POINT('',(-3.592619465386,0.));
#15530 = VECTOR('',#15531,1.);
#15531 = DIRECTION('',(-0.,-1.));
#15532 = ( GEOMETRIC_REPRESENTATION_CONTEXT(2) 
PARAMETRIC_REPRESENTATION_CONTEXT() REPRESENTATION_CONTEXT('2D SPACE',''
  ) );
#15533 = ORIENTED_EDGE('',*,*,#9083,.T.);
#15534 = ORIENTED_EDGE('',*,*,#15489,.F.);
#15535 = ORIENTED_EDGE('',*,*,#13977,.T.);
#15536 = ADVANCED_FACE('',(#15537),#10142,.F.);
#15537 = FACE_BOUND('',#15538,.F.);
#15538 = EDGE_LOOP('',(#15539,#15567,#15588,#15589));
#15539 = ORIENTED_EDGE('',*,*,#15540,.F.);
#15540 = EDGE_CURVE('',#15541,#15543,#15545,.T.);
#15541 = VERTEX_POINT('',#15542);
#15542 = CARTESIAN_POINT('',(11.8,62.,6.25));
#15543 = VERTEX_POINT('',#15544);
#15544 = CARTESIAN_POINT('',(11.,61.2,6.25));
#15545 = SURFACE_CURVE('',#15546,(#15550,#15556),.PCURVE_S1.);
#15546 = LINE('',#15547,#15548);
#15547 = CARTESIAN_POINT('',(11.,61.2,6.25));
#15548 = VECTOR('',#15549,1.);
#15549 = DIRECTION('',(-0.707106781187,-0.707106781187,
    4.329780281177E-17));
#15550 = PCURVE('',#10142,#15551);
#15551 = DEFINITIONAL_REPRESENTATION('',(#15552),#15555);
#15552 = B_SPLINE_CURVE_WITH_KNOTS('',1,(#15553,#15554),.UNSPECIFIED.,
  .F.,.F.,(2,2),(-1.131370849898,0.),.PIECEWISE_BEZIER_KNOTS.);
#15553 = CARTESIAN_POINT('',(0.,-0.565685424949));
#15554 = CARTESIAN_POINT('',(0.,0.565685424949));
#15555 = ( GEOMETRIC_REPRESENTATION_CONTEXT(2) 
PARAMETRIC_REPRESENTATION_CONTEXT() REPRESENTATION_CONTEXT('2D SPACE',''
  ) );
#15556 = PCURVE('',#15557,#15562);
#15557 = CONICAL_SURFACE('',#15558,3.,0.785398163397);
#15558 = AXIS2_PLACEMENT_3D('',#15559,#15560,#15561);
#15559 = CARTESIAN_POINT('',(8.,61.2,6.25));
#15560 = DIRECTION('',(-0.,1.,0.));
#15561 = DIRECTION('',(0.,0.,-1.));
#15562 = DEFINITIONAL_REPRESENTATION('',(#15563),#15566);
#15563 = B_SPLINE_CURVE_WITH_KNOTS('',1,(#15564,#15565),.UNSPECIFIED.,
  .F.,.F.,(2,2),(-1.131370849898,0.),.PIECEWISE_BEZIER_KNOTS.);
#15564 = CARTESIAN_POINT('',(-1.570796326795,0.8));
#15565 = CARTESIAN_POINT('',(-1.570796326795,0.));
#15566 = ( GEOMETRIC_REPRESENTATION_CONTEXT(2) 
PARAMETRIC_REPRESENTATION_CONTEXT() REPRESENTATION_CONTEXT('2D SPACE',''
  ) );
#15567 = ORIENTED_EDGE('',*,*,#15568,.T.);
#15568 = EDGE_CURVE('',#15541,#10104,#15569,.T.);
#15569 = SURFACE_CURVE('',#15570,(#15574,#15581),.PCURVE_S1.);
#15570 = LINE('',#15571,#15572);
#15571 = CARTESIAN_POINT('',(11.8,62.,6.25));
#15572 = VECTOR('',#15573,1.);
#15573 = DIRECTION('',(0.,-0.,1.));
#15574 = PCURVE('',#10142,#15575);
#15575 = DEFINITIONAL_REPRESENTATION('',(#15576),#15580);
#15576 = LINE('',#15577,#15578);
#15577 = CARTESIAN_POINT('',(0.,-0.565685424949));
#15578 = VECTOR('',#15579,1.);
#15579 = DIRECTION('',(1.,0.));
#15580 = ( GEOMETRIC_REPRESENTATION_CONTEXT(2) 
PARAMETRIC_REPRESENTATION_CONTEXT() REPRESENTATION_CONTEXT('2D SPACE',''
  ) );
#15581 = PCURVE('',#8948,#15582);
#15582 = DEFINITIONAL_REPRESENTATION('',(#15583),#15587);
#15583 = LINE('',#15584,#15585);
#15584 = CARTESIAN_POINT('',(39.8,-6.25));
#15585 = VECTOR('',#15586,1.);
#15586 = DIRECTION('',(0.,-1.));
#15587 = ( GEOMETRIC_REPRESENTATION_CONTEXT(2) 
PARAMETRIC_REPRESENTATION_CONTEXT() REPRESENTATION_CONTEXT('2D SPACE',''
  ) );
#15588 = ORIENTED_EDGE('',*,*,#10126,.T.);
#15589 = ORIENTED_EDGE('',*,*,#15590,.F.);
#15590 = EDGE_CURVE('',#15543,#10127,#15591,.T.);
#15591 = SURFACE_CURVE('',#15592,(#15596,#15603),.PCURVE_S1.);
#15592 = LINE('',#15593,#15594);
#15593 = CARTESIAN_POINT('',(11.,61.2,6.25));
#15594 = VECTOR('',#15595,1.);
#15595 = DIRECTION('',(0.,-0.,1.));
#15596 = PCURVE('',#10142,#15597);
#15597 = DEFINITIONAL_REPRESENTATION('',(#15598),#15602);
#15598 = LINE('',#15599,#15600);
#15599 = CARTESIAN_POINT('',(0.,0.565685424949));
#15600 = VECTOR('',#15601,1.);
#15601 = DIRECTION('',(1.,0.));
#15602 = ( GEOMETRIC_REPRESENTATION_CONTEXT(2) 
PARAMETRIC_REPRESENTATION_CONTEXT() REPRESENTATION_CONTEXT('2D SPACE',''
  ) );
#15603 = PCURVE('',#10169,#15604);
#15604 = DEFINITIONAL_REPRESENTATION('',(#15605),#15609);
#15605 = LINE('',#15606,#15607);
#15606 = CARTESIAN_POINT('',(3.,-5.2));
#15607 = VECTOR('',#15608,1.);
#15608 = DIRECTION('',(1.,0.));
#15609 = ( GEOMETRIC_REPRESENTATION_CONTEXT(2) 
PARAMETRIC_REPRESENTATION_CONTEXT() REPRESENTATION_CONTEXT('2D SPACE',''
  ) );
#15610 = ADVANCED_FACE('',(#15611),#15557,.F.);
#15611 = FACE_BOUND('',#15612,.F.);
#15612 = EDGE_LOOP('',(#15613,#15641,#15667,#15668));
#15613 = ORIENTED_EDGE('',*,*,#15614,.F.);
#15614 = EDGE_CURVE('',#15615,#15617,#15619,.T.);
#15615 = VERTEX_POINT('',#15616);
#15616 = CARTESIAN_POINT('',(8.,62.,2.45));
#15617 = VERTEX_POINT('',#15618);
#15618 = CARTESIAN_POINT('',(8.,61.2,3.25));
#15619 = SURFACE_CURVE('',#15620,(#15624,#15630),.PCURVE_S1.);
#15620 = LINE('',#15621,#15622);
#15621 = CARTESIAN_POINT('',(8.,61.6,2.85));
#15622 = VECTOR('',#15623,1.);
#15623 = DIRECTION('',(1.2293179544E-34,-0.707106781187,0.707106781187)
  );
#15624 = PCURVE('',#15557,#15625);
#15625 = DEFINITIONAL_REPRESENTATION('',(#15626),#15629);
#15626 = B_SPLINE_CURVE_WITH_KNOTS('',1,(#15627,#15628),.UNSPECIFIED.,
  .F.,.F.,(2,2),(-0.565685424949,0.565685424949),
  .PIECEWISE_BEZIER_KNOTS.);
#15627 = CARTESIAN_POINT('',(0.,0.8));
#15628 = CARTESIAN_POINT('',(0.,1.727101704552E-15));
#15629 = ( GEOMETRIC_REPRESENTATION_CONTEXT(2) 
PARAMETRIC_REPRESENTATION_CONTEXT() REPRESENTATION_CONTEXT('2D SPACE',''
  ) );
#15630 = PCURVE('',#15631,#15636);
#15631 = PLANE('',#15632);
#15632 = AXIS2_PLACEMENT_3D('',#15633,#15634,#15635);
#15633 = CARTESIAN_POINT('',(-8.,61.6,2.85));
#15634 = DIRECTION('',(-4.082897117453E-18,0.707106781187,0.707106781187
    ));
#15635 = DIRECTION('',(-1.,-2.887044238638E-18,-2.887044238638E-18));
#15636 = DEFINITIONAL_REPRESENTATION('',(#15637),#15640);
#15637 = B_SPLINE_CURVE_WITH_KNOTS('',1,(#15638,#15639),.UNSPECIFIED.,
  .F.,.F.,(2,2),(-0.565685424949,0.565685424949),
  .PIECEWISE_BEZIER_KNOTS.);
#15638 = CARTESIAN_POINT('',(-16.,-0.565685424949));
#15639 = CARTESIAN_POINT('',(-16.,0.565685424949));
#15640 = ( GEOMETRIC_REPRESENTATION_CONTEXT(2) 
PARAMETRIC_REPRESENTATION_CONTEXT() REPRESENTATION_CONTEXT('2D SPACE',''
  ) );
#15641 = ORIENTED_EDGE('',*,*,#15642,.T.);
#15642 = EDGE_CURVE('',#15615,#15541,#15643,.T.);
#15643 = SURFACE_CURVE('',#15644,(#15649,#15656),.PCURVE_S1.);
#15644 = CIRCLE('',#15645,3.8);
#15645 = AXIS2_PLACEMENT_3D('',#15646,#15647,#15648);
#15646 = CARTESIAN_POINT('',(8.,62.,6.25));
#15647 = DIRECTION('',(0.,-1.,0.));
#15648 = DIRECTION('',(0.,0.,-1.));
#15649 = PCURVE('',#15557,#15650);
#15650 = DEFINITIONAL_REPRESENTATION('',(#15651),#15655);
#15651 = LINE('',#15652,#15653);
#15652 = CARTESIAN_POINT('',(0.,0.8));
#15653 = VECTOR('',#15654,1.);
#15654 = DIRECTION('',(-1.,-0.));
#15655 = ( GEOMETRIC_REPRESENTATION_CONTEXT(2) 
PARAMETRIC_REPRESENTATION_CONTEXT() REPRESENTATION_CONTEXT('2D SPACE',''
  ) );
#15656 = PCURVE('',#8948,#15657);
#15657 = DEFINITIONAL_REPRESENTATION('',(#15658),#15666);
#15658 = ( BOUNDED_CURVE() B_SPLINE_CURVE(2,(#15659,#15660,#15661,#15662
    ,#15663,#15664,#15665),.UNSPECIFIED.,.T.,.F.) 
B_SPLINE_CURVE_WITH_KNOTS((1,2,2,2,2,1),(-2.094395102393,0.,
    2.094395102393,4.188790204786,6.28318530718,8.377580409573),
.UNSPECIFIED.) CURVE() GEOMETRIC_REPRESENTATION_ITEM() 
RATIONAL_B_SPLINE_CURVE((1.,0.5,1.,0.5,1.,0.5,1.)) REPRESENTATION_ITEM(
  '') );
#15659 = CARTESIAN_POINT('',(36.,-2.45));
#15660 = CARTESIAN_POINT('',(42.581793068762,-2.45));
#15661 = CARTESIAN_POINT('',(39.290896534381,-8.15));
#15662 = CARTESIAN_POINT('',(36.,-13.85));
#15663 = CARTESIAN_POINT('',(32.709103465619,-8.15));
#15664 = CARTESIAN_POINT('',(29.418206931238,-2.45));
#15665 = CARTESIAN_POINT('',(36.,-2.45));
#15666 = ( GEOMETRIC_REPRESENTATION_CONTEXT(2) 
PARAMETRIC_REPRESENTATION_CONTEXT() REPRESENTATION_CONTEXT('2D SPACE',''
  ) );
#15667 = ORIENTED_EDGE('',*,*,#15540,.T.);
#15668 = ORIENTED_EDGE('',*,*,#15669,.F.);
#15669 = EDGE_CURVE('',#15617,#15543,#15670,.T.);
#15670 = SURFACE_CURVE('',#15671,(#15676,#15683),.PCURVE_S1.);
#15671 = CIRCLE('',#15672,3.);
#15672 = AXIS2_PLACEMENT_3D('',#15673,#15674,#15675);
#15673 = CARTESIAN_POINT('',(8.,61.2,6.25));
#15674 = DIRECTION('',(0.,-1.,0.));
#15675 = DIRECTION('',(0.,0.,-1.));
#15676 = PCURVE('',#15557,#15677);
#15677 = DEFINITIONAL_REPRESENTATION('',(#15678),#15682);
#15678 = LINE('',#15679,#15680);
#15679 = CARTESIAN_POINT('',(-0.,-0.));
#15680 = VECTOR('',#15681,1.);
#15681 = DIRECTION('',(-1.,-0.));
#15682 = ( GEOMETRIC_REPRESENTATION_CONTEXT(2) 
PARAMETRIC_REPRESENTATION_CONTEXT() REPRESENTATION_CONTEXT('2D SPACE',''
  ) );
#15683 = PCURVE('',#15684,#15689);
#15684 = CYLINDRICAL_SURFACE('',#15685,3.);
#15685 = AXIS2_PLACEMENT_3D('',#15686,#15687,#15688);
#15686 = CARTESIAN_POINT('',(8.,56.,6.25));
#15687 = DIRECTION('',(-0.,1.,0.));
#15688 = DIRECTION('',(1.,0.,-0.));
#15689 = DEFINITIONAL_REPRESENTATION('',(#15690),#15694);
#15690 = LINE('',#15691,#15692);
#15691 = CARTESIAN_POINT('',(1.570796326795,5.2));
#15692 = VECTOR('',#15693,1.);
#15693 = DIRECTION('',(-1.,-0.));
#15694 = ( GEOMETRIC_REPRESENTATION_CONTEXT(2) 
PARAMETRIC_REPRESENTATION_CONTEXT() REPRESENTATION_CONTEXT('2D SPACE',''
  ) );
#15695 = ADVANCED_FACE('',(#15696),#15684,.F.);
#15696 = FACE_BOUND('',#15697,.F.);
#15697 = EDGE_LOOP('',(#15698,#15721,#15745,#15771));
#15698 = ORIENTED_EDGE('',*,*,#15699,.F.);
#15699 = EDGE_CURVE('',#15700,#15543,#15702,.T.);
#15700 = VERTEX_POINT('',#15701);
#15701 = CARTESIAN_POINT('',(11.,56.,6.25));
#15702 = SURFACE_CURVE('',#15703,(#15707,#15714),.PCURVE_S1.);
#15703 = LINE('',#15704,#15705);
#15704 = CARTESIAN_POINT('',(11.,56.,6.25));
#15705 = VECTOR('',#15706,1.);
#15706 = DIRECTION('',(-0.,1.,0.));
#15707 = PCURVE('',#15684,#15708);
#15708 = DEFINITIONAL_REPRESENTATION('',(#15709),#15713);
#15709 = LINE('',#15710,#15711);
#15710 = CARTESIAN_POINT('',(0.,0.));
#15711 = VECTOR('',#15712,1.);
#15712 = DIRECTION('',(0.,1.));
#15713 = ( GEOMETRIC_REPRESENTATION_CONTEXT(2) 
PARAMETRIC_REPRESENTATION_CONTEXT() REPRESENTATION_CONTEXT('2D SPACE',''
  ) );
#15714 = PCURVE('',#10169,#15715);
#15715 = DEFINITIONAL_REPRESENTATION('',(#15716),#15720);
#15716 = LINE('',#15717,#15718);
#15717 = CARTESIAN_POINT('',(3.,0.));
#15718 = VECTOR('',#15719,1.);
#15719 = DIRECTION('',(0.,-1.));
#15720 = ( GEOMETRIC_REPRESENTATION_CONTEXT(2) 
PARAMETRIC_REPRESENTATION_CONTEXT() REPRESENTATION_CONTEXT('2D SPACE',''
  ) );
#15721 = ORIENTED_EDGE('',*,*,#15722,.T.);
#15722 = EDGE_CURVE('',#15700,#15723,#15725,.T.);
#15723 = VERTEX_POINT('',#15724);
#15724 = CARTESIAN_POINT('',(8.,56.,3.25));
#15725 = SURFACE_CURVE('',#15726,(#15731,#15738),.PCURVE_S1.);
#15726 = CIRCLE('',#15727,3.);
#15727 = AXIS2_PLACEMENT_3D('',#15728,#15729,#15730);
#15728 = CARTESIAN_POINT('',(8.,56.,6.25));
#15729 = DIRECTION('',(-0.,1.,0.));
#15730 = DIRECTION('',(0.,0.,1.));
#15731 = PCURVE('',#15684,#15732);
#15732 = DEFINITIONAL_REPRESENTATION('',(#15733),#15737);
#15733 = LINE('',#15734,#15735);
#15734 = CARTESIAN_POINT('',(-1.570796326795,0.));
#15735 = VECTOR('',#15736,1.);
#15736 = DIRECTION('',(1.,0.));
#15737 = ( GEOMETRIC_REPRESENTATION_CONTEXT(2) 
PARAMETRIC_REPRESENTATION_CONTEXT() REPRESENTATION_CONTEXT('2D SPACE',''
  ) );
#15738 = PCURVE('',#10195,#15739);
#15739 = DEFINITIONAL_REPRESENTATION('',(#15740),#15744);
#15740 = CIRCLE('',#15741,3.);
#15741 = AXIS2_PLACEMENT_2D('',#15742,#15743);
#15742 = CARTESIAN_POINT('',(3.,19.));
#15743 = DIRECTION('',(1.,0.));
#15744 = ( GEOMETRIC_REPRESENTATION_CONTEXT(2) 
PARAMETRIC_REPRESENTATION_CONTEXT() REPRESENTATION_CONTEXT('2D SPACE',''
  ) );
#15745 = ORIENTED_EDGE('',*,*,#15746,.T.);
#15746 = EDGE_CURVE('',#15723,#15617,#15747,.T.);
#15747 = SURFACE_CURVE('',#15748,(#15752,#15759),.PCURVE_S1.);
#15748 = LINE('',#15749,#15750);
#15749 = CARTESIAN_POINT('',(8.,56.,3.25));
#15750 = VECTOR('',#15751,1.);
#15751 = DIRECTION('',(-0.,1.,0.));
#15752 = PCURVE('',#15684,#15753);
#15753 = DEFINITIONAL_REPRESENTATION('',(#15754),#15758);
#15754 = LINE('',#15755,#15756);
#15755 = CARTESIAN_POINT('',(1.570796326795,0.));
#15756 = VECTOR('',#15757,1.);
#15757 = DIRECTION('',(0.,1.));
#15758 = ( GEOMETRIC_REPRESENTATION_CONTEXT(2) 
PARAMETRIC_REPRESENTATION_CONTEXT() REPRESENTATION_CONTEXT('2D SPACE',''
  ) );
#15759 = PCURVE('',#15760,#15765);
#15760 = PLANE('',#15761);
#15761 = AXIS2_PLACEMENT_3D('',#15762,#15763,#15764);
#15762 = CARTESIAN_POINT('',(-11.,56.,3.25));
#15763 = DIRECTION('',(0.,0.,1.));
#15764 = DIRECTION('',(1.,0.,-0.));
#15765 = DEFINITIONAL_REPRESENTATION('',(#15766),#15770);
#15766 = LINE('',#15767,#15768);
#15767 = CARTESIAN_POINT('',(19.,0.));
#15768 = VECTOR('',#15769,1.);
#15769 = DIRECTION('',(0.,1.));
#15770 = ( GEOMETRIC_REPRESENTATION_CONTEXT(2) 
PARAMETRIC_REPRESENTATION_CONTEXT() REPRESENTATION_CONTEXT('2D SPACE',''
  ) );
#15771 = ORIENTED_EDGE('',*,*,#15669,.T.);
#15772 = ADVANCED_FACE('',(#15773),#15760,.T.);
#15773 = FACE_BOUND('',#15774,.T.);
#15774 = EDGE_LOOP('',(#15775,#15776,#15799,#15827));
#15775 = ORIENTED_EDGE('',*,*,#15746,.T.);
#15776 = ORIENTED_EDGE('',*,*,#15777,.F.);
#15777 = EDGE_CURVE('',#15778,#15617,#15780,.T.);
#15778 = VERTEX_POINT('',#15779);
#15779 = CARTESIAN_POINT('',(-8.,61.2,3.25));
#15780 = SURFACE_CURVE('',#15781,(#15785,#15792),.PCURVE_S1.);
#15781 = LINE('',#15782,#15783);
#15782 = CARTESIAN_POINT('',(-8.,61.2,3.25));
#15783 = VECTOR('',#15784,1.);
#15784 = DIRECTION('',(1.,0.,0.));
#15785 = PCURVE('',#15760,#15786);
#15786 = DEFINITIONAL_REPRESENTATION('',(#15787),#15791);
#15787 = LINE('',#15788,#15789);
#15788 = CARTESIAN_POINT('',(3.,5.2));
#15789 = VECTOR('',#15790,1.);
#15790 = DIRECTION('',(1.,0.));
#15791 = ( GEOMETRIC_REPRESENTATION_CONTEXT(2) 
PARAMETRIC_REPRESENTATION_CONTEXT() REPRESENTATION_CONTEXT('2D SPACE',''
  ) );
#15792 = PCURVE('',#15631,#15793);
#15793 = DEFINITIONAL_REPRESENTATION('',(#15794),#15798);
#15794 = LINE('',#15795,#15796);
#15795 = CARTESIAN_POINT('',(-0.,0.565685424949));
#15796 = VECTOR('',#15797,1.);
#15797 = DIRECTION('',(-1.,0.));
#15798 = ( GEOMETRIC_REPRESENTATION_CONTEXT(2) 
PARAMETRIC_REPRESENTATION_CONTEXT() REPRESENTATION_CONTEXT('2D SPACE',''
  ) );
#15799 = ORIENTED_EDGE('',*,*,#15800,.F.);
#15800 = EDGE_CURVE('',#15801,#15778,#15803,.T.);
#15801 = VERTEX_POINT('',#15802);
#15802 = CARTESIAN_POINT('',(-8.,56.,3.25));
#15803 = SURFACE_CURVE('',#15804,(#15808,#15815),.PCURVE_S1.);
#15804 = LINE('',#15805,#15806);
#15805 = CARTESIAN_POINT('',(-8.,56.,3.25));
#15806 = VECTOR('',#15807,1.);
#15807 = DIRECTION('',(-0.,1.,0.));
#15808 = PCURVE('',#15760,#15809);
#15809 = DEFINITIONAL_REPRESENTATION('',(#15810),#15814);
#15810 = LINE('',#15811,#15812);
#15811 = CARTESIAN_POINT('',(3.,0.));
#15812 = VECTOR('',#15813,1.);
#15813 = DIRECTION('',(0.,1.));
#15814 = ( GEOMETRIC_REPRESENTATION_CONTEXT(2) 
PARAMETRIC_REPRESENTATION_CONTEXT() REPRESENTATION_CONTEXT('2D SPACE',''
  ) );
#15815 = PCURVE('',#15816,#15821);
#15816 = CYLINDRICAL_SURFACE('',#15817,3.);
#15817 = AXIS2_PLACEMENT_3D('',#15818,#15819,#15820);
#15818 = CARTESIAN_POINT('',(-8.,56.,6.25));
#15819 = DIRECTION('',(-0.,1.,0.));
#15820 = DIRECTION('',(-1.,-0.,0.));
#15821 = DEFINITIONAL_REPRESENTATION('',(#15822),#15826);
#15822 = LINE('',#15823,#15824);
#15823 = CARTESIAN_POINT('',(-1.570796326795,0.));
#15824 = VECTOR('',#15825,1.);
#15825 = DIRECTION('',(-0.,1.));
#15826 = ( GEOMETRIC_REPRESENTATION_CONTEXT(2) 
PARAMETRIC_REPRESENTATION_CONTEXT() REPRESENTATION_CONTEXT('2D SPACE',''
  ) );
#15827 = ORIENTED_EDGE('',*,*,#15828,.T.);
#15828 = EDGE_CURVE('',#15801,#15723,#15829,.T.);
#15829 = SURFACE_CURVE('',#15830,(#15834,#15841),.PCURVE_S1.);
#15830 = LINE('',#15831,#15832);
#15831 = CARTESIAN_POINT('',(-11.,56.,3.25));
#15832 = VECTOR('',#15833,1.);
#15833 = DIRECTION('',(1.,0.,-0.));
#15834 = PCURVE('',#15760,#15835);
#15835 = DEFINITIONAL_REPRESENTATION('',(#15836),#15840);
#15836 = LINE('',#15837,#15838);
#15837 = CARTESIAN_POINT('',(0.,0.));
#15838 = VECTOR('',#15839,1.);
#15839 = DIRECTION('',(1.,0.));
#15840 = ( GEOMETRIC_REPRESENTATION_CONTEXT(2) 
PARAMETRIC_REPRESENTATION_CONTEXT() REPRESENTATION_CONTEXT('2D SPACE',''
  ) );
#15841 = PCURVE('',#10195,#15842);
#15842 = DEFINITIONAL_REPRESENTATION('',(#15843),#15847);
#15843 = LINE('',#15844,#15845);
#15844 = CARTESIAN_POINT('',(0.,0.));
#15845 = VECTOR('',#15846,1.);
#15846 = DIRECTION('',(0.,1.));
#15847 = ( GEOMETRIC_REPRESENTATION_CONTEXT(2) 
PARAMETRIC_REPRESENTATION_CONTEXT() REPRESENTATION_CONTEXT('2D SPACE',''
  ) );
#15848 = ADVANCED_FACE('',(#15849),#15816,.F.);
#15849 = FACE_BOUND('',#15850,.T.);
#15850 = EDGE_LOOP('',(#15851,#15876,#15902,#15903));
#15851 = ORIENTED_EDGE('',*,*,#15852,.F.);
#15852 = EDGE_CURVE('',#15853,#15855,#15857,.T.);
#15853 = VERTEX_POINT('',#15854);
#15854 = CARTESIAN_POINT('',(-11.,56.,6.25));
#15855 = VERTEX_POINT('',#15856);
#15856 = CARTESIAN_POINT('',(-11.,61.2,6.25));
#15857 = SURFACE_CURVE('',#15858,(#15862,#15869),.PCURVE_S1.);
#15858 = LINE('',#15859,#15860);
#15859 = CARTESIAN_POINT('',(-11.,56.,6.25));
#15860 = VECTOR('',#15861,1.);
#15861 = DIRECTION('',(-0.,1.,0.));
#15862 = PCURVE('',#15816,#15863);
#15863 = DEFINITIONAL_REPRESENTATION('',(#15864),#15868);
#15864 = LINE('',#15865,#15866);
#15865 = CARTESIAN_POINT('',(-0.,0.));
#15866 = VECTOR('',#15867,1.);
#15867 = DIRECTION('',(-0.,1.));
#15868 = ( GEOMETRIC_REPRESENTATION_CONTEXT(2) 
PARAMETRIC_REPRESENTATION_CONTEXT() REPRESENTATION_CONTEXT('2D SPACE',''
  ) );
#15869 = PCURVE('',#10221,#15870);
#15870 = DEFINITIONAL_REPRESENTATION('',(#15871),#15875);
#15871 = LINE('',#15872,#15873);
#15872 = CARTESIAN_POINT('',(3.,0.));
#15873 = VECTOR('',#15874,1.);
#15874 = DIRECTION('',(0.,-1.));
#15875 = ( GEOMETRIC_REPRESENTATION_CONTEXT(2) 
PARAMETRIC_REPRESENTATION_CONTEXT() REPRESENTATION_CONTEXT('2D SPACE',''
  ) );
#15876 = ORIENTED_EDGE('',*,*,#15877,.T.);
#15877 = EDGE_CURVE('',#15853,#15801,#15878,.T.);
#15878 = SURFACE_CURVE('',#15879,(#15884,#15891),.PCURVE_S1.);
#15879 = CIRCLE('',#15880,3.);
#15880 = AXIS2_PLACEMENT_3D('',#15881,#15882,#15883);
#15881 = CARTESIAN_POINT('',(-8.,56.,6.25));
#15882 = DIRECTION('',(0.,-1.,0.));
#15883 = DIRECTION('',(0.,0.,1.));
#15884 = PCURVE('',#15816,#15885);
#15885 = DEFINITIONAL_REPRESENTATION('',(#15886),#15890);
#15886 = LINE('',#15887,#15888);
#15887 = CARTESIAN_POINT('',(1.570796326795,-0.));
#15888 = VECTOR('',#15889,1.);
#15889 = DIRECTION('',(-1.,0.));
#15890 = ( GEOMETRIC_REPRESENTATION_CONTEXT(2) 
PARAMETRIC_REPRESENTATION_CONTEXT() REPRESENTATION_CONTEXT('2D SPACE',''
  ) );
#15891 = PCURVE('',#10195,#15892);
#15892 = DEFINITIONAL_REPRESENTATION('',(#15893),#15901);
#15893 = ( BOUNDED_CURVE() B_SPLINE_CURVE(2,(#15894,#15895,#15896,#15897
    ,#15898,#15899,#15900),.UNSPECIFIED.,.T.,.F.) 
B_SPLINE_CURVE_WITH_KNOTS((1,2,2,2,2,1),(-2.094395102393,0.,
    2.094395102393,4.188790204786,6.28318530718,8.377580409573),
.UNSPECIFIED.) CURVE() GEOMETRIC_REPRESENTATION_ITEM() 
RATIONAL_B_SPLINE_CURVE((1.,0.5,1.,0.5,1.,0.5,1.)) REPRESENTATION_ITEM(
  '') );
#15894 = CARTESIAN_POINT('',(6.,3.));
#15895 = CARTESIAN_POINT('',(6.,-2.196152422707));
#15896 = CARTESIAN_POINT('',(1.5,0.401923788647));
#15897 = CARTESIAN_POINT('',(-3.,3.));
#15898 = CARTESIAN_POINT('',(1.5,5.598076211353));
#15899 = CARTESIAN_POINT('',(6.,8.196152422707));
#15900 = CARTESIAN_POINT('',(6.,3.));
#15901 = ( GEOMETRIC_REPRESENTATION_CONTEXT(2) 
PARAMETRIC_REPRESENTATION_CONTEXT() REPRESENTATION_CONTEXT('2D SPACE',''
  ) );
#15902 = ORIENTED_EDGE('',*,*,#15800,.T.);
#15903 = ORIENTED_EDGE('',*,*,#15904,.F.);
#15904 = EDGE_CURVE('',#15855,#15778,#15905,.T.);
#15905 = SURFACE_CURVE('',#15906,(#15911,#15918),.PCURVE_S1.);
#15906 = CIRCLE('',#15907,3.);
#15907 = AXIS2_PLACEMENT_3D('',#15908,#15909,#15910);
#15908 = CARTESIAN_POINT('',(-8.,61.2,6.25));
#15909 = DIRECTION('',(0.,-1.,-0.));
#15910 = DIRECTION('',(-1.,0.,-2.960594732334E-16));
#15911 = PCURVE('',#15816,#15912);
#15912 = DEFINITIONAL_REPRESENTATION('',(#15913),#15917);
#15913 = LINE('',#15914,#15915);
#15914 = CARTESIAN_POINT('',(-2.960594732334E-16,5.2));
#15915 = VECTOR('',#15916,1.);
#15916 = DIRECTION('',(-1.,0.));
#15917 = ( GEOMETRIC_REPRESENTATION_CONTEXT(2) 
PARAMETRIC_REPRESENTATION_CONTEXT() REPRESENTATION_CONTEXT('2D SPACE',''
  ) );
#15918 = PCURVE('',#15919,#15924);
#15919 = CONICAL_SURFACE('',#15920,3.,0.785398163397);
#15920 = AXIS2_PLACEMENT_3D('',#15921,#15922,#15923);
#15921 = CARTESIAN_POINT('',(-8.,61.2,6.25));
#15922 = DIRECTION('',(-0.,1.,0.));
#15923 = DIRECTION('',(-1.,0.,-2.960594732334E-16));
#15924 = DEFINITIONAL_REPRESENTATION('',(#15925),#15929);
#15925 = LINE('',#15926,#15927);
#15926 = CARTESIAN_POINT('',(-0.,-0.));
#15927 = VECTOR('',#15928,1.);
#15928 = DIRECTION('',(-1.,-0.));
#15929 = ( GEOMETRIC_REPRESENTATION_CONTEXT(2) 
PARAMETRIC_REPRESENTATION_CONTEXT() REPRESENTATION_CONTEXT('2D SPACE',''
  ) );
#15930 = ADVANCED_FACE('',(#15931),#15919,.F.);
#15931 = FACE_BOUND('',#15932,.F.);
#15932 = EDGE_LOOP('',(#15933,#15954,#15982,#16001));
#15933 = ORIENTED_EDGE('',*,*,#15934,.F.);
#15934 = EDGE_CURVE('',#15935,#15855,#15937,.T.);
#15935 = VERTEX_POINT('',#15936);
#15936 = CARTESIAN_POINT('',(-11.8,62.,6.25));
#15937 = SURFACE_CURVE('',#15938,(#15942,#15948),.PCURVE_S1.);
#15938 = LINE('',#15939,#15940);
#15939 = CARTESIAN_POINT('',(-11.4,61.6,6.25));
#15940 = VECTOR('',#15941,1.);
#15941 = DIRECTION('',(0.707106781187,-0.707106781187,-1.71822989222E-34
    ));
#15942 = PCURVE('',#15919,#15943);
#15943 = DEFINITIONAL_REPRESENTATION('',(#15944),#15947);
#15944 = B_SPLINE_CURVE_WITH_KNOTS('',1,(#15945,#15946),.UNSPECIFIED.,
  .F.,.F.,(2,2),(-0.565685424949,0.565685424949),
  .PIECEWISE_BEZIER_KNOTS.);
#15945 = CARTESIAN_POINT('',(2.960594732334E-16,0.8));
#15946 = CARTESIAN_POINT('',(2.960594732334E-16,1.727101704552E-15));
#15947 = ( GEOMETRIC_REPRESENTATION_CONTEXT(2) 
PARAMETRIC_REPRESENTATION_CONTEXT() REPRESENTATION_CONTEXT('2D SPACE',''
  ) );
#15948 = PCURVE('',#10246,#15949);
#15949 = DEFINITIONAL_REPRESENTATION('',(#15950),#15953);
#15950 = B_SPLINE_CURVE_WITH_KNOTS('',1,(#15951,#15952),.UNSPECIFIED.,
  .F.,.F.,(2,2),(-0.565685424949,0.565685424949),
  .PIECEWISE_BEZIER_KNOTS.);
#15951 = CARTESIAN_POINT('',(-1.,-0.565685424949));
#15952 = CARTESIAN_POINT('',(-1.,0.565685424949));
#15953 = ( GEOMETRIC_REPRESENTATION_CONTEXT(2) 
PARAMETRIC_REPRESENTATION_CONTEXT() REPRESENTATION_CONTEXT('2D SPACE',''
  ) );
#15954 = ORIENTED_EDGE('',*,*,#15955,.T.);
#15955 = EDGE_CURVE('',#15935,#15956,#15958,.T.);
#15956 = VERTEX_POINT('',#15957);
#15957 = CARTESIAN_POINT('',(-8.,62.,2.45));
#15958 = SURFACE_CURVE('',#15959,(#15964,#15971),.PCURVE_S1.);
#15959 = CIRCLE('',#15960,3.8);
#15960 = AXIS2_PLACEMENT_3D('',#15961,#15962,#15963);
#15961 = CARTESIAN_POINT('',(-8.,62.,6.25));
#15962 = DIRECTION('',(0.,-1.,-0.));
#15963 = DIRECTION('',(-1.,0.,-2.960594732334E-16));
#15964 = PCURVE('',#15919,#15965);
#15965 = DEFINITIONAL_REPRESENTATION('',(#15966),#15970);
#15966 = LINE('',#15967,#15968);
#15967 = CARTESIAN_POINT('',(0.,0.8));
#15968 = VECTOR('',#15969,1.);
#15969 = DIRECTION('',(-1.,-0.));
#15970 = ( GEOMETRIC_REPRESENTATION_CONTEXT(2) 
PARAMETRIC_REPRESENTATION_CONTEXT() REPRESENTATION_CONTEXT('2D SPACE',''
  ) );
#15971 = PCURVE('',#8948,#15972);
#15972 = DEFINITIONAL_REPRESENTATION('',(#15973),#15981);
#15973 = ( BOUNDED_CURVE() B_SPLINE_CURVE(2,(#15974,#15975,#15976,#15977
    ,#15978,#15979,#15980),.UNSPECIFIED.,.T.,.F.) 
B_SPLINE_CURVE_WITH_KNOTS((1,2,2,2,2,1),(-2.094395102393,0.,
    2.094395102393,4.188790204786,6.28318530718,8.377580409573),
.UNSPECIFIED.) CURVE() GEOMETRIC_REPRESENTATION_ITEM() 
RATIONAL_B_SPLINE_CURVE((1.,0.5,1.,0.5,1.,0.5,1.)) REPRESENTATION_ITEM(
  '') );
#15974 = CARTESIAN_POINT('',(16.2,-6.25));
#15975 = CARTESIAN_POINT('',(16.2,0.331793068762));
#15976 = CARTESIAN_POINT('',(21.9,-2.959103465619));
#15977 = CARTESIAN_POINT('',(27.6,-6.25));
#15978 = CARTESIAN_POINT('',(21.9,-9.540896534381));
#15979 = CARTESIAN_POINT('',(16.2,-12.83179306876));
#15980 = CARTESIAN_POINT('',(16.2,-6.25));
#15981 = ( GEOMETRIC_REPRESENTATION_CONTEXT(2) 
PARAMETRIC_REPRESENTATION_CONTEXT() REPRESENTATION_CONTEXT('2D SPACE',''
  ) );
#15982 = ORIENTED_EDGE('',*,*,#15983,.T.);
#15983 = EDGE_CURVE('',#15956,#15778,#15984,.T.);
#15984 = SURFACE_CURVE('',#15985,(#15989,#15995),.PCURVE_S1.);
#15985 = LINE('',#15986,#15987);
#15986 = CARTESIAN_POINT('',(-8.,61.2,3.25));
#15987 = VECTOR('',#15988,1.);
#15988 = DIRECTION('',(-9.038612477685E-18,-0.707106781187,
    0.707106781187));
#15989 = PCURVE('',#15919,#15990);
#15990 = DEFINITIONAL_REPRESENTATION('',(#15991),#15994);
#15991 = B_SPLINE_CURVE_WITH_KNOTS('',1,(#15992,#15993),.UNSPECIFIED.,
  .F.,.F.,(2,2),(-1.131370849898,0.),.PIECEWISE_BEZIER_KNOTS.);
#15992 = CARTESIAN_POINT('',(-1.570796326795,0.8));
#15993 = CARTESIAN_POINT('',(-1.570796326795,0.));
#15994 = ( GEOMETRIC_REPRESENTATION_CONTEXT(2) 
PARAMETRIC_REPRESENTATION_CONTEXT() REPRESENTATION_CONTEXT('2D SPACE',''
  ) );
#15995 = PCURVE('',#15631,#15996);
#15996 = DEFINITIONAL_REPRESENTATION('',(#15997),#16000);
#15997 = B_SPLINE_CURVE_WITH_KNOTS('',1,(#15998,#15999),.UNSPECIFIED.,
  .F.,.F.,(2,2),(-1.131370849898,0.),.PIECEWISE_BEZIER_KNOTS.);
#15998 = CARTESIAN_POINT('',(0.,-0.565685424949));
#15999 = CARTESIAN_POINT('',(0.,0.565685424949));
#16000 = ( GEOMETRIC_REPRESENTATION_CONTEXT(2) 
PARAMETRIC_REPRESENTATION_CONTEXT() REPRESENTATION_CONTEXT('2D SPACE',''
  ) );
#16001 = ORIENTED_EDGE('',*,*,#15904,.F.);
#16002 = ADVANCED_FACE('',(#16003),#15631,.T.);
#16003 = FACE_BOUND('',#16004,.F.);
#16004 = EDGE_LOOP('',(#16005,#16006,#16027,#16028));
#16005 = ORIENTED_EDGE('',*,*,#15983,.F.);
#16006 = ORIENTED_EDGE('',*,*,#16007,.T.);
#16007 = EDGE_CURVE('',#15956,#15615,#16008,.T.);
#16008 = SURFACE_CURVE('',#16009,(#16013,#16020),.PCURVE_S1.);
#16009 = LINE('',#16010,#16011);
#16010 = CARTESIAN_POINT('',(-8.,62.,2.45));
#16011 = VECTOR('',#16012,1.);
#16012 = DIRECTION('',(1.,0.,0.));
#16013 = PCURVE('',#15631,#16014);
#16014 = DEFINITIONAL_REPRESENTATION('',(#16015),#16019);
#16015 = LINE('',#16016,#16017);
#16016 = CARTESIAN_POINT('',(-0.,-0.565685424949));
#16017 = VECTOR('',#16018,1.);
#16018 = DIRECTION('',(-1.,0.));
#16019 = ( GEOMETRIC_REPRESENTATION_CONTEXT(2) 
PARAMETRIC_REPRESENTATION_CONTEXT() REPRESENTATION_CONTEXT('2D SPACE',''
  ) );
#16020 = PCURVE('',#8948,#16021);
#16021 = DEFINITIONAL_REPRESENTATION('',(#16022),#16026);
#16022 = LINE('',#16023,#16024);
#16023 = CARTESIAN_POINT('',(20.,-2.45));
#16024 = VECTOR('',#16025,1.);
#16025 = DIRECTION('',(1.,0.));
#16026 = ( GEOMETRIC_REPRESENTATION_CONTEXT(2) 
PARAMETRIC_REPRESENTATION_CONTEXT() REPRESENTATION_CONTEXT('2D SPACE',''
  ) );
#16027 = ORIENTED_EDGE('',*,*,#15614,.T.);
#16028 = ORIENTED_EDGE('',*,*,#15777,.F.);
#16029 = ADVANCED_FACE('',(#16030),#9071,.T.);
#16030 = FACE_BOUND('',#16031,.F.);
#16031 = EDGE_LOOP('',(#16032,#16053,#16054,#16055));
#16032 = ORIENTED_EDGE('',*,*,#16033,.T.);
#16033 = EDGE_CURVE('',#14055,#9022,#16034,.T.);
#16034 = SURFACE_CURVE('',#16035,(#16039,#16046),.PCURVE_S1.);
#16035 = LINE('',#16036,#16037);
#16036 = CARTESIAN_POINT('',(-32.4,23.692036196746,0.));
#16037 = VECTOR('',#16038,1.);
#16038 = DIRECTION('',(0.,0.,1.));
#16039 = PCURVE('',#9071,#16040);
#16040 = DEFINITIONAL_REPRESENTATION('',(#16041),#16045);
#16041 = LINE('',#16042,#16043);
#16042 = CARTESIAN_POINT('',(-2.690565841794,0.));
#16043 = VECTOR('',#16044,1.);
#16044 = DIRECTION('',(-0.,-1.));
#16045 = ( GEOMETRIC_REPRESENTATION_CONTEXT(2) 
PARAMETRIC_REPRESENTATION_CONTEXT() REPRESENTATION_CONTEXT('2D SPACE',''
  ) );
#16046 = PCURVE('',#9042,#16047);
#16047 = DEFINITIONAL_REPRESENTATION('',(#16048),#16052);
#16048 = LINE('',#16049,#16050);
#16049 = CARTESIAN_POINT('',(3.592619465386,0.));
#16050 = VECTOR('',#16051,1.);
#16051 = DIRECTION('',(0.,-1.));
#16052 = ( GEOMETRIC_REPRESENTATION_CONTEXT(2) 
PARAMETRIC_REPRESENTATION_CONTEXT() REPRESENTATION_CONTEXT('2D SPACE',''
  ) );
#16053 = ORIENTED_EDGE('',*,*,#9054,.T.);
#16054 = ORIENTED_EDGE('',*,*,#15513,.F.);
#16055 = ORIENTED_EDGE('',*,*,#14054,.T.);
#16056 = ADVANCED_FACE('',(#16057),#10169,.F.);
#16057 = FACE_BOUND('',#16058,.F.);
#16058 = EDGE_LOOP('',(#16059,#16060,#16081,#16082));
#16059 = ORIENTED_EDGE('',*,*,#10154,.F.);
#16060 = ORIENTED_EDGE('',*,*,#16061,.F.);
#16061 = EDGE_CURVE('',#15700,#10155,#16062,.T.);
#16062 = SURFACE_CURVE('',#16063,(#16067,#16074),.PCURVE_S1.);
#16063 = LINE('',#16064,#16065);
#16064 = CARTESIAN_POINT('',(11.,56.,3.25));
#16065 = VECTOR('',#16066,1.);
#16066 = DIRECTION('',(0.,0.,1.));
#16067 = PCURVE('',#10169,#16068);
#16068 = DEFINITIONAL_REPRESENTATION('',(#16069),#16073);
#16069 = LINE('',#16070,#16071);
#16070 = CARTESIAN_POINT('',(0.,0.));
#16071 = VECTOR('',#16072,1.);
#16072 = DIRECTION('',(1.,0.));
#16073 = ( GEOMETRIC_REPRESENTATION_CONTEXT(2) 
PARAMETRIC_REPRESENTATION_CONTEXT() REPRESENTATION_CONTEXT('2D SPACE',''
  ) );
#16074 = PCURVE('',#10195,#16075);
#16075 = DEFINITIONAL_REPRESENTATION('',(#16076),#16080);
#16076 = LINE('',#16077,#16078);
#16077 = CARTESIAN_POINT('',(0.,22.));
#16078 = VECTOR('',#16079,1.);
#16079 = DIRECTION('',(1.,0.));
#16080 = ( GEOMETRIC_REPRESENTATION_CONTEXT(2) 
PARAMETRIC_REPRESENTATION_CONTEXT() REPRESENTATION_CONTEXT('2D SPACE',''
  ) );
#16081 = ORIENTED_EDGE('',*,*,#15699,.T.);
#16082 = ORIENTED_EDGE('',*,*,#15590,.T.);
#16083 = ADVANCED_FACE('',(#16084),#9042,.F.);
#16084 = FACE_BOUND('',#16085,.F.);
#16085 = EDGE_LOOP('',(#16086,#16107,#16108,#16109));
#16086 = ORIENTED_EDGE('',*,*,#16087,.T.);
#16087 = EDGE_CURVE('',#14136,#8994,#16088,.T.);
#16088 = SURFACE_CURVE('',#16089,(#16093,#16100),.PCURVE_S1.);
#16089 = LINE('',#16090,#16091);
#16090 = CARTESIAN_POINT('',(-32.,25.435595774163,0.));
#16091 = VECTOR('',#16092,1.);
#16092 = DIRECTION('',(0.,0.,1.));
#16093 = PCURVE('',#9042,#16094);
#16094 = DEFINITIONAL_REPRESENTATION('',(#16095),#16099);
#16095 = LINE('',#16096,#16097);
#16096 = CARTESIAN_POINT('',(3.14159265359,0.));
#16097 = VECTOR('',#16098,1.);
#16098 = DIRECTION('',(0.,-1.));
#16099 = ( GEOMETRIC_REPRESENTATION_CONTEXT(2) 
PARAMETRIC_REPRESENTATION_CONTEXT() REPRESENTATION_CONTEXT('2D SPACE',''
  ) );
#16100 = PCURVE('',#9009,#16101);
#16101 = DEFINITIONAL_REPRESENTATION('',(#16102),#16106);
#16102 = LINE('',#16103,#16104);
#16103 = CARTESIAN_POINT('',(0.,0.));
#16104 = VECTOR('',#16105,1.);
#16105 = DIRECTION('',(0.,-1.));
#16106 = ( GEOMETRIC_REPRESENTATION_CONTEXT(2) 
PARAMETRIC_REPRESENTATION_CONTEXT() REPRESENTATION_CONTEXT('2D SPACE',''
  ) );
#16107 = ORIENTED_EDGE('',*,*,#9021,.T.);
#16108 = ORIENTED_EDGE('',*,*,#16033,.F.);
#16109 = ORIENTED_EDGE('',*,*,#14135,.T.);
#16110 = ADVANCED_FACE('',(#16111),#10195,.T.);
#16111 = FACE_BOUND('',#16112,.T.);
#16112 = EDGE_LOOP('',(#16113,#16114,#16115,#16136,#16137,#16138));
#16113 = ORIENTED_EDGE('',*,*,#15828,.F.);
#16114 = ORIENTED_EDGE('',*,*,#15877,.F.);
#16115 = ORIENTED_EDGE('',*,*,#16116,.T.);
#16116 = EDGE_CURVE('',#15853,#10181,#16117,.T.);
#16117 = SURFACE_CURVE('',#16118,(#16122,#16129),.PCURVE_S1.);
#16118 = LINE('',#16119,#16120);
#16119 = CARTESIAN_POINT('',(-11.,56.,3.25));
#16120 = VECTOR('',#16121,1.);
#16121 = DIRECTION('',(0.,0.,1.));
#16122 = PCURVE('',#10195,#16123);
#16123 = DEFINITIONAL_REPRESENTATION('',(#16124),#16128);
#16124 = LINE('',#16125,#16126);
#16125 = CARTESIAN_POINT('',(0.,0.));
#16126 = VECTOR('',#16127,1.);
#16127 = DIRECTION('',(1.,0.));
#16128 = ( GEOMETRIC_REPRESENTATION_CONTEXT(2) 
PARAMETRIC_REPRESENTATION_CONTEXT() REPRESENTATION_CONTEXT('2D SPACE',''
  ) );
#16129 = PCURVE('',#10221,#16130);
#16130 = DEFINITIONAL_REPRESENTATION('',(#16131),#16135);
#16131 = LINE('',#16132,#16133);
#16132 = CARTESIAN_POINT('',(0.,0.));
#16133 = VECTOR('',#16134,1.);
#16134 = DIRECTION('',(1.,0.));
#16135 = ( GEOMETRIC_REPRESENTATION_CONTEXT(2) 
PARAMETRIC_REPRESENTATION_CONTEXT() REPRESENTATION_CONTEXT('2D SPACE',''
  ) );
#16136 = ORIENTED_EDGE('',*,*,#10180,.F.);
#16137 = ORIENTED_EDGE('',*,*,#16061,.F.);
#16138 = ORIENTED_EDGE('',*,*,#15722,.T.);
#16139 = ADVANCED_FACE('',(#16140),#9009,.T.);
#16140 = FACE_BOUND('',#16141,.T.);
#16141 = EDGE_LOOP('',(#16142,#16143,#16144,#16165));
#16142 = ORIENTED_EDGE('',*,*,#16087,.T.);
#16143 = ORIENTED_EDGE('',*,*,#8993,.T.);
#16144 = ORIENTED_EDGE('',*,*,#16145,.F.);
#16145 = EDGE_CURVE('',#14236,#8961,#16146,.T.);
#16146 = SURFACE_CURVE('',#16147,(#16151,#16158),.PCURVE_S1.);
#16147 = LINE('',#16148,#16149);
#16148 = CARTESIAN_POINT('',(-32.,57.999999997379,0.));
#16149 = VECTOR('',#16150,1.);
#16150 = DIRECTION('',(0.,0.,1.));
#16151 = PCURVE('',#9009,#16152);
#16152 = DEFINITIONAL_REPRESENTATION('',(#16153),#16157);
#16153 = LINE('',#16154,#16155);
#16154 = CARTESIAN_POINT('',(32.564404223217,0.));
#16155 = VECTOR('',#16156,1.);
#16156 = DIRECTION('',(0.,-1.));
#16157 = ( GEOMETRIC_REPRESENTATION_CONTEXT(2) 
PARAMETRIC_REPRESENTATION_CONTEXT() REPRESENTATION_CONTEXT('2D SPACE',''
  ) );
#16158 = PCURVE('',#8981,#16159);
#16159 = DEFINITIONAL_REPRESENTATION('',(#16160),#16164);
#16160 = LINE('',#16161,#16162);
#16161 = CARTESIAN_POINT('',(0.,0.));
#16162 = VECTOR('',#16163,1.);
#16163 = DIRECTION('',(0.,-1.));
#16164 = ( GEOMETRIC_REPRESENTATION_CONTEXT(2) 
PARAMETRIC_REPRESENTATION_CONTEXT() REPRESENTATION_CONTEXT('2D SPACE',''
  ) );
#16165 = ORIENTED_EDGE('',*,*,#14262,.F.);
#16166 = ADVANCED_FACE('',(#16167),#10221,.T.);
#16167 = FACE_BOUND('',#16168,.T.);
#16168 = EDGE_LOOP('',(#16169,#16170,#16171,#16172));
#16169 = ORIENTED_EDGE('',*,*,#10206,.F.);
#16170 = ORIENTED_EDGE('',*,*,#16116,.F.);
#16171 = ORIENTED_EDGE('',*,*,#15852,.T.);
#16172 = ORIENTED_EDGE('',*,*,#16173,.F.);
#16173 = EDGE_CURVE('',#10207,#15855,#16174,.T.);
#16174 = SURFACE_CURVE('',#16175,(#16179,#16186),.PCURVE_S1.);
#16175 = LINE('',#16176,#16177);
#16176 = CARTESIAN_POINT('',(-11.,61.2,7.25));
#16177 = VECTOR('',#16178,1.);
#16178 = DIRECTION('',(-0.,0.,-1.));
#16179 = PCURVE('',#10221,#16180);
#16180 = DEFINITIONAL_REPRESENTATION('',(#16181),#16185);
#16181 = LINE('',#16182,#16183);
#16182 = CARTESIAN_POINT('',(4.,-5.2));
#16183 = VECTOR('',#16184,1.);
#16184 = DIRECTION('',(-1.,-0.));
#16185 = ( GEOMETRIC_REPRESENTATION_CONTEXT(2) 
PARAMETRIC_REPRESENTATION_CONTEXT() REPRESENTATION_CONTEXT('2D SPACE',''
  ) );
#16186 = PCURVE('',#10246,#16187);
#16187 = DEFINITIONAL_REPRESENTATION('',(#16188),#16192);
#16188 = LINE('',#16189,#16190);
#16189 = CARTESIAN_POINT('',(-0.,0.565685424949));
#16190 = VECTOR('',#16191,1.);
#16191 = DIRECTION('',(-1.,0.));
#16192 = ( GEOMETRIC_REPRESENTATION_CONTEXT(2) 
PARAMETRIC_REPRESENTATION_CONTEXT() REPRESENTATION_CONTEXT('2D SPACE',''
  ) );
#16193 = ADVANCED_FACE('',(#16194),#8981,.T.);
#16194 = FACE_BOUND('',#16195,.T.);
#16195 = EDGE_LOOP('',(#16196,#16197,#16198,#16219));
#16196 = ORIENTED_EDGE('',*,*,#16145,.T.);
#16197 = ORIENTED_EDGE('',*,*,#8960,.T.);
#16198 = ORIENTED_EDGE('',*,*,#16199,.F.);
#16199 = EDGE_CURVE('',#14288,#8926,#16200,.T.);
#16200 = SURFACE_CURVE('',#16201,(#16205,#16212),.PCURVE_S1.);
#16201 = LINE('',#16202,#16203);
#16202 = CARTESIAN_POINT('',(-28.,61.99999999869,0.));
#16203 = VECTOR('',#16204,1.);
#16204 = DIRECTION('',(0.,0.,1.));
#16205 = PCURVE('',#8981,#16206);
#16206 = DEFINITIONAL_REPRESENTATION('',(#16207),#16211);
#16207 = LINE('',#16208,#16209);
#16208 = CARTESIAN_POINT('',(1.570796326795,0.));
#16209 = VECTOR('',#16210,1.);
#16210 = DIRECTION('',(0.,-1.));
#16211 = ( GEOMETRIC_REPRESENTATION_CONTEXT(2) 
PARAMETRIC_REPRESENTATION_CONTEXT() REPRESENTATION_CONTEXT('2D SPACE',''
  ) );
#16212 = PCURVE('',#8948,#16213);
#16213 = DEFINITIONAL_REPRESENTATION('',(#16214),#16218);
#16214 = LINE('',#16215,#16216);
#16215 = CARTESIAN_POINT('',(0.,0.));
#16216 = VECTOR('',#16217,1.);
#16217 = DIRECTION('',(0.,-1.));
#16218 = ( GEOMETRIC_REPRESENTATION_CONTEXT(2) 
PARAMETRIC_REPRESENTATION_CONTEXT() REPRESENTATION_CONTEXT('2D SPACE',''
  ) );
#16219 = ORIENTED_EDGE('',*,*,#14287,.F.);
#16220 = ADVANCED_FACE('',(#16221),#10246,.T.);
#16221 = FACE_BOUND('',#16222,.F.);
#16222 = EDGE_LOOP('',(#16223,#16224,#16245,#16246));
#16223 = ORIENTED_EDGE('',*,*,#10232,.F.);
#16224 = ORIENTED_EDGE('',*,*,#16225,.T.);
#16225 = EDGE_CURVE('',#8928,#15935,#16226,.T.);
#16226 = SURFACE_CURVE('',#16227,(#16231,#16238),.PCURVE_S1.);
#16227 = LINE('',#16228,#16229);
#16228 = CARTESIAN_POINT('',(-11.8,62.,7.25));
#16229 = VECTOR('',#16230,1.);
#16230 = DIRECTION('',(-0.,0.,-1.));
#16231 = PCURVE('',#10246,#16232);
#16232 = DEFINITIONAL_REPRESENTATION('',(#16233),#16237);
#16233 = LINE('',#16234,#16235);
#16234 = CARTESIAN_POINT('',(-0.,-0.565685424949));
#16235 = VECTOR('',#16236,1.);
#16236 = DIRECTION('',(-1.,0.));
#16237 = ( GEOMETRIC_REPRESENTATION_CONTEXT(2) 
PARAMETRIC_REPRESENTATION_CONTEXT() REPRESENTATION_CONTEXT('2D SPACE',''
  ) );
#16238 = PCURVE('',#8948,#16239);
#16239 = DEFINITIONAL_REPRESENTATION('',(#16240),#16244);
#16240 = LINE('',#16241,#16242);
#16241 = CARTESIAN_POINT('',(16.2,-7.25));
#16242 = VECTOR('',#16243,1.);
#16243 = DIRECTION('',(0.,1.));
#16244 = ( GEOMETRIC_REPRESENTATION_CONTEXT(2) 
PARAMETRIC_REPRESENTATION_CONTEXT() REPRESENTATION_CONTEXT('2D SPACE',''
  ) );
#16245 = ORIENTED_EDGE('',*,*,#15934,.T.);
#16246 = ORIENTED_EDGE('',*,*,#16173,.F.);
#16247 = ADVANCED_FACE('',(#16248),#8948,.T.);
#16248 = FACE_BOUND('',#16249,.T.);
#16249 = EDGE_LOOP('',(#16250,#16251,#16252,#16253,#16254,#16255,#16256,
    #16257,#16258,#16259));
#16250 = ORIENTED_EDGE('',*,*,#10103,.T.);
#16251 = ORIENTED_EDGE('',*,*,#15453,.F.);
#16252 = ORIENTED_EDGE('',*,*,#14418,.F.);
#16253 = ORIENTED_EDGE('',*,*,#16199,.T.);
#16254 = ORIENTED_EDGE('',*,*,#8925,.T.);
#16255 = ORIENTED_EDGE('',*,*,#16225,.T.);
#16256 = ORIENTED_EDGE('',*,*,#15955,.T.);
#16257 = ORIENTED_EDGE('',*,*,#16007,.T.);
#16258 = ORIENTED_EDGE('',*,*,#15642,.T.);
#16259 = ORIENTED_EDGE('',*,*,#15568,.T.);
#16260 = ( GEOMETRIC_REPRESENTATION_CONTEXT(3) 
GLOBAL_UNCERTAINTY_ASSIGNED_CONTEXT((#16264)) 
GLOBAL_UNIT_ASSIGNED_CONTEXT((#16261,#16262,#16263)) 
REPRESENTATION_CONTEXT('Context #1',
  '3D Context with UNIT and UNCERTAINTY') );
#16261 = ( LENGTH_UNIT() NAMED_UNIT(*) SI_UNIT(.MILLI.,.METRE.) );
#16262 = ( NAMED_UNIT(*) PLANE_ANGLE_UNIT() SI_UNIT($,.RADIAN.) );
#16263 = ( NAMED_UNIT(*) SI_UNIT($,.STERADIAN.) SOLID_ANGLE_UNIT() );
#16264 = UNCERTAINTY_MEASURE_WITH_UNIT(LENGTH_MEASURE(2.E-06),#16261,
  'distance_accuracy_value','confusion accuracy');
#16265 = CONTEXT_DEPENDENT_SHAPE_REPRESENTATION(#16266,#16268);
#16266 = ( REPRESENTATION_RELATIONSHIP('','',#8918,#10) 
REPRESENTATION_RELATIONSHIP_WITH_TRANSFORMATION(#16267) 
SHAPE_REPRESENTATION_RELATIONSHIP() );
#16267 = ITEM_DEFINED_TRANSFORMATION('','',#11,#19);
#16268 = PRODUCT_DEFINITION_SHAPE('Placement','Placement of an item',
  #16269);
#16269 = NEXT_ASSEMBLY_USAGE_OCCURRENCE('2','back_shell','',#5,#8913,$);
#16270 = PRODUCT_RELATED_PRODUCT_CATEGORY('part',$,(#8915));

#16271=DESCRIPTIVE_REPRESENTATION_ITEM('cadpy:generator','cadpy');
#16272=REPRESENTATION('cadpy:generator',(#16271),#23);
#16273=PROPERTY_DEFINITION('cadpy metadata','cadpy:generator',#5);
#16274=PROPERTY_DEFINITION_REPRESENTATION(#16273,#16272);
#16275=DESCRIPTIVE_REPRESENTATION_ITEM('cadpy:entryKind','assembly');
#16276=REPRESENTATION('cadpy:entryKind',(#16275),#23);
#16277=PROPERTY_DEFINITION('cadpy metadata','cadpy:entryKind',#5);
#16278=PROPERTY_DEFINITION_REPRESENTATION(#16277,#16276);
#16279=DESCRIPTIVE_REPRESENTATION_ITEM('cadpy:sourcePath','speaker_badge.py');
#16280=REPRESENTATION('cadpy:sourcePath',(#16279),#23);
#16281=PROPERTY_DEFINITION('cadpy metadata','cadpy:sourcePath',#5);
#16282=PROPERTY_DEFINITION_REPRESENTATION(#16281,#16280);
#16283=DESCRIPTIVE_REPRESENTATION_ITEM('cadpy:sourceHash','f90d0e72f6bcd8289c1e341181fcc2bd897aebdfe1df736ae68ee14afdde3ba2');
#16284=REPRESENTATION('cadpy:sourceHash',(#16283),#23);
#16285=PROPERTY_DEFINITION('cadpy metadata','cadpy:sourceHash',#5);
#16286=PROPERTY_DEFINITION_REPRESENTATION(#16285,#16284);
ENDSEC;
END-ISO-10303-21;
